model,window,horizon,date,y_true,y_pred,lo,hi,dentro,largura,is,lo_conf,hi_conf
sarima,21,1,2016-09-01,7317.0,7554.094377400112,6947.767769445166,8160.420985355059,True,1212.653215909893,1212.653215909893,6912.701765116724,8441.458764164581
sarima,21,2,2016-10-01,7426.0,7420.108348047543,6801.286681289726,8038.930014805359,True,1237.6433335156323,1237.6433335156323,6732.793266596964,8310.122683492353
sarima,21,3,2016-11-01,6700.0,6943.96783943812,6308.411513598602,7579.524165277638,True,1271.1126516790357,1271.1126516790357,6228.694662901484,7849.407662187089
sarima,21,4,2016-12-01,6994.0,7172.012324032696,6520.630922073622,7823.393725991769,True,1302.7628039181473,1302.7628039181473,6536.59985730706,8112.51455564127
sarima,21,5,2017-01-01,6788.0,7210.131930656931,6545.399474965909,7874.864386347954,True,1329.464911382045,1329.464911382045,6548.509787579558,8153.974489763588
sarima,21,6,2017-02-01,6271.0,6778.375933500516,6098.522629718004,7458.229237283028,True,1359.7066075650237,1359.7066075650237,6263.610386575702,7721.787864623141
prophet,21,1,2016-09-01,7317.0,7372.507733614143,6895.1445620281365,7893.335702520961,True,998.1911404928242,998.1911404928242,6796.249338363846,8539.39675754126
prophet,21,2,2016-10-01,7426.0,7368.219169503309,6898.19305471458,7844.992503845027,True,946.7994491304472,946.7994491304472,6800.419876515091,8536.796481052137
prophet,21,3,2016-11-01,6700.0,6721.196998093537,6256.125555170947,7182.952325319567,True,926.8267701486192,926.8267701486192,6139.986291831344,7899.485883014574
prophet,21,4,2016-12-01,6994.0,7164.985523910033,6685.674917943549,7639.163454948712,True,953.4885370051624,953.4885370051624,6657.112115430907,8366.3531466791
prophet,21,5,2017-01-01,6788.0,7043.833353744749,6517.711179592109,7527.283825143641,True,1009.5726455515314,1009.5726455515314,6579.413516678582,8258.910978990045
prophet,21,6,2017-02-01,6271.0,6759.243670125995,6301.544477458255,7234.131340859215,False,932.5868634009604,2154.3659617311496,6305.243491264673,7976.348841209322
sarima,22,1,2016-10-01,7426.0,7342.476565136208,6740.399293168326,7944.553837104089,True,1204.1545439357633,1204.1545439357633,6701.08395285282,8229.840951900676
sarima,22,2,2016-11-01,6700.0,6865.118923259231,6250.959517996782,7479.278328521679,True,1228.3188105248971,1228.3188105248971,6177.803841808653,7755.1332587040415
sarima,22,3,2016-12-01,6994.0,7092.544990016442,6468.245801015391,7716.844179017493,True,1248.5983780021015,1248.5983780021015,6377.271813479806,7997.984812765411
sarima,22,4,2017-01-01,6788.0,7128.371854862812,6496.545596684346,7760.198113041279,True,1263.6525163569331,1263.6525163569331,6492.959388137177,8068.874086471386
sarima,22,5,2017-02-01,6271.0,6696.461214818363,6054.741362093653,7338.181067543073,True,1283.4397054494202,1283.4397054494202,6034.83907174099,7640.30377392502
sarima,22,6,2017-03-01,6794.0,7095.798602946779,6444.349919306337,7747.247286587221,True,1302.8973672808845,1302.8973672808845,6581.033056021965,8039.210534069404
prophet,22,1,2016-10-01,7426.0,7366.148068090151,6877.705145623102,7878.814553376918,True,1001.1094077538164,1001.1094077538164,6789.889672839854,8533.037092017268
prophet,22,2,2016-11-01,6700.0,6718.347956744188,6251.079466416762,7199.489132238334,True,948.4096658215713,948.4096658215713,6150.548663755971,7886.9252682930155
prophet,22,3,2016-12-01,6994.0,7160.595732269605,6639.459674821973,7629.906738699848,True,990.4470638778748,990.4470638778748,6579.385026007411,8338.88461719064
prophet,22,4,2017-01-01,6788.0,7036.874177530219,6583.518466473236,7505.18800288053,True,921.669536407294,921.669536407294,6529.000769051092,8238.241800299284
prophet,22,5,2017-02-01,6271.0,6750.162187943549,6281.0793910792845,7238.366152478404,False,957.2867613991192,1360.4624045704995,6285.742350877382,7965.239813188845
prophet,22,6,2017-03-01,6794.0,7071.939514296397,6587.730695827463,7557.710629226106,True,969.979933398643,969.979933398643,6583.695844170402,8289.044685379724
sarima,23,1,2016-11-01,6700.0,6886.719901848365,6288.382735685816,7485.057068010914,True,1196.6743323250976,1196.6743323250976,6245.327289564978,7774.084288612834
sarima,23,2,2016-12-01,6994.0,7114.855560398108,6504.944265544782,7724.766855251433,True,1219.8225897066511,1219.8225897066511,6427.540478947529,8004.869895842918
sarima,23,3,2017-01-01,6788.0,7150.225775608299,6531.640559354455,7768.810991862143,True,1237.170432507688,1237.170432507688,6434.952599071663,8055.665598357268
sarima,23,4,2017-02-01,6271.0,6718.22395702815,6088.516115185006,7347.931798871294,True,1259.4156836862876,1259.4156836862876,6082.811490302514,7658.726188636724
sarima,23,5,2017-03-01,6794.0,7117.531069891335,6476.90855275802,7758.153587024651,True,1281.245034266631,1281.245034266631,6455.908926813962,8061.3736289979925
sarima,23,6,2017-04-01,6884.0,7184.530467084842,6533.177148197934,7835.88378597175,True,1302.7066377738156,1302.7066377738156,6669.764920160028,8127.942398207467
prophet,23,1,2016-11-01,6700.0,6710.410538192185,6207.188337575749,7159.210056841165,True,952.0217192654164,952.0217192654164,6134.152142941888,7877.299562119302
prophet,23,2,2016-12-01,6994.0,7153.950606371897,6703.257707154697,7627.608533768642,True,924.3508266139452,924.3508266139452,6586.15131338368,8322.527917920725
prophet,23,3,2017-01-01,6788.0,7034.375624652781,6569.067445891081,7495.895818280572,True,926.828372389491,926.828372389491,6453.164918390587,8212.664509573817
prophet,23,4,2017-02-01,6271.0,6749.491302878026,6313.839326642685,7225.246752743894,False,911.4074261012092,2624.9804918085965,6241.617894398899,7950.8589256470905
prophet,23,5,2017-03-01,6794.0,7069.69950091445,6626.191592649238,7549.511192175531,True,923.3195995262922,923.3195995262922,6590.537312970901,8284.777126159746
prophet,23,6,2017-04-01,6884.0,7119.536603404795,6651.27554216339,7605.052231939747,True,953.7766897763568,953.7766897763568,6631.2929332788,8336.641774488122
sarima,24,1,2016-12-01,6994.0,7068.6699947824,6474.375874653621,7662.964114911178,True,1188.5882402575571,1188.5882402575571,6427.277382499013,7956.034381546869
sarima,24,2,2017-01-01,6788.0,7105.570324019252,6503.054893287404,7708.085754751099,True,1205.0308614636942,1205.0308614636942,6418.255242568674,7995.5846594640625
sarima,24,3,2017-02-01,6271.0,6673.557355325018,6062.022073998728,7285.092636651308,True,1223.0705626525796,1223.0705626525796,5958.284178788382,7578.997178073987
sarima,24,4,2017-03-01,6794.0,7073.056291487495,6452.681767332977,7693.430815642012,True,1240.749048309035,1240.749048309035,6437.64382476186,8013.55852309607
sarima,24,5,2017-04-01,6884.0,7139.868854628593,6510.781349843485,7768.956359413701,True,1258.1750095702157,1258.1750095702157,6478.24671155122,8083.71141373525
sarima,24,6,2017-05-01,7651.0,7999.182534522216,7361.501216317996,8636.863852726436,True,1275.3626364084394,1275.3626364084394,7484.416987597402,8942.594465644841
prophet,24,1,2016-12-01,6994.0,7158.522558372588,6713.420861087051,7607.999067109843,True,894.5782060227921,894.5782060227921,6582.2641631222905,8325.411582299705
prophet,24,2,2017-01-01,6788.0,7038.76650897298,6586.905659997826,7514.055097307076,True,927.14943730925,927.14943730925,6470.967215984762,8207.343820521808
prophet,24,3,2017-02-01,6271.0,6754.276144922391,6259.368076800779,7200.437303044433,True,941.0692262436542,941.0692262436542,6173.065438660197,7932.5650298434275
prophet,24,4,2017-03-01,6794.0,7073.751337050503,6605.28650627463,7556.973790885637,True,951.6872846110072,951.6872846110072,6565.877928571376,8275.118959819567
prophet,24,5,2017-04-01,6884.0,7123.812616607326,6683.191919335391,7572.91192107428,True,889.7200017388896,889.7200017388896,6644.650428663777,8338.890241852623
prophet,24,6,2017-05-01,7651.0,7985.608914833529,7476.638790381746,8407.575591172928,True,930.9368007911826,930.9368007911826,7497.365244707534,9202.714085916856
sarima,25,1,2017-01-01,6788.0,7086.81652207394,6499.8241523187135,7673.808891829167,True,1173.9847395104534,1173.9847395104534,6445.423909790553,7974.180908838409
sarima,25,2,2017-02-01,6271.0,6656.624175497791,6058.671486550526,7254.576864445055,True,1195.905377894529,1195.905377894529,5969.309094047212,7546.638510942601
sarima,25,3,2017-03-01,6794.0,7056.366047033235,6450.470723504728,7662.261370561742,True,1211.7906470570142,1211.7906470570142,6341.092870496599,7961.805869782204
sarima,25,4,2017-04-01,6884.0,7123.020217180001,6509.377197150351,7736.663237209651,True,1227.2860400593,1227.2860400593,6487.6077504543655,8063.522448788575
sarima,25,5,2017-05-01,7651.0,7982.442445499802,7361.151982741744,8603.732908257858,True,1242.580925516114,1242.580925516114,7320.8203024224285,8926.28500460646
sarima,25,6,2017-06-01,8009.0,8292.965068493595,7664.120336631401,8921.80980035579,True,1257.6894637243886,1257.6894637243886,7778.199521568781,9236.37699961622
prophet,25,1,2017-01-01,6788.0,7033.919867562322,6601.834414004694,7499.33934711512,True,897.5049331104265,897.5049331104265,6457.661472312025,8200.80889148944
prophet,25,2,2017-02-01,6271.0,6744.939314089307,6301.43851763698,7232.33517145226,False,930.8966538152808,2148.437359294468,6177.14002110109,7913.516625638134
prophet,25,3,2017-03-01,6794.0,7060.6910533123855,6608.98260921473,7561.073203486639,True,952.0905942719093,952.0905942719093,6479.480347050192,8238.979938233422
prophet,25,4,2017-04-01,6884.0,7108.448199334104,6644.979279443115,7610.343742022146,True,965.3644625790312,965.3644625790312,6600.574790854977,8309.81582210317
prophet,25,5,2017-05-01,7651.0,7968.77822294236,7475.71021087961,8446.8307670369,True,971.1205561572896,971.1205561572896,7489.616034998811,9183.855848187657
prophet,25,6,2017-06-01,8009.0,8301.424485421036,7829.412180167736,8763.474641141052,True,934.0624609733168,934.0624609733168,7813.180815295041,9518.529656504363
sarima,26,1,2017-02-01,6271.0,6586.346431179893,6002.546959681329,7170.145902678458,True,1167.5989429971287,1167.5989429971287,5944.953818896506,7473.710817944362
sarima,26,2,2017-03-01,6794.0,7001.188874362566,6406.666271402964,7595.711477322167,True,1189.045205919203,1189.045205919203,6313.873792911987,7891.203209807376
sarima,26,3,2017-04-01,6884.0,7068.572671080514,6468.580537220688,7668.56480494034,True,1199.984267719652,1199.984267719652,6353.299494543878,7974.012493829483
sarima,26,4,2017-05-01,7651.0,7928.070098607689,7322.934725884897,8533.205471330482,True,1210.2707454455858,1210.2707454455858,7292.6576318820535,8868.572330216262
sarima,26,5,2017-06-01,8009.0,8238.34647411617,7628.129315199551,8848.563633032789,True,1220.4343178332383,1220.4343178332383,7576.724331038797,9182.189033222827
sarima,26,6,2017-07-01,8694.0,8405.908018224838,7790.652277785678,9021.163758664,True,1230.511480878321,1230.511480878321,7891.142471300024,9349.319949347464
prophet,26,1,2017-02-01,6271.0,6731.067304905908,6229.003479440779,7193.652558639564,True,964.6490791987844,964.6490791987844,6154.8089096556105,7897.956328833025
prophet,26,2,2017-03-01,6794.0,7040.743501439486,6559.901476266196,7523.20136575696,True,963.299889490764,963.299889490764,6472.944208451268,8209.320812988313
prophet,26,3,2017-04-01,6884.0,7085.101617037795,6604.818749558212,7577.113520426526,True,972.294770868314,972.294770868314,6503.890910775602,8263.390501958831
prophet,26,4,2017-05-01,7651.0,7942.603500652903,7468.902077633535,8424.906038752086,True,956.0039611185512,956.0039611185512,7434.730092173776,9143.971123421969
prophet,26,5,2017-06-01,8009.0,8273.321182605061,7812.56794553405,8728.271992458369,True,915.7040469243192,915.7040469243192,7794.158994661512,9488.398807850357
prophet,26,6,2017-07-01,8694.0,8511.826430983416,8031.744944477328,8964.785386728494,True,933.0404422511656,933.0404422511656,8023.582760857421,9728.931602066743
sarima,27,1,2017-03-01,6794.0,6929.083440076418,6347.132971510444,7511.033908642392,True,1163.900937131948,1163.900937131948,6287.690827793031,7816.447826840887
sarima,27,2,2017-04-01,6884.0,7021.535888977721,6427.940393531915,7615.1313844235265,True,1187.1909908916114,1187.1909908916114,6334.220807527142,7911.550224422531
sarima,27,3,2017-05-01,7651.0,7883.716321736458,7286.240716810506,8481.19192666241,True,1194.9512098519044,1194.9512098519044,7168.443145199822,8789.156144485427
sarima,27,4,2017-06-01,8009.0,8193.935588139768,7593.168301055843,8794.702875223693,True,1201.5345741678502,1201.5345741678502,7558.523121414132,9134.437819748342
sarima,27,5,2017-07-01,8694.0,8361.638301624173,7757.652968511689,8965.623634736656,True,1207.9706662249664,1207.9706662249664,7700.0161585467995,9305.48086073083
sarima,27,6,2017-08-01,8130.0,7949.28809829485,7342.107335151781,8556.46886143792,True,1214.3615262861383,1214.3615262861383,7434.522551370036,8892.700029417476
prophet,27,1,2017-03-01,6794.0,6998.263518496266,6547.941742213475,7494.713439567146,True,946.7716973536716,946.7716973536716,6422.005123245969,8165.152542423383
prophet,27,2,2017-04-01,6884.0,7036.074565427729,6585.4068068440765,7496.594849460414,True,911.188042616337,911.188042616337,6468.275272439511,8204.651876976557
prophet,27,3,2017-05-01,7651.0,7887.468505515526,7388.105360225275,8399.340529265173,True,1011.2351690398982,1011.2351690398982,7306.257799253332,9065.757390436564
prophet,27,4,2017-06-01,8009.0,8212.641106244517,7714.368831629294,8697.497808932056,True,983.128977302762,983.128977302762,7704.76769776539,9414.008729013582
prophet,27,5,2017-07-01,8694.0,8447.305418428181,7956.229986924503,8913.763657045729,True,957.5336701212254,957.5336701212254,7968.143230484632,9662.383043673477
prophet,27,6,2017-08-01,8130.0,7974.5924276647165,7478.831997211326,8441.958801182034,True,963.1268039707084,963.1268039707084,7486.348757538722,9191.697598748044
sarima,28,1,2017-04-01,6884.0,6991.862061784144,6413.773521993801,7569.950601574487,True,1156.177079580686,1156.177079580686,6350.469449500757,7879.226448548613
sarima,28,2,2017-05-01,7651.0,7866.619635682781,7276.53612323023,8456.703148135333,True,1180.167024905103,1180.167024905103,7179.3045542322025,8756.63397112759
sarima,28,3,2017-06-01,8009.0,8178.189842071167,7584.627559142033,8771.752125000301,True,1187.1245658582684,1187.1245658582684,7462.916665534531,9083.629664820135
sarima,28,4,2017-07-01,8694.0,8346.125874846814,7749.762031855319,8942.489717838307,True,1192.727685982988,1192.727685982988,7710.713408121178,9286.628106455388
sarima,28,5,2017-08-01,8130.0,7933.779923846627,7334.6991595917825,8532.860688101471,True,1198.1615285096889,1198.1615285096889,7272.157780769254,8877.622482953284
sarima,28,6,2017-09-01,7446.0,7442.0427309799825,6840.264090531671,8043.821371428294,True,1203.5572808966226,1203.5572808966226,6927.277184055169,8385.454662102607
prophet,28,1,2017-04-01,6884.0,7017.494997181311,6554.725685800377,7499.357690295426,True,944.6320044950498,944.6320044950498,6441.236601931014,8184.384021108428
prophet,28,2,2017-05-01,7651.0,7867.7952955179635,7414.524256483375,8376.217204248136,True,961.6929477647608,961.6929477647608,7299.996002529746,9036.37260706679
prophet,28,3,2017-06-01,8009.0,8191.397163884538,7704.762251875594,8660.295941642222,True,955.5336897666276,955.5336897666276,7610.186457622344,9369.686048805575
prophet,28,4,2017-07-01,8694.0,8424.466846306621,7942.049771911221,8863.552499113614,True,921.5027272023926,921.5027272023926,7916.593437827494,9625.834469075686
prophet,28,5,2017-08-01,8130.0,7950.55524393064,7489.958310642029,8420.661869603982,True,930.7035589619536,930.7035589619536,7471.393055987091,9165.632869175937
prophet,28,6,2017-09-01,7446.0,7449.649665716584,6977.072736651642,7954.156132041812,True,977.0833953901702,977.0833953901702,6961.40599559059,8666.754836799912
sarima,29,1,2017-05-01,7651.0,7843.779635510888,7269.625245927978,8417.934025093797,True,1148.308779165818,1148.308779165818,7202.3870232275,8731.144022275355
sarima,29,2,2017-06-01,8009.0,8165.576864384753,7579.408514469032,8751.745214300474,True,1172.3366998314425,1172.3366998314425,7478.261782934174,9055.591199829563
sarima,29,3,2017-07-01,8694.0,8334.801841048347,7745.358108644838,8924.245573451857,True,1178.8874648070196,1178.8874648070196,7619.528664511711,9240.241663797317
sarima,29,4,2017-08-01,8130.0,7922.57217456935,7330.556581972364,8514.587767166335,True,1184.0311851939705,1184.0311851939705,7287.159707843714,8863.074406177924
sarima,29,5,2017-09-01,7446.0,7430.807253869745,6836.307081234089,8025.307426505401,True,1189.0003452713115,1189.0003452713115,6769.185110792372,8374.649812976402
sarima,29,6,2017-10-01,7282.0,7335.799557379367,6738.825884892571,7932.773229866163,True,1193.9473449735924,1193.9473449735924,6821.034010454553,8279.211488501991
prophet,29,1,2017-05-01,7651.0,7856.500131640686,7396.579813185637,8330.784320950377,True,934.20450776474,934.20450776474,7280.241736390389,9023.389155567802
prophet,29,2,2017-06-01,8009.0,8179.5479670881905,7721.671051609436,8653.93584471655,True,932.2647931071142,932.2647931071142,7611.748674099973,9348.125278637017
prophet,29,3,2017-07-01,8694.0,8412.007179628949,7951.452791876587,8897.911890128074,True,946.4590982514874,946.4590982514874,7830.796473366755,9590.296064549984
prophet,29,4,2017-08-01,8130.0,7937.5239504901565,7443.039482662369,8378.977879610822,True,935.9383969484534,935.9383969484534,7429.65054201103,9138.891573259221
prophet,29,5,2017-09-01,7446.0,7436.02601620634,6956.326442536243,7888.635283585924,True,932.3088410496812,932.3088410496812,6956.863828262791,8651.103641451635
prophet,29,6,2017-10-01,7282.0,7400.526905059537,6936.678728126402,7893.702097927353,True,957.0233698009506,957.0233698009506,6912.283234933542,8617.632076142865
sarima,30,1,2017-06-01,8009.0,8125.00386965774,7553.500243550658,8696.507495764823,True,1143.0072522141645,1143.0072522141645,7483.611257374353,9012.368256422209
sarima,30,2,2017-07-01,8694.0,8313.5746951454,7729.898959919202,8897.250430371598,True,1167.351470452396,1167.351470452396,7626.259613694821,9203.58903059021
sarima,30,3,2017-08-01,8130.0,7903.778613206567,7317.003940869551,8490.553285543581,True,1173.5493446740302,1173.5493446740302,7188.5054366699305,8809.218435955536
sarima,30,4,2017-09-01,7446.0,7412.291042139801,6823.158426638305,8001.423657641297,True,1178.2652310029916,1178.2652310029916,6776.878575414165,8352.793273748375
sarima,30,5,2017-10-01,7282.0,7317.323140589893,6725.918939904118,7908.727341275669,True,1182.8084013715506,1182.8084013715506,6655.70099751252,8261.16569969655
sarima,30,6,2017-11-01,6830.0,6797.738899489722,6204.039753296889,7391.438045682555,True,1187.3982923856656,1187.3982923856656,6282.973352564908,7741.150830612347
prophet,30,1,2017-06-01,8009.0,8161.935029454313,7680.505911002151,8639.155018340563,True,958.6491073384124,958.6491073384124,7585.6766342040155,9328.82405338143
prophet,30,2,2017-07-01,8694.0,8393.690260535339,7945.747459954088,8867.287428249134,True,921.5399682950456,921.5399682950456,7825.890967547121,9562.267572084165
prophet,30,3,2017-08-01,8130.0,7918.405989970719,7492.594094807444,8412.470674048263,True,919.8765792408194,919.8765792408194,7337.1952837085255,9096.694874891757
prophet,30,4,2017-09-01,7446.0,7416.050707770375,6965.169805916874,7886.149268892141,True,920.9794629752668,920.9794629752668,6908.177299291248,8617.41833053944
prophet,30,5,2017-10-01,7282.0,7379.791346988338,6891.035627315082,7814.626537180156,True,923.5909098650744,923.5909098650744,6900.629159044789,8594.868972233635
prophet,30,6,2017-11-01,6830.0,6808.802430467502,6302.701196231326,7298.444294401974,True,995.7430981706476,995.7430981706476,6320.558760341507,8025.907601550829
sarima,31,1,2017-07-01,8694.0,8289.155607553017,7721.049018199859,8857.262196906175,True,1136.2131787063154,1136.2131787063154,7647.76299526963,9176.519994317485
sarima,31,2,2017-08-01,8130.0,7891.380895324095,7310.919777798566,8471.842012849624,True,1160.9222350510572,1160.9222350510572,7204.065813873516,8781.395230768905
sarima,31,3,2017-09-01,7446.0,7401.440738965185,6817.9436965990335,7984.937781331337,True,1166.9940847323032,1166.9940847323032,6686.167562428549,8306.880561714155
sarima,31,4,2017-10-01,7282.0,7306.718907777702,6720.950483492555,7892.487332062849,True,1171.5368485702948,1171.5368485702948,6671.3064410520665,8247.221139386276
sarima,31,5,2017-11-01,6830.0,6786.973693628891,6198.9939626535015,7374.95342460428,True,1175.9594619507789,1175.9594619507789,6125.351550551518,7730.816252735548
sarima,31,6,2017-12-01,6946.0,7025.87639456564,6435.749235897421,7616.003553233859,True,1180.2543173364377,1180.2543173364377,6511.110847640826,7969.288325688265
prophet,31,1,2017-07-01,8694.0,8383.271044218272,7950.510649250316,8808.909792599266,True,858.39914334895,858.39914334895,7807.012648967975,9550.16006814539
prophet,31,2,2017-08-01,8130.0,7907.867083812402,7469.650759767929,8385.912896309763,True,916.2621365418336,916.2621365418336,7340.067790824184,9076.444395361228
prophet,31,3,2017-09-01,7446.0,7405.145797870905,6926.4240117669815,7858.434604659721,True,932.0105928927396,932.0105928927396,6823.935091608711,8583.434682791942
prophet,31,4,2017-10-01,7282.0,7368.375201401881,6899.542782985502,7850.476504802527,True,950.9337218170258,950.9337218170258,6860.501792922754,8569.742824170946
prophet,31,5,2017-11-01,6830.0,6797.258119181035,6296.1876407186455,7256.323960519264,True,960.1363198006184,960.1363198006184,6318.095931237486,8012.335744426331
prophet,31,6,2017-12-01,6946.0,7127.314647532179,6654.906991637975,7605.174245446951,True,950.2672538089764,950.2672538089764,6639.070977406184,8344.419818615506
sarima,32,1,2017-08-01,8130.0,7966.299582754296,7396.675970330814,8535.923195177778,True,1139.247224846964,1139.247224846964,7324.906970470909,8853.663969518766
sarima,32,2,2017-09-01,7446.0,7421.60236162921,6841.133426553452,8002.071296704967,True,1160.9378701515143,1160.9378701515143,6734.287280178631,8311.61669707402
sarima,32,3,2017-10-01,7282.0,7317.2536047345875,6735.972283191823,7898.534926277352,True,1162.56264308553,1162.56264308553,6601.980428197951,8222.693427483557
sarima,32,4,2017-11-01,6830.0,6794.394256275744,6212.904832307468,7375.88368024402,True,1162.9788479365525,1162.9788479365525,6158.981789550108,7734.896487884318
sarima,32,5,2017-12-01,6946.0,7032.90495221309,6451.248834403257,7614.561070022923,True,1163.3122356196654,1163.3122356196654,6371.282809135717,7976.747511319747
sarima,32,6,2018-01-01,6886.0,7035.913948494001,6455.507813320598,7616.320083667403,True,1160.8122703468052,1160.8122703468052,6521.148401569187,7979.325879616626
prophet,32,1,2017-08-01,8130.0,7927.955420347884,7471.6439833965505,8421.338719597125,True,949.694736200574,949.694736200574,7351.697025097586,9094.844444275
prophet,32,2,2017-09-01,7446.0,7426.074605942967,6925.367374503754,7906.137594766751,True,980.7702202629972,980.7702202629972,6858.275312954749,8594.651917491794
prophet,32,3,2017-10-01,7282.0,7390.519836726078,6918.216098428898,7855.399258812053,True,937.1831603831552,937.1831603831552,6809.309130463885,8568.808721647114
prophet,32,4,2017-11-01,6830.0,6820.404086851596,6364.566906051629,7312.466630423594,True,947.899724371965,947.899724371965,6312.530678372469,8021.771709620661
prophet,32,5,2017-12-01,6946.0,7151.618373435915,6698.804239638023,7617.516116612283,True,918.71187697426,918.71187697426,6672.456185492366,8366.69599868121
prophet,32,6,2018-01-01,6886.0,7058.694202477616,6584.114984695416,7515.464553068464,True,931.349568373048,931.349568373048,6570.450532351621,8275.799373560943
sarima,33,1,2017-09-01,7446.0,7456.205654995839,6888.977814542332,8023.433495449346,True,1134.4556809070143,1134.4556809070143,6814.8130427124515,8343.570041760308
sarima,33,2,2017-10-01,7282.0,7328.5235023956,6749.5049774454765,7907.542027345724,True,1158.0370499002474,1158.0370499002474,6641.208420945021,8218.53783784041
sarima,33,3,2017-11-01,6830.0,6801.127065782644,6221.115147358486,7381.138984206803,True,1160.023836848317,1160.023836848317,6085.853889246008,7706.566888531614
sarima,33,4,2017-12-01,6946.0,7039.798543689924,6459.518263109218,7620.078824270628,True,1160.56056116141,1160.56056116141,6404.386076964289,7980.300775298499
sarima,33,5,2018-01-01,6886.0,7043.014586677245,6464.013202756365,7622.015970598124,True,1158.0027678417591,1158.0027678417591,6381.3924435998715,7986.857145783902
sarima,33,6,2018-02-01,5960.0,6599.815171057973,6020.804565363437,7178.825776752509,False,1158.021211389072,3590.203825926559,6085.049624133159,7543.227102180598
prophet,33,1,2017-09-01,7446.0,7432.074620722848,6908.919628384882,7891.641141812716,True,982.721513427834,982.721513427834,6855.81622547255,8598.963644649964
prophet,33,2,2017-10-01,7282.0,7396.492082636456,6961.4793492857525,7843.018964439318,True,881.5396151535651,881.5396151535651,6828.692789648238,8565.069394185284
prophet,33,3,2017-11-01,6830.0,6827.112481404151,6356.568812018673,7294.329645508379,True,937.760833489706,937.760833489706,6245.901775141958,8005.401366325188
prophet,33,4,2017-12-01,6946.0,7159.582552477637,6672.273589418287,7663.585167168385,True,991.311577750098,991.311577750098,6651.709143998511,8360.950175246702
prophet,33,5,2018-01-01,6886.0,7066.609452545405,6617.120007296088,7552.725004986385,True,935.6049976902968,935.6049976902968,6587.447264601856,8281.6870777907
prophet,33,6,2018-02-01,5960.0,6645.672998488072,6184.873116717807,7095.141099361708,False,910.2679826439016,9905.192651356168,6157.429328362077,7862.778169571399
sarima,34,1,2017-10-01,7282.0,7352.520138177405,6787.530222140942,7917.510054213868,True,1129.979832072926,1129.979832072926,6711.127525894018,8239.884524941874
sarima,34,2,2017-11-01,6830.0,6832.740852496627,6255.676049783965,7409.805655209288,True,1154.1296054253237,1154.1296054253237,6145.425771046048,7722.755187941437
sarima,34,3,2017-12-01,6946.0,7072.243992332689,6492.584647966373,7651.903336699005,True,1159.318688732632,1159.318688732632,6356.970815796053,7977.683815081658
sarima,34,4,2018-01-01,6886.0,7070.58100664521,6490.908822515919,7650.253190774502,True,1159.344368258584,1159.344368258584,6435.168539919575,8011.083238253785
sarima,34,5,2018-02-01,5960.0,6627.289889288598,6045.862955390617,7208.716823186579,False,1162.8538677959623,4597.372083420629,5965.667746211225,7571.132448395255
sarima,34,6,2018-03-01,6930.0,7043.10805849082,6459.947468161536,7626.268648820105,True,1166.3211806585696,1166.3211806585696,6403.292887432847,7986.519989613445
prophet,34,1,2017-10-01,7282.0,7403.642005523977,6923.06545240876,7847.94737720614,True,924.8819247973806,924.8819247973806,6827.38361027368,8570.531029451093
prophet,34,2,2017-11-01,6830.0,6834.014110308868,6372.902560702952,7271.26462095151,True,898.362060248558,898.362060248558,6266.214817320651,8002.591421857695
prophet,34,3,2017-12-01,6946.0,7166.927424904119,6721.43929466505,7673.213082972961,True,951.7737883079116,951.7737883079116,6585.716718641926,8345.216309825155
prophet,34,4,2018-01-01,6886.0,7074.525658755601,6636.936701191271,7524.994783994408,True,888.058082803137,888.058082803137,6566.652250276475,8275.893281524666
prophet,34,5,2018-02-01,5960.0,6654.22437400133,6205.000127242083,7141.697566844592,False,936.6974396025088,10736.702529285836,6175.062186057781,7869.301999246626
prophet,34,6,2018-03-01,6930.0,7047.476314801891,6581.408297225523,7515.778910038105,True,934.3706128125824,934.3706128125824,6361.803316313819,8264.581485885217
sarima,35,1,2017-11-01,6830.0,6791.254803403003,6231.350605040068,7351.159001765938,True,1119.80839672587,1119.80839672587,6149.862191119616,7678.619190167472
sarima,35,2,2017-12-01,6946.0,7037.227864201575,6465.930350340918,7608.525378062232,True,1142.5950277213142,1142.5950277213142,6349.9127827509965,7927.242199646385
sarima,35,3,2018-01-01,6886.0,7040.169266554575,6469.484206163796,7610.854326945354,True,1141.3701207815575,1141.3701207815575,6324.896090017939,7945.609089303544
sarima,35,4,2018-02-01,5960.0,6596.998641091261,6026.190433752414,7167.806848430108,False,1141.6164146776937,3789.233764774246,5961.586174365625,7537.500872699835
sarima,35,5,2018-03-01,6930.0,7013.10896817083,6442.278541443064,7583.939394898596,True,1141.6608534555326,1141.6608534555326,6345.819078882232,7956.951527277487
sarima,35,6,2018-04-01,6769.0,7081.317080989193,6510.482483757212,7652.151678221173,True,1141.6691944639606,1141.6691944639606,6441.501909931219,8024.729012111818
prophet,35,1,2017-11-01,6830.0,6829.924950339233,6345.310714049132,7295.225042173287,True,949.914328124155,949.914328124155,6253.666555088936,7996.81397426635
prophet,35,2,2017-12-01,6946.0,7162.239541444369,6722.451425623683,7623.991290092654,True,901.5398644689712,901.5398644689712,6594.4402484561515,8330.816852993197
prophet,35,3,2018-01-01,6886.0,7071.40306673128,6601.647704230548,7533.867028921779,True,932.2193246912312,932.2193246912312,6490.192360469086,8249.691951652316
prophet,35,4,2018-02-01,5960.0,6651.603809637276,6209.286633980134,7083.6966946813,False,874.410060701166,10845.875419906524,6143.730401158149,7852.971432406341
prophet,35,5,2018-03-01,6930.0,7045.097760984246,6564.6652379382085,7500.474762186647,True,935.8095242484388,935.8095242484388,6350.873386982916,8260.17538622954
prophet,35,6,2018-04-01,6769.0,7131.067183227879,6648.301612317285,7560.410390745055,True,912.1087784277706,912.1087784277706,6445.394184739806,8348.172354311206
sarima,36,1,2017-12-01,6946.0,7067.76113568916,6509.905759183768,7625.616512194552,True,1115.7107530107842,1115.7107530107842,6426.368523405773,7955.125522453629
sarima,36,2,2018-01-01,6886.0,7064.553550322802,6497.08978085892,7632.017319786684,True,1134.9275389277643,1134.9275389277643,6377.238468872223,7954.567885767612
sarima,36,3,2018-02-01,5960.0,6621.050408569341,6051.145807326973,7190.955009811709,False,1139.8092024847356,4785.641495563665,5905.777232032705,7526.49023131831
sarima,36,4,2018-03-01,6930.0,7036.986801769315,6465.392490696168,7608.581112842462,True,1143.1886221462937,1143.1886221462937,6399.988160678055,7977.489033377889
sarima,36,5,2018-04-01,6769.0,7105.38988790696,6532.20424949687,7678.57552631705,True,1146.3712768201804,1146.3712768201804,6438.099998618362,8049.232447013617
sarima,36,6,2018-05-01,7511.0,7954.109394140083,7379.349592942976,8528.869195337189,True,1149.5196023942126,1149.5196023942126,7314.29422308211,8897.521325262707
prophet,36,1,2017-12-01,6946.0,7159.63277812255,6688.081358633385,7638.724698435667,True,950.6433398022818,950.6433398022818,6583.374382872253,8326.521802049667
prophet,36,2,2018-01-01,6886.0,7068.196673676625,6607.647034207194,7545.520217088969,True,937.8731828817744,937.8731828817744,6500.397380688408,8236.773985225453
prophet,36,3,2018-02-01,5960.0,6647.390201972196,6209.981003058062,7143.200678878821,False,933.2196758207592,10932.45979814324,6066.179495710003,7825.679086893233
prophet,36,4,2018-03-01,6930.0,7040.572037257568,6554.095283848076,7503.703888552935,True,949.6086047048592,949.6086047048592,6348.968227620292,8241.939660026634
prophet,36,5,2018-04-01,6769.0,7126.531572519209,6689.498749706447,7591.040187610544,True,901.5414379040976,901.5414379040976,6432.3071985178785,8341.609197764505
prophet,36,6,2018-05-01,7511.0,8010.334059851347,7563.910532446589,8458.713081732483,False,894.8025492858942,3011.223847149457,7324.661061363275,9227.439230934673
sarima,37,1,2018-01-01,6886.0,7022.0841522630735,6470.309354106095,7573.858950420052,True,1103.5495963139565,1103.5495963139565,6380.691539979686,7909.448539027542
sarima,37,2,2018-02-01,5960.0,6591.4705243949575,6028.700788733998,7154.240260055917,False,1125.539471321919,3873.571020681831,5904.155442944379,7481.4848598397675
sarima,37,3,2018-03-01,6930.0,7009.860081167426,6446.264891508595,7573.455270826257,True,1127.1903793176623,1127.1903793176623,6294.58690463079,7915.299903916395
sarima,37,4,2018-04-01,6769.0,7078.3813101317055,6514.674737230561,7642.08788303285,True,1127.4131458022894,1127.4131458022894,6441.382669040445,8018.88354174028
sarima,37,5,2018-05-01,7511.0,7927.139903841176,7363.414890231568,8490.864917450785,True,1127.4500272192165,1127.4500272192165,7259.850014552579,8870.982462947833
sarima,37,6,2018-06-01,8057.0,8242.686958913373,7678.958698324529,8806.415219502216,True,1127.4565211776871,1127.4565211776871,7602.8717878554,9186.098890035999
prophet,37,1,2018-01-01,6886.0,7049.913086537523,6597.769690439626,7535.233488702835,True,937.4637982632084,937.4637982632084,6473.654691287225,8216.80211046464
prophet,37,2,2018-02-01,5960.0,6628.377278397948,6184.53102635569,7086.104636542145,False,901.573610186455,9882.814664414069,6060.577985409731,7796.954589946776
prophet,37,3,2018-03-01,6930.0,7019.960917452462,6560.555680168155,7452.848208485769,True,892.2925283176137,892.2925283176137,6332.570715480266,8198.249802373499
prophet,37,4,2018-04-01,6769.0,7106.421148316425,6634.125364194312,7568.098380414313,True,933.9730162200012,933.9730162200012,6414.8173386791495,8307.78877108549
prophet,37,5,2018-05-01,7511.0,7990.71095319197,7518.091308691676,8470.581166470616,False,952.48985777894,1236.142205445988,7296.4865791906395,9205.788578437267
prophet,37,6,2018-06-01,8057.0,8299.510013036428,7855.8550293659455,8753.112037917002,True,897.257008551057,897.257008551057,7613.837014548356,9516.615184119755
sarima,38,1,2018-02-01,5960.0,6562.879763305456,6014.68127748271,7111.0782491282025,False,1096.3969716454922,3283.6480709539064,5921.487151022069,7450.244150069925
sarima,38,2,2018-03-01,6930.0,7000.063293520705,6440.545098798933,7559.581488242477,True,1119.0363894435432,1119.0363894435432,6312.748212070126,7890.077628965515
sarima,38,3,2018-04-01,6769.0,7071.800277626921,6511.408299245621,7632.192256008222,True,1120.7839567626015,1120.7839567626015,6356.527101090285,7977.2401003758905
sarima,38,4,2018-05-01,7511.0,7921.202803215371,7360.691194985256,8481.714411445488,True,1121.023216460232,1121.023216460232,7284.204162124111,8861.705034823946
sarima,38,5,2018-06-01,8057.0,8236.838674496135,7676.307086871498,8797.370262120772,True,1121.0631752492736,1121.0631752492736,7569.548785207538,9180.681233602792
sarima,38,6,2018-07-01,8175.0,8468.607011627126,7908.071680284314,9029.142342969935,True,1121.070662685623,1121.070662685623,7828.791840569153,9412.01894274975
prophet,38,1,2018-02-01,5960.0,6625.020344852111,6161.079083333396,7086.349345980885,False,925.2702626474892,8968.433595983322,6048.761949601813,7791.909368779227
prophet,38,2,2018-03-01,6930.0,7015.164430486075,6561.713440581655,7469.020550773332,True,907.3071101916768,907.3071101916768,6346.787152088126,8183.741742034902
prophet,38,3,2018-04-01,6769.0,7101.434729836437,6641.635051672947,7565.187594575859,True,923.552542902912,923.552542902912,6414.044527864241,8279.723614757473
prophet,38,4,2018-05-01,7511.0,7985.424655287369,7516.097180052885,8413.749331630046,False,897.652151577161,1101.539353692563,7293.820845650093,9186.792278056433
prophet,38,5,2018-06-01,8057.0,8294.003095132233,7811.966300992365,8755.192987667551,True,943.226686675186,943.226686675186,7599.778721130903,9509.08072037753
prophet,38,6,2018-07-01,8175.0,8467.180572186424,8005.172131175963,8921.55137998267,True,916.3792488067064,916.3792488067064,7781.507573698352,9684.285743269751
sarima,39,1,2018-03-01,6930.0,6867.903278870705,6309.178884719203,7426.627673022208,True,1117.4487883030051,1117.4487883030051,6226.510666587318,7755.267665635174
sarima,39,2,2018-04-01,6769.0,7028.11491664109,6456.416813070198,7599.813020211981,True,1143.3962071417827,1143.3962071417827,6340.799835190511,7918.1292520859
sarima,39,3,2018-05-01,7511.0,7893.909812375081,7321.153527903573,8466.66609684659,True,1145.512568943016,1145.512568943016,7178.636635838445,8799.34963512405
sarima,39,4,2018-06-01,8057.0,8212.573630281933,7639.665989817404,8785.481270746463,True,1145.8152809290586,1145.8152809290586,7575.574989190673,9153.075861890507
sarima,39,5,2018-07-01,8175.0,8444.867939790973,7871.933024974596,9017.80285460735,True,1145.869829632753,1145.869829632753,7777.578050502375,9388.71049889763
sarima,39,6,2018-08-01,8328.0,8014.074347517519,7441.132674308218,8587.01602072682,True,1145.8833464186018,1145.8833464186018,7374.259176459545,8957.486278640143
prophet,39,1,2018-03-01,6930.0,6970.532046340782,6488.267698322522,7432.300948193572,True,944.0332498710504,944.0332498710504,6305.511701488671,8137.421070267898
prophet,39,2,2018-04-01,6769.0,7057.731138403659,6608.589757382939,7539.108104282389,True,930.51834689945,930.51834689945,6389.353860005711,8226.308449952487
prophet,39,3,2018-05-01,7511.0,7942.792776855346,7465.003699347027,8435.287626028667,True,970.28392668164,970.28392668164,7255.40257488315,9121.081661776383
prophet,39,4,2018-06-01,8057.0,8252.363857310702,7760.560879838209,8720.177390899305,True,959.6165110610964,959.6165110610964,7560.760047673426,9453.731480079767
prophet,39,5,2018-07-01,8175.0,8426.083940392384,7962.415709307755,8865.791922801813,True,903.376213494058,903.376213494058,7731.859566391054,9641.16156563768
prophet,39,6,2018-08-01,8328.0,8045.798691675085,7559.451438749801,8504.719800638897,True,945.268361889096,945.268361889096,7360.125693187013,9262.903862758412
sarima,40,1,2018-04-01,6769.0,7041.782914633216,6486.717527586016,7596.848301680416,True,1110.1307740943994,1110.1307740943994,6438.90315132776,7929.147301397685
sarima,40,2,2018-05-01,7511.0,7898.297935752206,7331.109269701332,8465.48660180308,True,1134.3773321017488,1134.3773321017488,7266.827411357249,8788.312271197017
sarima,40,3,2018-06-01,8057.0,8215.227303023048,7647.091532044655,8783.363074001441,True,1136.271541956787,1136.271541956787,7554.176894453707,9120.667125772017
sarima,40,4,2018-07-01,8175.0,8447.21446685682,7878.946726294161,9015.48220741948,True,1136.5354811253192,1136.5354811253192,7811.802000131184,9387.716698465394
sarima,40,5,2018-08-01,8328.0,8016.257025283932,7447.965099585719,8584.548950982145,True,1136.5838513964263,1136.5838513964263,7354.634882206559,8960.09958439059
sarima,40,6,2018-09-01,7325.0,7500.460509691907,6932.158340161635,8068.762679222178,True,1136.6043390605428,1136.6043390605428,6985.694962767093,8443.872440814532
prophet,40,1,2018-04-01,6769.0,7059.446109362861,6580.587418096704,7531.0640758765885,True,950.4766577798846,950.4766577798846,6483.187714112563,8226.335133289977
prophet,40,2,2018-05-01,7511.0,7944.438373427374,7476.403638806833,8415.673465197153,True,939.2698263903194,939.2698263903194,7376.639080439157,9113.015684976202
prophet,40,3,2018-06-01,8057.0,8253.838979119379,7774.894390808442,8731.05224384937,True,956.157853040928,956.157853040928,7672.628272857185,9432.127864040416
prophet,40,4,2018-07-01,8175.0,8427.246451542525,7948.476274089689,8910.667620764452,True,962.1913466747636,962.1913466747636,7919.373043063399,9628.61407431159
prophet,40,5,2018-08-01,8328.0,8047.113481518871,7613.984009589234,8497.64081607186,True,883.656806482626,883.656806482626,7567.402528326901,9262.191106764167
prophet,40,6,2018-09-01,7325.0,7542.516980621935,7056.141704470557,8001.017762391194,True,944.8760579206372,944.8760579206372,7043.182920770588,8759.622151705262
sarima,41,1,2018-05-01,7511.0,7822.269117037323,7265.086113293615,8379.45212078103,True,1114.3660074874151,1114.3660074874151,7219.389353731866,8709.633503801791
sarima,41,2,2018-06-01,8057.0,8167.644190832107,7597.22929765594,8738.059084008273,True,1140.829786352333,1140.829786352333,7536.173666437149,9057.658526276917
sarima,41,3,2018-07-01,8175.0,8403.613886006526,7830.253793109198,8976.973978903854,True,1146.7201857946557,1146.7201857946557,7742.563477437185,9309.053708755495
sarima,41,4,2018-08-01,8328.0,7973.199069716886,7397.7929887226255,8548.605150711146,True,1150.8121619885203,1150.8121619885203,7337.78660299125,8913.70130132546
sarima,41,5,2018-09-01,7325.0,7457.540453929991,6880.209991980159,8034.870915879823,True,1154.6609238996643,1154.6609238996643,6795.918310852618,8401.383013036648
sarima,41,6,2018-10-01,7202.0,7353.991712442923,6774.750796797095,7933.232628088751,True,1158.481831291656,1158.481831291656,6839.226165518109,8297.403643565547
prophet,41,1,2018-05-01,7511.0,7915.403595411631,7437.389662339741,8446.251963086168,True,1008.8623007464266,1008.8623007464266,7339.145200161333,9082.292619338747
prophet,41,2,2018-06-01,8057.0,8224.442352366828,7707.557536600535,8690.241371552866,True,982.6838349523304,982.6838349523304,7656.643059378611,9393.019663915657
prophet,41,3,2018-07-01,8175.0,8393.179543592405,7902.431755030577,8904.079494231113,True,1001.6477392005364,1001.6477392005364,7811.9688373302115,9571.468428513443
prophet,41,4,2018-08-01,8328.0,8011.863567450118,7541.051710016773,8489.535881204623,True,948.4841711878498,948.4841711878498,7503.990158970992,9213.231190219183
prophet,41,5,2018-09-01,7325.0,7507.180757285212,7035.040035162951,8004.950422623664,True,969.9103874607137,969.9103874607137,7027.469804093243,8722.258382530508
prophet,41,6,2018-10-01,7202.0,7365.44071475704,6900.8903730304855,7859.187943017916,True,958.2975699874304,958.2975699874304,6866.106654905693,8582.545885840367
sarima,42,1,2018-06-01,8057.0,8051.861597514882,7491.88296110622,8611.840233923545,True,1119.9572728173252,1119.9572728173252,7448.981834209426,8939.22598427935
sarima,42,2,2018-07-01,8175.0,8306.055198086986,7730.706056052783,8881.404340121187,True,1150.698284068404,1150.698284068404,7674.584673692028,9196.069533531796
sarima,42,3,2018-08-01,8328.0,7877.146702012626,7294.9696709316495,8459.323733093603,True,1164.3540621619532,1164.3540621619532,7216.096293443285,8782.586524761595
sarima,42,4,2018-09-01,7325.0,7361.6228553580095,6773.33950936987,7949.906201346149,True,1176.566691976279,1176.566691976279,6726.210388632374,8302.125086966584
sarima,42,5,2018-10-01,7202.0,7258.509641169657,6664.241969676486,7852.777312662827,True,1188.5353429863408,1188.5353429863408,6596.887498092284,8202.352200276313
sarima,42,6,2018-11-01,7161.0,6748.282797764196,6148.077182676927,7348.488412851464,True,1200.4112301745372,1200.4112301745372,6233.5172508393825,7691.694728886821
prophet,42,1,2018-06-01,8057.0,8172.740066113414,7728.444652366858,8712.413481932108,True,983.9688295652504,983.9688295652504,7596.481670863117,9339.629090040531
prophet,42,2,2018-07-01,8175.0,8369.33251331712,7880.442752850971,8867.722929910511,True,987.2801770595396,987.2801770595396,7801.533220328903,9537.909824865947
prophet,42,3,2018-08-01,8328.0,7960.381498268,7504.52615636917,8473.569439758583,True,969.0432833894127,969.0432833894127,7379.170792005806,9138.670383189037
prophet,42,4,2018-09-01,7325.0,7448.818211283389,6977.392756837581,7965.879068358184,True,988.4863115206026,988.4863115206026,6940.9448028042625,8650.185834052454
prophet,42,5,2018-10-01,7202.0,7326.569621669194,6830.053622394669,7793.556067084743,True,963.5024446900744,963.5024446900744,6846.8586684772245,8541.64724691449
prophet,42,6,2018-11-01,7161.0,6837.125950385446,6368.700306910683,7306.558866949187,True,937.858560038504,937.858560038504,6337.791890534099,8054.231121468773
sarima,43,1,2018-07-01,8175.0,8309.974627262443,7753.352248511359,8866.597006013528,True,1113.2447575021688,1113.2447575021688,7707.094863956987,9197.339014026911
sarima,43,2,2018-08-01,8328.0,7880.961610362357,7309.20563464175,8452.717586082965,True,1143.5119514412145,1143.5119514412145,7249.491085967399,8770.975945807168
sarima,43,3,2018-09-01,7325.0,7365.404475507894,6787.118630916835,7943.690320098953,True,1156.5716891821176,1156.5716891821176,6704.354066938553,8270.844298256863
sarima,43,4,2018-10-01,7202.0,7262.319482619258,6678.231184784305,7846.407780454212,True,1168.176595669907,1168.176595669907,6626.907015893623,8202.821714227834
sarima,43,5,2018-11-01,7161.0,6751.994092826532,6162.208588300556,7341.779597352509,True,1179.5710090519533,1179.5710090519533,6090.371949749159,7695.836651933189
sarima,43,6,2018-12-01,7409.0,6977.902173143992,6382.536420590261,7573.267925697723,True,1190.731505107462,1190.731505107462,6463.136626219178,7921.314104266617
prophet,43,1,2018-07-01,8175.0,8349.589565069224,7898.15440300372,8809.940775107916,True,911.7863721041958,911.7863721041958,7773.331169818926,9516.47858899634
prophet,43,2,2018-08-01,8328.0,7946.3115488413,7496.527939313807,8388.970097555779,True,892.4421582419718,892.4421582419718,7378.512255853082,9114.888860390127
prophet,43,3,2018-09-01,7325.0,7435.054481527375,6959.9729873864,7914.0321550938115,True,954.0591677074116,954.0591677074116,6853.843775265182,8613.343366448411
prophet,43,4,2018-10-01,7202.0,7306.582853757365,6810.766883822141,7776.465212773004,True,965.6983289508636,965.6983289508636,6798.7094452782385,8507.95047652643
prophet,43,5,2018-11-01,7161.0,6820.306400372961,6340.160010878937,7288.1521573048785,True,947.9921464259414,947.9921464259414,6340.595447180992,8035.3840256182575
prophet,43,6,2018-12-01,7409.0,7067.269146827634,6627.963699012303,7564.515085399845,True,936.5513863875422,936.5513863875422,6567.9350869762875,8284.374317910962
sarima,44,1,2018-08-01,8328.0,7825.446638784238,7270.2599781183235,8380.633299450152,True,1110.3733213318285,1110.3733213318285,7222.566875478781,8712.811025548706
sarima,44,2,2018-09-01,7325.0,7315.109097221747,6744.505036980983,7885.713157462511,True,1141.2081204815277,1141.2081204815277,6683.63857282679,8205.123432666558
sarima,44,3,2018-10-01,7202.0,7212.621731369192,6632.744433620181,7792.499029118204,True,1159.7545954980233,1159.7545954980233,6551.571322799851,8118.061554118161
sarima,44,4,2018-11-01,7161.0,6703.764175248152,6115.086045780802,7292.442304715502,True,1177.3562589347002,1177.3562589347002,6068.351708522517,7644.2664068567265
sarima,44,5,2018-12-01,7409.0,6930.512243150964,6333.272115091674,7527.752371210255,True,1194.4802561185809,1194.4802561185809,6268.890100073591,7874.3548022576215
sarima,44,6,2019-01-01,7117.0,6918.098516886737,6313.595000121033,7522.602033652442,True,1209.0070335314083,1209.0070335314083,6403.3329699619235,7861.510448009362
prophet,44,1,2018-08-01,8328.0,7921.4104595244735,7437.697474915068,8373.078769363226,True,935.3812944481588,935.3812944481588,7345.152064274176,9088.29948345159
prophet,44,2,2018-09-01,7325.0,7411.731680008606,6984.214863203634,7859.252139357716,True,875.0372761540821,875.0372761540821,6843.932387020389,8580.308991557435
prophet,44,3,2018-10-01,7202.0,7268.99014001812,6825.658108704159,7746.317315841376,True,920.659207137217,920.659207137217,6687.779433755926,8447.279024939156
prophet,44,4,2018-11-01,7161.0,6793.231014155298,6348.5097446811,7256.854139753355,True,908.3443950722558,908.3443950722558,6285.357605676171,7994.598636924363
prophet,44,5,2018-12-01,7409.0,7030.956008018042,6538.248411223499,7474.352775637718,True,936.1043644142192,936.1043644142192,6551.245054826072,8246.033633263338
prophet,44,6,2019-01-01,7117.0,6987.7158918139885,6527.51989322206,7435.0761874139025,True,907.5562941918424,907.5562941918424,6488.381831962642,8204.821062897316
sarima,45,1,2018-09-01,7325.0,7543.910934669602,6990.523710620752,8097.298158718452,True,1106.7744480977,1106.7744480977,6941.031171364146,8431.27532143407
sarima,45,2,2018-10-01,7202.0,7389.122713436028,6823.132404172355,7955.113022699701,True,1131.9806185273465,1131.9806185273465,6757.65218904107,8279.137048880839
sarima,45,3,2018-11-01,7161.0,6865.764283286321,6298.719083054363,7432.809483518279,True,1134.090400463916,1134.090400463916,6204.71387471698,7771.20410603529
sarima,45,4,2018-12-01,7409.0,7089.226446821758,6521.91441261703,7656.538481026486,True,1134.6240684094555,1134.6240684094555,6453.813980096123,8029.728678430332
sarima,45,5,2019-01-01,7117.0,7080.412559364296,6514.073676061611,7646.75144266698,True,1132.6777666053697,1132.6777666053697,6418.790416286923,8024.255118470953
sarima,45,6,2019-02-01,6307.0,6584.059866238062,6017.714051200314,7150.405681275809,True,1132.691630075495,1132.691630075495,6069.294319313248,7527.471797360687
prophet,45,1,2018-09-01,7325.0,7452.854898507665,6943.673436700172,7911.333783290376,True,967.6603465902044,967.6603465902044,6876.596503257368,8619.743922434782
prophet,45,2,2018-10-01,7202.0,7323.176150469761,6892.310032054072,7808.891712939565,True,916.5816808854934,916.5816808854934,6755.376857481543,8491.753462018587
prophet,45,3,2018-11-01,7161.0,6839.798706105882,6369.756765794254,7315.319227556058,True,945.562461761804,945.562461761804,6258.5879998436885,8018.087591026919
prophet,45,4,2018-12-01,7409.0,7086.931974757839,6618.320120043944,7528.263206605738,True,909.9430865617942,909.9430865617942,6579.0585662787125,8288.299597526904
prophet,45,5,2019-01-01,7117.0,7038.981840256897,6579.35482911592,7499.7814082703135,True,920.426579154394,920.426579154394,6559.270887064928,8254.059465502192
prophet,45,6,2019-02-01,6307.0,6521.547297763416,6056.160204311764,7003.46465967315,True,947.3044553613864,947.3044553613864,6022.213237912069,7738.652468846743
sarima,46,1,2018-10-01,7202.0,7301.025842309049,6745.7139282366015,7856.337756381497,True,1110.623828144895,1110.623828144895,6698.146079003593,8188.390229073518
sarima,46,2,2018-11-01,7161.0,6799.367624654067,6231.440931288964,7367.29431801917,True,1135.8533867302067,1135.8533867302067,6167.89710025911,7689.381960098877
sarima,46,3,2018-12-01,7409.0,7025.332557153702,6453.521536707091,7597.143577600312,True,1143.6220408932204,1143.6220408932204,6364.282148584361,7930.772379902671
sarima,46,4,2019-01-01,7117.0,7012.816302087727,6439.298220056439,7586.334384119015,True,1147.036164062576,1147.036164062576,6377.403835362092,7953.3185336963015
sarima,46,5,2019-02-01,6307.0,6516.535946590055,5939.89877426201,7093.173118918099,True,1153.274344656089,1153.274344656089,5854.913803512682,7460.378505696712
sarima,46,6,2019-03-01,7067.0,6992.920167968334,6413.191683522054,7572.648652414614,True,1159.4569688925603,1159.4569688925603,6478.15462104352,7936.332099090959
prophet,46,1,2018-10-01,7202.0,7329.036326104995,6842.320520362782,7803.517813308677,True,961.1972929458952,961.1972929458952,6752.777930854698,8495.925350032112
prophet,46,2,2018-11-01,7161.0,6837.436831350038,6373.467890512872,7328.080575844544,True,954.612685331672,954.612685331672,6269.637538361821,8006.014142898865
prophet,46,3,2018-12-01,7409.0,7090.623913795762,6660.160426533362,7582.540843633541,True,922.3804171001792,922.3804171001792,6509.413207533568,8268.9127987168
prophet,46,4,2019-01-01,7117.0,7036.774293848263,6567.614094470366,7494.457571049564,True,926.843476579198,926.843476579198,6528.900885369137,8238.14191661733
prophet,46,5,2019-02-01,6307.0,6523.287364963164,6067.723925563028,7014.467580675415,True,946.7436551123864,946.7436551123864,6043.576411771194,7738.36499020846
prophet,46,6,2019-03-01,7067.0,6970.889352537169,6464.808244068482,7432.956587458724,True,968.1483433902422,968.1483433902422,6471.555292685822,8187.994523620496
sarima,47,1,2018-11-01,7161.0,6822.231295747512,6273.605713114982,7370.856878380041,True,1097.2511652650592,1097.2511652650592,6219.351532442056,7709.595682511981
sarima,47,2,2018-12-01,7409.0,7071.813020421609,6511.647484919487,7631.978555923731,True,1120.3310710042442,1120.3310710042442,6440.342496026651,7961.827355866419
sarima,47,3,2019-01-01,7117.0,7065.953701850161,6506.072722718215,7625.834680982108,True,1119.761958263893,1119.761958263893,6404.90329328082,7971.393524599131
sarima,47,4,2019-02-01,6307.0,6570.299951603183,6010.298477448516,7130.301425757851,True,1120.002948309335,1120.002948309335,5934.887484877548,7510.802183211757
sarima,47,5,2019-03-01,7067.0,7047.292676822547,6487.268470394156,7607.316883250938,True,1120.0484128567823,1120.0484128567823,6385.670533745174,7991.135235929204
sarima,47,6,2019-04-01,7108.0,7090.362887120403,6530.333455533844,7650.392318706961,True,1120.058863173117,1120.058863173117,6575.597340195589,8033.774818243028
prophet,47,1,2018-11-01,7161.0,6824.402626767307,6345.879037725842,7297.584817966315,True,951.7057802404734,951.7057802404734,6248.14423151701,7991.291650694424
prophet,47,2,2018-12-01,7409.0,7067.334482875054,6626.365539069201,7530.517504635936,True,904.1519655667352,904.1519655667352,6499.535189886837,8235.911794423882
prophet,47,3,2019-01-01,7117.0,7023.563748201137,6590.260833034988,7499.951215290902,True,909.6903822559144,909.6903822559144,6442.3530419389435,8201.852633122173
prophet,47,4,2019-02-01,6307.0,6503.6510551438905,6008.455145233843,6974.735787622696,True,966.2806423888532,966.2806423888532,5995.777646664764,7705.018677912955
prophet,47,5,2019-03-01,7067.0,6932.316724747732,6478.751239943989,7378.920961793726,True,900.1697218497366,900.1697218497366,6452.605771555763,8147.394349993028
prophet,47,6,2019-04-01,7108.0,7011.311072233381,6571.876743152321,7453.813258516796,True,881.9365153644749,881.9365153644749,6511.977012382034,8228.416243316708
sarima,48,1,2018-12-01,7409.0,7109.441995404321,6556.182018979956,7662.701971828685,True,1106.5199528487285,1106.5199528487285,6506.562232098864,7996.806382168789
sarima,48,2,2019-01-01,7117.0,7059.682935489198,6496.618064148607,7622.747806829789,True,1126.1297426811816,1126.1297426811816,6428.21241109424,7949.697270934008
sarima,48,3,2019-02-01,6307.0,6558.311523784673,5992.838411683293,7123.784635886053,True,1130.9462242027605,1130.9462242027605,5897.261115215332,7463.751346533642
sarima,48,4,2019-03-01,7067.0,7034.077071419441,6466.924963184491,7601.229179654391,True,1134.3042164699,1134.3042164699,6398.664604693806,7974.579303028016
sarima,48,5,2019-04-01,7108.0,7077.37354342025,6508.637297070521,7646.109789769979,True,1137.4724926994586,1137.4724926994586,6415.751400342877,8021.216102526907
sarima,48,6,2019-05-01,7776.0,7914.395633456292,7344.09183903263,8484.699427879954,True,1140.6075888473242,1140.6075888473242,7399.630086531478,8857.807564578918
prophet,48,1,2018-12-01,7409.0,7100.850782834216,6634.2642902285925,7573.545823053171,True,939.2815328245788,939.2815328245788,6524.592387583919,8267.739806761332
prophet,48,2,2019-01-01,7117.0,7057.220883579951,6574.4663852598,7555.120487276975,True,980.6541020171752,980.6541020171752,6489.421590591734,8225.798195128778
prophet,48,3,2019-02-01,6307.0,6539.743920650569,6077.809533158692,6992.44398292105,True,914.6344497623576,914.6344497623576,5958.533214388375,7718.032805571605
prophet,48,4,2019-03-01,7067.0,6971.595800996729,6478.40690048801,7407.524987721568,True,929.118087233558,929.118087233558,6463.722392517602,8172.963423765794
prophet,48,5,2019-04-01,7108.0,7051.02398967219,6610.166264663608,7534.2352083446995,True,924.0689436810916,924.0689436810916,6571.31303648022,8266.101614917487
prophet,48,6,2019-05-01,7776.0,7951.739218359421,7478.425788734949,8443.005278052424,True,964.5794893174752,964.5794893174752,7452.405158508074,9168.844389442747
sarima,49,1,2019-01-01,7117.0,7145.040593027168,6596.909690489144,7693.171495565192,True,1096.2618050760484,1096.2618050760484,6542.160829721712,8032.404979791637
sarima,49,2,2019-02-01,6307.0,6602.228534417343,6042.262477805804,7162.194591028882,True,1119.932113223078,1119.932113223078,5970.758010022386,7492.242869862153
sarima,49,3,2019-03-01,7067.0,7070.421508569302,6509.560436201611,7631.282580936993,True,1121.7221447353822,1121.7221447353822,6409.371099999961,7975.861331318271
sarima,49,4,2019-04-01,7108.0,7111.8785511833885,6550.895304518032,7672.8617978487455,True,1121.966493330714,1121.966493330714,6476.466084457753,8052.380782791963
sarima,49,5,2019-05-01,7776.0,7948.612127518581,7387.607748929643,8509.616506107517,True,1122.008757177874,1122.008757177874,7286.9899844412075,8892.454686625239
sarima,49,6,2019-06-01,8274.0,8289.27369221364,7728.265391307927,8850.281993119352,True,1122.016601811425,1122.016601811425,7774.508145288825,9232.685623336263
prophet,49,1,2019-01-01,7117.0,7086.416421288842,6603.104618310641,7564.603062775458,True,961.4984444648172,961.4984444648172,6510.158026038544,8253.30544521596
prophet,49,2,2019-02-01,6307.0,6568.325102955258,6092.3610304036665,7026.225018989559,True,933.863988585892,933.863988585892,6000.525809967041,7736.902414504086
prophet,49,3,2019-03-01,7067.0,6988.939238078971,6530.81871890353,7460.465922464919,True,929.6472035613896,929.6472035613896,6407.728531816778,8167.228123000008
prophet,49,4,2019-04-01,7108.0,7079.741794167888,6633.042194535688,7597.80615716894,True,964.763962633253,964.763962633253,6571.868385688761,8281.109416936953
prophet,49,5,2019-05-01,7776.0,7993.070557878216,7520.53737704096,8458.793110623892,True,938.2557335829324,938.2557335829324,7513.359604686247,9208.148183123512
prophet,49,6,2019-06-01,8274.0,8327.732493470203,7820.42543474253,8787.711536078688,True,967.286101336158,967.286101336158,7828.398433618856,9544.83766455353
sarima,50,1,2019-02-01,6307.0,6595.8046101412365,6051.270332601528,7140.338887680945,True,1089.068555079417,1089.068555079417,5992.92484683578,7483.168996905705
sarima,50,2,2019-03-01,7067.0,7068.237982868816,6511.8828923344,7624.593073403233,True,1112.7101810688328,1112.7101810688328,6436.767458473859,7958.252318313626
sarima,50,3,2019-04-01,7108.0,7110.417975140986,6553.158991106174,7667.676959175797,True,1114.5179680696235,1114.5179680696235,6449.367566571645,8015.857797889955
sarima,50,4,2019-05-01,7776.0,7947.32269795445,7389.939646170747,8504.705749738152,True,1114.7661035674046,1114.7661035674046,7311.910231228814,8887.824929563023
sarima,50,5,2019-06-01,8274.0,8288.069547913712,7730.665101042106,8845.473994785318,True,1114.8088937432112,1114.8088937432112,7626.447404836339,9231.91210702037
sarima,50,6,2019-07-01,8919.0,8507.64211650247,7950.233537561601,9065.05069544334,True,1114.817157881737,1114.817157881737,7992.876569577656,9451.054047625094
prophet,50,1,2019-02-01,6307.0,6573.084555545357,6113.277206712453,7033.581417509367,True,920.3042107969133,920.3042107969133,5996.82616029506,7739.973579472474
prophet,50,2,2019-03-01,7067.0,6989.978783474273,6509.989675991872,7432.069947011393,True,922.0802710195212,922.0802710195212,6422.179490486055,8158.5560950231
prophet,50,3,2019-04-01,7108.0,7085.032033059273,6642.945512378768,7534.779144449226,True,891.8336320704575,891.8336320704575,6503.82132679708,8263.320917980309
prophet,50,4,2019-05-01,7776.0,8004.975763644756,7533.34842691546,8489.224530162563,True,955.876103247103,955.876103247103,7497.102355165629,9206.34338641382
prophet,50,5,2019-06-01,8274.0,8339.556639123914,7808.792512610644,8800.896875196582,True,992.1043625859384,992.1043625859384,7859.845685931944,9554.63426436921
prophet,50,6,2019-07-01,8919.0,8359.975126091831,7907.117367039415,8815.153922713345,False,908.0365556739298,5061.879647140117,7860.641066240484,9577.080297175158
sarima,51,1,2019-03-01,7067.0,7007.579301324514,6463.403131964184,7551.755470684844,True,1088.3523387206606,1088.3523387206606,6404.699538019057,7894.9436880889825
sarima,51,2,2019-04-01,7108.0,7091.043367716838,6535.333382979825,7646.75335245385,True,1111.4199694740255,1111.4199694740255,6459.57284332188,7981.057703161648
sarima,51,3,2019-05-01,7776.0,7935.436648160663,7378.863736985237,8492.00955933609,True,1113.1458223508523,1113.1458223508523,7274.386239591322,8840.876470909632
sarima,51,4,2019-06-01,8274.0,8277.502234465348,7720.812448095837,8834.192020834858,True,1113.3795727390216,1113.3795727390216,7642.089767739712,9218.004466073922
sarima,51,5,2019-07-01,8919.0,8497.317781372372,7940.607874079224,9054.02768866552,True,1113.4198145862974,1113.4198145862974,7835.695638294999,9441.16034047903
sarima,51,6,2019-08-01,8180.0,8130.265335165933,7573.550805887064,8686.979864444802,True,1113.4290585577382,1113.4290585577382,7615.499788241119,9073.677266288558
prophet,51,1,2019-03-01,7067.0,6974.668985336986,6488.588505427433,7470.093567035486,True,981.5050616080524,981.5050616080524,6398.410590086689,8141.558009264103
prophet,51,2,2019-04-01,7108.0,7065.106833654714,6584.202947796791,7528.919829766123,True,944.7168819693323,944.7168819693323,6497.307540666497,8233.68414520354
prophet,51,3,2019-05-01,7776.0,7981.853043005042,7504.809362321371,8447.417162547215,True,942.6078002258446,942.6078002258446,7400.642336742849,9160.141927926079
prophet,51,4,2019-06-01,8274.0,8315.248389228927,7860.368847520079,8761.543434549589,True,901.17458702951,901.17458702951,7807.374980749801,9516.616011997992
prophet,51,5,2019-07-01,8919.0,8337.192051335089,7889.331504789971,8827.144932680862,False,937.81342789089,4612.016120656429,7857.481098143119,9552.269676580385
prophet,51,6,2019-08-01,8180.0,8157.806031522869,7712.649255821944,8615.49520981893,True,902.8459539969854,902.8459539969854,7658.471971671522,9374.911202606196
sarima,52,1,2019-04-01,7108.0,7103.249440371847,6561.950141010295,7644.548739733398,True,1082.5985987231034,1082.5985987231034,6500.369677066391,7990.613827136316
sarima,52,2,2019-05-01,7776.0,7939.186262423408,7386.750269907979,8491.622254938839,True,1104.8719850308598,1104.8719850308598,7307.715738028451,8829.200597868217
sarima,52,3,2019-06-01,8274.0,8279.727076428378,7726.478336869695,8832.975815987062,True,1106.4974791173663,1106.4974791173663,7618.6766678590375,9185.166899177348
sarima,52,4,2019-07-01,8919.0,8499.280026003118,7945.922757943558,9052.63729406268,True,1106.7145361191206,1106.7145361191206,7863.8675592774825,9439.782257611692
sarima,52,5,2019-08-01,8180.0,8132.148487042847,7578.772063680031,8685.524910405662,True,1106.752846725631,1106.752846725631,7470.526343965474,9075.991046149504
sarima,52,6,2019-09-01,7664.0,7563.041275360454,7009.65736452682,8116.425186194088,True,1106.7678216672684,1106.7678216672684,7048.27572843564,8506.453206483078
prophet,52,1,2019-04-01,7108.0,7060.666242309487,6573.11061525411,7525.4728962186,True,952.3622809644904,952.3622809644904,6484.407847059189,8227.555266236603
prophet,52,2,2019-05-01,7776.0,7976.5863207361,7512.498165974176,8472.91074925385,True,960.4125832796736,960.4125832796736,7408.787027747882,9145.163632284926
prophet,52,3,2019-06-01,8274.0,8309.740053702642,7868.773718557552,8795.098261645542,True,926.3245430879896,926.3245430879896,7728.529347440449,9488.02893862368
prophet,52,4,2019-07-01,8919.0,8333.256672210086,7855.259962543598,8784.528252123897,False,929.2682895802992,6308.138204624423,7825.383263730959,9534.62429497915
prophet,52,5,2019-08-01,8180.0,8153.688141069739,7717.668151984886,8629.0717732131,True,911.4036212282136,911.4036212282136,7673.977187877769,9368.765766315035
prophet,52,6,2019-09-01,7664.0,7582.394938053046,7107.641478461125,8049.114586670039,True,941.4731082089138,941.4731082089138,7083.060878201699,8799.500109136374
sarima,53,1,2019-05-01,7776.0,7940.0728405710815,7401.6692081160145,8478.476473026149,True,1076.807264910134,1076.807264910134,7337.193077265625,8827.437227335551
sarima,53,2,2019-06-01,8274.0,8279.92721968533,7730.537263160468,8829.317176210194,True,1098.779913049726,1098.779913049726,7648.456695290373,9169.94155513014
sarima,53,3,2019-07-01,8919.0,8499.374743069404,7949.193063859775,9049.556422279033,True,1100.3633584192576,1100.3633584192576,7838.324334500063,9404.814565818373
sarima,53,4,2019-08-01,8180.0,8132.206821908108,7581.919533079635,8682.494110736583,True,1100.5745776569483,1100.5745776569483,7496.794355182473,9072.709053516683
sarima,53,5,2019-09-01,7664.0,7563.043319837378,7012.734407402004,8113.352232272751,True,1100.6178248707474,1100.6178248707474,6901.4211767600045,8506.885878944035
sarima,53,6,2019-10-01,7254.0,7457.260037861037,6906.930080957077,8007.589994764997,True,1100.65991380792,1100.65991380792,6942.494490936223,8400.671968983661
prophet,53,1,2019-05-01,7776.0,7973.384710044087,7540.746594067595,8452.20134379122,True,911.4547497236244,911.4547497236244,7397.12631479379,9140.273733971204
prophet,53,2,2019-06-01,8274.0,8307.410753278178,7848.027422870102,8794.088727008251,True,946.0613041381494,946.0613041381494,7739.611460289961,9475.988064827005
prophet,53,3,2019-07-01,8919.0,8364.874248797949,7889.8085640599,8849.253244130941,False,959.4446800710411,3749.3149148333887,7783.663542535755,9543.163133718987
prophet,53,4,2019-08-01,8180.0,8154.18229948034,7718.186322185891,8625.099368326657,True,906.9130461407658,906.9130461407658,7646.308891001213,9355.549922249404
prophet,53,5,2019-09-01,7664.0,7583.362578821589,7124.104545545642,8061.021712310735,True,936.9171667650926,936.9171667650926,7103.651625629619,8798.440204066885
prophet,53,6,2019-10-01,7254.0,7374.192103798262,6927.000459906629,7860.670636098913,True,933.670176192284,933.670176192284,6874.858043946915,8591.297274881588
sarima,54,1,2019-06-01,8274.0,8246.39624924767,7710.095829619215,8782.696668876124,True,1072.6008392569092,1072.6008392569092,7643.516485942213,9133.760636012139
sarima,54,2,2019-07-01,8919.0,8488.998953541104,7941.904074873426,9036.093832208782,True,1094.1897573353565,1094.1897573353565,7857.528429146147,9379.013288985914
sarima,54,3,2019-08-01,8180.0,8125.940484547171,7578.079182290857,8673.801786803486,True,1095.722604512629,1095.722604512629,7464.89007597783,9031.38030729614
sarima,54,4,2019-09-01,7664.0,7557.441947340199,7009.476463825444,8105.407430854953,True,1095.9309670295097,1095.9309670295097,6922.029480614563,8497.944178948772
sarima,54,5,2019-10-01,7254.0,7451.8215188765635,6903.822168658145,7999.820869094982,True,1095.9987004368377,1095.9987004368377,6790.19937579919,8395.66407798322
sarima,54,6,2019-11-01,6785.0,6990.464021020702,6442.392151370545,7538.535890670858,True,1096.1437393003123,1096.1437393003123,6475.698474095888,7933.875952143327
prophet,54,1,2019-06-01,8274.0,8300.910173535536,7820.735307643944,8777.774315514991,True,957.039007871047,957.039007871047,7724.651778285239,9467.799197462653
prophet,54,2,2019-07-01,8919.0,8366.922179127281,7884.351917835758,8867.8739521211,False,983.5220342853409,3028.563949441376,7799.122886139064,9535.49949067611
prophet,54,3,2019-08-01,8180.0,8144.069724768821,7672.494164967016,8600.901460828265,True,928.4072958612488,928.4072958612488,7562.859018506628,9322.358609689858
prophet,54,4,2019-09-01,7664.0,7572.317117518028,7080.615308114872,8066.770775838714,True,986.155467723842,986.155467723842,7064.443709038901,8773.684740287092
prophet,54,5,2019-10-01,7254.0,7368.872241455919,6918.86674257617,7848.680315345733,True,929.8135727695636,929.8135727695636,6889.161288263949,8583.949866701216
prophet,54,6,2019-11-01,6785.0,7026.210836430049,6540.351214290051,7469.041083066083,True,928.6898687760322,928.6898687760322,6526.876776578702,8243.316007513376
sarima,55,1,2019-07-01,8919.0,8488.567754723745,7953.751268255859,9023.38424119163,True,1069.6329729357712,1069.6329729357712,7885.687991418288,9375.932141488214
sarima,55,2,2019-08-01,8180.0,8120.526084108463,7574.682375024469,8666.369793192456,True,1091.6874181679868,1091.6874181679868,7489.055559713505,9010.540419553272
sarima,55,3,2019-09-01,7664.0,7551.187770416646,7004.140150527343,8098.23539030595,True,1094.0952397786075,1094.0952397786075,6890.137361847305,8456.627593165616
sarima,55,4,2019-10-01,7254.0,7445.535856141993,6897.997670138745,7993.07404214524,True,1095.0763720064951,1095.0763720064951,6810.123389416357,8386.038087750567
sarima,55,5,2019-11-01,6785.0,6984.477178016397,6436.504075983535,7532.45028004926,True,1095.9462040657254,1095.9462040657254,6322.855034939024,7928.319737123054
sarima,55,6,2019-12-01,6987.0,7213.22467369439,6664.813978205873,7761.635369182906,True,1096.821390977033,1096.821390977033,6698.459126769576,8156.636604817015
prophet,55,1,2019-07-01,8919.0,8362.167273235285,7886.259785295645,8796.284014331917,False,910.024229036272,5818.663655759584,7785.908877984988,9529.056297162402
prophet,55,2,2019-08-01,8180.0,8137.549577929649,7706.596814655669,8595.392598444821,True,888.7957837891527,888.7957837891527,7569.750284941431,9306.126889478477
prophet,55,3,2019-09-01,7664.0,7566.27980428065,7131.634284343176,8023.736227769375,True,892.1019434261989,892.1019434261989,6985.069098018456,8744.568689201686
prophet,55,4,2019-10-01,7254.0,7364.326324340212,6887.256618451056,7841.801790812122,True,954.545172361066,954.545172361066,6856.452915861085,8565.693947109277
prophet,55,5,2019-11-01,6785.0,7020.260044131356,6548.100210449416,7480.948697519681,True,932.848487070265,932.848487070265,6540.549090939387,8235.337669376651
prophet,55,6,2019-12-01,6987.0,7217.771560798,6749.800362075427,7686.929960668003,True,937.1295985925764,937.1295985925764,6718.437500946653,8434.876731881326
sarima,56,1,2019-08-01,8180.0,8213.884739073595,7676.721319073979,8751.04815907321,True,1074.3268399992312,1074.3268399992312,7611.004975768139,9101.249125838065
sarima,56,2,2019-09-01,7664.0,7584.546402905491,7036.657447781998,8132.435358028984,True,1095.7779102469867,1095.7779102469867,6953.075878510534,8474.560738350301
sarima,56,3,2019-10-01,7254.0,7468.125100074552,6919.4746137003085,8016.775586448796,True,1097.3009727484878,1097.3009727484878,6807.074691505211,8373.564922823522
sarima,56,4,2019-11-01,6785.0,7004.931559207077,6456.118718412993,7553.744400001161,True,1097.625681588168,1097.625681588168,6369.5190924814415,7945.433790815651
sarima,56,5,2019-12-01,6987.0,7233.362978851178,6684.42679741246,7782.299160289896,True,1097.872362877437,1097.872362877437,6571.740835773805,8177.205537957835
sarima,56,6,2020-01-01,7194.0,7192.157728398315,6644.0011068618405,7740.31434993479,True,1096.3132430729493,1096.3132430729493,6677.392181473501,8135.56965952094
prophet,56,1,2019-08-01,8180.0,8173.307767993074,7688.766587072499,8626.251993806762,True,937.485406734263,937.485406734263,7597.0493727427765,9340.19679192019
prophet,56,2,2019-09-01,7664.0,7603.265374971613,7135.496613150336,8038.162655716419,True,902.666042566083,902.666042566083,7035.466081983395,8771.84268652044
prophet,56,3,2019-10-01,7254.0,7391.753070527531,6929.52072106846,7886.585747462532,True,957.0650263940717,957.0650263940717,6810.542364265338,8570.041955448567
prophet,56,4,2019-11-01,6785.0,7069.764487536481,6613.209935451876,7514.849617214637,True,901.639681762761,901.639681762761,6561.891079057355,8271.132110305545
prophet,56,5,2019-12-01,6987.0,7264.786540426131,6817.474069519106,7726.219247394149,True,908.7451778750436,908.7451778750436,6785.0755872341615,8479.864165671428
prophet,56,6,2020-01-01,7194.0,7231.859853947903,6778.422605750266,7731.5252734628975,True,953.102667712632,953.102667712632,6732.525794096556,8448.96502503123
sarima,57,1,2019-09-01,7664.0,7577.546237395381,7042.97715060177,8112.115324188991,True,1069.138173587222,1069.138173587222,6974.666474089924,8464.91062415985
sarima,57,2,2019-10-01,7254.0,7465.988111815362,6921.011399936507,8010.964823694217,True,1089.95342375771,1089.95342375771,6834.517587420404,8356.002447260173
sarima,57,3,2019-11-01,6785.0,7003.670579639592,6457.924780611322,7549.416378667862,True,1091.4915980565402,1091.4915980565402,6342.620171070251,7909.110402388561
sarima,57,4,2019-12-01,6987.0,7232.399069071378,6686.46590975205,7778.332228390706,True,1091.8663186386566,1091.8663186386566,6596.9866023457425,8172.901300679952
sarima,57,5,2020-01-01,7194.0,7190.888343549864,6645.766907671407,7736.00977942832,True,1090.2428717569128,1090.2428717569128,6529.266200472491,8134.730902656521
sarima,57,6,2020-02-01,6848.0,6663.233493200161,6118.107771893422,7208.359214506901,True,1090.2514426134785,1090.2514426134785,6148.4679462753475,7606.645424322786
prophet,57,1,2019-09-01,7664.0,7597.557664008266,7119.706127534393,8069.985870581098,True,950.2797430467052,950.2797430467052,7021.299268757969,8764.446687935382
prophet,57,2,2019-10-01,7254.0,7419.110612165304,6949.572738152246,7878.595797521053,True,929.0230593688076,929.0230593688076,6851.311319177086,8587.687923714131
prophet,57,3,2019-11-01,6785.0,7060.2579539253375,6558.148130040157,7532.574281700483,True,974.4261516603256,974.4261516603256,6479.047247663144,8238.546838846374
prophet,57,4,2019-12-01,6987.0,7275.513618366496,6818.825749131826,7737.023394000212,True,918.1976448683854,918.1976448683854,6767.64020988737,8476.881241135561
prophet,57,5,2020-01-01,7194.0,7224.549634117397,6762.54059934429,7728.3919230420925,True,965.8513236978024,965.8513236978024,6744.838680925427,8439.627259362693
prophet,57,6,2020-02-01,6848.0,6650.6874847070685,6137.768008988475,7094.790773973058,True,957.0227649845828,957.0227649845828,6151.353424855722,7867.792655790396
sarima,58,1,2019-10-01,7254.0,7483.223217032656,6950.972092877859,8015.474341187453,True,1064.5022483095945,1064.5022483095945,6880.3434537272,8370.587603797125
sarima,58,2,2019-11-01,6785.0,7008.752929675129,6466.1173895143975,7551.388469835861,True,1085.2710803214632,1085.2710803214632,6377.282405280172,7898.767265119939
sarima,58,3,2019-12-01,6987.0,7235.640701307009,6692.219116328192,7779.062286285826,True,1086.843169957634,1086.843169957634,6574.590292737668,8141.0805240559785
sarima,58,4,2020-01-01,7194.0,7193.6623227463815,6651.012532525703,7736.31211296706,True,1085.2995804413567,1085.2995804413567,6558.249856020746,8134.164554354956
sarima,58,5,2020-02-01,6848.0,6665.910397677446,6123.243627047943,7208.577168306949,True,1085.333541259006,1085.333541259006,6004.288254600073,7609.752956784103
sarima,58,6,2020-03-01,7324.0,7170.723484938501,6628.052951276743,7713.394018600259,True,1085.3410673235155,1085.3410673235155,6655.957938013687,8114.135416061126
prophet,58,1,2019-10-01,7254.0,7416.992567448859,6950.885734061289,7888.352287612734,True,937.466553551444,937.466553551444,6840.734172198561,8583.881591375975
prophet,58,2,2019-11-01,6785.0,7070.5167975789,6576.943013812882,7557.450128270711,True,980.5071144578288,980.5071144578288,6502.717504590682,8239.094109127727
prophet,58,3,2019-12-01,6987.0,7280.905861325479,6852.658582209254,7774.826622656628,True,922.1680404473746,922.1680404473746,6699.695155063286,8459.194746246516
prophet,58,4,2020-01-01,7194.0,7236.119793781706,6795.1835109900885,7678.514540498719,True,883.3310295086303,883.3310295086303,6728.246385302579,8437.487416550772
prophet,58,5,2020-02-01,6848.0,6658.6739749817225,6167.670713391512,7085.334138241621,True,917.6634248501095,917.6634248501095,6178.963021789753,7873.751600227019
prophet,58,6,2020-03-01,7324.0,7223.004989188304,6748.723325744407,7707.634913394339,True,958.9115876499318,958.9115876499318,6723.670929336957,8440.11016027163
sarima,59,1,2019-11-01,6785.0,6963.714099244572,6432.441473976096,7494.986724513048,True,1062.5452505369522,1062.5452505369522,6360.834335939116,7851.078486009041
sarima,59,2,2019-12-01,6987.0,7222.3491927182995,6681.040213170799,7763.6581722658,True,1082.6179590950014,1082.6179590950014,6590.878668323342,8112.36352816311
sarima,59,3,2020-01-01,7194.0,7185.235684912826,6644.170852074894,7726.300517750758,True,1082.129665675864,1082.129665675864,6524.185276343485,8090.675507661796
sarima,59,4,2020-02-01,6848.0,6658.41850996712,6117.264780980129,7199.572238954112,True,1082.3074579739823,1082.3074579739823,6023.006043241485,7598.920741575695
sarima,59,5,2020-03-01,7324.0,7163.384377700414,6622.215414835805,7704.553340565023,True,1082.337925729218,1082.337925729218,6501.762234623041,8107.226936807071
sarima,59,6,2020-04-01,5978.0,7206.186503617849,6665.01485122746,7747.358156008237,False,1082.3433047807775,28562.937353879177,6691.420956693035,8149.598434740474
prophet,59,1,2019-11-01,6785.0,7064.541933795256,6583.905370635645,7543.883981305181,True,959.9786106695356,959.9786106695356,6488.283538544959,8231.430957722372
prophet,59,2,2019-12-01,6987.0,7268.778065776972,6766.7931456383285,7727.775853299321,True,960.9827076609928,960.9827076609928,6700.978772788754,8437.355377325799
prophet,59,3,2020-01-01,7194.0,7228.865608616704,6744.779716500138,7680.62611902439,True,935.846402524252,935.846402524252,6647.65490235451,8407.15449353774
prophet,59,4,2020-02-01,6848.0,6645.184913618198,6186.915569258226,7126.411658344118,True,939.496089085892,939.496089085892,6137.311505139071,7846.552536387263
prophet,59,5,2020-03-01,7324.0,7213.836553200259,6788.627994677155,7678.755354969337,True,890.127360292182,890.127360292182,6734.125600008289,8428.914178445555
prophet,59,6,2020-04-01,5978.0,7211.267781533822,6754.82754299456,7699.91303455895,False,945.0854915643904,32018.18721134678,6711.933721682475,8428.372952617148
sarima,60,1,2019-12-01,6987.0,7186.3791599777815,6656.60953003776,7716.148789917803,True,1059.539259880043,1059.539259880043,6583.499396672325,8073.74354674225
sarima,60,2,2020-01-01,7194.0,7174.280683793008,6635.022272882416,7713.539094703599,True,1078.5168218211838,1078.5168218211838,6542.810159398051,8064.295019237818
sarima,60,3,2020-02-01,6848.0,6651.910352281174,6111.919824937205,7191.900879625143,True,1079.981054687938,1079.981054687938,5990.859943711833,7557.350175030143
sarima,60,4,2020-03-01,7324.0,7157.750838521534,6617.664409856408,7697.83726718666,True,1080.1728573302516,1080.1728573302516,6522.338371795899,8098.253070130108
sarima,60,5,2020-04-01,5978.0,7200.632225460603,6660.529712142364,7740.734738778842,False,1080.2050266364786,28381.393512331026,6539.01008238323,8144.47478456726
sarima,60,6,2020-05-01,7062.0,8021.355792138614,7481.250383496433,8561.461200780794,False,1080.210817284361,17850.22615714167,7381.54062108064,8964.767723261239
prophet,60,1,2019-12-01,6987.0,7268.33732389066,6774.4564624669465,7768.016543191796,True,993.5600807248492,993.5600807248492,6692.078928640362,8435.226347817777
prophet,60,2,2020-01-01,7194.0,7222.779014415022,6744.157388658048,7720.213505896637,True,976.0561172385889,976.0561172385889,6654.979721426805,8391.35632596385
prophet,60,3,2020-02-01,6848.0,6638.4971589117085,6149.024876439257,7120.371240370808,True,971.3463639315504,971.3463639315504,6057.286452649515,7816.786043832745
prophet,60,4,2020-03-01,7324.0,7203.931585255436,6742.341666984681,7672.673398317603,True,930.3317313329215,930.3317313329215,6696.05817677631,8405.299208024502
prophet,60,5,2020-04-01,5978.0,7203.334523307509,6737.581605769814,7652.776806603605,False,915.1952008337912,31298.459431626343,6723.623570115539,8418.412148552805
prophet,60,6,2020-05-01,7062.0,8002.389151146606,7556.745877657023,8469.261248862995,False,912.515371205972,20702.35047748689,7316.716152658534,9219.494322229933
sarima,61,1,2020-01-01,7194.0,7132.894799660837,6605.04361410616,7660.745985215513,True,1055.7023711093534,1055.7023711093534,6530.01503635538,8020.259186425305
sarima,61,2,2020-02-01,6848.0,6639.279483036956,6100.436237596823,7178.1227284770885,True,1077.6864908802654,1077.6864908802654,6007.808958641998,7529.293818481766
sarima,61,3,2020-03-01,7324.0,7150.464408103846,6610.833120491312,7690.09569571638,True,1079.2625752250678,1079.2625752250678,6489.413999534505,8055.904230852815
sarima,61,4,2020-04-01,5978.0,7194.26446342919,6654.529098216668,7733.999828641712,False,1079.4707304250442,28140.634659091764,6558.8519967035545,8134.766695037764
sarima,61,5,2020-05-01,7062.0,8015.191460797583,7475.438293095242,8554.944628499923,False,1079.5063354046806,17617.038059214377,7347.901571508985,8959.03401990424
sarima,61,6,2020-06-01,6948.0,8371.599109723877,7831.842605295405,8911.355614152348,False,1079.5130088569422,36433.21722067316,7412.243317585263,9315.0110408465
prophet,61,1,2020-01-01,7194.0,7194.822739073666,6746.421972578594,7649.28309843998,True,902.8611258613856,902.8611258613856,6618.564343823368,8361.711763000782
prophet,61,2,2020-02-01,6848.0,6607.423590871081,6174.727533851677,7095.7207886882925,True,920.993254836615,920.993254836615,6039.624297882863,7776.000902419908
prophet,61,3,2020-03-01,7324.0,7161.88898622076,6695.242350954724,7634.815196803137,True,939.5728458484128,939.5728458484128,6580.678279958566,8340.177871141797
prophet,61,4,2020-04-01,5978.0,7165.318636475149,6725.497524788293,7618.651411136037,False,893.1538863477444,30793.054877879465,6657.445227996022,8366.686259244214
prophet,61,5,2020-05-01,7062.0,7968.244576737024,7478.848750911098,8413.305056151163,False,934.4563052400644,17608.406341683993,7274.020202735694,9183.322201982319
prophet,61,6,2020-06-01,6948.0,8311.174906711301,7869.31565346084,8745.37467920626,False,876.0590257454196,37728.685164179005,7370.785755564695,9528.280077794629
sarima,62,1,2020-02-01,6848.0,6651.728562350126,6126.829119989742,7176.628004710509,True,1049.798884720767,1049.798884720767,6048.848799044669,7539.092949114594
sarima,62,2,2020-03-01,7324.0,7154.301166667683,6618.479771275924,7690.122562059442,True,1071.6427907835186,1071.6427907835186,6522.8306422727255,8044.315502112493
sarima,62,3,2020-04-01,5978.0,7196.472686944956,6659.862230026601,7733.083143863311,False,1073.220913836711,28347.710114900736,6535.422278375615,8101.912509693925
sarima,62,4,2020-05-01,7062.0,8017.090515811692,7480.375446704733,8553.805584918651,False,1073.4301382139183,17808.448006403232,7380.091874720431,8957.592747420265
sarima,62,5,2020-06-01,6948.0,8373.52770277932,7836.794893116633,8910.260512442008,False,1073.465619325375,36625.26134399069,7420.336241981737,9317.370261885977
sarima,62,6,2020-07-01,7392.0,8635.337168802836,8098.601004003316,9172.073333602357,False,1073.472329599041,29337.512489731685,7407.150665184988,9578.749099925462
prophet,62,1,2020-02-01,6848.0,6618.072530141582,6193.468210746356,7086.796121133484,True,893.3279103871282,893.3279103871282,6041.814134891285,7784.961554068699
prophet,62,2,2020-03-01,7324.0,7171.855070667154,6661.606824581788,7618.670353583531,True,957.0635290017436,957.0635290017436,6604.0557776789365,8340.432382215982
prophet,62,3,2020-04-01,5978.0,7177.525407945613,6746.228043478938,7631.617911199834,False,885.3898677208963,31614.511606878423,6596.314701683419,8355.81429286665
prophet,62,4,2020-05-01,7062.0,7981.9627740920605,7511.653738206935,8430.263882328512,False,918.6101441215768,18904.759672398995,7290.358964454785,9183.330396861125
prophet,62,5,2020-06-01,6948.0,8326.459721526673,7847.058615131179,8795.927642811088,False,948.8690276799088,36911.21363292707,7420.2151447896495,9541.53734677197
prophet,62,6,2020-07-01,7392.0,8676.770623573859,8231.83635348112,9162.633723124862,False,930.797369643742,34524.25150888853,7443.502842040037,9893.875794657186
sarima,63,1,2020-03-01,7324.0,7194.949198898325,6671.048365682077,7718.850032114574,True,1047.8016664324969,1047.8016664324969,6592.069435592869,8082.313585662794
sarima,63,2,2020-04-01,5978.0,7208.900695772325,6674.083617193178,7743.717774351472,False,1069.6341571582943,28912.97884488541,6577.4301713773675,8098.915031217135
sarima,63,3,2020-05-01,7062.0,8024.468674589124,7488.867802266029,8560.069546912218,False,1071.2017446461896,18145.91383528734,7309.195498052488,8929.908497338092
sarima,63,4,2020-06-01,6948.0,8379.909752222105,7844.204989642315,8915.614514801897,False,1071.4095251595818,36919.60911085218,7424.819236410413,9320.41198383068
sarima,63,5,2020-07-01,7392.0,8641.492444747977,8105.76954814809,9177.215341347865,False,1071.445793199775,29622.22771912336,7418.860219287374,9585.335003854634
sarima,63,6,2020-08-01,7678.0,8237.531658544312,7701.804385500054,8773.25893158857,False,1071.4545460885165,2023.6299660906843,6994.194489741476,9180.943589666938
prophet,63,1,2020-03-01,7324.0,7202.017789476554,6760.646980131775,7648.158158272555,True,887.5111781407795,887.5111781407795,6625.7593942262565,8368.906813403672
prophet,63,2,2020-04-01,5978.0,7199.305729364467,6754.82983890247,7664.451463227664,False,909.6216243251938,31982.815180424008,6631.506436376249,8367.883040913293
prophet,63,3,2020-05-01,7062.0,7997.176172371788,7536.460370682984,8433.396376582308,False,896.9360058993243,19875.350833218683,7309.785970399592,9175.465057292826
prophet,63,4,2020-06-01,6948.0,8337.176951871288,7852.342767861735,8823.187851685507,False,970.8450838237712,37144.55579829319,7417.214177779228,9538.544574640353
prophet,63,5,2020-07-01,7392.0,8693.835000762852,8228.90835840715,9167.325944430242,False,938.4175860230916,34414.75192230911,7468.500477455344,9908.912626008148
prophet,63,6,2020-08-01,7678.0,8181.846042982203,7725.198145247978,8662.947784842518,False,937.74963959454,2825.6754495136465,6897.075419408344,9398.95121406553
sarima,64,1,2020-04-01,5978.0,7236.099551994022,6713.927386297027,7758.271717691016,False,1044.3443313939897,30481.43978327506,6633.219788688565,8123.46393875849
sarima,64,2,2020-05-01,7062.0,8032.809867895883,7499.462492348276,8566.157243443491,False,1066.694751095215,18565.19444502626,7345.494786445304,8922.824203340693
sarima,64,3,2020-06-01,6948.0,8384.709302795065,7850.553764565112,8918.864841025019,False,1068.3110764599069,37170.46165906439,7422.240628205941,9290.149125544034
sarima,64,4,2020-07-01,7392.0,8645.648326034183,8111.385424023569,9179.911228044795,False,1068.5258040212284,29843.942764963977,7429.383862604993,9586.150557642757
sarima,64,5,2020-08-01,7678.0,8241.552442214526,7707.270323228331,8775.834561200722,False,1068.5642379723904,2239.3771671056347,6992.059997466549,9185.395001321183
sarima,64,6,2020-09-01,7005.0,7677.287492723714,7142.998417288852,8211.576568158578,False,1068.5781508697264,6588.514842423793,6433.950323920878,8620.69942384634
prophet,64,1,2020-04-01,5978.0,7202.148441392727,6744.060951410579,7658.678226269052,False,914.6172748584733,31557.055331281637,6625.89004614243,8369.037465319845
prophet,64,2,2020-05-01,7062.0,8005.276691537185,7566.421099861162,8468.638522817668,False,902.2174229565052,21079.061417403005,7336.8994131392365,9173.854003086013
prophet,64,3,2020-06-01,6948.0,8351.763264930289,7905.791695121394,8822.295737576174,False,916.5040424547806,39228.17184731053,7416.5870925585,9530.052149851326
prophet,64,4,2020-07-01,7392.0,8692.220684534412,8265.825999066705,9146.055575751288,False,880.2295766845837,35833.269539352776,7504.902048059263,9893.588307303477
prophet,64,5,2020-08-01,7678.0,8204.313194701304,7757.072732404767,8672.854809970322,False,915.7820775655546,4078.691373756256,6902.478193938452,9419.3908199466
prophet,64,6,2020-09-01,7005.0,7620.086950304308,7190.071040157069,8108.6405650665565,False,918.569524909488,8321.411131192233,6335.316326730449,8837.192121387634
sarima,65,1,2020-05-01,7062.0,7796.754776754647,7228.815687274619,8364.693866234677,False,1135.878178960057,7808.505669944835,7155.362164471259,8684.119163519115
sarima,65,2,2020-06-01,6948.0,8316.18807934564,7738.541223564292,8893.834935126988,False,1155.2937115626955,32776.9426541344,7345.378211449757,9206.20241479045
sarima,65,3,2020-07-01,7392.0,8604.132700265249,8025.870942900841,9182.394457629656,False,1156.523514728815,26511.361230762468,7385.660013320293,9509.572523014218
sarima,65,4,2020-08-01,7678.0,8204.997577762928,7626.660248747834,8783.334906778022,True,1156.674658030188,1156.674658030188,6951.349251728745,9145.499809371502
sarima,65,5,2020-09-01,7005.0,7641.974456636147,7063.62258002969,8220.326333242603,False,1156.7037532129134,3501.606954400503,6392.48201188817,8585.817015742803
sarima,65,6,2020-10-01,7385.0,7505.740003328506,6927.37269674591,8084.107309911102,True,1156.734613165192,1156.734613165192,6262.402834525669,8449.15193445113
prophet,65,1,2020-05-01,7062.0,7988.005143842018,7480.167321379489,8440.90304005138,False,960.7357186718908,17687.428573851463,7322.984798989907,9154.894167769135
prophet,65,2,2020-06-01,6948.0,8312.288443506484,7852.894949768741,8800.530085577611,False,947.6351358088704,37143.433126558506,7369.011751969299,9480.86575505531
prophet,65,3,2020-07-01,7392.0,8654.92492083957,8156.172204068433,9137.712850875714,False,981.5406468072816,31548.428809544588,7455.399512893958,9833.213805760606
prophet,65,4,2020-08-01,7678.0,8123.634034506802,7615.406607106019,8619.313021600245,True,1003.9064144942258,1003.9064144942258,6823.41334997239,9325.001657275867
prophet,65,5,2020-09-01,7005.0,7524.278606533145,7037.969540903927,7982.869983039802,False,944.900442135875,2263.682078292948,6222.443605770292,8739.356231778442
prophet,65,6,2020-10-01,7385.0,7541.609819777424,7069.705416683928,8044.560895469388,True,974.85547878546,974.85547878546,6256.839196203565,8758.71499086075
sarima,66,1,2020-06-01,6948.0,8092.35070232467,7512.107847516909,8672.593557132432,False,1160.4857096155229,23724.79961029188,7357.595925570024,8979.715089089139
sarima,66,2,2020-07-01,7392.0,8527.120295123408,7924.653695854407,9129.586894392409,False,1204.9331985380013,22511.0810327143,7296.219599351083,9417.134630568218
sarima,66,3,2020-08-01,7678.0,8168.192720868401,7563.422376489877,8772.963065246924,True,1209.540688757047,1209.540688757047,6949.720033923445,9073.63254361737
sarima,66,4,2020-09-01,7005.0,7615.610572742389,7010.455122837634,8220.766022647143,False,1210.3108998095097,1428.5158133148698,6361.962246708206,8556.112804350963
sarima,66,5,2020-10-01,7385.0,7481.383923815018,6876.10736076593,8086.660486864107,True,1210.553126098177,1210.553126098177,6231.891479067041,8425.226482921675
sarima,66,6,2020-11-01,6872.0,7016.969619003305,6411.558415911282,7622.380822095327,True,1210.822406184045,1210.822406184045,5773.632450200468,7960.38155012593
prophet,66,1,2020-06-01,6948.0,8278.045780852888,7777.775648918867,8785.593648313308,False,1007.8179993944414,34198.84395614912,7352.04063701087,9444.934804780005
prophet,66,2,2020-07-01,7392.0,8621.18041161045,8124.446407334391,9116.806812763416,False,992.3604054290254,30290.21669880465,7399.874682245983,9789.757723159277
prophet,66,3,2020-08-01,7678.0,8066.616081257624,7583.003624201377,8560.39938454498,True,977.3957603436038,977.3957603436038,6803.691160418053,9244.90496617866
prophet,66,4,2020-09-01,7005.0,7452.752309255063,6946.29438232112,7999.552416992227,True,1053.2580346711077,1053.2580346711077,6152.531624720651,8654.119932024129
prophet,66,5,2020-10-01,7385.0,7471.07636183596,6980.732123787196,8011.547657849904,True,1030.815534062708,1030.815534062708,6169.241361073107,8686.153987081256
prophet,66,6,2020-11-01,6872.0,6860.777682877356,6359.581615254542,7363.179737950811,True,1003.5981226962684,1003.5981226962684,5576.007059303497,8077.882853960683
sarima,67,1,2020-07-01,7392.0,7764.516186087389,7147.5157118950765,8381.5166602797,True,1234.0009483846234,1234.0009483846234,6620.165483762718,8651.880572851856
sarima,67,2,2020-08-01,7678.0,7415.621930930422,6752.154190780867,8079.089671079978,True,1326.935480299111,1326.935480299111,6184.721235158097,8305.636266375233
sarima,67,3,2020-09-01,7005.0,6857.430617684096,6162.375938924011,7552.485296444182,True,1390.1093575201703,1390.1093575201703,5638.9579307391405,7762.870440433066
sarima,67,4,2020-10-01,7385.0,6722.695882504267,5998.456536962948,7446.935228045585,True,1448.478691082637,1448.478691082637,5469.047556470084,7663.198114112841
sarima,67,5,2020-11-01,6872.0,6263.444818782382,5511.245269406325,7015.644368158439,True,1504.3990987521138,1504.3990987521138,5013.952374034405,7207.287377889039
sarima,67,6,2020-12-01,6781.0,6490.227841071411,5711.131536428584,7269.324145714238,True,1558.1926092856538,1558.1926092856538,5246.890672268574,7433.639772194036
prophet,67,1,2020-07-01,7392.0,8556.278695920704,8035.635483241124,9087.17644412662,False,1051.540960885496,26796.96029053047,7332.130254527977,9723.167719847821
prophet,67,2,2020-08-01,7678.0,8009.533470195267,7472.66549949576,8523.893166586551,True,1051.227667090791,1051.227667090791,6780.353058584817,9178.110781744093
prophet,67,3,2020-09-01,7005.0,7388.401210730423,6841.189873055356,7927.2880459373155,True,1086.0981728819595,1086.0981728819595,6125.476289890853,8566.69009565146
prophet,67,4,2020-10-01,7385.0,7362.386942777127,6830.374532318148,7904.224912148279,True,1073.8503798301308,1073.8503798301308,6062.166258242715,8563.75456554619
prophet,67,5,2020-11-01,6872.0,6759.682732376835,6234.205798778352,7347.0731910195955,True,1112.8673922412436,1112.8673922412436,5457.847731613982,7974.760357622131
prophet,67,6,2020-12-01,6781.0,7089.71065329489,6534.391790849672,7665.684013834769,True,1131.2922229850965,1131.2922229850965,5804.940029721031,8306.815824378216
sarima,68,1,2020-08-01,7678.0,7149.588288107081,6531.592600710072,7767.583975504091,True,1235.991374794019,1235.991374794019,6005.237585782411,8036.95267487155
sarima,68,2,2020-09-01,7005.0,6588.978674879656,5917.804791533401,7260.152558225911,True,1342.34776669251,1342.34776669251,5358.077979107331,7478.993010324466
sarima,68,3,2020-10-01,7385.0,6454.252870614471,5736.208584901017,7172.297156327925,False,1436.088571426908,9944.2023183099,5235.780183669515,7359.69269336344
sarima,68,4,2020-11-01,6872.0,5997.494193964179,5235.500327411504,6759.488060516855,False,1523.9877331053503,6024.465312431166,4743.8458679299965,6937.996425572754
sarima,68,5,2020-12-01,6781.0,6226.581923802431,5423.094745424914,7030.0691021799485,True,1606.974356755034,1606.974356755034,4977.089479054454,7170.4244829090885
sarima,68,6,2021-01-01,6917.0,6218.879255654819,5376.4236879171685,7061.334823392469,True,1684.9111354753004,1684.9111354753004,4975.542086851982,7162.291186777444
prophet,68,1,2020-08-01,7678.0,7927.477926789931,7356.123108124864,8453.43481606366,True,1097.3117079387955,1097.3117079387955,6703.329485397204,9094.366950717049
prophet,68,2,2020-09-01,7005.0,7301.664882004559,6721.39043516446,7890.497057018783,True,1169.1066218543235,1169.1066218543235,6072.484470394109,8470.242193553386
prophet,68,3,2020-10-01,7385.0,7252.442314951942,6709.892567850614,7807.246043565407,True,1097.3534757147936,1097.3534757147936,5989.517394112371,8430.731199872978
prophet,68,4,2020-11-01,6872.0,6646.613760259396,6039.161049190028,7217.074487481702,True,1177.9134382916736,1177.9134382916736,5346.393075724985,7847.981383028461
prophet,68,5,2020-12-01,6781.0,6952.937309402721,6378.304005520014,7526.575886504664,True,1148.27188098465,1148.27188098465,5651.102308639869,8168.0149346480175
prophet,68,6,2021-01-01,6917.0,6812.746455049925,6230.178035000966,7336.526802627076,True,1106.3487676261102,1106.3487676261102,5527.975831476067,8029.8516261332525
sarima,69,1,2020-09-01,7005.0,6962.629750758048,6343.161329191932,7582.098172324163,True,1238.936843132231,1238.936843132231,5818.279048433378,7849.994137522517
sarima,69,2,2020-10-01,7385.0,6801.361651561319,6131.385927032373,7471.337376090264,True,1339.9514490578913,1339.9514490578913,5570.460955788994,7691.375987006129
sarima,69,3,2020-11-01,6872.0,6335.595836450875,5638.128019856859,7033.063653044891,True,1394.9356331880315,1394.9356331880315,5117.123149505919,7266.342965836404
sarima,69,4,2020-12-01,6781.0,6561.378664667158,5840.237128648737,7282.520200685579,True,1442.283072036842,1442.283072036842,5307.730338632975,7501.880896275732
sarima,69,5,2021-01-01,6917.0,6552.992190636794,5810.03336310043,7295.951018173157,True,1485.917655072728,1485.917655072728,5303.4997458888165,7496.834749743451
sarima,69,6,2021-02-01,6217.0,6042.191101303889,5277.56222819633,6806.819974411448,True,1529.2577462151185,1529.2577462151185,4798.853932501052,6985.603032426514
prophet,69,1,2020-09-01,7005.0,7266.586535301105,6713.417714988268,7826.838708013013,True,1113.4209930247453,1113.4209930247453,6042.438093908378,8433.475559228222
prophet,69,2,2020-10-01,7385.0,7234.010450859745,6707.09936374582,7801.153104257471,True,1094.053740511651,1094.053740511651,6004.830039249295,8402.587762408573
prophet,69,3,2020-11-01,6872.0,6599.103572973273,6051.23329606708,7147.973417187285,True,1096.740121120205,1096.740121120205,5336.178652133703,7777.39245789431
prophet,69,4,2020-12-01,6781.0,6909.518818136468,6366.630728675947,7482.669539357776,True,1116.038810681829,1116.038810681829,5609.298133602057,8110.886440905533
prophet,69,5,2021-01-01,6917.0,6748.635694576715,6201.455767818382,7307.969230996106,True,1106.5134631777237,1106.5134631777237,5446.800693813862,7963.713319822011
prophet,69,6,2021-02-01,6217.0,6268.567751069003,5716.666335661448,6820.700747793902,True,1104.0344121324542,1104.0344121324542,4983.797127495144,7485.67292215233
sarima,70,1,2020-10-01,7385.0,6828.961723824241,6212.228046154833,7445.695401493649,True,1233.4673553388166,1233.4673553388166,5684.611021499571,7716.3261105887095
sarima,70,2,2020-11-01,6872.0,6359.882760216565,5692.544826841368,7027.220693591761,True,1334.6758667503927,1334.6758667503927,5128.98206444424,7249.897095661375
sarima,70,3,2020-12-01,6781.0,6585.226312009469,5891.686900050349,7278.76572396859,True,1387.0788239182402,1387.0788239182402,5366.7536250645135,7515.973441394998
sarima,70,4,2021-01-01,6917.0,6576.200929837515,5861.20890729095,7291.19295238408,True,1429.9840450931297,1429.9840450931297,5322.552603803332,7516.703161446089
sarima,70,5,2021-02-01,6217.0,6065.114779304038,5329.188751150357,6801.040807457719,True,1471.8520563073616,1471.8520563073616,4815.622334556061,7008.957338410695
sarima,70,6,2021-03-01,7569.0,6566.886515545374,5810.693859684253,7323.079171406495,False,1512.3853117222425,11349.21845546243,5323.549346742538,7510.298446667999
prophet,70,1,2020-10-01,7385.0,7222.015242814779,6672.232529486135,7762.085273365588,True,1089.8527438794536,1089.8527438794536,5997.866801422052,8388.904266741896
prophet,70,2,2020-11-01,6872.0,6574.709859551172,6037.673986370488,7122.490516724409,True,1084.8165303539208,1084.8165303539208,5345.529447940721,7743.287171099999
prophet,70,3,2020-12-01,6781.0,6883.357185971662,6340.127587644829,7445.569164596447,True,1105.441576951618,1105.441576951618,5620.432265132092,8061.646070892699
prophet,70,4,2021-01-01,6917.0,6710.828350076286,6148.234517283366,7261.763891432773,True,1113.529374149407,1113.529374149407,5410.607665541875,7912.195972845351
prophet,70,5,2021-02-01,6217.0,6229.501595545961,5661.633363881305,6818.380131538133,True,1156.7467676568283,1156.7467676568283,4927.666594783109,7444.579220791257
prophet,70,6,2021-03-01,7569.0,6836.848787928176,6269.4353856858015,7413.776525842033,False,1144.3411401562316,7353.280106474906,5552.078164354317,8053.953959011503
sarima,71,1,2020-11-01,6872.0,6697.670155983677,6079.267783053161,7316.072528914194,True,1236.8047458610326,1236.8047458610326,5553.319453659007,7585.034542748146
sarima,71,2,2020-12-01,6781.0,6857.563404535516,6186.241419467356,7528.885389603675,True,1342.6439701363197,1342.6439701363197,5626.662708763191,7747.577739980326
sarima,71,3,2021-01-01,6917.0,6828.787449034929,6140.473210520087,7517.10168754977,True,1376.6284770296825,1376.6284770296825,5610.314762089973,7759.534578420457
sarima,71,4,2021-02-01,6217.0,6312.37467193207,5612.8990396554345,7011.850304208705,True,1398.9512645532704,1398.9512645532704,5058.726345897887,7252.876903540644
sarima,71,5,2021-03-01,7569.0,6812.59759780752,6103.679957851966,7521.515237763075,False,1417.835279911109,3317.2257693881184,5563.105153059543,7756.440156914177
sarima,71,6,2021-04-01,6917.0,6729.404930493607,6011.598889193683,7447.210971793531,True,1435.6120825998478,1435.6120825998478,5486.067761690771,7731.518414948233
prophet,71,1,2020-11-01,6872.0,6566.952054203588,6030.2721143616345,7116.419120962497,True,1086.1470066008624,1086.1470066008624,5342.803612810861,7733.841078130705
prophet,71,2,2020-12-01,6781.0,6875.699839561809,6356.947752445599,7417.045360086539,True,1060.0976076409406,1060.0976076409406,5646.519427951359,8044.277151110637
prophet,71,3,2021-01-01,6917.0,6701.614099147398,6183.523988742842,7235.55242730346,True,1052.0284385606174,1052.0284385606174,5438.689178307827,7879.902984068434
prophet,71,4,2021-02-01,6217.0,6220.339806538508,5690.099907152396,6768.180660948834,True,1078.0807537964383,1078.0807537964383,4920.119122004096,7421.707429307573
prophet,71,5,2021-03-01,7569.0,6838.599135128312,6296.306922090474,7399.198300634199,False,1102.8913785437253,7894.959353175771,5536.7641343654595,8053.676760373608
prophet,71,6,2021-04-01,6917.0,6653.668904129603,6112.978913620271,7227.79187542237,True,1114.8129618020994,1114.8129618020994,5368.898280555744,7870.77407521293
sarima,72,1,2020-12-01,6781.0,7134.192080648596,6518.65005978275,7749.734101514442,True,1231.0840417316922,1231.0840417316922,5989.841378323926,8021.556467413065
sarima,72,2,2021-01-01,6917.0,7140.3394135317885,6464.125757321521,7816.553069742056,True,1352.4273124205356,1352.4273124205356,5909.4387177594635,8030.353748976599
sarima,72,3,2021-02-01,6217.0,6636.326305259701,5946.851392488361,7325.801218031042,True,1378.9498255426806,1378.9498255426806,5417.853618314745,7567.07343464523
sarima,72,4,2021-03-01,7569.0,7141.717822917463,6448.741277296365,7834.694368538561,True,1385.953091242196,1385.953091242196,5888.06949688328,8082.2200545260375
sarima,72,5,2021-04-01,6917.0,7059.390651408517,6365.308043664259,7753.473259152776,True,1388.1652154885178,1388.1652154885178,5809.89820666054,8003.2332105151745
sarima,72,6,2021-05-01,8253.0,7902.509643893949,7208.019761827301,8596.999525960597,True,1388.9797641332952,1388.9797641332952,6659.172475091113,8904.623128348576
prophet,72,1,2020-12-01,6781.0,6907.253664048055,6368.089708678211,7462.079326237212,True,1093.989617559001,1093.989617559001,5683.105222655327,8074.142687975172
prophet,72,2,2021-01-01,6917.0,6753.790775864504,6193.96783732646,7297.251522203005,True,1103.2836848765455,1103.2836848765455,5524.610364254054,7922.3680874133315
prophet,72,3,2021-02-01,6217.0,6268.662522463991,5722.225985363367,6854.1001076035145,True,1131.8741222401477,1131.8741222401477,5005.737601624421,7446.951407385028
prophet,72,4,2021-03-01,7569.0,6881.378270594323,6286.979242750932,7491.309925674246,False,1204.3306829233145,4311.933655953467,5581.157586059911,8082.745893363388
prophet,72,5,2021-04-01,6917.0,6706.221059573342,6170.008256421109,7315.119154705884,True,1145.1108982847754,1145.1108982847754,5404.38605881049,7921.298684818638
prophet,72,6,2021-05-01,8253.0,7561.731777023492,6995.510157003075,8156.0726568635155,False,1160.5624998604408,5037.656225319822,6276.9611534496335,8778.836948106818
sarima,73,1,2021-01-01,6917.0,6815.001497274751,6201.561047988656,7428.441946560846,True,1226.8808985721898,1226.8808985721898,5670.650794950081,7702.36588403922
sarima,73,2,2021-02-01,6217.0,6317.458058253196,5651.283733835858,6983.632382670535,True,1332.348648834677,1332.348648834677,5086.557362480871,7207.472393698006
sarima,73,3,2021-03-01,7569.0,6823.463134138627,6140.040077953845,7506.886190323408,False,1366.8461123695631,3851.3984994332313,5604.990447193671,7754.210263524155
sarima,73,4,2021-04-01,6917.0,6741.920382094001,6048.072266632999,7435.768497555003,True,1387.6962309220037,1387.6962309220037,5488.272056059818,7682.422613702575
sarima,73,5,2021-05-01,8253.0,7585.300541299828,6882.813060855855,8287.788021743801,True,1404.9749608879465,1404.9749608879465,6335.808096551851,8529.143100406485
sarima,73,6,2021-06-01,8153.0,7898.619132365265,7188.060581414882,8609.177683315647,True,1421.1171019007652,1421.1171019007652,6655.281963562428,8900.73261681989
prophet,73,1,2021-01-01,6917.0,6733.404320204954,6189.388237452379,7305.849919533257,True,1116.4616820808778,1116.4616820808778,5509.255878812227,7900.293344132071
prophet,73,2,2021-02-01,6217.0,6255.732549486266,5716.614531528359,6806.9803481261815,True,1090.3658165978222,1090.3658165978222,5026.552137875816,7424.3098610350935
prophet,73,3,2021-03-01,7569.0,6881.18077785745,6319.535368866104,7473.383108377105,False,1153.8477395110003,4978.523404426813,5618.25585701788,8059.469662778487
prophet,73,4,2021-04-01,6917.0,6693.505379452494,6126.724712702433,7286.08977272268,True,1159.3650600202473,1159.3650600202473,5393.284694918082,7894.873002221559
prophet,73,5,2021-05-01,8253.0,7550.58409786694,6997.2254197817065,8093.903419955809,False,1096.6780001741026,7460.541201941738,6248.749097104088,8765.661723112236
prophet,73,6,2021-06-01,8153.0,7822.198529599997,7257.273322618907,8368.493568477397,True,1111.220245858491,1111.220245858491,6537.427906026138,9039.303700683324
sarima,74,1,2021-02-01,6217.0,6365.697832950859,5755.479887270846,6975.915778630872,True,1220.4358913600263,1220.4358913600263,5221.347130626189,7253.062219715328
sarima,74,2,2021-03-01,7569.0,6855.213874964488,6192.159480855308,7518.268269073668,False,1326.10878821836,3355.378025271628,5624.313179192163,7745.228210409298
sarima,74,3,2021-04-01,6917.0,6768.473065173212,6088.626030571384,7448.320099775039,True,1359.694069203655,1359.694069203655,5550.000378228256,7699.22019455874
sarima,74,4,2021-05-01,8253.0,7610.306067981464,6920.620771276314,8299.991364686615,True,1379.370593410301,1379.370593410301,6356.6577419472815,8550.808299590039
sarima,74,5,2021-06-01,8153.0,7923.101881104013,7225.401026653584,8620.802735554442,True,1395.4017089008576,1395.4017089008576,6673.609436356036,8866.944440210671
sarima,74,6,2021-07-01,9251.0,8200.869674966165,7495.728664013475,8906.010685918855,False,1410.2820219053792,15209.8545851512,6957.532506163328,9202.98315942079
prophet,74,1,2021-02-01,6217.0,6273.289920496463,5759.19767106038,6848.774744741751,True,1089.577073681371,1089.577073681371,5049.141479103736,7440.17894442358
prophet,74,2,2021-03-01,7569.0,6872.2684912136765,6338.178926913583,7414.432219148287,False,1076.2532922347036,7258.964526303223,5643.088079603226,8040.845802762504
prophet,74,3,2021-04-01,6917.0,6701.875605766179,6152.636542213651,7229.079746396726,True,1076.4432041830742,1076.4432041830742,5438.950684926609,7880.164490687216
prophet,74,4,2021-05-01,8253.0,7556.002912848122,6991.480336534663,8084.974842063352,False,1093.4945055286898,7814.500822994598,6255.78222831371,8757.370535617187
prophet,74,5,2021-06-01,8153.0,7834.176290056165,7338.09154229714,8374.981526011405,True,1036.8899837142644,1036.8899837142644,6532.341289293313,9049.253915301462
prophet,74,6,2021-07-01,9251.0,8137.080422867035,7629.662268761518,8713.508147424804,False,1083.8458786632857,22583.51998167114,6852.309799293176,9354.185593950362
sarima,75,1,2021-03-01,7569.0,6787.245644637996,6179.032621998198,7395.458667277793,False,1216.4260452795952,8158.079354167867,5642.894942313325,7674.610031402464
sarima,75,2,2021-04-01,6917.0,6724.891618843671,6064.531294976979,7385.251942710362,True,1320.720647733384,1320.720647733384,5493.990923071346,7614.905954288481
sarima,75,3,2021-05-01,8253.0,7574.152619964056,6896.695110441206,8251.610129486904,False,1354.9150190456976,1410.509839569536,6355.6799330191,8504.899749349584
sarima,75,4,2021-06-01,8153.0,7889.233818673984,7201.371827613419,8577.09580973455,True,1375.7239821211317,1375.7239821211317,6635.5854926398015,8829.736050282558
sarima,75,5,2021-07-01,9251.0,8167.716290095535,7471.191220346895,8864.241359844174,False,1393.050139497279,16863.3957457303,6918.223845347558,9111.558849202193
sarima,75,6,2021-08-01,8830.0,7826.471215749271,7121.833450311119,8531.108981187424,False,1409.2755308763053,13364.916283379329,6583.134046946435,8876.601540783107
prophet,75,1,2021-03-01,7569.0,6860.649902714934,6313.708477594983,7371.65396553031,False,1057.945487935328,8951.786866722912,5636.5014613222065,8027.538926642051
prophet,75,2,2021-04-01,6917.0,6693.227075012199,6155.776440811628,7230.402595362009,True,1074.6261545503812,1074.6261545503812,5464.046663401748,7861.804386561026
prophet,75,3,2021-05-01,8253.0,7544.023562864295,6993.930403802944,8094.333955878226,False,1100.4035520752825,7447.045316946229,6281.0986420247245,8722.31244778533
prophet,75,4,2021-06-01,8153.0,7822.750018623129,7278.965805652516,8380.303881098927,True,1101.3380754464115,1101.3380754464115,6522.529334088717,9024.117641392193
prophet,75,5,2021-07-01,9251.0,8122.677874096664,7562.2058598768945,8665.238277795997,False,1103.032417919103,24533.501306079204,6820.842873333811,9337.75549934196
prophet,75,6,2021-08-01,8830.0,7763.679456281218,7229.801340489589,8271.64076631118,False,1041.8394258215912,23376.208773374376,6478.90883270736,8980.784627364545
sarima,76,1,2021-04-01,6917.0,7072.933499731292,6451.553574808215,7694.313424654369,True,1242.759849846154,1242.759849846154,5928.5827974066215,7960.29788649576
sarima,76,2,2021-05-01,8253.0,7782.68366807777,7108.596892637157,8456.770443518382,True,1348.1735508812253,1348.1735508812253,6551.782972305445,8672.698003522579
sarima,76,3,2021-06-01,8153.0,8050.047284046422,7361.3497533358495,8738.744814756994,True,1377.3950614211444,1377.3950614211444,6831.574597101466,8980.794413431951
sarima,76,4,2021-07-01,9251.0,8318.050614257982,7622.005563210367,9014.095665305596,False,1392.0901020952297,10868.263489871371,7064.402288223799,9258.552845866556
sarima,76,5,2021-08-01,8830.0,7977.266511532909,7275.752475438549,8678.78054762727,False,1403.0280721887202,7451.806167097932,6727.774066784932,9060.550221437374
sarima,76,6,2021-09-01,7512.0,7397.387460081147,6690.97803883075,8103.796881331544,True,1412.8188425007938,1412.8188425007938,6154.05029127831,8447.517785114982
prophet,76,1,2021-04-01,6917.0,6754.797097797687,6237.960955097902,7319.733778637548,True,1081.7728235396462,1081.7728235396462,5530.648656404959,7921.686121724803
prophet,76,2,2021-05-01,8253.0,7610.515713480722,7028.503733984582,8163.90045143134,False,1135.396717446758,4699.378660193153,6381.335301870272,8779.09302502955
prophet,76,3,2021-06-01,8153.0,7889.740102582923,7364.857438231335,8432.251865817203,True,1067.3944275858676,1067.3944275858676,6626.815181743353,9068.02898750396
prophet,76,4,2021-07-01,9251.0,8196.445055427423,7602.278140987547,8719.043233057155,False,1116.7650920696078,22395.03576978341,6896.224370893011,9397.812678196487
prophet,76,5,2021-08-01,8830.0,7839.442768479097,7273.719543370555,8417.367750788862,False,1143.6482074183075,17648.938175863812,6537.607767716245,9054.520393724393
prophet,76,6,2021-09-01,7512.0,7233.068690049233,6692.133208217655,7829.779845462523,True,1137.6466372448676,1137.6466372448676,5948.298066475374,8450.17386113256
sarima,77,1,2021-05-01,8253.0,7702.017087689129,7079.919394882165,8324.114780496093,True,1244.195385613928,1244.195385613928,6557.666385364459,8589.381474453598
sarima,77,2,2021-06-01,8153.0,7992.892324874695,7319.9401766494,8665.844473099989,True,1345.9042964505888,1345.9042964505888,6761.99162910237,8882.906660319506
sarima,77,3,2021-07-01,9251.0,8278.022372801566,7590.722304566131,8965.322441037002,False,1374.600136470871,12801.702494990786,7059.54968585661,9208.769502187095
sarima,77,4,2021-08-01,8830.0,7949.571621640269,7254.709271483025,8644.433971797513,False,1389.7247003144876,8812.365828413982,6695.923295606086,8890.073853248843
sarima,77,5,2021-09-01,7512.0,7363.54170579884,6662.838899819808,8064.244511777872,True,1401.4056119580637,1401.4056119580637,6114.049261050863,8446.825415703304
sarima,77,6,2021-10-01,7656.0,7279.886931215278,6573.854221905318,7985.919640525239,True,1412.0654186199208,1412.0654186199208,6036.549762412442,8330.017256249113
prophet,77,1,2021-05-01,8253.0,7630.792882204581,7071.072894334665,8198.374233695482,False,1127.301339360817,3312.331991541538,6406.644440811853,8797.681906131696
prophet,77,2,2021-06-01,8153.0,7911.390258706685,7364.496145334182,8466.447715990233,True,1101.9515706560503,1101.9515706560503,6682.209847096235,9079.967570255512
prophet,77,3,2021-07-01,9251.0,8217.488298313318,7672.522310811226,8795.216798749583,False,1122.6944879383573,19354.022537955032,6954.563377473747,9395.777183234353
prophet,77,4,2021-08-01,8830.0,7861.122355961101,7347.013201020016,8397.128531251874,False,1050.115330231858,18364.9740801569,6560.901671426689,9062.489978730166
prophet,77,5,2021-09-01,7512.0,7255.859460224704,6705.768560442632,7829.252835764928,True,1123.4842753222963,1123.4842753222963,5954.024459461852,8470.93708547
prophet,77,6,2021-10-01,7656.0,7220.717902045416,6677.889007540217,7762.821414537982,True,1084.9324069977647,1084.9324069977647,5935.947278471557,8437.823073128744
sarima,78,1,2021-06-01,8153.0,8248.08115673853,7626.146898596114,8870.015414880945,True,1243.8685162848317,1243.8685162848317,7103.73045441386,9135.445543503
sarima,78,2,2021-07-01,9251.0,8419.98185119015,7746.512737550305,9093.450964829995,False,1346.9382272796902,7648.899634079873,7189.081155417825,9309.99618663496
sarima,78,3,2021-08-01,8830.0,8043.626533100122,7356.498022228123,8730.755043972122,False,1374.2570217439988,5344.05526285913,6825.153846155166,9016.604160298557
sarima,78,4,2021-09-01,7512.0,7457.358954511778,6763.652269346008,8151.0656396775485,True,1387.41337033154,1387.41337033154,6203.7106284775955,8397.861186120354
sarima,78,5,2021-10-01,7656.0,7362.216701010702,6663.715428559071,8060.717973462333,True,1397.002544903262,1397.002544903262,6112.724256262725,8445.500410915167
sarima,78,6,2021-11-01,7603.0,6889.980425014424,6187.190029814375,7592.770820214474,False,1405.5807904000994,1814.7479818211375,5646.643256211588,7940.110750048259
prophet,78,1,2021-06-01,8153.0,7992.312146495588,7432.671276747483,8549.36860350897,True,1116.6973267614876,1116.6973267614876,6768.163705102861,9159.201170422704
prophet,78,2,2021-07-01,9251.0,8300.757043912328,7718.26654516059,8836.957664570198,False,1118.6911194096083,17680.384536601683,7071.576632301878,9469.334355461157
prophet,78,3,2021-08-01,8830.0,7948.337043466586,7376.359372403568,8506.04029380808,False,1129.6809214045124,14088.06916908129,6685.412122627015,9126.625928387622
prophet,78,4,2021-09-01,7512.0,7347.135522578716,6808.422023729892,7926.009299872139,True,1117.587276142247,1117.587276142247,6046.914838044304,8548.50314534778
prophet,78,5,2021-10-01,7656.0,7313.488907917803,6769.380377386491,7854.130016536455,True,1084.7496391499644,1084.7496391499644,6011.6539071549505,8528.566533163099
prophet,78,6,2021-11-01,7603.0,6794.840074556562,6229.544131365704,7364.664474761017,False,1135.1203433953133,10668.541352954628,5510.0694509827035,8011.945245639889
sarima,79,1,2021-07-01,9251.0,8379.05507235601,7759.070212063567,8999.039932648453,False,1239.969720584886,11318.372414646765,7234.70437003134,9266.41945912048
sarima,79,2,2021-08-01,8830.0,8022.011668739285,7351.60057074611,8692.42276673246,False,1340.8221959863497,6843.911526687973,6791.11097296696,8912.026004184096
sarima,79,3,2021-09-01,7512.0,7440.94165317986,6757.09145177404,8124.791854585679,True,1367.700402811639,1367.700402811639,6222.468966234904,8413.919280378293
sarima,79,4,2021-10-01,7656.0,7348.642953002965,6658.17247166025,8039.113434345681,True,1380.9409626854303,1380.9409626854303,6094.9946269687825,8289.14518461154
sarima,79,5,2021-11-01,7603.0,6877.686527576976,6182.285558776291,7573.087496377661,False,1390.8019376013708,2587.3020824949144,5628.194082828999,7960.970237481441
sarima,79,6,2021-12-01,8237.0,7072.86393707557,6373.085658677646,7772.642215473494,False,1399.5565567958474,19973.8679378561,5829.5267682727335,8122.994262109405
prophet,79,1,2021-07-01,9251.0,8298.061342328334,7789.447877860232,8814.833790356233,False,1025.3859124960009,18472.03429824667,7073.912900935607,9464.95036625545
prophet,79,2,2021-08-01,8830.0,7945.757839649032,7392.62134441724,8501.087978644415,False,1108.4666342271748,14264.947488450583,6716.577428038581,9114.335151197858
prophet,79,3,2021-09-01,7512.0,7344.926137560191,6798.460554615594,7874.739652046289,True,1076.2790974306945,1076.2790974306945,6082.0012167206205,8523.215022481229
prophet,79,4,2021-10-01,7656.0,7309.761714478162,6762.022706372573,7883.981461626693,True,1121.9587552541198,1121.9587552541198,6009.54102994375,8511.129337247226
prophet,79,5,2021-11-01,7603.0,6793.043972684327,6219.345630105624,7361.637287478249,False,1142.2916573726252,10796.80015824266,5491.208971921475,8008.121597929623
prophet,79,6,2021-12-01,8237.0,7014.275573305681,6458.042397832993,7561.186833383251,False,1103.144435550258,28135.671100220225,5729.504949731822,8231.380744389007
sarima,80,1,2021-08-01,8830.0,8404.37143210773,7766.967905882575,9041.774958332884,True,1274.8070524503091,1274.8070524503091,7669.616655353083,9276.31635975172
sarima,80,2,2021-09-01,7512.0,7637.008499884164,6945.15634964129,8328.860650127037,True,1383.704300485747,1383.704300485747,6501.888204760756,8468.026648694013
sarima,80,3,2021-10-01,7656.0,7483.515972590596,6778.363586207636,8188.668358973556,True,1410.3047727659196,1410.3047727659196,6271.383272325347,8414.263101976125
sarima,80,4,2021-11-01,7603.0,6991.020405953881,6280.314268319644,7701.726543588118,True,1421.4122752684743,1421.4122752684743,5774.755942524691,7923.969791695899
sarima,80,5,2021-12-01,8237.0,7174.351471471188,6460.091242601713,7888.611700340663,False,1428.5204577389504,15364.052444112413,5951.719246010585,8118.194030577845
sarima,80,6,2022-01-01,9582.0,7179.061747400036,6462.290976120256,7895.832518679815,False,1433.5415425595584,68880.24079536698,5950.875243782188,8229.19207243387
prophet,80,1,2021-08-01,8830.0,8015.223499924674,7422.591468649123,8634.466224447022,False,1211.8747557978986,9033.225777917023,6850.94480400397,8968.16215759634
prophet,80,2,2021-09-01,7512.0,7417.978205908181,6860.832789402875,7985.941058714189,True,1125.108269311314,1125.108269311314,6196.672476543714,8368.221161995853
prophet,80,3,2021-10-01,7656.0,7379.761433925812,6747.777258492189,7997.7942288639715,True,1250.016970371783,1250.016970371783,6180.236025980199,8413.273135612493
prophet,80,4,2021-11-01,7603.0,6869.162556841934,6312.207220191486,7451.304965643377,False,1139.097745451891,7206.899119716818,5681.843920366785,7923.717501414511
prophet,80,5,2021-12-01,8237.0,7093.07601375157,6494.574409275309,7670.824324448166,False,1176.249915172857,23823.2769372462,5867.741490444061,8221.398139654906
prophet,80,6,2022-01-01,9582.0,7039.369784232398,6424.49065508407,7634.805405806155,False,1210.3147507220856,79098.09851847588,5806.102002698576,8256.474955315725
sarima,81,1,2021-09-01,7512.0,7837.340396691384,7195.922081254824,8478.758712127943,True,1282.8366308731192,1282.8366308731192,7102.585619936737,8709.285324335375
sarima,81,2,2021-10-01,7656.0,7593.917742359856,6890.671291659154,8297.164193060558,True,1406.4929014014042,1406.4929014014042,6458.797447236448,8424.935891169705
sarima,81,3,2021-11-01,7603.0,7062.616355424596,6344.655859246127,7780.576851603065,True,1435.920992356938,1435.920992356938,5850.483655159347,7993.363484810125
sarima,81,4,2021-12-01,8237.0,7223.525639150254,6500.438136538642,7946.613141761867,False,1446.1750052232255,13061.64933474854,6007.261175721064,8156.475024892273
sarima,81,5,2022-01-01,9582.0,7221.903816671217,6496.415008327078,7947.392625015356,False,1450.9776166882784,66835.27261607403,5999.271591210614,8284.552345200029
sarima,81,6,2022-02-01,7227.0,6665.510209624718,5938.247630761412,7392.772788488024,True,1454.5251577266115,1454.5251577266115,5437.3237060068695,7829.646272549148
prophet,81,1,2021-09-01,7512.0,7467.137203763861,6877.4841518340445,8050.643274797541,True,1173.1591229634969,1173.1591229634969,6302.858507843157,8420.075861435527
prophet,81,2,2021-10-01,7656.0,7432.336188364856,6839.020984547823,8034.102167950402,True,1195.081183402579,1195.081183402579,6211.030459000389,8382.579144452528
prophet,81,3,2021-11-01,7603.0,6922.267181648674,6328.744220682517,7551.73338762493,False,1222.9891669424132,3273.653661945197,5722.741773703061,7955.778883335356
prophet,81,4,2021-12-01,8237.0,7148.455611605397,6518.278316387102,7707.6848691958785,False,1189.4065528087767,22362.01178497364,5961.136975130248,8203.010556177975
prophet,81,5,2022-01-01,9582.0,7095.584353535143,6531.394105517564,7695.259903327533,False,1163.865797809969,76633.46966470865,5870.249830227634,8239.508339783573
prophet,81,6,2022-02-01,7227.0,6566.241782131669,5919.796801917519,7136.447043212147,False,1216.6502412946284,4838.768512808747,5332.974000597847,7788.966208825988
sarima,82,1,2021-10-01,7656.0,7446.842098596736,6804.4451818868165,8089.239015306655,True,1284.7938334198388,1284.7938334198388,6712.087321842089,8318.787026240727
sarima,82,2,2021-11-01,7603.0,6988.363967107039,6287.593095899265,7689.134838314812,True,1401.5417424155476,1401.5417424155476,5853.2436719836305,7819.382115916888
sarima,82,3,2021-12-01,8237.0,7176.362522779994,6461.878972211495,7890.846073348493,False,1428.9671011369974,15275.124167197291,5964.229822514745,8107.109652165523
sarima,82,4,2022-01-01,9582.0,7186.430985145352,6467.211348277676,7905.650622013028,False,1438.439273735352,68492.41439321423,5970.166521716162,8126.933216753926
sarima,82,5,2022-02-01,7227.0,6631.3269003378855,5909.384242011617,7353.269558664154,True,1443.8853166525369,1443.8853166525369,5408.6946748772825,7714.61061024235
sarima,82,6,2022-03-01,7504.0,7274.548218057068,6550.570963890031,7998.525472224105,True,1447.9545083340745,1447.9545083340745,6046.361714439219,8438.684280981499
prophet,82,1,2021-10-01,7656.0,7437.080820909421,6820.498901196695,8028.246414093053,True,1207.747512896358,1207.747512896358,6272.802124988717,8390.019478581087
prophet,82,2,2021-11-01,7603.0,6916.583392529186,6357.411520186381,7508.526040659795,False,1151.1145204734148,4930.072894081599,5695.277663164719,7866.826348616858
prophet,82,3,2021-12-01,8237.0,7142.249128397803,6530.972076883434,7730.474129488823,False,1199.5020526053886,21460.53687305248,5942.723720452191,8175.760830084486
prophet,82,4,2022-01-01,9582.0,7085.362236396773,6502.626036778907,7657.45767911704,False,1154.831642338133,78136.52447765652,5898.043599921624,8173.906624791376
prophet,82,5,2022-02-01,7227.0,6556.591212202338,5953.436034183793,7159.4146392466655,False,1205.9786050628727,3909.3930351962526,5331.2566888948295,7771.668837447634
prophet,82,6,2022-03-01,7504.0,7082.879950386165,6486.070662961809,7621.420163276361,True,1135.3495003145515,1135.3495003145515,5849.612168852343,8305.604377080483
sarima,83,1,2021-11-01,7603.0,7079.859135370493,6439.014803380011,7720.703467360976,True,1281.6886639809654,1281.6886639809654,6345.104358615847,7951.804063014483
sarima,83,2,2021-12-01,8237.0,7221.99380738093,6523.074211148445,7920.913403613415,False,1397.8391924649695,14041.303047928384,6086.873512257522,8053.0119561907795
sarima,83,3,2022-01-01,9582.0,7214.210667359329,6502.061924665303,7926.359410053355,False,1424.2974853880514,67649.92108325387,6002.07796709408,8187.188294557763
sarima,83,4,2022-02-01,7227.0,6651.846233566894,5934.917946201284,7368.774520932503,True,1433.8565747312186,1433.8565747312186,5435.581770137704,7665.320594416639
sarima,83,5,2022-03-01,7504.0,7293.225766645119,6573.708848477266,8012.742684812972,True,1439.033836335706,1439.033836335706,6070.593541184516,8376.509476549583
sarima,83,6,2022-04-01,7589.0,7077.927890125071,6356.502300945036,7799.353479305106,True,1442.8511783600698,1442.8511783600698,5849.741386507222,8242.063953049501
prophet,83,1,2021-11-01,7603.0,6932.520641264878,6400.281528229722,7548.227471320109,False,1147.9459430903871,3338.8470902860054,5768.2419453441735,7885.459298936544
prophet,83,2,2021-12-01,8237.0,7158.419446340575,6564.742892187007,7749.488458635727,False,1184.7455664487206,20685.20722101962,5937.113716976108,8108.662402428246
prophet,83,3,2022-01-01,9582.0,7103.090585832571,6515.634226408651,7726.979889876875,False,1211.3456634682243,75412.15006839322,5903.565177886959,8197.841457434768
prophet,83,4,2022-02-01,7227.0,6573.234487075982,5994.1476647420905,7156.469842000468,False,1162.3221772583777,3983.528497239661,5385.9158506008325,7774.6021098450465
prophet,83,5,2022-03-01,7504.0,7103.681922145293,6526.7734326815535,7706.466474336642,True,1179.6930416550886,1179.6930416550886,5878.347398837785,8318.75954739059
prophet,83,6,2022-04-01,7589.0,7045.345564229526,6470.640882543161,7645.551489014479,True,1174.9106064713178,1174.9106064713178,5812.077782695704,8268.069990923845
sarima,84,1,2021-12-01,8237.0,7454.44417695084,6808.687399721623,8100.200954180058,False,1291.5135544584357,6763.475387256114,6719.689400196194,8326.38910459483
sarima,84,2,2022-01-01,9582.0,7330.299630365593,6624.239720326625,8036.359540404561,False,1412.1198200779363,63237.7382038955,6195.179335242185,8220.313965810403
sarima,84,3,2022-02-01,7227.0,6712.467134469358,5992.778582462131,7432.155686476584,True,1439.377104014453,1439.377104014453,5500.334434204109,7773.104611689364
sarima,84,4,2022-03-01,7504.0,7353.450970861807,6629.380453056543,8077.521488667071,True,1448.141035610528,1448.141035610528,6137.186507432617,8366.925331711553
sarima,84,5,2022-04-01,7589.0,7106.765015123447,6380.62034909127,7832.909681155623,True,1452.2893320643525,1452.2893320643525,5884.132789662844,8190.048725027911
sarima,84,6,2022-05-01,8846.0,8018.354805605726,7290.840294227326,8745.869316984126,False,1455.0290227568005,5460.256343391749,6790.168301987877,9182.490868530156
prophet,84,1,2021-12-01,8237.0,7190.2147007032,6620.908998437726,7826.461564176792,False,1205.5525657390665,17627.089998667376,6025.936004782496,8143.153358374866
prophet,84,2,2022-01-01,9582.0,7136.262159125225,6556.410902033485,7722.736142483673,False,1166.3252404501873,75536.87954110328,5914.956429760758,8214.84271278465
prophet,84,3,2022-02-01,7227.0,6608.110566144377,6031.148844399966,7240.42342951625,True,1209.2745851162836,1209.2745851162836,5408.5851581987645,7786.399451065414
prophet,84,4,2022-03-01,7504.0,7140.532859614609,6567.984578904761,7771.205198402395,True,1203.2206194976334,1203.2206194976334,5953.21422313946,8341.900482383673
prophet,84,5,2022-04-01,7589.0,7081.14948010544,6482.066537211147,7677.77826193467,True,1195.7117247235228,1195.7117247235228,5855.814956797931,8296.227105350736
prophet,84,6,2022-05-01,8846.0,7951.917883001087,7348.176020467165,8555.170785629842,False,1206.9947651626762,12840.163339969007,6718.650101467265,9174.642309695406
sarima,85,1,2022-01-01,9582.0,7716.289826619717,7061.310513190345,8371.26914004909,False,1309.9586268587443,49739.19302489517,6981.5350498650705,8588.234754263707
sarima,85,2,2022-02-01,7227.0,6908.253212627147,6184.879501551312,7631.626923702983,True,1446.7474221516711,1446.7474221516711,5773.132917503739,7923.259405246217
sarima,85,3,2022-03-01,7504.0,7473.486621778026,6734.878579774004,8212.094663782049,True,1477.216084008045,1477.216084008045,6261.353921512778,8534.124098998032
sarima,85,4,2022-04-01,7589.0,7172.865633761422,6430.272805366536,7915.458462156308,True,1485.185656789772,1485.185656789772,5956.601170332232,8186.339994611168
sarima,85,5,2022-05-01,8846.0,8069.907773557968,7326.091924347778,8813.723622768159,False,1487.6316984203804,2778.6867876940305,6847.275548097365,9153.191483462433
sarima,85,6,2022-06-01,9057.0,8299.902820550436,7555.648091294048,9044.157549806823,False,1488.5094585127772,2002.2074662397756,7071.716316932588,9464.038883474866
prophet,85,1,2022-01-01,9582.0,7182.601418099,6550.523011783473,7844.18139240578,False,1293.658380622307,70806.40268439113,6018.322722178295,8229.386717395799
prophet,85,2,2022-02-01,7227.0,6654.290562726414,6013.877016600583,7277.787707909899,True,1263.9106913093165,1263.9106913093165,5432.984833361947,7822.867874275241
prophet,85,3,2022-03-01,7504.0,7198.005223120773,6593.449705452844,7785.431025542904,True,1191.98132009006,1191.98132009006,5998.47981517516,8376.29410804181
prophet,85,4,2022-04-01,7589.0,7122.151464096056,6512.089689816584,7743.524360397317,True,1231.434670580733,1231.434670580733,5934.832827620907,8323.51908686512
prophet,85,5,2022-05-01,8846.0,7996.973134985377,7340.99407750954,8622.206893107536,False,1281.2128155979954,10232.937091296577,6771.6386116778685,9212.050760230673
prophet,85,6,2022-06-01,9057.0,8299.724544109908,7666.228250534409,8919.911382625209,False,1253.6831320907995,6737.227827082451,7066.456762576086,9522.448970804227
sarima,86,1,2022-02-01,7227.0,8166.440756352972,7442.918706334058,8889.962806371886,False,1447.044100037829,10083.79235340014,7431.6859795983255,9053.80514311744
sarima,86,2,2022-03-01,7504.0,8755.635601172486,7939.903667583188,9571.367534761785,False,1631.4638671785942,19067.61057050613,7620.5153060490775,9770.641793791556
sarima,86,3,2022-04-01,7589.0,8439.510084879963,7561.095239750284,9317.924930009642,True,1756.8296902593574,1756.8296902593574,7227.377384614714,9500.14756209997
sarima,86,4,2022-05-01,8846.0,9371.916177141682,8437.57095340877,10306.261400874597,True,1868.6904474658256,1868.6904474658256,8155.651713712492,10385.390537991429
sarima,86,5,2022-06-01,9057.0,9596.261288996677,8609.501907989476,10583.020670003874,True,1973.5187620143988,1973.5187620143988,8373.629063536075,10679.544998901141
sarima,86,6,2022-07-01,8699.0,10063.872959076623,9027.395551422023,11100.350366731223,False,2072.9548153092,15208.776872190208,8835.686455458774,11228.009022001053
prophet,86,1,2022-02-01,7227.0,6769.606087350266,6111.31780646634,7441.15409030251,True,1329.83628383617,1329.83628383617,5605.327391429561,7936.495111277382
prophet,86,2,2022-03-01,7504.0,7326.817409519034,6552.307178858695,8061.197074191483,True,1508.889895332788,1508.889895332788,6105.511680154567,8495.394721067862
prophet,86,3,2022-04-01,7589.0,7244.3565983232,6518.100795191406,7990.767648378585,True,1472.6668531871792,1472.6668531871792,6044.8311903775875,8422.645483244236
prophet,86,4,2022-05-01,8846.0,8120.791082568016,7393.05964894772,8899.313524883737,True,1506.2538759360168,1506.2538759360168,6933.472446092866,9322.15870533708
prophet,86,5,2022-06-01,9057.0,8421.531156547457,7747.258680873001,9118.797366404677,True,1371.5386855316756,1371.5386855316756,7196.196633239948,9636.608781792753
prophet,86,6,2022-07-01,8699.0,8740.817777212334,8022.676202179477,9426.278793473572,True,1403.602591294095,1403.602591294095,7507.5499956785125,9963.542203906654
sarima,87,1,2022-03-01,7504.0,8273.40977909033,7537.424389853241,9009.39516832742,False,1471.9707784741795,2808.946372603833,7333.9690227373585,9160.7741658548
sarima,87,2,2022-04-01,7589.0,7975.528429065634,7172.014402250238,8779.04245588103,True,1607.028053630792,1607.028053630792,6744.627733293309,8990.534621684703
sarima,87,3,2022-05-01,8846.0,8927.277878694542,8078.465753391516,9776.090003997568,True,1697.6242506060516,1697.6242506060516,7715.145178429293,9987.915355914549
sarima,87,4,2022-06-01,9057.0,9139.723020732465,8249.663540237669,10029.78250122726,True,1780.118960989592,1780.118960989592,7923.458557303275,10153.19738158221
sarima,87,5,2022-07-01,8699.0,9633.888847545826,8704.606759371878,10563.170935719774,False,1858.564176347896,2082.834551223019,8411.256622085224,10717.17255745029
sarima,87,6,2022-08-01,8834.0,9331.777901022597,8364.885177884631,10298.670624160564,True,1933.7854462759317,1933.7854462759317,8088.44073221976,10495.913963947027
prophet,87,1,2022-03-01,7504.0,7357.917231951965,6572.988889647492,8154.202225994664,True,1581.213336347172,1581.213336347172,6193.638536031261,8524.80625587908
prophet,87,2,2022-04-01,7589.0,7281.909511740838,6607.477476782187,8013.306039200245,True,1405.828562418058,1405.828562418058,6060.603782376371,8450.486823289666
prophet,87,3,2022-05-01,8846.0,8157.870545794794,7439.058939194516,8880.542507631311,True,1441.4835684367954,1441.4835684367954,6958.345137849182,9336.15943071583
prophet,87,4,2022-06-01,9057.0,8462.058658200755,7764.471202268191,9165.370199296802,True,1400.8989970286111,1400.8989970286111,7274.740021725605,9663.42628096982
prophet,87,5,2022-07-01,8699.0,8779.14544338743,8036.30915599369,9516.978719791476,True,1480.6695637977857,1480.6695637977857,7553.810920079921,9994.223068632726
prophet,87,6,2022-08-01,8834.0,8435.419183210191,7644.036588166956,9123.599434755237,True,1479.5628465882792,1479.5628465882792,7202.1514016763695,9658.14360990451
sarima,88,1,2022-04-01,7589.0,7142.600772727816,6407.618123488859,7877.583421966772,True,1469.9652984779132,1469.9652984779132,6203.1600163748435,8029.965159492284
sarima,88,2,2022-05-01,8846.0,8078.155638177212,7255.834680478906,8900.476595875518,True,1644.6419153966117,1644.6419153966117,6847.254942404887,9093.161830796282
sarima,88,3,2022-06-01,9057.0,8282.716342565107,7438.708345373352,9126.724339756862,True,1688.0159943835097,1688.0159943835097,7070.583642299858,9343.353819785112
sarima,88,4,2022-07-01,8699.0,8774.833768196531,7924.629089143,9625.038447250065,True,1700.4093581070629,1700.4093581070629,7558.569304767341,9788.308129046276
sarima,88,5,2022-08-01,8834.0,8471.322382342532,7619.076952398608,9323.567812286456,True,1704.4908598878492,1704.4908598878492,7248.690156881929,9554.606092246997
sarima,88,6,2022-09-01,8228.0,7703.434723514256,6850.390143274596,8556.479303753915,True,1706.0891604793187,1706.0891604793187,6460.097554711419,8867.570786438686
prophet,88,1,2022-04-01,7589.0,7320.924044437641,6649.716595811031,8024.562599918131,True,1374.8460041071005,1374.8460041071005,6156.645348516937,8487.813068364758
prophet,88,2,2022-05-01,8846.0,8193.854960650351,7522.762406528933,8818.205742223674,False,1295.443335694741,2407.213646747783,6972.549231285884,9362.432272199178
prophet,88,3,2022-06-01,9057.0,8504.15837002192,7862.788823615645,9150.641955073354,True,1287.8531314577083,1287.8531314577083,7304.632962076307,9682.447254942956
prophet,88,4,2022-07-01,8699.0,8815.87573734786,8093.899217617472,9491.221771485032,True,1397.3225538675597,1397.3225538675597,7628.557100872711,10017.243360116925
prophet,88,5,2022-08-01,8834.0,8474.954959162525,7766.862043690231,9202.709774877168,True,1435.8477311869374,1435.8477311869374,7249.620435855017,9690.032584407822
prophet,88,6,2022-09-01,8228.0,7871.876320161338,7203.304122505467,8618.655214652863,True,1415.3510921473962,1415.3510921473962,6638.608538627516,9094.600746855656
sarima,89,1,2022-05-01,8846.0,8302.937542008183,7571.224830632223,9034.650253384145,True,1463.4254227519195,1463.4254227519195,7363.496785655211,9190.301928772653
sarima,89,2,2022-06-01,9057.0,8425.597755216728,7607.121899749549,9244.073610683909,True,1636.9517109343578,1636.9517109343578,7194.697059444403,9440.603947835798
sarima,89,3,2022-07-01,8699.0,8833.826760394659,7993.667040955423,9673.986479833891,True,1680.3194388784696,1680.3194388784696,7621.69406012941,9894.464237614666
sarima,89,4,2022-08-01,8834.0,8496.583866028506,7650.0952829178195,9343.072449139194,True,1692.9771662213743,1692.9771662213743,7280.319402599316,9510.058226878253
sarima,89,5,2022-09-01,8228.0,7747.972390118457,6899.298778283667,8596.646001953246,True,1697.3472236695789,1697.3472236695789,6525.340164657854,8831.256100022922
sarima,89,6,2022-10-01,8388.0,7713.478655521402,6863.863186320084,8563.09412472272,True,1699.2309384026366,1699.2309384026366,6470.141486718566,8877.614718445831
prophet,89,1,2022-05-01,8846.0,8222.43940530842,7530.894603891493,8936.906747671732,True,1406.012143780239,1406.012143780239,7058.1607093877155,9389.328429235537
prophet,89,2,2022-06-01,9057.0,8531.368994933744,7878.308543833467,9249.572595872294,True,1371.2640520388268,1371.2640520388268,7310.063265569277,9699.946306482572
prophet,89,3,2022-07-01,8699.0,8848.052756753044,8135.079142468034,9616.90365499837,True,1481.8245125303365,1481.8245125303365,7648.527348807432,10026.34164167408
prophet,89,4,2022-08-01,8834.0,8507.376503687741,7737.720244770981,9250.420357135828,True,1512.700112364846,1512.700112364846,7320.057867212592,9708.744126456806
prophet,89,5,2022-09-01,8228.0,7902.750754269857,7142.82571298856,8640.944581464608,True,1498.1188684760482,1498.1188684760482,6677.416230962348,9117.828379515153
prophet,89,6,2022-10-01,8388.0,7795.857235556052,7095.2951807811805,8464.897466489265,True,1369.6022857080843,1369.6022857080843,6562.58945402223,9018.58166225037
sarima,90,1,2022-06-01,9057.0,8959.688611341055,8227.270785567505,9692.106437114604,True,1464.835651547099,1464.835651547099,8020.2478549880825,9847.052998105522
sarima,90,2,2022-07-01,8699.0,9389.856211635071,8584.792391097562,10194.920032172584,True,1610.1276410750215,1610.1276410750215,8158.955515862746,10404.862404254141
sarima,90,3,2022-08-01,8834.0,9070.939877297884,8229.322970406,9912.556784189768,True,1683.2338137837687,1683.2338137837687,7858.807177032635,10131.577354517889
sarima,90,4,2022-09-01,8228.0,8336.895699389039,7465.590073749056,9208.20132502902,True,1742.6112512799637,1742.6112512799637,7120.631235959849,9350.370060238783
sarima,90,5,2022-10-01,8388.0,8308.352508827498,7409.434270929631,9207.270746725366,True,1797.8364757957352,1797.8364757957352,7085.720283366895,9391.636218731963
sarima,90,6,2022-11-01,7588.0,7923.926618865582,6998.450678049165,8849.402559682,True,1850.9518816328343,1850.9518816328343,6680.5894500627455,9088.062681790012
prophet,90,1,2022-06-01,9057.0,8577.506908654701,7834.703457552885,9287.905186834994,True,1453.2017292821092,1453.2017292821092,7413.228212733997,9744.395932581818
prophet,90,2,2022-07-01,8699.0,8901.988195323025,8224.360402353268,9656.024090798091,True,1431.6636884448235,1431.6636884448235,7680.682465958558,10070.565506871852
prophet,90,3,2022-08-01,8834.0,8561.865509848436,7835.397959635411,9303.49320349154,True,1468.095243856129,1468.095243856129,7362.340101902823,9740.154394769474
prophet,90,4,2022-09-01,8228.0,7954.199947432932,7246.5978313846035,8663.111772314307,True,1416.5139409297035,1416.5139409297035,6766.881310957783,9155.567570201998
prophet,90,5,2022-10-01,8388.0,7857.669282063384,7201.004128810926,8524.33092396638,True,1323.3267951554535,1323.3267951554535,6632.334758755876,9072.74690730868
prophet,90,6,2022-11-01,7588.0,7462.662167395931,6701.811880005916,8221.421595288917,True,1519.6097152830016,1519.6097152830016,6229.394385862109,8685.38659409025
sarima,91,1,2022-07-01,8699.0,9430.822870494789,8701.662049506063,10159.983691483514,False,1458.3216419774508,1564.8036222199844,8491.382114141816,10318.187257259258
sarima,91,2,2022-08-01,8834.0,9098.99653758851,8297.45264655985,9900.540428617169,True,1603.0877820573187,1603.0877820573187,7868.0958418161845,10114.00273020758
sarima,91,3,2022-09-01,8228.0,8367.405571099234,7529.279554016904,9205.531588181564,True,1676.2520341646596,1676.2520341646596,7155.2728708339855,9428.04304831924
sarima,91,4,2022-10-01,8388.0,8336.10187473689,7468.1964691359535,9204.007280337828,True,1735.8108112018745,1735.8108112018745,7119.837411307701,9349.576235586635
sarima,91,5,2022-11-01,7588.0,7949.064464821073,7053.444419350797,8844.684510291348,True,1791.2400909405517,1791.2400909405517,6726.43223936047,9032.348174725537
sarima,91,6,2022-12-01,7850.0,8201.58824890798,7279.324811672793,9123.851686143167,True,1844.5268744703744,1844.5268744703744,6958.251080105143,9365.72431183241
prophet,91,1,2022-07-01,8699.0,8981.587393391641,8250.532351115973,9701.445145336227,True,1450.912794220254,1450.912794220254,7817.308697470937,10148.476417318758
prophet,91,2,2022-08-01,8834.0,8646.163463281251,7932.139268945275,9357.60140873691,True,1425.4621397916344,1425.4621397916344,7424.857733916784,9814.74077483008
prophet,91,3,2022-09-01,8228.0,8046.270346566657,7402.496132323293,8806.029674298705,True,1403.533541975412,1403.533541975412,6846.744938621045,9224.559231487694
prophet,91,4,2022-10-01,8388.0,7945.376382053637,7205.311989018423,8594.48891793737,True,1389.176928918947,1389.176928918947,6758.057745578488,9146.744004822702
prophet,91,5,2022-11-01,7588.0,7559.570173622191,6827.841534768733,8266.38851157123,True,1438.546976802496,1438.546976802496,6334.235650314682,8774.647798867487
prophet,91,6,2022-12-01,7850.0,7829.358086965489,7118.201700828508,8521.95556666005,True,1403.7538658315416,1403.7538658315416,6596.090305431667,9052.082513659807
sarima,92,1,2022-08-01,8834.0,8432.532496709535,7700.731382788649,9164.33361063042,True,1463.6022278417704,1463.6022278417704,7493.091740356563,9319.896883474004
sarima,92,2,2022-09-01,8228.0,7752.370084805297,6932.047510845099,8572.692658765494,True,1640.6451479203952,1640.6451479203952,6521.469389032972,8767.376277424366
sarima,92,3,2022-10-01,8388.0,7723.198971093742,6880.035797528166,8566.362144659319,True,1686.326347131153,1686.326347131153,6511.0662708284935,8783.836448313748
sarima,92,4,2022-11-01,7588.0,7327.891061339625,6477.647706008517,8178.134416670732,True,1700.486710662215,1700.486710662215,6111.626597910435,8341.36542218937
sarima,92,5,2022-12-01,7850.0,7578.601234055542,6725.625004167472,8431.577463943611,True,1705.9524597761392,1705.9524597761392,6355.969008594939,8661.884943960005
sarima,92,6,2023-01-01,7563.0,7794.112941675714,6939.804025300507,8648.42185805092,True,1708.617832750413,1708.617832750413,6550.7757728728775,8958.249004600144
prophet,92,1,2022-08-01,8834.0,8605.746199326131,7872.665683450199,9314.933865254052,True,1442.2681818038527,1442.2681818038527,7441.467503405427,9772.635223253248
prophet,92,2,2022-09-01,8228.0,7996.837301798129,7252.923650611184,8683.597129453427,True,1430.6734788422427,1430.6734788422427,6775.531572433662,9165.414613346957
prophet,92,3,2022-10-01,8388.0,7906.992050299866,7117.865360531311,8621.492300959588,True,1503.6269404282766,1503.6269404282766,6707.466642354253,9085.280935220902
prophet,92,4,2022-11-01,7588.0,7509.767049096864,6820.103729983323,8224.376330912668,True,1404.272600929345,1404.272600929345,6322.448412621715,8711.13467186593
prophet,92,5,2022-12-01,7850.0,7778.464439776344,7067.472687463845,8480.88970294843,True,1413.4170154845851,1413.4170154845851,6553.129916468835,8993.54206502164
prophet,92,6,2023-01-01,7563.0,7841.096377489071,7112.216847647268,8502.938779038992,True,1390.721931391724,1390.721931391724,6607.828595955249,9063.82080418339
sarima,93,1,2022-09-01,8228.0,8170.023384819966,7440.724342189803,8899.322427450128,True,1458.5980852603252,1458.5980852603252,7230.582628466994,9057.387771584436
sarima,93,2,2022-10-01,8388.0,8135.617422319312,7336.561970378401,8934.672874260223,True,1598.1109038818213,1598.1109038818213,6904.716726546987,9150.623614938382
sarima,93,3,2022-11-01,7588.0,7736.696491742989,6903.743467628881,8569.649515857096,True,1665.9060482282148,1665.9060482282148,6524.56379147774,8797.333968962994
sarima,93,4,2022-12-01,7850.0,7982.3982656259805,7122.298617000825,8842.497914251137,True,1720.1992972503112,1720.1992972503112,6766.13380219679,8995.872626475726
sarima,93,5,2023-01-01,7563.0,8187.540863309264,7302.418636718928,9072.6630898996,True,1770.2444531806714,1770.2444531806714,6964.908637848661,9270.82457321373
sarima,93,6,2023-02-01,6551.0,7374.492623507642,6465.143792566309,8283.841454448975,True,1818.6976618826664,1818.6976618826664,6131.155454704805,8538.628686432072
prophet,93,1,2022-09-01,8228.0,8043.480838934458,7317.476528964553,8795.191166927916,True,1477.7146379633632,1477.7146379633632,6879.202143013754,9210.369862861575
prophet,93,2,2022-10-01,8388.0,7940.457876106007,7208.36848071564,8663.47248238124,True,1455.1040016655998,1455.1040016655998,6719.15214674154,9109.035187654834
prophet,93,3,2022-11-01,7588.0,7556.343592615434,6812.042493433315,8249.343742369583,True,1437.3012489362682,1437.3012489362682,6356.818184669822,8734.63247753647
prophet,93,4,2022-12-01,7850.0,7826.096945863474,7111.319161431956,8567.046209604277,True,1455.7270481723217,1455.7270481723217,6638.7783093883245,9027.464568632538
prophet,93,5,2023-01-01,7563.0,7891.617252283536,7176.015377161512,8594.679648367639,True,1418.6642712061266,1418.6642712061266,6666.282728976027,9106.694877528833
prophet,93,6,2023-02-01,6551.0,7244.450287262555,6570.675910524151,7994.493999853099,False,1423.8180893289482,2210.854510294981,6011.182505728733,8467.174713956874
sarima,94,1,2022-10-01,8388.0,8160.682507497341,7434.523403712727,8886.841611281956,True,1452.3182075692291,1452.3182075692291,7221.241751144369,9048.04689426181
sarima,94,2,2022-11-01,7588.0,7752.850812197379,6957.453994103559,8548.247630291198,True,1590.793636187639,1590.793636187639,6521.950116425054,8767.85700481645
sarima,94,3,2022-12-01,7850.0,7996.100976555194,7167.117442266836,8825.084510843553,True,1657.9670685767178,1657.9670685767178,6783.968276289946,9056.7384537752
sarima,94,4,2023-01-01,7563.0,8195.996861679901,7340.286380642487,9051.707342717316,True,1711.4209620748295,1711.4209620748295,6979.732398250711,9209.471222529646
sarima,94,5,2023-02-01,6551.0,7390.856177402703,6510.17356988619,8271.538784919216,True,1761.3652150330254,1761.3652150330254,6168.2239519421,8474.139887307167
sarima,94,6,2023-03-01,7507.0,7992.570633744247,7087.845140566045,8897.296126922449,True,1809.4509863564035,1809.4509863564035,6749.233464941411,9156.706696668676
prophet,94,1,2022-10-01,8388.0,7943.7030215975265,7178.145080283335,8633.714478863747,True,1455.569398580412,1455.569398580412,6779.424325676822,9110.592045524643
prophet,94,2,2022-11-01,7588.0,7547.014878315602,6850.333340681711,8214.45855144175,True,1364.1252107600394,1364.1252107600394,6325.709148951135,8715.59218986443
prophet,94,3,2022-12-01,7850.0,7816.9930324196675,7088.27790476951,8487.114565985728,True,1398.836661216218,1398.836661216218,6617.467624474055,8995.281917340704
prophet,94,4,2023-01-01,7563.0,7882.761946460521,7205.439388762561,8608.533640570275,True,1403.0942518077136,1403.0942518077136,6695.443309985372,9084.129569229586
prophet,94,5,2023-02-01,6551.0,7231.5805830150675,6561.226399290314,7961.009277774724,False,1399.7828784844105,1808.838850096953,6006.246059707559,8446.658208260364
prophet,94,6,2023-03-01,7507.0,7677.396280936568,7012.03775532336,8399.048837218163,True,1387.0110818948024,1387.0110818948024,6444.128499402746,8900.120707630886
sarima,95,1,2022-11-01,7588.0,7856.012654189785,7131.126384983136,8580.898923396435,True,1449.7725384132991,1449.7725384132991,6916.571897836813,8743.377040954254
sarima,95,2,2022-12-01,7850.0,8071.291034380435,7277.118134585911,8865.463934174959,True,1588.3457995890476,1588.3457995890476,6840.39033860811,9086.297226999504
sarima,95,3,2023-01-01,7563.0,8267.493512269824,7440.075994196879,9094.91103034277,True,1654.8350361458906,1654.8350361458906,7055.360812004576,9328.13098948983
sarima,95,4,2023-02-01,6551.0,7455.800231524856,6601.675757706373,8309.92470534334,False,1708.2489476369665,3735.2792558918736,6239.535768095666,8469.2745923746
sarima,95,5,2023-03-01,7507.0,8058.897826942757,7180.011341040325,8937.78431284519,True,1757.772971804865,1757.772971804865,6836.265601482154,9142.181536847222
sarima,95,6,2023-04-01,7745.0,7873.062061268677,6970.341569433373,8775.782553103982,True,1805.440983670609,1805.440983670609,6629.724892465841,9037.198124193106
prophet,95,1,2022-11-01,7588.0,7636.408963827973,6930.293495914741,8378.580743357787,True,1448.287247443046,1448.287247443046,6472.130267907269,8803.29798775509
prophet,95,2,2022-12-01,7850.0,7909.715802199154,7221.654037516485,8586.616217585992,True,1364.9621800695068,1364.9621800695068,6688.410072834687,9078.29311374798
prophet,95,3,2023-01-01,7563.0,7978.23750737416,7287.4730888000995,8694.645669428674,True,1407.172580628574,1407.172580628574,6778.712099428547,9156.526392295196
prophet,95,4,2023-02-01,6551.0,7333.928973516126,6649.903115552479,8051.359830097963,False,1401.456714545484,5357.581336644644,6146.610337040976,8535.29659628519
prophet,95,5,2023-03-01,7507.0,7755.234743977435,7038.0745437393925,8473.447015707425,True,1435.3724719680322,1435.3724719680322,6529.900220669926,8970.312369222731
prophet,95,6,2023-04-01,7745.0,7815.710017488295,7113.2858814977735,8500.845757774727,True,1387.5598762769532,1387.5598762769532,6582.442235954473,9038.434444182614
sarima,96,1,2022-12-01,7850.0,7945.895636425703,7224.016938403469,8667.774334447937,True,1443.757396044468,1443.757396044468,7006.454880072731,8833.26002319017
sarima,96,2,2023-01-01,7563.0,8160.938213991683,7371.576739811897,8950.29968817147,True,1578.722948359573,1578.722948359573,6930.037518219358,9175.944406610754
sarima,96,3,2023-02-01,6551.0,7379.9344771213855,6557.699202021759,8202.16975222101,False,1644.4705501992512,1912.438631069629,6167.801776856137,8440.57195434139
sarima,96,4,2023-03-01,7507.0,7976.596408404195,7127.919790245221,8825.273026563169,True,1697.3532363179484,1697.3532363179484,6760.331944975005,8990.07076925394
sarima,96,5,2023-04-01,7745.0,7802.350958360217,6929.093877376609,8675.608039343824,True,1746.514161967215,1746.514161967215,6579.718732899614,8885.634668264682
sarima,96,6,2023-05-01,8600.0,8754.778885627045,7857.842335822985,9651.715435431106,True,1793.8730996081213,1793.8730996081213,7511.441716824209,9918.914948551475
prophet,96,1,2022-12-01,7850.0,7915.14201779715,7212.658158151428,8613.029622120708,True,1400.3714639692798,1400.3714639692798,6750.863321876446,9082.031041724267
prophet,96,2,2023-01-01,7563.0,7985.440149762157,7289.298862170088,8684.764982480943,True,1395.466120310855,1395.466120310855,6764.13442039769,9154.017461310985
prophet,96,3,2023-02-01,6551.0,7341.93880361489,6606.508587372128,8053.25292502916,False,1446.7443376570318,3667.08783254216,6142.413395669278,8520.227688535928
prophet,96,4,2023-03-01,7507.0,7760.176142135429,7106.343890273227,8504.222065335467,True,1397.8781750622402,1397.8781750622402,6572.8575056602795,8961.543764904494
prophet,96,5,2023-04-01,7745.0,7824.429402246245,7091.5748214625655,8508.948394272624,True,1417.3735728100582,1417.3735728100582,6599.094878938737,9039.507027491542
prophet,96,6,2023-05-01,8600.0,8717.813113751114,8040.104815182736,9384.419655003583,True,1344.3148398208468,1344.3148398208468,7484.545332217292,9940.537540445432
sarima,97,1,2023-01-01,7563.0,8109.956226218383,7391.543778341258,8828.368674095507,True,1436.8248957542492,1436.8248957542492,7170.5154698654105,8997.32061298285
sarima,97,2,2023-02-01,6551.0,7351.39457282372,6565.526605033067,8137.262540614373,False,1571.735935581306,2152.800136904003,6120.493877051395,8366.400765442791
sarima,97,3,2023-03-01,7507.0,7946.776737053252,7128.23330928739,8765.320164819113,True,1637.0868555317238,1637.0868555317238,6734.644036788003,9007.414214273258
sarima,97,4,2023-04-01,7745.0,7778.427626428,6933.658453407697,8623.196799448302,True,1689.538346040605,1689.538346040605,6562.16316299881,8791.901987277746
sarima,97,5,2023-05-01,8600.0,8727.235556513671,7858.102425257784,9596.368687769558,True,1738.2662625117737,1738.2662625117737,7504.603331053068,9810.519266418136
sarima,97,6,2023-06-01,9151.0,8977.357246703128,8084.755857755352,9869.958635650904,True,1785.2027778955526,1785.2027778955526,7734.020077900292,10141.493309627558
prophet,97,1,2023-01-01,7563.0,7972.051763964577,7279.55131580857,8623.249920522121,True,1343.6986047135515,1343.6986047135515,6807.773068043873,9138.940787891694
prophet,97,2,2023-02-01,6551.0,7328.195924811032,6703.895848293748,7982.750473664362,False,1278.8546253706145,7394.688557120527,6106.890195446565,8496.773236359859
prophet,97,3,2023-03-01,7507.0,7747.152263860002,7055.965243016262,8485.208825908827,True,1429.2435828925643,1429.2435828925643,6547.626855914389,8925.44114878104
prophet,97,4,2023-04-01,7745.0,7809.689380349708,7114.50617562677,8489.470942265978,True,1374.9647666392084,1374.9647666392084,6622.370743874559,9011.057003118773
prophet,97,5,2023-05-01,8600.0,8703.125176338446,7995.871564255222,9405.193118401974,True,1409.3215541467516,1409.3215541467516,7477.790653030937,9918.202801583742
prophet,97,6,2023-06-01,9151.0,9047.508309466624,8343.621424041265,9744.723031034022,True,1401.1016069927573,1401.1016069927573,7814.240527932802,10270.232736160942
sarima,98,1,2023-02-01,6551.0,7169.744226365709,6458.675204027402,7880.813248704017,True,1422.1380446766143,1422.1380446766143,6230.303470012737,8057.108613130178
sarima,98,2,2023-03-01,7507.0,7778.883475858054,7002.036969696271,8555.729982019837,True,1553.693012323566,1553.693012323566,6547.982780085729,8793.889668477124
sarima,98,3,2023-04-01,7745.0,7678.189572062903,6869.28483188282,8487.094312242985,True,1617.8094803601653,1617.8094803601653,6466.056871797654,8738.827049282909
sarima,98,4,2023-05-01,8600.0,8592.72620665813,7757.926536108335,9427.525877207923,True,1669.599341099588,1669.599341099588,7376.46174322894,9606.200567507876
sarima,98,5,2023-06-01,9151.0,8867.06732164902,8008.149035156786,9725.985608141253,True,1717.8365729844663,1717.8365729844663,7644.4350961884165,9950.351031553484
sarima,98,6,2023-07-01,9183.0,9159.144505221057,8276.97624336813,10041.31276707398,True,1764.3365237058497,1764.3365237058497,7915.80733641822,10323.280568145487
prophet,98,1,2023-02-01,6551.0,7324.303166428758,6660.499208141785,8039.128130678319,False,1378.6289225365344,5758.597248207932,6160.024470508054,8491.192190355876
prophet,98,2,2023-03-01,7507.0,7736.195260803056,7079.23526352218,8465.545400031202,True,1386.3101365090224,1386.3101365090224,6514.889531438589,8904.772572351883
prophet,98,3,2023-04-01,7745.0,7807.464440365749,7089.912897284492,8445.366101302316,True,1355.4532040178235,1355.4532040178235,6607.939032420137,8985.753325286787
prophet,98,4,2023-05-01,8600.0,8697.334927542257,7990.315191722074,9432.206743004364,True,1441.8915512822905,1441.8915512822905,7510.016291067108,9898.702550311322
prophet,98,5,2023-06-01,9151.0,9045.3463285568,8354.803064878131,9729.367378107689,True,1374.5643132295554,1374.5643132295554,7820.011805249291,10260.423953802096
prophet,98,6,2023-07-01,9183.0,9225.51860629679,8563.493219755683,9923.892207741752,True,1360.3989879860692,1360.3989879860692,7992.250824762968,10448.243032991108
sarima,99,1,2023-03-01,7507.0,7369.96626577591,6646.164495467031,8093.768036084789,True,1447.603540617758,1447.603540617758,6430.525509422938,8257.330652540379
sarima,99,2,2023-04-01,7745.0,7292.579565681989,6479.230699767577,8105.928431596401,True,1626.6977318288243,1626.6977318288243,6061.678869909664,8307.585758301058
sarima,99,3,2023-05-01,8600.0,8304.073926661084,7467.485208097308,9140.66264522486,True,1673.1774371275524,1673.1774371275524,7091.941226395835,9364.71140388109
sarima,99,4,2023-06-01,9151.0,8572.721958829048,7729.14484698102,9416.299070677076,True,1687.154223696056,1687.154223696056,7356.457495399858,9586.196319678795
sarima,99,5,2023-07-01,9183.0,8894.59067987254,8048.578036948418,9740.60332279666,True,1692.0252858482418,1692.0252858482418,7671.958454411936,9977.874389777004
sarima,99,6,2023-08-01,8297.0,8638.204728276036,7791.179757623194,9485.229698928875,True,1694.0499413056832,1694.0499413056832,7394.867559473199,9802.340791200466
prophet,99,1,2023-03-01,7507.0,7684.79434546872,7006.578016807622,8381.431950306747,True,1374.8539334991256,1374.8539334991256,6520.515649548016,8851.683369395836
prophet,99,2,2023-04-01,7745.0,7725.337966951622,7062.694634652738,8443.804016964526,True,1381.109382311788,1381.109382311788,6504.032237587155,8893.915278500448
prophet,99,3,2023-05-01,8600.0,8617.522687852306,7875.787241479895,9313.251851035378,True,1437.4646095554835,1437.4646095554835,7417.997279906694,9795.811572773342
prophet,99,4,2023-06-01,9151.0,8952.653520908269,8250.440579500346,9578.741575623972,True,1328.3009961236255,1328.3009961236255,7765.334884433119,10154.021143677333
prophet,99,5,2023-07-01,9183.0,9148.211874218054,8428.623876059835,9855.990928776728,True,1427.3670527168924,1427.3670527168924,7922.877350910545,10363.28949946335
prophet,99,6,2023-08-01,8297.0,8871.430685604051,8179.889338270019,9574.729170577724,True,1394.8398323077054,1394.8398323077054,7638.162904070229,10094.15511229837
sarima,100,1,2023-04-01,7745.0,7359.425877557059,6637.644092493704,8081.207662620413,True,1443.5635701267092,1443.5635701267092,6419.985121204087,8246.790264321528
sarima,100,2,2023-05-01,8600.0,8338.772591690613,7528.496116043024,9149.049067338205,True,1620.552951295179,1620.552951295179,7107.871895918288,9353.778784309683
sarima,100,3,2023-06-01,9151.0,8589.72717497747,7756.7658541262845,9422.688495828656,True,1665.922641702371,1665.922641702371,7377.594474712221,9650.364652197477
sarima,100,4,2023-07-01,9183.0,8903.758571208964,8064.095841735598,9743.42130068233,True,1679.3254589467324,1679.3254589467324,7687.494107779774,9917.232932058709
sarima,100,5,2023-08-01,8297.0,8644.821858037407,7802.87660188312,9486.767114191694,True,1683.8905123085742,1683.8905123085742,7422.189632576804,9728.105567941871
sarima,100,6,2023-09-01,7823.0,7958.383890072861,7115.508785306164,8801.25899483956,True,1685.7502095333955,1685.7502095333955,6715.046721270024,9122.51995299729
prophet,100,1,2023-04-01,7745.0,7759.433420671558,7134.942851227133,8468.024783492128,True,1333.081932264995,1333.081932264995,6595.154724750854,8926.322444598674
prophet,100,2,2023-05-01,8600.0,8641.699228663912,7973.702088753285,9383.652405751238,True,1409.9503169979523,1409.9503169979523,7420.3934992994455,9810.27654021274
prophet,100,3,2023-06-01,9151.0,8988.488862049342,8300.786565725593,9671.18620100887,True,1370.3996352832764,1370.3996352832764,7788.963454103729,10166.77774697038
prophet,100,4,2023-07-01,9183.0,9160.290933193428,8465.048745533233,9829.5254999948,True,1364.476754461568,1364.476754461568,7972.972296718279,10361.658555962493
prophet,100,5,2023-08-01,8297.0,8890.96265479118,8216.896318365883,9535.76660451465,True,1318.8702861487673,1318.8702861487673,7665.628131483671,10106.040280036475
prophet,100,6,2023-09-01,7823.0,8348.060811026384,7658.537395289198,9090.31742857584,True,1431.7800332866436,1431.7800332866436,7114.793029492562,9570.785237720702
sarima,101,1,2023-05-01,8600.0,8548.646124852026,7832.135090361831,9265.15715934222,True,1433.02206898039,1433.02206898039,7609.205368499054,9436.010511616496
sarima,101,2,2023-06-01,9151.0,8775.987444406519,7987.835222639688,9564.139666173349,True,1576.3044435336606,1576.3044435336606,7545.086748634194,9790.99363702559
sarima,101,3,2023-07-01,9183.0,9068.454532629205,8247.359141056359,9889.549924202049,True,1642.1907831456883,1642.1907831456883,7856.321832363956,10129.09200984921
sarima,101,4,2023-08-01,8297.0,8778.263038167366,7931.849817245356,9624.676259089378,True,1692.8264418440222,1692.8264418440222,7561.998574738176,9791.73739901711
sarima,101,5,2023-09-01,7823.0,8120.704125547226,7251.162170414394,8990.246080680057,True,1739.0839102656628,1739.0839102656628,6898.071900086623,9203.987835451691
sarima,101,6,2023-10-01,7507.0,8084.05556264998,7192.330038228003,8975.781087071957,True,1783.4510488439537,1783.4510488439537,6840.7183938471435,9248.19162557441
prophet,101,1,2023-05-01,8600.0,8651.725259834704,7981.991911197387,9328.408392214787,True,1346.4164810174009,1346.4164810174009,7487.446563914,9818.61428376182
prophet,101,2,2023-06-01,9151.0,9009.529384232752,8328.911812878048,9729.03226826529,True,1400.1204553872412,1400.1204553872412,7788.223654868285,10178.106695781578
prophet,101,3,2023-07-01,9183.0,9162.508758145785,8472.92755689872,9874.499594573736,True,1401.572037675016,1401.572037675016,7962.983350200172,10340.79764306682
prophet,101,4,2023-08-01,8297.0,8900.799291570791,8216.302472112608,9579.594512749083,True,1363.2920406364756,1363.2920406364756,7713.480655095642,10102.166914339856
prophet,101,5,2023-09-01,7823.0,8370.690333376215,7697.99625959981,9049.539615036658,True,1351.5433554368474,1351.5433554368474,7145.355810068706,9585.76795862151
prophet,101,6,2023-10-01,7507.0,8199.55266045577,7556.81918437936,8949.271096744713,False,1392.4519123653529,3385.2192875397604,6966.284878921949,9422.27708715009
sarima,102,1,2023-06-01,9151.0,8813.51020404933,8104.561528816318,9522.458879282342,True,1417.8973504660237,1417.8973504660237,7874.069447696357,9700.874590813797
sarima,102,2,2023-07-01,9183.0,9089.987232422942,8311.377550438718,9868.596914407166,True,1557.2193639684483,1557.2193639684483,7859.086536650617,10104.993425042012
sarima,102,3,2023-08-01,8297.0,8776.025630520018,7965.505142753676,9586.54611828636,True,1621.0409755326837,1621.0409755326837,7563.892930254769,9836.663107740023
sarima,102,4,2023-09-01,7823.0,8142.973707249761,7307.895700344346,8978.051714155175,True,1670.1560138108298,1670.1560138108298,6926.709243820571,9156.448068099508
sarima,102,5,2023-10-01,7507.0,8088.875284868549,7231.327920955941,8946.422648781157,True,1715.094727825216,1715.094727825216,6866.243059407946,9172.158994773014
sarima,102,6,2023-11-01,8107.0,7626.4029822062785,6747.276110028444,8505.529854384113,True,1758.2537443556685,1758.2537443556685,6383.065813403442,8790.539045130708
prophet,102,1,2023-06-01,9151.0,8954.11906299114,8274.06091729016,9609.656000392915,True,1335.5950831027567,1335.5950831027567,7789.840367070436,10121.008086918257
prophet,102,2,2023-07-01,9183.0,9144.35906550367,8399.980598662754,9803.77925127617,True,1403.7986526134157,1403.7986526134157,7923.053336139203,10312.936377052498
prophet,102,3,2023-08-01,8297.0,8869.341182192806,8228.178624459968,9584.13334947673,True,1355.9547250167616,1355.9547250167616,7669.815774247193,10047.630067113842
prophet,102,4,2023-09-01,7823.0,8315.376027347966,7631.717960241549,8947.00924919711,True,1315.291288955561,1315.291288955561,7128.0573908728165,9516.74365011703
prophet,102,5,2023-10-01,7507.0,8179.550830739053,7550.604927454322,8815.015132560236,False,1264.4102051059144,3008.607303278796,6954.216307431544,9394.628455984348
prophet,102,6,2023-11-01,8107.0,7811.433982378901,7142.950171392675,8490.339902743466,True,1347.3897313507914,1347.3897313507914,6578.166200845079,9034.158409073221
sarima,103,1,2023-07-01,9183.0,9249.573046047935,8537.271637069787,9961.874455026087,True,1424.6028179563,1424.6028179563,8310.132289694964,10136.937432812403
sarima,103,2,2023-08-01,8297.0,8901.759216681858,8117.505842407345,9686.01259095637,True,1568.5067485490254,1568.5067485490254,7670.858520909533,9916.765409300928
sarima,103,3,2023-09-01,7823.0,8237.182336240248,7421.229298041297,9053.1353744392,True,1631.9060763979032,1631.9060763979032,7025.049635975,9297.819813460253
sarima,103,4,2023-10-01,7507.0,8191.848134825021,7352.29379150653,9031.402478143513,True,1679.1086866369806,1679.1086866369806,6975.583671395831,9205.322495674765
sarima,103,5,2023-11-01,8107.0,7730.081902274354,6869.22454701162,8590.93925753709,True,1721.71471052547,1721.71471052547,6507.4496768137515,8813.365612178819
sarima,103,6,2023-12-01,7504.0,7966.406176472951,7085.213754456443,8847.59859848946,True,1762.3848440330166,1762.3848440330166,6723.069007670115,9130.542239397382
prophet,103,1,2023-07-01,9183.0,9151.184517315498,8444.688273709431,9853.384881255468,True,1408.6966075460368,1408.6966075460368,7986.905821394794,10318.073541242615
prophet,103,2,2023-08-01,8297.0,8884.773280884418,8213.524675935689,9584.941841642709,True,1371.4171657070185,1371.4171657070185,7663.467551519951,10053.350592433246
prophet,103,3,2023-09-01,7823.0,8347.116366410575,7642.9208753453695,9057.71747619949,True,1414.7966008541207,1414.7966008541207,7147.590958464963,9525.405251331613
prophet,103,4,2023-10-01,7507.0,8189.947457757598,7489.876811070412,8896.383040308376,True,1406.5062292379637,1406.5062292379637,7002.628821282449,9391.315080526663
prophet,103,5,2023-11-01,8107.0,7841.777262491002,7110.555120909109,8532.260682289743,True,1421.7055613806342,1421.7055613806342,6616.442739183493,9056.8548877363
prophet,103,6,2023-12-01,7504.0,8113.297068492611,7412.925776593343,8782.510996843344,True,1369.5852202500018,1369.5852202500018,6880.029286958789,9336.021495186931
