model,date,y_true,y_pred,window,horizon,train_end
xgboost_base,2015-01-01,7184.0,6132.45556640625,1,1,2014-12-01
xgboost_base,2015-02-01,5958.0,6369.744140625,1,2,2014-12-01
xgboost_base,2015-03-01,6658.0,6208.55322265625,1,3,2014-12-01
xgboost_base,2015-04-01,7069.0,6056.65234375,1,4,2014-12-01
xgboost_base,2015-05-01,8099.0,7363.56982421875,1,5,2014-12-01
xgboost_base,2015-06-01,7868.0,7537.5830078125,1,6,2014-12-01
xgboost_base,2015-02-01,5958.0,6852.09619140625,2,1,2015-01-01
xgboost_base,2015-03-01,6658.0,6448.474609375,2,2,2015-01-01
xgboost_base,2015-04-01,7069.0,6300.10302734375,2,3,2015-01-01
xgboost_base,2015-05-01,8099.0,7225.0634765625,2,4,2015-01-01
xgboost_base,2015-06-01,7868.0,7419.21142578125,2,5,2015-01-01
xgboost_base,2015-07-01,7986.0,7596.2939453125,2,6,2015-01-01
xgboost_base,2015-03-01,6658.0,6629.43310546875,3,1,2015-02-01
xgboost_base,2015-04-01,7069.0,6347.2099609375,3,2,2015-02-01
xgboost_base,2015-05-01,8099.0,7128.56884765625,3,3,2015-02-01
xgboost_base,2015-06-01,7868.0,7321.44384765625,3,4,2015-02-01
xgboost_base,2015-07-01,7986.0,7837.32421875,3,5,2015-02-01
xgboost_base,2015-08-01,7251.0,7489.8955078125,3,6,2015-02-01
xgboost_base,2015-04-01,7069.0,6322.837890625,4,1,2015-03-01
xgboost_base,2015-05-01,8099.0,7148.82080078125,4,2,2015-03-01
xgboost_base,2015-06-01,7868.0,7363.6640625,4,3,2015-03-01
xgboost_base,2015-07-01,7986.0,7853.0546875,4,4,2015-03-01
xgboost_base,2015-08-01,7251.0,7496.95068359375,4,5,2015-03-01
xgboost_base,2015-09-01,7163.0,7054.80517578125,4,6,2015-03-01
xgboost_base,2015-05-01,8099.0,7209.5751953125,5,1,2015-04-01
xgboost_base,2015-06-01,7868.0,7515.26025390625,5,2,2015-04-01
xgboost_base,2015-07-01,7986.0,7748.06982421875,5,3,2015-04-01
xgboost_base,2015-08-01,7251.0,7335.94482421875,5,4,2015-04-01
xgboost_base,2015-09-01,7163.0,6880.94970703125,5,5,2015-04-01
xgboost_base,2015-10-01,6690.0,7161.60009765625,5,6,2015-04-01
xgboost_base,2015-06-01,7868.0,7883.10498046875,6,1,2015-05-01
xgboost_base,2015-07-01,7986.0,7368.16259765625,6,2,2015-05-01
xgboost_base,2015-08-01,7251.0,7618.00244140625,6,3,2015-05-01
xgboost_base,2015-09-01,7163.0,6795.18994140625,6,4,2015-05-01
xgboost_base,2015-10-01,6690.0,7387.583984375,6,5,2015-05-01
xgboost_base,2015-11-01,6392.0,6473.06689453125,6,6,2015-05-01
xgboost_base,2015-07-01,7986.0,7366.87548828125,7,1,2015-06-01
xgboost_base,2015-08-01,7251.0,7572.0849609375,7,2,2015-06-01
xgboost_base,2015-09-01,7163.0,6895.7958984375,7,3,2015-06-01
xgboost_base,2015-10-01,6690.0,7388.97314453125,7,4,2015-06-01
xgboost_base,2015-11-01,6392.0,6561.220703125,7,5,2015-06-01
xgboost_base,2015-12-01,6753.0,6631.873046875,7,6,2015-06-01
xgboost_base,2015-08-01,7251.0,7654.25146484375,8,1,2015-07-01
xgboost_base,2015-09-01,7163.0,6893.64013671875,8,2,2015-07-01
xgboost_base,2015-10-01,6690.0,7405.59375,8,3,2015-07-01
xgboost_base,2015-11-01,6392.0,6438.1787109375,8,4,2015-07-01
xgboost_base,2015-12-01,6753.0,6819.67919921875,8,5,2015-07-01
xgboost_base,2016-01-01,6753.0,7116.2509765625,8,6,2015-07-01
xgboost_base,2015-09-01,7163.0,6871.9658203125,9,1,2015-08-01
xgboost_base,2015-10-01,6690.0,7262.8212890625,9,2,2015-08-01
xgboost_base,2015-11-01,6392.0,6366.22021484375,9,3,2015-08-01
xgboost_base,2015-12-01,6753.0,6809.26806640625,9,4,2015-08-01
xgboost_base,2016-01-01,6753.0,6940.3046875,9,5,2015-08-01
xgboost_base,2016-02-01,6385.0,6401.482421875,9,6,2015-08-01
xgboost_base,2015-10-01,6690.0,7314.13037109375,10,1,2015-09-01
xgboost_base,2015-11-01,6392.0,6458.6982421875,10,2,2015-09-01
xgboost_base,2015-12-01,6753.0,6899.24365234375,10,3,2015-09-01
xgboost_base,2016-01-01,6753.0,6949.61572265625,10,4,2015-09-01
xgboost_base,2016-02-01,6385.0,6568.49462890625,10,5,2015-09-01
xgboost_base,2016-03-01,7164.0,6742.189453125,10,6,2015-09-01
xgboost_base,2015-11-01,6392.0,6416.4658203125,11,1,2015-10-01
xgboost_base,2015-12-01,6753.0,6892.9052734375,11,2,2015-10-01
xgboost_base,2016-01-01,6753.0,7064.07568359375,11,3,2015-10-01
xgboost_base,2016-02-01,6385.0,6555.7001953125,11,4,2015-10-01
xgboost_base,2016-03-01,7164.0,6757.478515625,11,5,2015-10-01
xgboost_base,2016-04-01,7192.0,7232.1796875,11,6,2015-10-01
xgboost_base,2015-12-01,6753.0,6864.416015625,12,1,2015-11-01
xgboost_base,2016-01-01,6753.0,7040.1025390625,12,2,2015-11-01
xgboost_base,2016-02-01,6385.0,6450.10205078125,12,3,2015-11-01
xgboost_base,2016-03-01,7164.0,6780.5419921875,12,4,2015-11-01
xgboost_base,2016-04-01,7192.0,7230.0556640625,12,5,2015-11-01
xgboost_base,2016-05-01,7743.0,7556.70703125,12,6,2015-11-01
xgboost_base,2016-01-01,6753.0,7094.0693359375,13,1,2015-12-01
xgboost_base,2016-02-01,6385.0,6470.91650390625,13,2,2015-12-01
xgboost_base,2016-03-01,7164.0,6640.63623046875,13,3,2015-12-01
xgboost_base,2016-04-01,7192.0,7081.4619140625,13,4,2015-12-01
xgboost_base,2016-05-01,7743.0,7399.4541015625,13,5,2015-12-01
xgboost_base,2016-06-01,8767.0,7521.09326171875,13,6,2015-12-01
xgboost_base,2016-02-01,6385.0,6414.47314453125,14,1,2016-01-01
xgboost_base,2016-03-01,7164.0,6666.744140625,14,2,2016-01-01
xgboost_base,2016-04-01,7192.0,7152.18115234375,14,3,2016-01-01
xgboost_base,2016-05-01,7743.0,7562.27783203125,14,4,2016-01-01
xgboost_base,2016-06-01,8767.0,7533.517578125,14,5,2016-01-01
xgboost_base,2016-07-01,8479.0,7786.6572265625,14,6,2016-01-01
xgboost_base,2016-03-01,7164.0,6597.98828125,15,1,2016-02-01
xgboost_base,2016-04-01,7192.0,7135.82861328125,15,2,2016-02-01
xgboost_base,2016-05-01,7743.0,7412.15185546875,15,3,2016-02-01
xgboost_base,2016-06-01,8767.0,7532.28857421875,15,4,2016-02-01
xgboost_base,2016-07-01,8479.0,7777.41845703125,15,5,2016-02-01
xgboost_base,2016-08-01,7890.0,7215.26025390625,15,6,2016-02-01
xgboost_base,2016-04-01,7192.0,7329.2255859375,16,1,2016-03-01
xgboost_base,2016-05-01,7743.0,7522.56396484375,16,2,2016-03-01
xgboost_base,2016-06-01,8767.0,7477.67041015625,16,3,2016-03-01
xgboost_base,2016-07-01,8479.0,7661.55810546875,16,4,2016-03-01
xgboost_base,2016-08-01,7890.0,7189.7578125,16,5,2016-03-01
xgboost_base,2016-09-01,7317.0,6792.6337890625,16,6,2016-03-01
xgboost_base,2016-05-01,7743.0,7551.0791015625,17,1,2016-04-01
xgboost_base,2016-06-01,8767.0,7528.0009765625,17,2,2016-04-01
xgboost_base,2016-07-01,8479.0,7721.39306640625,17,3,2016-04-01
xgboost_base,2016-08-01,7890.0,7270.3876953125,17,4,2016-04-01
xgboost_base,2016-09-01,7317.0,6816.6455078125,17,5,2016-04-01
xgboost_base,2016-10-01,7426.0,6624.8544921875,17,6,2016-04-01
xgboost_base,2016-06-01,8767.0,7498.09912109375,18,1,2016-05-01
xgboost_base,2016-07-01,8479.0,7610.525390625,18,2,2016-05-01
xgboost_base,2016-08-01,7890.0,7195.90673828125,18,3,2016-05-01
xgboost_base,2016-09-01,7317.0,6818.0419921875,18,4,2016-05-01
xgboost_base,2016-10-01,7426.0,6609.32568359375,18,5,2016-05-01
xgboost_base,2016-11-01,6700.0,6521.49365234375,18,6,2016-05-01
xgboost_base,2016-07-01,8479.0,7755.1669921875,19,1,2016-06-01
xgboost_base,2016-08-01,7890.0,7354.17724609375,19,2,2016-06-01
xgboost_base,2016-09-01,7317.0,6897.29052734375,19,3,2016-06-01
xgboost_base,2016-10-01,7426.0,6586.99365234375,19,4,2016-06-01
xgboost_base,2016-11-01,6700.0,6536.29638671875,19,5,2016-06-01
xgboost_base,2016-12-01,6994.0,6756.71826171875,19,6,2016-06-01
xgboost_base,2016-08-01,7890.0,7378.99658203125,20,1,2016-07-01
xgboost_base,2016-09-01,7317.0,6887.490234375,20,2,2016-07-01
xgboost_base,2016-10-01,7426.0,6625.96875,20,3,2016-07-01
xgboost_base,2016-11-01,6700.0,6536.01806640625,20,4,2016-07-01
xgboost_base,2016-12-01,6994.0,6725.01953125,20,5,2016-07-01
xgboost_base,2017-01-01,6788.0,6694.06884765625,20,6,2016-07-01
xgboost_base,2016-09-01,7317.0,6994.66796875,21,1,2016-08-01
xgboost_base,2016-10-01,7426.0,6587.44677734375,21,2,2016-08-01
xgboost_base,2016-11-01,6700.0,6529.04296875,21,3,2016-08-01
xgboost_base,2016-12-01,6994.0,6711.39697265625,21,4,2016-08-01
xgboost_base,2017-01-01,6788.0,6717.22314453125,21,5,2016-08-01
xgboost_base,2017-02-01,6271.0,6750.7490234375,21,6,2016-08-01
xgboost_base,2016-10-01,7426.0,6694.21728515625,22,1,2016-09-01
xgboost_base,2016-11-01,6700.0,6615.1240234375,22,2,2016-09-01
xgboost_base,2016-12-01,6994.0,6676.25048828125,22,3,2016-09-01
xgboost_base,2017-01-01,6788.0,6700.2265625,22,4,2016-09-01
xgboost_base,2017-02-01,6271.0,6860.46240234375,22,5,2016-09-01
xgboost_base,2017-03-01,6794.0,7641.798828125,22,6,2016-09-01
xgboost_base,2016-11-01,6700.0,6931.23583984375,23,1,2016-10-01
xgboost_base,2016-12-01,6994.0,6844.40283203125,23,2,2016-10-01
xgboost_base,2017-01-01,6788.0,6871.9140625,23,3,2016-10-01
xgboost_base,2017-02-01,6271.0,6908.2138671875,23,4,2016-10-01
xgboost_base,2017-03-01,6794.0,7569.935546875,23,5,2016-10-01
xgboost_base,2017-04-01,6884.0,7828.576171875,23,6,2016-10-01
xgboost_base,2016-12-01,6994.0,6890.72021484375,24,1,2016-11-01
xgboost_base,2017-01-01,6788.0,6983.775390625,24,2,2016-11-01
xgboost_base,2017-02-01,6271.0,6928.56689453125,24,3,2016-11-01
xgboost_base,2017-03-01,6794.0,7585.8203125,24,4,2016-11-01
xgboost_base,2017-04-01,6884.0,7751.89306640625,24,5,2016-11-01
xgboost_base,2017-05-01,7651.0,7939.763671875,24,6,2016-11-01
xgboost_base,2017-01-01,6788.0,6968.98828125,25,1,2016-12-01
xgboost_base,2017-02-01,6271.0,6904.75341796875,25,2,2016-12-01
xgboost_base,2017-03-01,6794.0,7566.53271484375,25,3,2016-12-01
xgboost_base,2017-04-01,6884.0,7703.7158203125,25,4,2016-12-01
xgboost_base,2017-05-01,7651.0,7753.9306640625,25,5,2016-12-01
xgboost_base,2017-06-01,8009.0,8378.638671875,25,6,2016-12-01
xgboost_base,2017-02-01,6271.0,6892.36376953125,26,1,2017-01-01
xgboost_base,2017-03-01,6794.0,7538.7333984375,26,2,2017-01-01
xgboost_base,2017-04-01,6884.0,7693.21630859375,26,3,2017-01-01
xgboost_base,2017-05-01,7651.0,7838.33154296875,26,4,2017-01-01
xgboost_base,2017-06-01,8009.0,8308.2314453125,26,5,2017-01-01
xgboost_base,2017-07-01,8694.0,8259.8798828125,26,6,2017-01-01
xgboost_base,2017-03-01,6794.0,7479.52783203125,27,1,2017-02-01
xgboost_base,2017-04-01,6884.0,7586.4658203125,27,2,2017-02-01
xgboost_base,2017-05-01,7651.0,7750.904296875,27,3,2017-02-01
xgboost_base,2017-06-01,8009.0,8241.85546875,27,4,2017-02-01
xgboost_base,2017-07-01,8694.0,8228.591796875,27,5,2017-02-01
xgboost_base,2017-08-01,8130.0,7960.11181640625,27,6,2017-02-01
xgboost_base,2017-04-01,6884.0,7263.5205078125,28,1,2017-03-01
xgboost_base,2017-05-01,7651.0,7762.60986328125,28,2,2017-03-01
xgboost_base,2017-06-01,8009.0,8189.5068359375,28,3,2017-03-01
xgboost_base,2017-07-01,8694.0,8326.5947265625,28,4,2017-03-01
xgboost_base,2017-08-01,8130.0,7974.74072265625,28,5,2017-03-01
xgboost_base,2017-09-01,7446.0,7651.95947265625,28,6,2017-03-01
xgboost_base,2017-05-01,7651.0,7558.34130859375,29,1,2017-04-01
xgboost_base,2017-06-01,8009.0,7986.828125,29,2,2017-04-01
xgboost_base,2017-07-01,8694.0,8198.765625,29,3,2017-04-01
xgboost_base,2017-08-01,8130.0,8092.369140625,29,4,2017-04-01
xgboost_base,2017-09-01,7446.0,7719.51611328125,29,5,2017-04-01
xgboost_base,2017-10-01,7282.0,7755.6552734375,29,6,2017-04-01
xgboost_base,2017-06-01,8009.0,8103.45751953125,30,1,2017-05-01
xgboost_base,2017-07-01,8694.0,8229.8203125,30,2,2017-05-01
xgboost_base,2017-08-01,8130.0,8025.93017578125,30,3,2017-05-01
xgboost_base,2017-09-01,7446.0,7673.337890625,30,4,2017-05-01
xgboost_base,2017-10-01,7282.0,7743.6591796875,30,5,2017-05-01
xgboost_base,2017-11-01,6830.0,7163.30078125,30,6,2017-05-01
xgboost_base,2017-07-01,8694.0,8102.90771484375,31,1,2017-06-01
xgboost_base,2017-08-01,8130.0,8095.2900390625,31,2,2017-06-01
xgboost_base,2017-09-01,7446.0,7837.82763671875,31,3,2017-06-01
xgboost_base,2017-10-01,7282.0,7831.869140625,31,4,2017-06-01
xgboost_base,2017-11-01,6830.0,7184.3974609375,31,5,2017-06-01
xgboost_base,2017-12-01,6946.0,6953.7392578125,31,6,2017-06-01
xgboost_base,2017-08-01,8130.0,8140.66748046875,32,1,2017-07-01
xgboost_base,2017-09-01,7446.0,7973.4892578125,32,2,2017-07-01
xgboost_base,2017-10-01,7282.0,7735.92333984375,32,3,2017-07-01
xgboost_base,2017-11-01,6830.0,7223.7421875,32,4,2017-07-01
xgboost_base,2017-12-01,6946.0,7043.45751953125,32,5,2017-07-01
xgboost_base,2018-01-01,6886.0,6835.955078125,32,6,2017-07-01
xgboost_base,2017-09-01,7446.0,7917.05419921875,33,1,2017-08-01
xgboost_base,2017-10-01,7282.0,7774.31787109375,33,2,2017-08-01
xgboost_base,2017-11-01,6830.0,7213.1494140625,33,3,2017-08-01
xgboost_base,2017-12-01,6946.0,7048.67236328125,33,4,2017-08-01
xgboost_base,2018-01-01,6886.0,6842.2353515625,33,5,2017-08-01
xgboost_base,2018-02-01,5960.0,6602.12890625,33,6,2017-08-01
xgboost_base,2017-10-01,7282.0,7621.76123046875,34,1,2017-09-01
xgboost_base,2017-11-01,6830.0,7141.44873046875,34,2,2017-09-01
xgboost_base,2017-12-01,6946.0,6915.91015625,34,3,2017-09-01
xgboost_base,2018-01-01,6886.0,6796.56982421875,34,4,2017-09-01
xgboost_base,2018-02-01,5960.0,6625.0029296875,34,5,2017-09-01
xgboost_base,2018-03-01,6930.0,6829.23095703125,34,6,2017-09-01
xgboost_base,2017-11-01,6830.0,7136.00244140625,35,1,2017-10-01
xgboost_base,2017-12-01,6946.0,6857.662109375,35,2,2017-10-01
xgboost_base,2018-01-01,6886.0,6813.43994140625,35,3,2017-10-01
xgboost_base,2018-02-01,5960.0,6666.9814453125,35,4,2017-10-01
xgboost_base,2018-03-01,6930.0,6765.0703125,35,5,2017-10-01
xgboost_base,2018-04-01,6769.0,6954.45263671875,35,6,2017-10-01
xgboost_base,2017-12-01,6946.0,6861.9150390625,36,1,2017-11-01
xgboost_base,2018-01-01,6886.0,6804.142578125,36,2,2017-11-01
xgboost_base,2018-02-01,5960.0,6559.12158203125,36,3,2017-11-01
xgboost_base,2018-03-01,6930.0,6766.81982421875,36,4,2017-11-01
xgboost_base,2018-04-01,6769.0,6916.04248046875,36,5,2017-11-01
xgboost_base,2018-05-01,7511.0,7580.50830078125,36,6,2017-11-01
xgboost_base,2018-01-01,6886.0,6767.87646484375,37,1,2017-12-01
xgboost_base,2018-02-01,5960.0,6585.22216796875,37,2,2017-12-01
xgboost_base,2018-03-01,6930.0,6783.4423828125,37,3,2017-12-01
xgboost_base,2018-04-01,6769.0,6961.89990234375,37,4,2017-12-01
xgboost_base,2018-05-01,7511.0,7579.09814453125,37,5,2017-12-01
xgboost_base,2018-06-01,8057.0,7988.46337890625,37,6,2017-12-01
xgboost_base,2018-02-01,5960.0,6600.724609375,38,1,2018-01-01
xgboost_base,2018-03-01,6930.0,6738.5263671875,38,2,2018-01-01
xgboost_base,2018-04-01,6769.0,6936.52197265625,38,3,2018-01-01
xgboost_base,2018-05-01,7511.0,7602.171875,38,4,2018-01-01
xgboost_base,2018-06-01,8057.0,7890.9013671875,38,5,2018-01-01
xgboost_base,2018-07-01,8175.0,8305.3759765625,38,6,2018-01-01
xgboost_base,2018-03-01,6930.0,6623.78515625,39,1,2018-02-01
xgboost_base,2018-04-01,6769.0,6913.4482421875,39,2,2018-02-01
xgboost_base,2018-05-01,7511.0,7427.037109375,39,3,2018-02-01
xgboost_base,2018-06-01,8057.0,7895.5556640625,39,4,2018-02-01
xgboost_base,2018-07-01,8175.0,8322.22265625,39,5,2018-02-01
xgboost_base,2018-08-01,8328.0,7949.1591796875,39,6,2018-02-01
xgboost_base,2018-04-01,6769.0,7021.10009765625,40,1,2018-03-01
xgboost_base,2018-05-01,7511.0,7612.13232421875,40,2,2018-03-01
xgboost_base,2018-06-01,8057.0,7922.82666015625,40,3,2018-03-01
xgboost_base,2018-07-01,8175.0,8352.58203125,40,4,2018-03-01
xgboost_base,2018-08-01,8328.0,7929.8583984375,40,5,2018-03-01
xgboost_base,2018-09-01,7325.0,7513.65771484375,40,6,2018-03-01
xgboost_base,2018-05-01,7511.0,7439.22412109375,41,1,2018-04-01
xgboost_base,2018-06-01,8057.0,7865.62451171875,41,2,2018-04-01
xgboost_base,2018-07-01,8175.0,8329.2578125,41,3,2018-04-01
xgboost_base,2018-08-01,8328.0,7948.5908203125,41,4,2018-04-01
xgboost_base,2018-09-01,7325.0,7516.890625,41,5,2018-04-01
xgboost_base,2018-10-01,7202.0,7405.5712890625,41,6,2018-04-01
xgboost_base,2018-06-01,8057.0,7836.24365234375,42,1,2018-05-01
xgboost_base,2018-07-01,8175.0,8358.7353515625,42,2,2018-05-01
xgboost_base,2018-08-01,8328.0,8082.18994140625,42,3,2018-05-01
xgboost_base,2018-09-01,7325.0,7718.99462890625,42,4,2018-05-01
xgboost_base,2018-10-01,7202.0,7495.67724609375,42,5,2018-05-01
xgboost_base,2018-11-01,7161.0,7012.2607421875,42,6,2018-05-01
xgboost_base,2018-07-01,8175.0,8396.5166015625,43,1,2018-06-01
xgboost_base,2018-08-01,8328.0,8032.49609375,43,2,2018-06-01
xgboost_base,2018-09-01,7325.0,7475.572265625,43,3,2018-06-01
xgboost_base,2018-10-01,7202.0,7358.92529296875,43,4,2018-06-01
xgboost_base,2018-11-01,7161.0,6937.92138671875,43,5,2018-06-01
xgboost_base,2018-12-01,7409.0,6914.58154296875,43,6,2018-06-01
xgboost_base,2018-08-01,8328.0,8089.720703125,44,1,2018-07-01
xgboost_base,2018-09-01,7325.0,7544.77099609375,44,2,2018-07-01
xgboost_base,2018-10-01,7202.0,7377.134765625,44,3,2018-07-01
xgboost_base,2018-11-01,7161.0,6968.6689453125,44,4,2018-07-01
xgboost_base,2018-12-01,7409.0,6903.9423828125,44,5,2018-07-01
xgboost_base,2019-01-01,7117.0,6842.53466796875,44,6,2018-07-01
xgboost_base,2018-09-01,7325.0,7534.2646484375,45,1,2018-08-01
xgboost_base,2018-10-01,7202.0,7354.7685546875,45,2,2018-08-01
xgboost_base,2018-11-01,7161.0,7135.919921875,45,3,2018-08-01
xgboost_base,2018-12-01,7409.0,6912.78515625,45,4,2018-08-01
xgboost_base,2019-01-01,7117.0,6889.10107421875,45,5,2018-08-01
xgboost_base,2019-02-01,6307.0,6438.28515625,45,6,2018-08-01
xgboost_base,2018-10-01,7202.0,7327.74365234375,46,1,2018-09-01
xgboost_base,2018-11-01,7161.0,7058.83349609375,46,2,2018-09-01
xgboost_base,2018-12-01,7409.0,6928.07470703125,46,3,2018-09-01
xgboost_base,2019-01-01,7117.0,6860.9267578125,46,4,2018-09-01
xgboost_base,2019-02-01,6307.0,6224.19091796875,46,5,2018-09-01
xgboost_base,2019-03-01,7067.0,6708.47998046875,46,6,2018-09-01
xgboost_base,2018-11-01,7161.0,6922.265625,47,1,2018-10-01
xgboost_base,2018-12-01,7409.0,6937.134765625,47,2,2018-10-01
xgboost_base,2019-01-01,7117.0,6866.91552734375,47,3,2018-10-01
xgboost_base,2019-02-01,6307.0,6085.4951171875,47,4,2018-10-01
xgboost_base,2019-03-01,7067.0,6733.81640625,47,5,2018-10-01
xgboost_base,2019-04-01,7108.0,6827.92529296875,47,6,2018-10-01
xgboost_base,2018-12-01,7409.0,6917.10302734375,48,1,2018-11-01
xgboost_base,2019-01-01,7117.0,6877.2958984375,48,2,2018-11-01
xgboost_base,2019-02-01,6307.0,6300.4208984375,48,3,2018-11-01
xgboost_base,2019-03-01,7067.0,6721.3037109375,48,4,2018-11-01
xgboost_base,2019-04-01,7108.0,6889.65673828125,48,5,2018-11-01
xgboost_base,2019-05-01,7776.0,7516.087890625,48,6,2018-11-01
xgboost_base,2019-01-01,7117.0,7021.11669921875,49,1,2018-12-01
xgboost_base,2019-02-01,6307.0,6590.74609375,49,2,2018-12-01
xgboost_base,2019-03-01,7067.0,6795.3974609375,49,3,2018-12-01
xgboost_base,2019-04-01,7108.0,6849.8740234375,49,4,2018-12-01
xgboost_base,2019-05-01,7776.0,7420.94970703125,49,5,2018-12-01
xgboost_base,2019-06-01,8274.0,7988.341796875,49,6,2018-12-01
xgboost_base,2019-02-01,6307.0,6520.3076171875,50,1,2019-01-01
xgboost_base,2019-03-01,7067.0,6897.89453125,50,2,2019-01-01
xgboost_base,2019-04-01,7108.0,6896.26513671875,50,3,2019-01-01
xgboost_base,2019-05-01,7776.0,7461.65283203125,50,4,2019-01-01
xgboost_base,2019-06-01,8274.0,8003.93017578125,50,5,2019-01-01
xgboost_base,2019-07-01,8919.0,8349.7890625,50,6,2019-01-01
xgboost_base,2019-03-01,7067.0,6846.45263671875,51,1,2019-02-01
xgboost_base,2019-04-01,7108.0,6891.42724609375,51,2,2019-02-01
xgboost_base,2019-05-01,7776.0,7426.8359375,51,3,2019-02-01
xgboost_base,2019-06-01,8274.0,8002.9658203125,51,4,2019-02-01
xgboost_base,2019-07-01,8919.0,8346.484375,51,5,2019-02-01
xgboost_base,2019-08-01,8180.0,8267.2724609375,51,6,2019-02-01
xgboost_base,2019-04-01,7108.0,6914.00439453125,52,1,2019-03-01
xgboost_base,2019-05-01,7776.0,7438.38916015625,52,2,2019-03-01
xgboost_base,2019-06-01,8274.0,8032.3759765625,52,3,2019-03-01
xgboost_base,2019-07-01,8919.0,8337.1171875,52,4,2019-03-01
xgboost_base,2019-08-01,8180.0,8263.9990234375,52,5,2019-03-01
xgboost_base,2019-09-01,7664.0,7422.31640625,52,6,2019-03-01
xgboost_base,2019-05-01,7776.0,7494.2041015625,53,1,2019-04-01
xgboost_base,2019-06-01,8274.0,8002.0439453125,53,2,2019-04-01
xgboost_base,2019-07-01,8919.0,8311.55078125,53,3,2019-04-01
xgboost_base,2019-08-01,8180.0,8268.849609375,53,4,2019-04-01
xgboost_base,2019-09-01,7664.0,7456.2919921875,53,5,2019-04-01
xgboost_base,2019-10-01,7254.0,7403.44384765625,53,6,2019-04-01
xgboost_base,2019-06-01,8274.0,8170.8212890625,54,1,2019-05-01
xgboost_base,2019-07-01,8919.0,8298.6318359375,54,2,2019-05-01
xgboost_base,2019-08-01,8180.0,8254.5927734375,54,3,2019-05-01
xgboost_base,2019-09-01,7664.0,7449.40283203125,54,4,2019-05-01
xgboost_base,2019-10-01,7254.0,7432.0126953125,54,5,2019-05-01
xgboost_base,2019-11-01,6785.0,7153.51611328125,54,6,2019-05-01
xgboost_base,2019-07-01,8919.0,8322.166015625,55,1,2019-06-01
xgboost_base,2019-08-01,8180.0,8206.9091796875,55,2,2019-06-01
xgboost_base,2019-09-01,7664.0,7459.96484375,55,3,2019-06-01
xgboost_base,2019-10-01,7254.0,7471.80517578125,55,4,2019-06-01
xgboost_base,2019-11-01,6785.0,7214.93408203125,55,5,2019-06-01
xgboost_base,2019-12-01,6987.0,7421.64892578125,55,6,2019-06-01
xgboost_base,2019-08-01,8180.0,8269.404296875,56,1,2019-07-01
xgboost_base,2019-09-01,7664.0,7486.37841796875,56,2,2019-07-01
xgboost_base,2019-10-01,7254.0,7538.15283203125,56,3,2019-07-01
xgboost_base,2019-11-01,6785.0,7261.68994140625,56,4,2019-07-01
xgboost_base,2019-12-01,6987.0,7530.763671875,56,5,2019-07-01
xgboost_base,2020-01-01,7194.0,7012.75927734375,56,6,2019-07-01
xgboost_base,2019-09-01,7664.0,7454.65380859375,57,1,2019-08-01
xgboost_base,2019-10-01,7254.0,7469.10595703125,57,2,2019-08-01
xgboost_base,2019-11-01,6785.0,7283.24365234375,57,3,2019-08-01
xgboost_base,2019-12-01,6987.0,7548.6435546875,57,4,2019-08-01
xgboost_base,2020-01-01,7194.0,7019.4375,57,5,2019-08-01
xgboost_base,2020-02-01,6848.0,6370.8447265625,57,6,2019-08-01
xgboost_base,2019-10-01,7254.0,7539.6845703125,58,1,2019-09-01
xgboost_base,2019-11-01,6785.0,7280.8017578125,58,2,2019-09-01
xgboost_base,2019-12-01,6987.0,7543.615234375,58,3,2019-09-01
xgboost_base,2020-01-01,7194.0,6987.666015625,58,4,2019-09-01
xgboost_base,2020-02-01,6848.0,6416.92236328125,58,5,2019-09-01
xgboost_base,2020-03-01,7324.0,6910.1904296875,58,6,2019-09-01
xgboost_base,2019-11-01,6785.0,7308.298828125,59,1,2019-10-01
xgboost_base,2019-12-01,6987.0,7582.51806640625,59,2,2019-10-01
xgboost_base,2020-01-01,7194.0,7040.365234375,59,3,2019-10-01
xgboost_base,2020-02-01,6848.0,6440.89794921875,59,4,2019-10-01
xgboost_base,2020-03-01,7324.0,6896.5234375,59,5,2019-10-01
xgboost_base,2020-04-01,5978.0,6902.572265625,59,6,2019-10-01
xgboost_base,2019-12-01,6987.0,7344.81494140625,60,1,2019-11-01
xgboost_base,2020-01-01,7194.0,6936.81103515625,60,2,2019-11-01
xgboost_base,2020-02-01,6848.0,6352.38916015625,60,3,2019-11-01
xgboost_base,2020-03-01,7324.0,6919.2724609375,60,4,2019-11-01
xgboost_base,2020-04-01,5978.0,6902.650390625,60,5,2019-11-01
xgboost_base,2020-05-01,7062.0,7598.646484375,60,6,2019-11-01
xgboost_base,2020-01-01,7194.0,6878.17626953125,61,1,2019-12-01
xgboost_base,2020-02-01,6848.0,6291.140625,61,2,2019-12-01
xgboost_base,2020-03-01,7324.0,6830.4697265625,61,3,2019-12-01
xgboost_base,2020-04-01,5978.0,6894.275390625,61,4,2019-12-01
xgboost_base,2020-05-01,7062.0,7617.65625,61,5,2019-12-01
xgboost_base,2020-06-01,6948.0,8075.71044921875,61,6,2019-12-01
xgboost_base,2020-02-01,6848.0,6379.9658203125,62,1,2020-01-01
xgboost_base,2020-03-01,7324.0,6897.7119140625,62,2,2020-01-01
xgboost_base,2020-04-01,5978.0,6947.58203125,62,3,2020-01-01
xgboost_base,2020-05-01,7062.0,7639.8720703125,62,4,2020-01-01
xgboost_base,2020-06-01,6948.0,8069.10546875,62,5,2020-01-01
xgboost_base,2020-07-01,7392.0,8444.4697265625,62,6,2020-01-01
xgboost_base,2020-03-01,7324.0,6886.50146484375,63,1,2020-02-01
xgboost_base,2020-04-01,5978.0,6939.173828125,63,2,2020-02-01
xgboost_base,2020-05-01,7062.0,7604.05517578125,63,3,2020-02-01
xgboost_base,2020-06-01,6948.0,8070.28564453125,63,4,2020-02-01
xgboost_base,2020-07-01,7392.0,8235.748046875,63,5,2020-02-01
xgboost_base,2020-08-01,7678.0,8359.5380859375,63,6,2020-02-01
xgboost_base,2020-04-01,5978.0,7190.228515625,64,1,2020-03-01
xgboost_base,2020-05-01,7062.0,7674.07568359375,64,2,2020-03-01
xgboost_base,2020-06-01,6948.0,8236.484375,64,3,2020-03-01
xgboost_base,2020-07-01,7392.0,8300.9296875,64,4,2020-03-01
xgboost_base,2020-08-01,7678.0,8297.74609375,64,5,2020-03-01
xgboost_base,2020-09-01,7005.0,7617.09033203125,64,6,2020-03-01
xgboost_base,2020-05-01,7062.0,7524.0908203125,65,1,2020-04-01
xgboost_base,2020-06-01,6948.0,7998.56396484375,65,2,2020-04-01
xgboost_base,2020-07-01,7392.0,7849.052734375,65,3,2020-04-01
xgboost_base,2020-08-01,7678.0,8241.189453125,65,4,2020-04-01
xgboost_base,2020-09-01,7005.0,7589.59375,65,5,2020-04-01
xgboost_base,2020-10-01,7385.0,7254.84326171875,65,6,2020-04-01
xgboost_base,2020-06-01,6948.0,7839.5693359375,66,1,2020-05-01
xgboost_base,2020-07-01,7392.0,7933.66796875,66,2,2020-05-01
xgboost_base,2020-08-01,7678.0,8393.314453125,66,3,2020-05-01
xgboost_base,2020-09-01,7005.0,7760.35888671875,66,4,2020-05-01
xgboost_base,2020-10-01,7385.0,7314.6943359375,66,5,2020-05-01
xgboost_base,2020-11-01,6872.0,7076.91259765625,66,6,2020-05-01
xgboost_base,2020-07-01,7392.0,7616.603515625,67,1,2020-06-01
xgboost_base,2020-08-01,7678.0,8023.7412109375,67,2,2020-06-01
xgboost_base,2020-09-01,7005.0,8006.39892578125,67,3,2020-06-01
xgboost_base,2020-10-01,7385.0,7576.39013671875,67,4,2020-06-01
xgboost_base,2020-11-01,6872.0,7036.4033203125,67,5,2020-06-01
xgboost_base,2020-12-01,6781.0,7035.64892578125,67,6,2020-06-01
xgboost_base,2020-08-01,7678.0,7852.0341796875,68,1,2020-07-01
xgboost_base,2020-09-01,7005.0,8006.08056640625,68,2,2020-07-01
xgboost_base,2020-10-01,7385.0,7640.2568359375,68,3,2020-07-01
xgboost_base,2020-11-01,6872.0,7131.47314453125,68,4,2020-07-01
xgboost_base,2020-12-01,6781.0,6986.470703125,68,5,2020-07-01
xgboost_base,2021-01-01,6917.0,7060.41796875,68,6,2020-07-01
xgboost_base,2020-09-01,7005.0,7872.77978515625,69,1,2020-08-01
xgboost_base,2020-10-01,7385.0,7636.00927734375,69,2,2020-08-01
xgboost_base,2020-11-01,6872.0,7120.365234375,69,3,2020-08-01
xgboost_base,2020-12-01,6781.0,7102.9609375,69,4,2020-08-01
xgboost_base,2021-01-01,6917.0,7130.01318359375,69,5,2020-08-01
xgboost_base,2021-02-01,6217.0,7087.51904296875,69,6,2020-08-01
xgboost_base,2020-10-01,7385.0,7296.35546875,70,1,2020-09-01
xgboost_base,2020-11-01,6872.0,7045.74609375,70,2,2020-09-01
xgboost_base,2020-12-01,6781.0,7111.8740234375,70,3,2020-09-01
xgboost_base,2021-01-01,6917.0,7085.02587890625,70,4,2020-09-01
xgboost_base,2021-02-01,6217.0,7045.62939453125,70,5,2020-09-01
xgboost_base,2021-03-01,7569.0,7238.2939453125,70,6,2020-09-01
xgboost_base,2020-11-01,6872.0,7063.3642578125,71,1,2020-10-01
xgboost_base,2020-12-01,6781.0,7157.71240234375,71,2,2020-10-01
xgboost_base,2021-01-01,6917.0,7148.08544921875,71,3,2020-10-01
xgboost_base,2021-02-01,6217.0,7051.2119140625,71,4,2020-10-01
xgboost_base,2021-03-01,7569.0,7259.5966796875,71,5,2020-10-01
xgboost_base,2021-04-01,6917.0,6618.39697265625,71,6,2020-10-01
xgboost_base,2020-12-01,6781.0,7046.08544921875,72,1,2020-11-01
xgboost_base,2021-01-01,6917.0,7089.43505859375,72,2,2020-11-01
xgboost_base,2021-02-01,6217.0,6978.2119140625,72,3,2020-11-01
xgboost_base,2021-03-01,7569.0,7355.32421875,72,4,2020-11-01
xgboost_base,2021-04-01,6917.0,6516.07421875,72,5,2020-11-01
xgboost_base,2021-05-01,8253.0,6940.47314453125,72,6,2020-11-01
xgboost_base,2021-01-01,6917.0,6976.04052734375,73,1,2020-12-01
xgboost_base,2021-02-01,6217.0,6926.30029296875,73,2,2020-12-01
xgboost_base,2021-03-01,7569.0,7171.4677734375,73,3,2020-12-01
xgboost_base,2021-04-01,6917.0,6540.1142578125,73,4,2020-12-01
xgboost_base,2021-05-01,8253.0,6880.599609375,73,5,2020-12-01
xgboost_base,2021-06-01,8153.0,6954.2275390625,73,6,2020-12-01
xgboost_base,2021-02-01,6217.0,6901.736328125,74,1,2021-01-01
xgboost_base,2021-03-01,7569.0,7183.7939453125,74,2,2021-01-01
xgboost_base,2021-04-01,6917.0,6507.54248046875,74,3,2021-01-01
xgboost_base,2021-05-01,8253.0,6913.4931640625,74,4,2021-01-01
xgboost_base,2021-06-01,8153.0,6974.84521484375,74,5,2021-01-01
xgboost_base,2021-07-01,9251.0,7502.837890625,74,6,2021-01-01
xgboost_base,2021-03-01,7569.0,7084.08203125,75,1,2021-02-01
xgboost_base,2021-04-01,6917.0,6408.77392578125,75,2,2021-02-01
xgboost_base,2021-05-01,8253.0,6867.63037109375,75,3,2021-02-01
xgboost_base,2021-06-01,8153.0,7117.771484375,75,4,2021-02-01
xgboost_base,2021-07-01,9251.0,7429.8916015625,75,5,2021-02-01
xgboost_base,2021-08-01,8830.0,7735.3125,75,6,2021-02-01
xgboost_base,2021-04-01,6917.0,6570.0751953125,76,1,2021-03-01
xgboost_base,2021-05-01,8253.0,6827.95361328125,76,2,2021-03-01
xgboost_base,2021-06-01,8153.0,7098.82177734375,76,3,2021-03-01
xgboost_base,2021-07-01,9251.0,7285.30029296875,76,4,2021-03-01
xgboost_base,2021-08-01,8830.0,7753.62109375,76,5,2021-03-01
xgboost_base,2021-09-01,7512.0,7217.52734375,76,6,2021-03-01
xgboost_base,2021-05-01,8253.0,6790.56494140625,77,1,2021-04-01
xgboost_base,2021-06-01,8153.0,7026.46630859375,77,2,2021-04-01
xgboost_base,2021-07-01,9251.0,7246.31689453125,77,3,2021-04-01
xgboost_base,2021-08-01,8830.0,7773.50830078125,77,4,2021-04-01
xgboost_base,2021-09-01,7512.0,7218.0009765625,77,5,2021-04-01
xgboost_base,2021-10-01,7656.0,7406.94140625,77,6,2021-04-01
xgboost_base,2021-06-01,8153.0,7399.33203125,78,1,2021-05-01
xgboost_base,2021-07-01,9251.0,7442.095703125,78,2,2021-05-01
xgboost_base,2021-08-01,8830.0,7583.4443359375,78,3,2021-05-01
xgboost_base,2021-09-01,7512.0,6829.6650390625,78,4,2021-05-01
xgboost_base,2021-10-01,7656.0,7280.39892578125,78,5,2021-05-01
xgboost_base,2021-11-01,7603.0,6862.015625,78,6,2021-05-01
xgboost_base,2021-07-01,9251.0,7813.486328125,79,1,2021-06-01
xgboost_base,2021-08-01,8830.0,7841.080078125,79,2,2021-06-01
xgboost_base,2021-09-01,7512.0,7222.18212890625,79,3,2021-06-01
xgboost_base,2021-10-01,7656.0,7409.16943359375,79,4,2021-06-01
xgboost_base,2021-11-01,7603.0,6902.74951171875,79,5,2021-06-01
xgboost_base,2021-12-01,8237.0,6839.53662109375,79,6,2021-06-01
xgboost_base,2021-08-01,8830.0,7670.0595703125,80,1,2021-07-01
xgboost_base,2021-09-01,7512.0,6880.169921875,80,2,2021-07-01
xgboost_base,2021-10-01,7656.0,7355.05810546875,80,3,2021-07-01
xgboost_base,2021-11-01,7603.0,6916.6015625,80,4,2021-07-01
xgboost_base,2021-12-01,8237.0,6870.60791015625,80,5,2021-07-01
xgboost_base,2022-01-01,9582.0,7172.8037109375,80,6,2021-07-01
xgboost_base,2021-09-01,7512.0,7228.11669921875,81,1,2021-08-01
xgboost_base,2021-10-01,7656.0,7315.5712890625,81,2,2021-08-01
xgboost_base,2021-11-01,7603.0,7171.900390625,81,3,2021-08-01
xgboost_base,2021-12-01,8237.0,7069.08154296875,81,4,2021-08-01
xgboost_base,2022-01-01,9582.0,7188.2578125,81,5,2021-08-01
xgboost_base,2022-02-01,7227.0,6720.42138671875,81,6,2021-08-01
xgboost_base,2021-10-01,7656.0,7354.65966796875,82,1,2021-09-01
xgboost_base,2021-11-01,7603.0,7194.6015625,82,2,2021-09-01
xgboost_base,2021-12-01,8237.0,7011.185546875,82,3,2021-09-01
xgboost_base,2022-01-01,9582.0,7181.8701171875,82,4,2021-09-01
xgboost_base,2022-02-01,7227.0,6744.4521484375,82,5,2021-09-01
xgboost_base,2022-03-01,7504.0,7069.13232421875,82,6,2021-09-01
xgboost_base,2021-11-01,7603.0,7182.0244140625,83,1,2021-10-01
xgboost_base,2021-12-01,8237.0,7154.73388671875,83,2,2021-10-01
xgboost_base,2022-01-01,9582.0,7093.78076171875,83,3,2021-10-01
xgboost_base,2022-02-01,7227.0,6737.30810546875,83,4,2021-10-01
xgboost_base,2022-03-01,7504.0,7147.58447265625,83,5,2021-10-01
xgboost_base,2022-04-01,7589.0,6506.966796875,83,6,2021-10-01
xgboost_base,2021-12-01,8237.0,7100.51806640625,84,1,2021-11-01
xgboost_base,2022-01-01,9582.0,7170.51513671875,84,2,2021-11-01
xgboost_base,2022-02-01,7227.0,6812.90771484375,84,3,2021-11-01
xgboost_base,2022-03-01,7504.0,7124.4931640625,84,4,2021-11-01
xgboost_base,2022-04-01,7589.0,6505.392578125,84,5,2021-11-01
xgboost_base,2022-05-01,8846.0,7123.306640625,84,6,2021-11-01
xgboost_base,2022-01-01,9582.0,7849.70703125,85,1,2021-12-01
xgboost_base,2022-02-01,7227.0,7447.783203125,85,2,2021-12-01
xgboost_base,2022-03-01,7504.0,7348.97802734375,85,3,2021-12-01
xgboost_base,2022-04-01,7589.0,6755.50927734375,85,4,2021-12-01
xgboost_base,2022-05-01,8846.0,6923.53271484375,85,5,2021-12-01
xgboost_base,2022-06-01,9057.0,7117.267578125,85,6,2021-12-01
xgboost_base,2022-02-01,7227.0,8155.49462890625,86,1,2022-01-01
xgboost_base,2022-03-01,7504.0,8660.736328125,86,2,2022-01-01
xgboost_base,2022-04-01,7589.0,8544.2431640625,86,3,2022-01-01
xgboost_base,2022-05-01,8846.0,8305.228515625,86,4,2022-01-01
xgboost_base,2022-06-01,9057.0,8529.0849609375,86,5,2022-01-01
xgboost_base,2022-07-01,8699.0,8664.9736328125,86,6,2022-01-01
xgboost_base,2022-03-01,7504.0,7197.72216796875,87,1,2022-02-01
xgboost_base,2022-04-01,7589.0,6685.2724609375,87,2,2022-02-01
xgboost_base,2022-05-01,8846.0,6943.04248046875,87,3,2022-02-01
xgboost_base,2022-06-01,9057.0,7183.595703125,87,4,2022-02-01
xgboost_base,2022-07-01,8699.0,7446.349609375,87,5,2022-02-01
xgboost_base,2022-08-01,8834.0,7652.0390625,87,6,2022-02-01
xgboost_base,2022-04-01,7589.0,6607.41845703125,88,1,2022-03-01
xgboost_base,2022-05-01,8846.0,6930.96484375,88,2,2022-03-01
xgboost_base,2022-06-01,9057.0,7262.25048828125,88,3,2022-03-01
xgboost_base,2022-07-01,8699.0,7564.90869140625,88,4,2022-03-01
xgboost_base,2022-08-01,8834.0,7945.18115234375,88,5,2022-03-01
xgboost_base,2022-09-01,8228.0,8096.48193359375,88,6,2022-03-01
xgboost_base,2022-05-01,8846.0,7637.75732421875,89,1,2022-04-01
xgboost_base,2022-06-01,9057.0,8072.78271484375,89,2,2022-04-01
xgboost_base,2022-07-01,8699.0,8761.447265625,89,3,2022-04-01
xgboost_base,2022-08-01,8834.0,8578.431640625,89,4,2022-04-01
xgboost_base,2022-09-01,8228.0,8484.40625,89,5,2022-04-01
xgboost_base,2022-10-01,8388.0,8192.6337890625,89,6,2022-04-01
xgboost_base,2022-06-01,9057.0,9205.6962890625,90,1,2022-05-01
xgboost_base,2022-07-01,8699.0,8619.4736328125,90,2,2022-05-01
xgboost_base,2022-08-01,8834.0,8034.24658203125,90,3,2022-05-01
xgboost_base,2022-09-01,8228.0,8005.66845703125,90,4,2022-05-01
xgboost_base,2022-10-01,8388.0,8165.11474609375,90,5,2022-05-01
xgboost_base,2022-11-01,7588.0,8947.8603515625,90,6,2022-05-01
xgboost_base,2022-07-01,8699.0,8808.529296875,91,1,2022-06-01
xgboost_base,2022-08-01,8834.0,8295.2265625,91,2,2022-06-01
xgboost_base,2022-09-01,8228.0,8340.4345703125,91,3,2022-06-01
xgboost_base,2022-10-01,8388.0,8421.529296875,91,4,2022-06-01
xgboost_base,2022-11-01,7588.0,8530.564453125,91,5,2022-06-01
xgboost_base,2022-12-01,7850.0,8630.83984375,91,6,2022-06-01
xgboost_base,2022-08-01,8834.0,8393.48046875,92,1,2022-07-01
xgboost_base,2022-09-01,8228.0,8314.8271484375,92,2,2022-07-01
xgboost_base,2022-10-01,8388.0,8310.99609375,92,3,2022-07-01
xgboost_base,2022-11-01,7588.0,8455.703125,92,4,2022-07-01
xgboost_base,2022-12-01,7850.0,8544.462890625,92,5,2022-07-01
xgboost_base,2023-01-01,7563.0,8514.3759765625,92,6,2022-07-01
xgboost_base,2022-09-01,8228.0,8492.380859375,93,1,2022-08-01
xgboost_base,2022-10-01,8388.0,8603.625,93,2,2022-08-01
xgboost_base,2022-11-01,7588.0,8768.2392578125,93,3,2022-08-01
xgboost_base,2022-12-01,7850.0,8808.0986328125,93,4,2022-08-01
xgboost_base,2023-01-01,7563.0,8801.568359375,93,5,2022-08-01
xgboost_base,2023-02-01,6551.0,8691.5634765625,93,6,2022-08-01
xgboost_base,2022-10-01,8388.0,8580.76953125,94,1,2022-09-01
xgboost_base,2022-11-01,7588.0,8754.138671875,94,2,2022-09-01
xgboost_base,2022-12-01,7850.0,8796.4736328125,94,3,2022-09-01
xgboost_base,2023-01-01,7563.0,8750.6494140625,94,4,2022-09-01
xgboost_base,2023-02-01,6551.0,8611.0908203125,94,5,2022-09-01
xgboost_base,2023-03-01,7507.0,8628.60546875,94,6,2022-09-01
xgboost_base,2022-11-01,7588.0,8631.134765625,95,1,2022-10-01
xgboost_base,2022-12-01,7850.0,8754.53515625,95,2,2022-10-01
xgboost_base,2023-01-01,7563.0,8662.513671875,95,3,2022-10-01
xgboost_base,2023-02-01,6551.0,8539.9248046875,95,4,2022-10-01
xgboost_base,2023-03-01,7507.0,8538.763671875,95,5,2022-10-01
xgboost_base,2023-04-01,7745.0,8622.8544921875,95,6,2022-10-01
xgboost_base,2022-12-01,7850.0,8417.951171875,96,1,2022-11-01
xgboost_base,2023-01-01,7563.0,8545.4990234375,96,2,2022-11-01
xgboost_base,2023-02-01,6551.0,8619.173828125,96,3,2022-11-01
xgboost_base,2023-03-01,7507.0,8717.4453125,96,4,2022-11-01
xgboost_base,2023-04-01,7745.0,8308.158203125,96,5,2022-11-01
xgboost_base,2023-05-01,8600.0,8591.5927734375,96,6,2022-11-01
xgboost_base,2023-01-01,7563.0,8337.4580078125,97,1,2022-12-01
xgboost_base,2023-02-01,6551.0,8596.837890625,97,2,2022-12-01
xgboost_base,2023-03-01,7507.0,8678.58203125,97,3,2022-12-01
xgboost_base,2023-04-01,7745.0,8193.9404296875,97,4,2022-12-01
xgboost_base,2023-05-01,8600.0,8479.736328125,97,5,2022-12-01
xgboost_base,2023-06-01,9151.0,8272.7021484375,97,6,2022-12-01
xgboost_base,2023-02-01,6551.0,7892.19580078125,98,1,2023-01-01
xgboost_base,2023-03-01,7507.0,8172.6748046875,98,2,2023-01-01
xgboost_base,2023-04-01,7745.0,8439.3212890625,98,3,2023-01-01
xgboost_base,2023-05-01,8600.0,8626.6904296875,98,4,2023-01-01
xgboost_base,2023-06-01,9151.0,8402.1259765625,98,5,2023-01-01
xgboost_base,2023-07-01,9183.0,8308.1787109375,98,6,2023-01-01
xgboost_base,2023-03-01,7507.0,7160.111328125,99,1,2023-02-01
xgboost_base,2023-04-01,7745.0,7203.39794921875,99,2,2023-02-01
xgboost_base,2023-05-01,8600.0,7329.84375,99,3,2023-02-01
xgboost_base,2023-06-01,9151.0,7814.67041015625,99,4,2023-02-01
xgboost_base,2023-07-01,9183.0,8352.259765625,99,5,2023-02-01
xgboost_base,2023-08-01,8297.0,8795.0078125,99,6,2023-02-01
xgboost_base,2023-04-01,7745.0,7424.2998046875,100,1,2023-03-01
xgboost_base,2023-05-01,8600.0,7672.70166015625,100,2,2023-03-01
xgboost_base,2023-06-01,9151.0,8314.4287109375,100,3,2023-03-01
xgboost_base,2023-07-01,9183.0,8913.6728515625,100,4,2023-03-01
xgboost_base,2023-08-01,8297.0,8677.5341796875,100,5,2023-03-01
xgboost_base,2023-09-01,7823.0,8355.0107421875,100,6,2023-03-01
xgboost_base,2023-05-01,8600.0,8538.833984375,101,1,2023-04-01
xgboost_base,2023-06-01,9151.0,8804.9814453125,101,2,2023-04-01
xgboost_base,2023-07-01,9183.0,8622.0537109375,101,3,2023-04-01
xgboost_base,2023-08-01,8297.0,8482.5771484375,101,4,2023-04-01
xgboost_base,2023-09-01,7823.0,8332.125,101,5,2023-04-01
xgboost_base,2023-10-01,7507.0,8356.58203125,101,6,2023-04-01
xgboost_base,2023-06-01,9151.0,8682.724609375,102,1,2023-05-01
xgboost_base,2023-07-01,9183.0,8651.9462890625,102,2,2023-05-01
xgboost_base,2023-08-01,8297.0,8369.1376953125,102,3,2023-05-01
xgboost_base,2023-09-01,7823.0,8252.1328125,102,4,2023-05-01
xgboost_base,2023-10-01,7507.0,8333.64453125,102,5,2023-05-01
xgboost_base,2023-11-01,8107.0,7949.44482421875,102,6,2023-05-01
xgboost_base,2023-07-01,9183.0,8498.927734375,103,1,2023-06-01
xgboost_base,2023-08-01,8297.0,8462.5361328125,103,2,2023-06-01
xgboost_base,2023-09-01,7823.0,8247.552734375,103,3,2023-06-01
xgboost_base,2023-10-01,7507.0,8433.3349609375,103,4,2023-06-01
xgboost_base,2023-11-01,8107.0,8004.86962890625,103,5,2023-06-01
xgboost_base,2023-12-01,7504.0,7723.63330078125,103,6,2023-06-01
xgboost_roll,2015-01-01,7184.0,6226.22412109375,1,1,2014-12-01
xgboost_roll,2015-02-01,5958.0,6417.7666015625,1,2,2014-12-01
xgboost_roll,2015-03-01,6658.0,6290.25048828125,1,3,2014-12-01
xgboost_roll,2015-04-01,7069.0,6252.8740234375,1,4,2014-12-01
xgboost_roll,2015-05-01,8099.0,7429.5595703125,1,5,2014-12-01
xgboost_roll,2015-06-01,7868.0,7449.56640625,1,6,2014-12-01
xgboost_roll,2015-02-01,5958.0,6791.2255859375,2,1,2015-01-01
xgboost_roll,2015-03-01,6658.0,6323.083984375,2,2,2015-01-01
xgboost_roll,2015-04-01,7069.0,6447.0771484375,2,3,2015-01-01
xgboost_roll,2015-05-01,8099.0,7277.0732421875,2,4,2015-01-01
xgboost_roll,2015-06-01,7868.0,7275.42822265625,2,5,2015-01-01
xgboost_roll,2015-07-01,7986.0,7565.21044921875,2,6,2015-01-01
xgboost_roll,2015-03-01,6658.0,6638.68359375,3,1,2015-02-01
xgboost_roll,2015-04-01,7069.0,6476.3076171875,3,2,2015-02-01
xgboost_roll,2015-05-01,8099.0,7132.8037109375,3,3,2015-02-01
xgboost_roll,2015-06-01,7868.0,7392.69189453125,3,4,2015-02-01
xgboost_roll,2015-07-01,7986.0,7776.9765625,3,5,2015-02-01
xgboost_roll,2015-08-01,7251.0,7527.6904296875,3,6,2015-02-01
xgboost_roll,2015-04-01,7069.0,6403.0048828125,4,1,2015-03-01
xgboost_roll,2015-05-01,8099.0,7123.53857421875,4,2,2015-03-01
xgboost_roll,2015-06-01,7868.0,7383.0947265625,4,3,2015-03-01
xgboost_roll,2015-07-01,7986.0,7834.42431640625,4,4,2015-03-01
xgboost_roll,2015-08-01,7251.0,7543.56494140625,4,5,2015-03-01
xgboost_roll,2015-09-01,7163.0,6812.2998046875,4,6,2015-03-01
xgboost_roll,2015-05-01,8099.0,7205.82861328125,5,1,2015-04-01
xgboost_roll,2015-06-01,7868.0,7431.443359375,5,2,2015-04-01
xgboost_roll,2015-07-01,7986.0,7621.13525390625,5,3,2015-04-01
xgboost_roll,2015-08-01,7251.0,7276.47998046875,5,4,2015-04-01
xgboost_roll,2015-09-01,7163.0,6744.63818359375,5,5,2015-04-01
xgboost_roll,2015-10-01,6690.0,7222.0458984375,5,6,2015-04-01
xgboost_roll,2015-06-01,7868.0,7837.4501953125,6,1,2015-05-01
xgboost_roll,2015-07-01,7986.0,7269.240234375,6,2,2015-05-01
xgboost_roll,2015-08-01,7251.0,7522.48974609375,6,3,2015-05-01
xgboost_roll,2015-09-01,7163.0,6735.76611328125,6,4,2015-05-01
xgboost_roll,2015-10-01,6690.0,7429.06787109375,6,5,2015-05-01
xgboost_roll,2015-11-01,6392.0,6524.01416015625,6,6,2015-05-01
xgboost_roll,2015-07-01,7986.0,7359.0712890625,7,1,2015-06-01
xgboost_roll,2015-08-01,7251.0,7565.17138671875,7,2,2015-06-01
xgboost_roll,2015-09-01,7163.0,6693.30224609375,7,3,2015-06-01
xgboost_roll,2015-10-01,6690.0,7492.93603515625,7,4,2015-06-01
xgboost_roll,2015-11-01,6392.0,6494.19873046875,7,5,2015-06-01
xgboost_roll,2015-12-01,6753.0,6760.1767578125,7,6,2015-06-01
xgboost_roll,2015-08-01,7251.0,7617.5625,8,1,2015-07-01
xgboost_roll,2015-09-01,7163.0,6688.11328125,8,2,2015-07-01
xgboost_roll,2015-10-01,6690.0,7546.826171875,8,3,2015-07-01
xgboost_roll,2015-11-01,6392.0,6593.37744140625,8,4,2015-07-01
xgboost_roll,2015-12-01,6753.0,6959.6025390625,8,5,2015-07-01
xgboost_roll,2016-01-01,6753.0,7134.841796875,8,6,2015-07-01
xgboost_roll,2015-09-01,7163.0,6847.52490234375,9,1,2015-08-01
xgboost_roll,2015-10-01,6690.0,7447.484375,9,2,2015-08-01
xgboost_roll,2015-11-01,6392.0,6470.22412109375,9,3,2015-08-01
xgboost_roll,2015-12-01,6753.0,6872.54443359375,9,4,2015-08-01
xgboost_roll,2016-01-01,6753.0,6923.0888671875,9,5,2015-08-01
xgboost_roll,2016-02-01,6385.0,6245.8095703125,9,6,2015-08-01
xgboost_roll,2015-10-01,6690.0,7449.80322265625,10,1,2015-09-01
xgboost_roll,2015-11-01,6392.0,6591.9052734375,10,2,2015-09-01
xgboost_roll,2015-12-01,6753.0,6871.32177734375,10,3,2015-09-01
xgboost_roll,2016-01-01,6753.0,7045.443359375,10,4,2015-09-01
xgboost_roll,2016-02-01,6385.0,6307.11083984375,10,5,2015-09-01
xgboost_roll,2016-03-01,7164.0,6838.89404296875,10,6,2015-09-01
xgboost_roll,2015-11-01,6392.0,6516.14306640625,11,1,2015-10-01
xgboost_roll,2015-12-01,6753.0,6758.18359375,11,2,2015-10-01
xgboost_roll,2016-01-01,6753.0,7073.45654296875,11,3,2015-10-01
xgboost_roll,2016-02-01,6385.0,6358.36865234375,11,4,2015-10-01
xgboost_roll,2016-03-01,7164.0,6607.66650390625,11,5,2015-10-01
xgboost_roll,2016-04-01,7192.0,7157.45751953125,11,6,2015-10-01
xgboost_roll,2015-12-01,6753.0,6782.4521484375,12,1,2015-11-01
xgboost_roll,2016-01-01,6753.0,7081.69873046875,12,2,2015-11-01
xgboost_roll,2016-02-01,6385.0,6330.62060546875,12,3,2015-11-01
xgboost_roll,2016-03-01,7164.0,6742.17431640625,12,4,2015-11-01
xgboost_roll,2016-04-01,7192.0,7185.220703125,12,5,2015-11-01
xgboost_roll,2016-05-01,7743.0,7538.322265625,12,6,2015-11-01
xgboost_roll,2016-01-01,6753.0,7030.17626953125,13,1,2015-12-01
xgboost_roll,2016-02-01,6385.0,6317.18310546875,13,2,2015-12-01
xgboost_roll,2016-03-01,7164.0,6435.32275390625,13,3,2015-12-01
xgboost_roll,2016-04-01,7192.0,7122.7392578125,13,4,2015-12-01
xgboost_roll,2016-05-01,7743.0,7497.7060546875,13,5,2015-12-01
xgboost_roll,2016-06-01,8767.0,7490.0859375,13,6,2015-12-01
xgboost_roll,2016-02-01,6385.0,6407.083984375,14,1,2016-01-01
xgboost_roll,2016-03-01,7164.0,6474.2587890625,14,2,2016-01-01
xgboost_roll,2016-04-01,7192.0,7135.78759765625,14,3,2016-01-01
xgboost_roll,2016-05-01,7743.0,7445.46337890625,14,4,2016-01-01
xgboost_roll,2016-06-01,8767.0,7507.96875,14,5,2016-01-01
xgboost_roll,2016-07-01,8479.0,7678.18310546875,14,6,2016-01-01
xgboost_roll,2016-03-01,7164.0,6474.81201171875,15,1,2016-02-01
xgboost_roll,2016-04-01,7192.0,7137.619140625,15,2,2016-02-01
xgboost_roll,2016-05-01,7743.0,7418.4560546875,15,3,2016-02-01
xgboost_roll,2016-06-01,8767.0,7495.205078125,15,4,2016-02-01
xgboost_roll,2016-07-01,8479.0,7693.74951171875,15,5,2016-02-01
xgboost_roll,2016-08-01,7890.0,7051.97802734375,15,6,2016-02-01
xgboost_roll,2016-04-01,7192.0,7258.7177734375,16,1,2016-03-01
xgboost_roll,2016-05-01,7743.0,7523.1533203125,16,2,2016-03-01
xgboost_roll,2016-06-01,8767.0,7351.626953125,16,3,2016-03-01
xgboost_roll,2016-07-01,8479.0,7595.99462890625,16,4,2016-03-01
xgboost_roll,2016-08-01,7890.0,7025.28564453125,16,5,2016-03-01
xgboost_roll,2016-09-01,7317.0,6789.35693359375,16,6,2016-03-01
xgboost_roll,2016-05-01,7743.0,7464.51806640625,17,1,2016-04-01
xgboost_roll,2016-06-01,8767.0,7349.55908203125,17,2,2016-04-01
xgboost_roll,2016-07-01,8479.0,7589.015625,17,3,2016-04-01
xgboost_roll,2016-08-01,7890.0,6984.2783203125,17,4,2016-04-01
xgboost_roll,2016-09-01,7317.0,6775.2998046875,17,5,2016-04-01
xgboost_roll,2016-10-01,7426.0,6601.12890625,17,6,2016-04-01
xgboost_roll,2016-06-01,8767.0,7369.0234375,18,1,2016-05-01
xgboost_roll,2016-07-01,8479.0,7587.5986328125,18,2,2016-05-01
xgboost_roll,2016-08-01,7890.0,7012.36767578125,18,3,2016-05-01
xgboost_roll,2016-09-01,7317.0,6818.18994140625,18,4,2016-05-01
xgboost_roll,2016-10-01,7426.0,6675.150390625,18,5,2016-05-01
xgboost_roll,2016-11-01,6700.0,6395.1142578125,18,6,2016-05-01
xgboost_roll,2016-07-01,8479.0,7791.228515625,19,1,2016-06-01
xgboost_roll,2016-08-01,7890.0,7421.69970703125,19,2,2016-06-01
xgboost_roll,2016-09-01,7317.0,6898.52978515625,19,3,2016-06-01
xgboost_roll,2016-10-01,7426.0,6715.11376953125,19,4,2016-06-01
xgboost_roll,2016-11-01,6700.0,6495.615234375,19,5,2016-06-01
xgboost_roll,2016-12-01,6994.0,6701.4375,19,6,2016-06-01
xgboost_roll,2016-08-01,7890.0,7346.548828125,20,1,2016-07-01
xgboost_roll,2016-09-01,7317.0,6945.92041015625,20,2,2016-07-01
xgboost_roll,2016-10-01,7426.0,6693.8388671875,20,3,2016-07-01
xgboost_roll,2016-11-01,6700.0,6495.82763671875,20,4,2016-07-01
xgboost_roll,2016-12-01,6994.0,6743.4814453125,20,5,2016-07-01
xgboost_roll,2017-01-01,6788.0,6662.5849609375,20,6,2016-07-01
xgboost_roll,2016-09-01,7317.0,7063.44580078125,21,1,2016-08-01
xgboost_roll,2016-10-01,7426.0,6719.59521484375,21,2,2016-08-01
xgboost_roll,2016-11-01,6700.0,6547.4287109375,21,3,2016-08-01
xgboost_roll,2016-12-01,6994.0,6687.33935546875,21,4,2016-08-01
xgboost_roll,2017-01-01,6788.0,6730.7529296875,21,5,2016-08-01
xgboost_roll,2017-02-01,6271.0,6639.1201171875,21,6,2016-08-01
xgboost_roll,2016-10-01,7426.0,6794.24072265625,22,1,2016-09-01
xgboost_roll,2016-11-01,6700.0,6626.61376953125,22,2,2016-09-01
xgboost_roll,2016-12-01,6994.0,6648.16259765625,22,3,2016-09-01
xgboost_roll,2017-01-01,6788.0,6782.34228515625,22,4,2016-09-01
xgboost_roll,2017-02-01,6271.0,6640.890625,22,5,2016-09-01
xgboost_roll,2017-03-01,6794.0,7495.0966796875,22,6,2016-09-01
xgboost_roll,2016-11-01,6700.0,6815.44775390625,23,1,2016-10-01
xgboost_roll,2016-12-01,6994.0,6842.80322265625,23,2,2016-10-01
xgboost_roll,2017-01-01,6788.0,6979.765625,23,3,2016-10-01
xgboost_roll,2017-02-01,6271.0,6761.0888671875,23,4,2016-10-01
xgboost_roll,2017-03-01,6794.0,7600.13037109375,23,5,2016-10-01
xgboost_roll,2017-04-01,6884.0,7910.8359375,23,6,2016-10-01
xgboost_roll,2016-12-01,6994.0,6886.68359375,24,1,2016-11-01
xgboost_roll,2017-01-01,6788.0,6908.76416015625,24,2,2016-11-01
xgboost_roll,2017-02-01,6271.0,6778.59814453125,24,3,2016-11-01
xgboost_roll,2017-03-01,6794.0,7610.99853515625,24,4,2016-11-01
xgboost_roll,2017-04-01,6884.0,7874.80419921875,24,5,2016-11-01
xgboost_roll,2017-05-01,7651.0,7860.99755859375,24,6,2016-11-01
xgboost_roll,2017-01-01,6788.0,6926.8203125,25,1,2016-12-01
xgboost_roll,2017-02-01,6271.0,6745.6533203125,25,2,2016-12-01
xgboost_roll,2017-03-01,6794.0,7616.69677734375,25,3,2016-12-01
xgboost_roll,2017-04-01,6884.0,7896.48486328125,25,4,2016-12-01
xgboost_roll,2017-05-01,7651.0,7954.806640625,25,5,2016-12-01
xgboost_roll,2017-06-01,8009.0,8128.0654296875,25,6,2016-12-01
xgboost_roll,2017-02-01,6271.0,6688.5146484375,26,1,2017-01-01
xgboost_roll,2017-03-01,6794.0,7589.93115234375,26,2,2017-01-01
xgboost_roll,2017-04-01,6884.0,7836.677734375,26,3,2017-01-01
xgboost_roll,2017-05-01,7651.0,7963.79345703125,26,4,2017-01-01
xgboost_roll,2017-06-01,8009.0,8201.66015625,26,5,2017-01-01
xgboost_roll,2017-07-01,8694.0,7944.23828125,26,6,2017-01-01
xgboost_roll,2017-03-01,6794.0,7658.93310546875,27,1,2017-02-01
xgboost_roll,2017-04-01,6884.0,7768.50390625,27,2,2017-02-01
xgboost_roll,2017-05-01,7651.0,7876.40966796875,27,3,2017-02-01
xgboost_roll,2017-06-01,8009.0,8262.673828125,27,4,2017-02-01
xgboost_roll,2017-07-01,8694.0,8032.4052734375,27,5,2017-02-01
xgboost_roll,2017-08-01,8130.0,8004.5654296875,27,6,2017-02-01
xgboost_roll,2017-04-01,6884.0,7415.22900390625,28,1,2017-03-01
xgboost_roll,2017-05-01,7651.0,7847.30078125,28,2,2017-03-01
xgboost_roll,2017-06-01,8009.0,8163.09912109375,28,3,2017-03-01
xgboost_roll,2017-07-01,8694.0,8262.6435546875,28,4,2017-03-01
xgboost_roll,2017-08-01,8130.0,7998.50537109375,28,5,2017-03-01
xgboost_roll,2017-09-01,7446.0,7591.99658203125,28,6,2017-03-01
xgboost_roll,2017-05-01,7651.0,7625.15576171875,29,1,2017-04-01
xgboost_roll,2017-06-01,8009.0,8167.138671875,29,2,2017-04-01
xgboost_roll,2017-07-01,8694.0,8147.1083984375,29,3,2017-04-01
xgboost_roll,2017-08-01,8130.0,8022.56591796875,29,4,2017-04-01
xgboost_roll,2017-09-01,7446.0,7596.49658203125,29,5,2017-04-01
xgboost_roll,2017-10-01,7282.0,7693.4501953125,29,6,2017-04-01
xgboost_roll,2017-06-01,8009.0,8161.6904296875,30,1,2017-05-01
xgboost_roll,2017-07-01,8694.0,8191.06884765625,30,2,2017-05-01
xgboost_roll,2017-08-01,8130.0,7979.85302734375,30,3,2017-05-01
xgboost_roll,2017-09-01,7446.0,7613.80322265625,30,4,2017-05-01
xgboost_roll,2017-10-01,7282.0,7710.1474609375,30,5,2017-05-01
xgboost_roll,2017-11-01,6830.0,7081.60205078125,30,6,2017-05-01
xgboost_roll,2017-07-01,8694.0,8097.62646484375,31,1,2017-06-01
xgboost_roll,2017-08-01,8130.0,7882.51806640625,31,2,2017-06-01
xgboost_roll,2017-09-01,7446.0,7649.1767578125,31,3,2017-06-01
xgboost_roll,2017-10-01,7282.0,7651.71435546875,31,4,2017-06-01
xgboost_roll,2017-11-01,6830.0,7173.5546875,31,5,2017-06-01
xgboost_roll,2017-12-01,6946.0,6889.6630859375,31,6,2017-06-01
xgboost_roll,2017-08-01,8130.0,8040.77587890625,32,1,2017-07-01
xgboost_roll,2017-09-01,7446.0,7927.28466796875,32,2,2017-07-01
xgboost_roll,2017-10-01,7282.0,7817.02392578125,32,3,2017-07-01
xgboost_roll,2017-11-01,6830.0,7230.35107421875,32,4,2017-07-01
xgboost_roll,2017-12-01,6946.0,7006.20361328125,32,5,2017-07-01
xgboost_roll,2018-01-01,6886.0,6808.7548828125,32,6,2017-07-01
xgboost_roll,2017-09-01,7446.0,7852.61572265625,33,1,2017-08-01
xgboost_roll,2017-10-01,7282.0,7868.87890625,33,2,2017-08-01
xgboost_roll,2017-11-01,6830.0,7250.8642578125,33,3,2017-08-01
xgboost_roll,2017-12-01,6946.0,7011.3193359375,33,4,2017-08-01
xgboost_roll,2018-01-01,6886.0,6859.43798828125,33,5,2017-08-01
xgboost_roll,2018-02-01,5960.0,6569.5361328125,33,6,2017-08-01
xgboost_roll,2017-10-01,7282.0,7758.45849609375,34,1,2017-09-01
xgboost_roll,2017-11-01,6830.0,7239.28857421875,34,2,2017-09-01
xgboost_roll,2017-12-01,6946.0,6987.41650390625,34,3,2017-09-01
xgboost_roll,2018-01-01,6886.0,6846.82080078125,34,4,2017-09-01
xgboost_roll,2018-02-01,5960.0,6608.4033203125,34,5,2017-09-01
xgboost_roll,2018-03-01,6930.0,6734.8515625,34,6,2017-09-01
xgboost_roll,2017-11-01,6830.0,7190.21533203125,35,1,2017-10-01
xgboost_roll,2017-12-01,6946.0,6850.86669921875,35,2,2017-10-01
xgboost_roll,2018-01-01,6886.0,6698.150390625,35,3,2017-10-01
xgboost_roll,2018-02-01,5960.0,6600.85595703125,35,4,2017-10-01
xgboost_roll,2018-03-01,6930.0,6686.60205078125,35,5,2017-10-01
xgboost_roll,2018-04-01,6769.0,6816.7265625,35,6,2017-10-01
xgboost_roll,2017-12-01,6946.0,6898.29541015625,36,1,2017-11-01
xgboost_roll,2018-01-01,6886.0,6699.0,36,2,2017-11-01
xgboost_roll,2018-02-01,5960.0,6568.01318359375,36,3,2017-11-01
xgboost_roll,2018-03-01,6930.0,6633.70947265625,36,4,2017-11-01
xgboost_roll,2018-04-01,6769.0,6761.564453125,36,5,2017-11-01
xgboost_roll,2018-05-01,7511.0,7405.666015625,36,6,2017-11-01
xgboost_roll,2018-01-01,6886.0,6717.095703125,37,1,2017-12-01
xgboost_roll,2018-02-01,5960.0,6561.43212890625,37,2,2017-12-01
xgboost_roll,2018-03-01,6930.0,6702.85595703125,37,3,2017-12-01
xgboost_roll,2018-04-01,6769.0,6843.6513671875,37,4,2017-12-01
xgboost_roll,2018-05-01,7511.0,7514.56884765625,37,5,2017-12-01
xgboost_roll,2018-06-01,8057.0,7937.9150390625,37,6,2017-12-01
xgboost_roll,2018-02-01,5960.0,6610.32421875,38,1,2018-01-01
xgboost_roll,2018-03-01,6930.0,6712.880859375,38,2,2018-01-01
xgboost_roll,2018-04-01,6769.0,6860.1357421875,38,3,2018-01-01
xgboost_roll,2018-05-01,7511.0,7518.39599609375,38,4,2018-01-01
xgboost_roll,2018-06-01,8057.0,7923.3203125,38,5,2018-01-01
xgboost_roll,2018-07-01,8175.0,8449.8955078125,38,6,2018-01-01
xgboost_roll,2018-03-01,6930.0,6745.31884765625,39,1,2018-02-01
xgboost_roll,2018-04-01,6769.0,6950.68994140625,39,2,2018-02-01
xgboost_roll,2018-05-01,7511.0,7669.08251953125,39,3,2018-02-01
xgboost_roll,2018-06-01,8057.0,8009.4677734375,39,4,2018-02-01
xgboost_roll,2018-07-01,8175.0,8474.2568359375,39,5,2018-02-01
xgboost_roll,2018-08-01,8328.0,7948.3564453125,39,6,2018-02-01
xgboost_roll,2018-04-01,6769.0,6955.611328125,40,1,2018-03-01
xgboost_roll,2018-05-01,7511.0,7656.0107421875,40,2,2018-03-01
xgboost_roll,2018-06-01,8057.0,7995.29345703125,40,3,2018-03-01
xgboost_roll,2018-07-01,8175.0,8470.7255859375,40,4,2018-03-01
xgboost_roll,2018-08-01,8328.0,7844.029296875,40,5,2018-03-01
xgboost_roll,2018-09-01,7325.0,7480.82763671875,40,6,2018-03-01
xgboost_roll,2018-05-01,7511.0,7587.271484375,41,1,2018-04-01
xgboost_roll,2018-06-01,8057.0,7922.01806640625,41,2,2018-04-01
xgboost_roll,2018-07-01,8175.0,8409.9365234375,41,3,2018-04-01
xgboost_roll,2018-08-01,8328.0,7909.66748046875,41,4,2018-04-01
xgboost_roll,2018-09-01,7325.0,7524.33447265625,41,5,2018-04-01
xgboost_roll,2018-10-01,7202.0,7408.26708984375,41,6,2018-04-01
xgboost_roll,2018-06-01,8057.0,7954.53955078125,42,1,2018-05-01
xgboost_roll,2018-07-01,8175.0,8406.1796875,42,2,2018-05-01
xgboost_roll,2018-08-01,8328.0,7940.26708984375,42,3,2018-05-01
xgboost_roll,2018-09-01,7325.0,7520.60107421875,42,4,2018-05-01
xgboost_roll,2018-10-01,7202.0,7384.80908203125,42,5,2018-05-01
xgboost_roll,2018-11-01,7161.0,6995.89208984375,42,6,2018-05-01
xgboost_roll,2018-07-01,8175.0,8404.5791015625,43,1,2018-06-01
xgboost_roll,2018-08-01,8328.0,8052.4619140625,43,2,2018-06-01
xgboost_roll,2018-09-01,7325.0,7538.85009765625,43,3,2018-06-01
xgboost_roll,2018-10-01,7202.0,7385.97705078125,43,4,2018-06-01
xgboost_roll,2018-11-01,7161.0,7079.05859375,43,5,2018-06-01
xgboost_roll,2018-12-01,7409.0,6911.9990234375,43,6,2018-06-01
xgboost_roll,2018-08-01,8328.0,7990.74169921875,44,1,2018-07-01
xgboost_roll,2018-09-01,7325.0,7533.416015625,44,2,2018-07-01
xgboost_roll,2018-10-01,7202.0,7348.3935546875,44,3,2018-07-01
xgboost_roll,2018-11-01,7161.0,7080.52685546875,44,4,2018-07-01
xgboost_roll,2018-12-01,7409.0,6934.55322265625,44,5,2018-07-01
xgboost_roll,2019-01-01,7117.0,6833.90185546875,44,6,2018-07-01
xgboost_roll,2018-09-01,7325.0,7543.63427734375,45,1,2018-08-01
xgboost_roll,2018-10-01,7202.0,7345.8349609375,45,2,2018-08-01
xgboost_roll,2018-11-01,7161.0,7171.83544921875,45,3,2018-08-01
xgboost_roll,2018-12-01,7409.0,6911.54833984375,45,4,2018-08-01
xgboost_roll,2019-01-01,7117.0,6826.57421875,45,5,2018-08-01
xgboost_roll,2019-02-01,6307.0,6412.982421875,45,6,2018-08-01
xgboost_roll,2018-10-01,7202.0,7393.357421875,46,1,2018-09-01
xgboost_roll,2018-11-01,7161.0,7192.58447265625,46,2,2018-09-01
xgboost_roll,2018-12-01,7409.0,6849.70556640625,46,3,2018-09-01
xgboost_roll,2019-01-01,7117.0,6842.2236328125,46,4,2018-09-01
xgboost_roll,2019-02-01,6307.0,6180.96923828125,46,5,2018-09-01
xgboost_roll,2019-03-01,7067.0,6811.91943359375,46,6,2018-09-01
xgboost_roll,2018-11-01,7161.0,6840.591796875,47,1,2018-10-01
xgboost_roll,2018-12-01,7409.0,6808.67578125,47,2,2018-10-01
xgboost_roll,2019-01-01,7117.0,6782.78173828125,47,3,2018-10-01
xgboost_roll,2019-02-01,6307.0,6030.408203125,47,4,2018-10-01
xgboost_roll,2019-03-01,7067.0,6780.8935546875,47,5,2018-10-01
xgboost_roll,2019-04-01,7108.0,6887.705078125,47,6,2018-10-01
xgboost_roll,2018-12-01,7409.0,6802.75390625,48,1,2018-11-01
xgboost_roll,2019-01-01,7117.0,6823.2900390625,48,2,2018-11-01
xgboost_roll,2019-02-01,6307.0,6180.1201171875,48,3,2018-11-01
xgboost_roll,2019-03-01,7067.0,6767.806640625,48,4,2018-11-01
xgboost_roll,2019-04-01,7108.0,6891.61962890625,48,5,2018-11-01
xgboost_roll,2019-05-01,7776.0,7545.57958984375,48,6,2018-11-01
xgboost_roll,2019-01-01,7117.0,6931.53466796875,49,1,2018-12-01
xgboost_roll,2019-02-01,6307.0,6407.3701171875,49,2,2018-12-01
xgboost_roll,2019-03-01,7067.0,6792.5224609375,49,3,2018-12-01
xgboost_roll,2019-04-01,7108.0,6854.81591796875,49,4,2018-12-01
xgboost_roll,2019-05-01,7776.0,7359.36767578125,49,5,2018-12-01
xgboost_roll,2019-06-01,8274.0,8016.99169921875,49,6,2018-12-01
xgboost_roll,2019-02-01,6307.0,6271.52734375,50,1,2019-01-01
xgboost_roll,2019-03-01,7067.0,6830.271484375,50,2,2019-01-01
xgboost_roll,2019-04-01,7108.0,6892.9892578125,50,3,2019-01-01
xgboost_roll,2019-05-01,7776.0,7412.2314453125,50,4,2019-01-01
xgboost_roll,2019-06-01,8274.0,8113.15771484375,50,5,2019-01-01
xgboost_roll,2019-07-01,8919.0,8337.78515625,50,6,2019-01-01
xgboost_roll,2019-03-01,7067.0,6851.78369140625,51,1,2019-02-01
xgboost_roll,2019-04-01,7108.0,6913.55126953125,51,2,2019-02-01
xgboost_roll,2019-05-01,7776.0,7434.54345703125,51,3,2019-02-01
xgboost_roll,2019-06-01,8274.0,8111.9921875,51,4,2019-02-01
xgboost_roll,2019-07-01,8919.0,8288.9921875,51,5,2019-02-01
xgboost_roll,2019-08-01,8180.0,8199.8681640625,51,6,2019-02-01
xgboost_roll,2019-04-01,7108.0,6932.39697265625,52,1,2019-03-01
xgboost_roll,2019-05-01,7776.0,7426.73681640625,52,2,2019-03-01
xgboost_roll,2019-06-01,8274.0,8043.099609375,52,3,2019-03-01
xgboost_roll,2019-07-01,8919.0,8330.962890625,52,4,2019-03-01
xgboost_roll,2019-08-01,8180.0,8224.365234375,52,5,2019-03-01
xgboost_roll,2019-09-01,7664.0,7401.79443359375,52,6,2019-03-01
xgboost_roll,2019-05-01,7776.0,7553.34619140625,53,1,2019-04-01
xgboost_roll,2019-06-01,8274.0,8091.85205078125,53,2,2019-04-01
xgboost_roll,2019-07-01,8919.0,8249.6728515625,53,3,2019-04-01
xgboost_roll,2019-08-01,8180.0,8192.787109375,53,4,2019-04-01
xgboost_roll,2019-09-01,7664.0,7395.35498046875,53,5,2019-04-01
xgboost_roll,2019-10-01,7254.0,7402.90087890625,53,6,2019-04-01
xgboost_roll,2019-06-01,8274.0,8274.654296875,54,1,2019-05-01
xgboost_roll,2019-07-01,8919.0,8281.0146484375,54,2,2019-05-01
xgboost_roll,2019-08-01,8180.0,8120.5205078125,54,3,2019-05-01
xgboost_roll,2019-09-01,7664.0,7396.34326171875,54,4,2019-05-01
xgboost_roll,2019-10-01,7254.0,7504.02490234375,54,5,2019-05-01
xgboost_roll,2019-11-01,6785.0,7212.5986328125,54,6,2019-05-01
xgboost_roll,2019-07-01,8919.0,8295.93359375,55,1,2019-06-01
xgboost_roll,2019-08-01,8180.0,8125.15185546875,55,2,2019-06-01
xgboost_roll,2019-09-01,7664.0,7401.33642578125,55,3,2019-06-01
xgboost_roll,2019-10-01,7254.0,7455.0849609375,55,4,2019-06-01
xgboost_roll,2019-11-01,6785.0,7217.96826171875,55,5,2019-06-01
xgboost_roll,2019-12-01,6987.0,7448.71923828125,55,6,2019-06-01
xgboost_roll,2019-08-01,8180.0,8301.296875,56,1,2019-07-01
xgboost_roll,2019-09-01,7664.0,7566.45458984375,56,2,2019-07-01
xgboost_roll,2019-10-01,7254.0,7608.3310546875,56,3,2019-07-01
xgboost_roll,2019-11-01,6785.0,7441.146484375,56,4,2019-07-01
xgboost_roll,2019-12-01,6987.0,7756.84619140625,56,5,2019-07-01
xgboost_roll,2020-01-01,7194.0,7183.80859375,56,6,2019-07-01
xgboost_roll,2019-09-01,7664.0,7560.71923828125,57,1,2019-08-01
xgboost_roll,2019-10-01,7254.0,7554.373046875,57,2,2019-08-01
xgboost_roll,2019-11-01,6785.0,7410.58154296875,57,3,2019-08-01
xgboost_roll,2019-12-01,6987.0,7707.58154296875,57,4,2019-08-01
xgboost_roll,2020-01-01,7194.0,7116.4765625,57,5,2019-08-01
xgboost_roll,2020-02-01,6848.0,6568.322265625,57,6,2019-08-01
xgboost_roll,2019-10-01,7254.0,7576.95361328125,58,1,2019-09-01
xgboost_roll,2019-11-01,6785.0,7363.29443359375,58,2,2019-09-01
xgboost_roll,2019-12-01,6987.0,7621.60595703125,58,3,2019-09-01
xgboost_roll,2020-01-01,7194.0,7064.78955078125,58,4,2019-09-01
xgboost_roll,2020-02-01,6848.0,6527.8857421875,58,5,2019-09-01
xgboost_roll,2020-03-01,7324.0,7000.29833984375,58,6,2019-09-01
xgboost_roll,2019-11-01,6785.0,7228.634765625,59,1,2019-10-01
xgboost_roll,2019-12-01,6987.0,7489.2724609375,59,2,2019-10-01
xgboost_roll,2020-01-01,7194.0,7116.01416015625,59,3,2019-10-01
xgboost_roll,2020-02-01,6848.0,6472.146484375,59,4,2019-10-01
xgboost_roll,2020-03-01,7324.0,6995.328125,59,5,2019-10-01
xgboost_roll,2020-04-01,5978.0,7020.8359375,59,6,2019-10-01
xgboost_roll,2019-12-01,6987.0,7331.12744140625,60,1,2019-11-01
xgboost_roll,2020-01-01,7194.0,6961.509765625,60,2,2019-11-01
xgboost_roll,2020-02-01,6848.0,6480.81787109375,60,3,2019-11-01
xgboost_roll,2020-03-01,7324.0,6945.8515625,60,4,2019-11-01
xgboost_roll,2020-04-01,5978.0,6862.81884765625,60,5,2019-11-01
xgboost_roll,2020-05-01,7062.0,7556.90625,60,6,2019-11-01
xgboost_roll,2020-01-01,7194.0,6845.71826171875,61,1,2019-12-01
xgboost_roll,2020-02-01,6848.0,6368.38330078125,61,2,2019-12-01
xgboost_roll,2020-03-01,7324.0,6861.79052734375,61,3,2019-12-01
xgboost_roll,2020-04-01,5978.0,6854.30419921875,61,4,2019-12-01
xgboost_roll,2020-05-01,7062.0,7555.857421875,61,5,2019-12-01
xgboost_roll,2020-06-01,6948.0,8109.5107421875,61,6,2019-12-01
xgboost_roll,2020-02-01,6848.0,6456.54638671875,62,1,2020-01-01
xgboost_roll,2020-03-01,7324.0,6906.53369140625,62,2,2020-01-01
xgboost_roll,2020-04-01,5978.0,6952.52880859375,62,3,2020-01-01
xgboost_roll,2020-05-01,7062.0,7688.3359375,62,4,2020-01-01
xgboost_roll,2020-06-01,6948.0,8275.7060546875,62,5,2020-01-01
xgboost_roll,2020-07-01,7392.0,8362.5166015625,62,6,2020-01-01
xgboost_roll,2020-03-01,7324.0,6930.697265625,63,1,2020-02-01
xgboost_roll,2020-04-01,5978.0,6957.7470703125,63,2,2020-02-01
xgboost_roll,2020-05-01,7062.0,7641.86962890625,63,3,2020-02-01
xgboost_roll,2020-06-01,6948.0,8177.6591796875,63,4,2020-02-01
xgboost_roll,2020-07-01,7392.0,8280.0654296875,63,5,2020-02-01
xgboost_roll,2020-08-01,7678.0,8295.1572265625,63,6,2020-02-01
xgboost_roll,2020-04-01,5978.0,7174.1669921875,64,1,2020-03-01
xgboost_roll,2020-05-01,7062.0,7730.36669921875,64,2,2020-03-01
xgboost_roll,2020-06-01,6948.0,8291.99609375,64,3,2020-03-01
xgboost_roll,2020-07-01,7392.0,8313.865234375,64,4,2020-03-01
xgboost_roll,2020-08-01,7678.0,8228.9443359375,64,5,2020-03-01
xgboost_roll,2020-09-01,7005.0,7640.4833984375,64,6,2020-03-01
xgboost_roll,2020-05-01,7062.0,7652.75732421875,65,1,2020-04-01
xgboost_roll,2020-06-01,6948.0,7862.0302734375,65,2,2020-04-01
xgboost_roll,2020-07-01,7392.0,7937.7138671875,65,3,2020-04-01
xgboost_roll,2020-08-01,7678.0,8304.2080078125,65,4,2020-04-01
xgboost_roll,2020-09-01,7005.0,7583.84326171875,65,5,2020-04-01
xgboost_roll,2020-10-01,7385.0,7166.96875,65,6,2020-04-01
xgboost_roll,2020-06-01,6948.0,7660.13134765625,66,1,2020-05-01
xgboost_roll,2020-07-01,7392.0,7847.70947265625,66,2,2020-05-01
xgboost_roll,2020-08-01,7678.0,8430.9658203125,66,3,2020-05-01
xgboost_roll,2020-09-01,7005.0,7889.3857421875,66,4,2020-05-01
xgboost_roll,2020-10-01,7385.0,7353.08154296875,66,5,2020-05-01
xgboost_roll,2020-11-01,6872.0,7222.4052734375,66,6,2020-05-01
xgboost_roll,2020-07-01,7392.0,7699.70654296875,67,1,2020-06-01
xgboost_roll,2020-08-01,7678.0,8246.3369140625,67,2,2020-06-01
xgboost_roll,2020-09-01,7005.0,8015.64501953125,67,3,2020-06-01
xgboost_roll,2020-10-01,7385.0,7450.33740234375,67,4,2020-06-01
xgboost_roll,2020-11-01,6872.0,7136.8203125,67,5,2020-06-01
xgboost_roll,2020-12-01,6781.0,7062.80078125,67,6,2020-06-01
xgboost_roll,2020-08-01,7678.0,7849.86083984375,68,1,2020-07-01
xgboost_roll,2020-09-01,7005.0,8101.9013671875,68,2,2020-07-01
xgboost_roll,2020-10-01,7385.0,7628.046875,68,3,2020-07-01
xgboost_roll,2020-11-01,6872.0,7078.2236328125,68,4,2020-07-01
xgboost_roll,2020-12-01,6781.0,6994.35205078125,68,5,2020-07-01
xgboost_roll,2021-01-01,6917.0,6987.96142578125,68,6,2020-07-01
xgboost_roll,2020-09-01,7005.0,7849.6455078125,69,1,2020-08-01
xgboost_roll,2020-10-01,7385.0,7608.224609375,69,2,2020-08-01
xgboost_roll,2020-11-01,6872.0,7061.57470703125,69,3,2020-08-01
xgboost_roll,2020-12-01,6781.0,6996.74072265625,69,4,2020-08-01
xgboost_roll,2021-01-01,6917.0,7064.31103515625,69,5,2020-08-01
xgboost_roll,2021-02-01,6217.0,7041.25927734375,69,6,2020-08-01
xgboost_roll,2020-10-01,7385.0,7165.47314453125,70,1,2020-09-01
xgboost_roll,2020-11-01,6872.0,6877.3193359375,70,2,2020-09-01
xgboost_roll,2020-12-01,6781.0,7075.72216796875,70,3,2020-09-01
xgboost_roll,2021-01-01,6917.0,6922.8583984375,70,4,2020-09-01
xgboost_roll,2021-02-01,6217.0,7010.33056640625,70,5,2020-09-01
xgboost_roll,2021-03-01,7569.0,7075.2861328125,70,6,2020-09-01
xgboost_roll,2020-11-01,6872.0,6942.556640625,71,1,2020-10-01
xgboost_roll,2020-12-01,6781.0,7029.62939453125,71,2,2020-10-01
xgboost_roll,2021-01-01,6917.0,6968.9951171875,71,3,2020-10-01
xgboost_roll,2021-02-01,6217.0,6916.1455078125,71,4,2020-10-01
xgboost_roll,2021-03-01,7569.0,7058.34765625,71,5,2020-10-01
xgboost_roll,2021-04-01,6917.0,6346.28076171875,71,6,2020-10-01
xgboost_roll,2020-12-01,6781.0,7003.201171875,72,1,2020-11-01
xgboost_roll,2021-01-01,6917.0,6999.72900390625,72,2,2020-11-01
xgboost_roll,2021-02-01,6217.0,6922.5380859375,72,3,2020-11-01
xgboost_roll,2021-03-01,7569.0,7164.12939453125,72,4,2020-11-01
xgboost_roll,2021-04-01,6917.0,6338.322265625,72,5,2020-11-01
xgboost_roll,2021-05-01,8253.0,6993.65185546875,72,6,2020-11-01
xgboost_roll,2021-01-01,6917.0,6978.400390625,73,1,2020-12-01
xgboost_roll,2021-02-01,6217.0,6881.091796875,73,2,2020-12-01
xgboost_roll,2021-03-01,7569.0,7160.912109375,73,3,2020-12-01
xgboost_roll,2021-04-01,6917.0,6388.27099609375,73,4,2020-12-01
xgboost_roll,2021-05-01,8253.0,6944.71875,73,5,2020-12-01
xgboost_roll,2021-06-01,8153.0,7061.7255859375,73,6,2020-12-01
xgboost_roll,2021-02-01,6217.0,6809.02392578125,74,1,2021-01-01
xgboost_roll,2021-03-01,7569.0,7144.42529296875,74,2,2021-01-01
xgboost_roll,2021-04-01,6917.0,6428.9580078125,74,3,2021-01-01
xgboost_roll,2021-05-01,8253.0,6864.2578125,74,4,2021-01-01
xgboost_roll,2021-06-01,8153.0,6987.11279296875,74,5,2021-01-01
xgboost_roll,2021-07-01,9251.0,7516.55859375,74,6,2021-01-01
xgboost_roll,2021-03-01,7569.0,7143.9775390625,75,1,2021-02-01
xgboost_roll,2021-04-01,6917.0,6623.13134765625,75,2,2021-02-01
xgboost_roll,2021-05-01,8253.0,6958.470703125,75,3,2021-02-01
xgboost_roll,2021-06-01,8153.0,7170.33349609375,75,4,2021-02-01
xgboost_roll,2021-07-01,9251.0,7408.46826171875,75,5,2021-02-01
xgboost_roll,2021-08-01,8830.0,7689.4169921875,75,6,2021-02-01
xgboost_roll,2021-04-01,6917.0,6924.0078125,76,1,2021-03-01
xgboost_roll,2021-05-01,8253.0,6935.07861328125,76,2,2021-03-01
xgboost_roll,2021-06-01,8153.0,7143.90380859375,76,3,2021-03-01
xgboost_roll,2021-07-01,9251.0,7333.33154296875,76,4,2021-03-01
xgboost_roll,2021-08-01,8830.0,7640.69384765625,76,5,2021-03-01
xgboost_roll,2021-09-01,7512.0,6871.87060546875,76,6,2021-03-01
xgboost_roll,2021-05-01,8253.0,6907.73828125,77,1,2021-04-01
xgboost_roll,2021-06-01,8153.0,7122.22216796875,77,2,2021-04-01
xgboost_roll,2021-07-01,9251.0,7351.44677734375,77,3,2021-04-01
xgboost_roll,2021-08-01,8830.0,7683.439453125,77,4,2021-04-01
xgboost_roll,2021-09-01,7512.0,6895.11865234375,77,5,2021-04-01
xgboost_roll,2021-10-01,7656.0,7381.90576171875,77,6,2021-04-01
xgboost_roll,2021-06-01,8153.0,7701.3515625,78,1,2021-05-01
xgboost_roll,2021-07-01,9251.0,7422.69580078125,78,2,2021-05-01
xgboost_roll,2021-08-01,8830.0,7635.13818359375,78,3,2021-05-01
xgboost_roll,2021-09-01,7512.0,6848.42236328125,78,4,2021-05-01
xgboost_roll,2021-10-01,7656.0,7285.27880859375,78,5,2021-05-01
xgboost_roll,2021-11-01,7603.0,6852.6103515625,78,6,2021-05-01
xgboost_roll,2021-07-01,9251.0,7838.74462890625,79,1,2021-06-01
xgboost_roll,2021-08-01,8830.0,7672.68017578125,79,2,2021-06-01
xgboost_roll,2021-09-01,7512.0,6991.77392578125,79,3,2021-06-01
xgboost_roll,2021-10-01,7656.0,7368.83154296875,79,4,2021-06-01
xgboost_roll,2021-11-01,7603.0,6955.11767578125,79,5,2021-06-01
xgboost_roll,2021-12-01,8237.0,6787.26025390625,79,6,2021-06-01
xgboost_roll,2021-08-01,8830.0,7763.41357421875,80,1,2021-07-01
xgboost_roll,2021-09-01,7512.0,7545.8525390625,80,2,2021-07-01
xgboost_roll,2021-10-01,7656.0,7486.69384765625,80,3,2021-07-01
xgboost_roll,2021-11-01,7603.0,6974.638671875,80,4,2021-07-01
xgboost_roll,2021-12-01,8237.0,6933.44384765625,80,5,2021-07-01
xgboost_roll,2022-01-01,9582.0,7032.650390625,80,6,2021-07-01
xgboost_roll,2021-09-01,7512.0,7345.06787109375,81,1,2021-08-01
xgboost_roll,2021-10-01,7656.0,7235.82958984375,81,2,2021-08-01
xgboost_roll,2021-11-01,7603.0,7390.20263671875,81,3,2021-08-01
xgboost_roll,2021-12-01,8237.0,6872.58349609375,81,4,2021-08-01
xgboost_roll,2022-01-01,9582.0,6955.525390625,81,5,2021-08-01
xgboost_roll,2022-02-01,7227.0,6393.66943359375,81,6,2021-08-01
xgboost_roll,2021-10-01,7656.0,7267.75048828125,82,1,2021-09-01
xgboost_roll,2021-11-01,7603.0,7346.3271484375,82,2,2021-09-01
xgboost_roll,2021-12-01,8237.0,6774.4267578125,82,3,2021-09-01
xgboost_roll,2022-01-01,9582.0,6890.9052734375,82,4,2021-09-01
xgboost_roll,2022-02-01,7227.0,6628.47216796875,82,5,2021-09-01
xgboost_roll,2022-03-01,7504.0,7023.93798828125,82,6,2021-09-01
xgboost_roll,2021-11-01,7603.0,7335.67333984375,83,1,2021-10-01
xgboost_roll,2021-12-01,8237.0,6893.88232421875,83,2,2021-10-01
xgboost_roll,2022-01-01,9582.0,6913.462890625,83,3,2021-10-01
xgboost_roll,2022-02-01,7227.0,6689.19140625,83,4,2021-10-01
xgboost_roll,2022-03-01,7504.0,7064.0771484375,83,5,2021-10-01
xgboost_roll,2022-04-01,7589.0,6453.36328125,83,6,2021-10-01
xgboost_roll,2021-12-01,8237.0,6912.11767578125,84,1,2021-11-01
xgboost_roll,2022-01-01,9582.0,7002.78173828125,84,2,2021-11-01
xgboost_roll,2022-02-01,7227.0,6667.38330078125,84,3,2021-11-01
xgboost_roll,2022-03-01,7504.0,7043.1826171875,84,4,2021-11-01
xgboost_roll,2022-04-01,7589.0,6519.1982421875,84,5,2021-11-01
xgboost_roll,2022-05-01,8846.0,6801.95068359375,84,6,2021-11-01
xgboost_roll,2022-01-01,9582.0,7627.8623046875,85,1,2021-12-01
xgboost_roll,2022-02-01,7227.0,7483.890625,85,2,2021-12-01
xgboost_roll,2022-03-01,7504.0,7351.66015625,85,3,2021-12-01
xgboost_roll,2022-04-01,7589.0,6609.10009765625,85,4,2021-12-01
xgboost_roll,2022-05-01,8846.0,6780.9873046875,85,5,2021-12-01
xgboost_roll,2022-06-01,9057.0,7069.2158203125,85,6,2021-12-01
xgboost_roll,2022-02-01,7227.0,7906.6904296875,86,1,2022-01-01
xgboost_roll,2022-03-01,7504.0,8311.6923828125,86,2,2022-01-01
xgboost_roll,2022-04-01,7589.0,8446.1943359375,86,3,2022-01-01
xgboost_roll,2022-05-01,8846.0,8312.1943359375,86,4,2022-01-01
xgboost_roll,2022-06-01,9057.0,8463.0986328125,86,5,2022-01-01
xgboost_roll,2022-07-01,8699.0,8606.6259765625,86,6,2022-01-01
xgboost_roll,2022-03-01,7504.0,7376.763671875,87,1,2022-02-01
xgboost_roll,2022-04-01,7589.0,6883.27587890625,87,2,2022-02-01
xgboost_roll,2022-05-01,8846.0,6888.2373046875,87,3,2022-02-01
xgboost_roll,2022-06-01,9057.0,7146.58935546875,87,4,2022-02-01
xgboost_roll,2022-07-01,8699.0,7298.216796875,87,5,2022-02-01
xgboost_roll,2022-08-01,8834.0,7525.4677734375,87,6,2022-02-01
xgboost_roll,2022-04-01,7589.0,6817.33349609375,88,1,2022-03-01
xgboost_roll,2022-05-01,8846.0,6974.1748046875,88,2,2022-03-01
xgboost_roll,2022-06-01,9057.0,7219.3388671875,88,3,2022-03-01
xgboost_roll,2022-07-01,8699.0,7471.09326171875,88,4,2022-03-01
xgboost_roll,2022-08-01,8834.0,7731.10791015625,88,5,2022-03-01
xgboost_roll,2022-09-01,8228.0,7621.9423828125,88,6,2022-03-01
xgboost_roll,2022-05-01,8846.0,7537.236328125,89,1,2022-04-01
xgboost_roll,2022-06-01,9057.0,7970.802734375,89,2,2022-04-01
xgboost_roll,2022-07-01,8699.0,8286.037109375,89,3,2022-04-01
xgboost_roll,2022-08-01,8834.0,8456.9921875,89,4,2022-04-01
xgboost_roll,2022-09-01,8228.0,8547.17578125,89,5,2022-04-01
xgboost_roll,2022-10-01,8388.0,8091.31298828125,89,6,2022-04-01
xgboost_roll,2022-06-01,9057.0,8946.3505859375,90,1,2022-05-01
xgboost_roll,2022-07-01,8699.0,8705.076171875,90,2,2022-05-01
xgboost_roll,2022-08-01,8834.0,8274.6982421875,90,3,2022-05-01
xgboost_roll,2022-09-01,8228.0,8472.1298828125,90,4,2022-05-01
xgboost_roll,2022-10-01,8388.0,8332.169921875,90,5,2022-05-01
xgboost_roll,2022-11-01,7588.0,8451.451171875,90,6,2022-05-01
xgboost_roll,2022-07-01,8699.0,8579.4609375,91,1,2022-06-01
xgboost_roll,2022-08-01,8834.0,8204.2509765625,91,2,2022-06-01
xgboost_roll,2022-09-01,8228.0,8363.21875,91,3,2022-06-01
xgboost_roll,2022-10-01,8388.0,8466.4814453125,91,4,2022-06-01
xgboost_roll,2022-11-01,7588.0,8649.1884765625,91,5,2022-06-01
xgboost_roll,2022-12-01,7850.0,8669.56640625,91,6,2022-06-01
xgboost_roll,2022-08-01,8834.0,8398.7587890625,92,1,2022-07-01
xgboost_roll,2022-09-01,8228.0,8397.748046875,92,2,2022-07-01
xgboost_roll,2022-10-01,8388.0,8406.064453125,92,3,2022-07-01
xgboost_roll,2022-11-01,7588.0,8423.689453125,92,4,2022-07-01
xgboost_roll,2022-12-01,7850.0,8503.9951171875,92,5,2022-07-01
xgboost_roll,2023-01-01,7563.0,8465.470703125,92,6,2022-07-01
xgboost_roll,2022-09-01,8228.0,8632.12890625,93,1,2022-08-01
xgboost_roll,2022-10-01,8388.0,8786.3466796875,93,2,2022-08-01
xgboost_roll,2022-11-01,7588.0,8966.107421875,93,3,2022-08-01
xgboost_roll,2022-12-01,7850.0,8946.5791015625,93,4,2022-08-01
xgboost_roll,2023-01-01,7563.0,8891.0185546875,93,5,2022-08-01
xgboost_roll,2023-02-01,6551.0,8630.1259765625,93,6,2022-08-01
xgboost_roll,2022-10-01,8388.0,8608.5537109375,94,1,2022-09-01
xgboost_roll,2022-11-01,7588.0,8801.7939453125,94,2,2022-09-01
xgboost_roll,2022-12-01,7850.0,8769.783203125,94,3,2022-09-01
xgboost_roll,2023-01-01,7563.0,8637.4228515625,94,4,2022-09-01
xgboost_roll,2023-02-01,6551.0,8468.005859375,94,5,2022-09-01
xgboost_roll,2023-03-01,7507.0,8596.9599609375,94,6,2022-09-01
xgboost_roll,2022-11-01,7588.0,8538.58984375,95,1,2022-10-01
xgboost_roll,2022-12-01,7850.0,8550.19140625,95,2,2022-10-01
xgboost_roll,2023-01-01,7563.0,8480.248046875,95,3,2022-10-01
xgboost_roll,2023-02-01,6551.0,8210.83203125,95,4,2022-10-01
xgboost_roll,2023-03-01,7507.0,8319.37109375,95,5,2022-10-01
xgboost_roll,2023-04-01,7745.0,8437.896484375,95,6,2022-10-01
xgboost_roll,2022-12-01,7850.0,8332.2900390625,96,1,2022-11-01
xgboost_roll,2023-01-01,7563.0,8401.2099609375,96,2,2022-11-01
xgboost_roll,2023-02-01,6551.0,8342.8173828125,96,3,2022-11-01
xgboost_roll,2023-03-01,7507.0,8365.7802734375,96,4,2022-11-01
xgboost_roll,2023-04-01,7745.0,8175.87744140625,96,5,2022-11-01
xgboost_roll,2023-05-01,8600.0,8495.638671875,96,6,2022-11-01
xgboost_roll,2023-01-01,7563.0,8427.3232421875,97,1,2022-12-01
xgboost_roll,2023-02-01,6551.0,8422.484375,97,2,2022-12-01
xgboost_roll,2023-03-01,7507.0,8349.884765625,97,3,2022-12-01
xgboost_roll,2023-04-01,7745.0,8024.091796875,97,4,2022-12-01
xgboost_roll,2023-05-01,8600.0,8176.2548828125,97,5,2022-12-01
xgboost_roll,2023-06-01,9151.0,8145.75341796875,97,6,2022-12-01
xgboost_roll,2023-02-01,6551.0,7845.22900390625,98,1,2023-01-01
xgboost_roll,2023-03-01,7507.0,8286.4072265625,98,2,2023-01-01
xgboost_roll,2023-04-01,7745.0,8434.400390625,98,3,2023-01-01
xgboost_roll,2023-05-01,8600.0,8569.53125,98,4,2023-01-01
xgboost_roll,2023-06-01,9151.0,8383.443359375,98,5,2023-01-01
xgboost_roll,2023-07-01,9183.0,8372.119140625,98,6,2023-01-01
xgboost_roll,2023-03-01,7507.0,7057.38916015625,99,1,2023-02-01
xgboost_roll,2023-04-01,7745.0,7211.1572265625,99,2,2023-02-01
xgboost_roll,2023-05-01,8600.0,7487.75,99,3,2023-02-01
xgboost_roll,2023-06-01,9151.0,7817.90185546875,99,4,2023-02-01
xgboost_roll,2023-07-01,9183.0,8461.9130859375,99,5,2023-02-01
xgboost_roll,2023-08-01,8297.0,8700.5703125,99,6,2023-02-01
xgboost_roll,2023-04-01,7745.0,7597.69189453125,100,1,2023-03-01
xgboost_roll,2023-05-01,8600.0,8259.6376953125,100,2,2023-03-01
xgboost_roll,2023-06-01,9151.0,8854.181640625,100,3,2023-03-01
xgboost_roll,2023-07-01,9183.0,8802.4697265625,100,4,2023-03-01
xgboost_roll,2023-08-01,8297.0,8666.89453125,100,5,2023-03-01
xgboost_roll,2023-09-01,7823.0,8331.4404296875,100,6,2023-03-01
xgboost_roll,2023-05-01,8600.0,8430.5009765625,101,1,2023-04-01
xgboost_roll,2023-06-01,9151.0,8838.5771484375,101,2,2023-04-01
xgboost_roll,2023-07-01,9183.0,8582.9296875,101,3,2023-04-01
xgboost_roll,2023-08-01,8297.0,8565.5341796875,101,4,2023-04-01
xgboost_roll,2023-09-01,7823.0,8272.421875,101,5,2023-04-01
xgboost_roll,2023-10-01,7507.0,8356.478515625,101,6,2023-04-01
xgboost_roll,2023-06-01,9151.0,8766.0205078125,102,1,2023-05-01
xgboost_roll,2023-07-01,9183.0,8593.2392578125,102,2,2023-05-01
xgboost_roll,2023-08-01,8297.0,8508.4931640625,102,3,2023-05-01
xgboost_roll,2023-09-01,7823.0,8246.4228515625,102,4,2023-05-01
xgboost_roll,2023-10-01,7507.0,8359.5859375,102,5,2023-05-01
xgboost_roll,2023-11-01,8107.0,7918.7958984375,102,6,2023-05-01
xgboost_roll,2023-07-01,9183.0,8613.494140625,103,1,2023-06-01
xgboost_roll,2023-08-01,8297.0,8617.08984375,103,2,2023-06-01
xgboost_roll,2023-09-01,7823.0,8328.3740234375,103,3,2023-06-01
xgboost_roll,2023-10-01,7507.0,8324.9951171875,103,4,2023-06-01
xgboost_roll,2023-11-01,8107.0,7992.09033203125,103,5,2023-06-01
xgboost_roll,2023-12-01,7504.0,7690.0107421875,103,6,2023-06-01
xgboost_cal,2015-01-01,7184.0,6185.4833984375,1,1,2014-12-01
xgboost_cal,2015-02-01,5958.0,6414.56201171875,1,2,2014-12-01
xgboost_cal,2015-03-01,6658.0,6237.26611328125,1,3,2014-12-01
xgboost_cal,2015-04-01,7069.0,6193.70166015625,1,4,2014-12-01
xgboost_cal,2015-05-01,8099.0,7424.111328125,1,5,2014-12-01
xgboost_cal,2015-06-01,7868.0,7441.26171875,1,6,2014-12-01
xgboost_cal,2015-02-01,5958.0,6664.2568359375,2,1,2015-01-01
xgboost_cal,2015-03-01,6658.0,6450.36474609375,2,2,2015-01-01
xgboost_cal,2015-04-01,7069.0,6309.3837890625,2,3,2015-01-01
xgboost_cal,2015-05-01,8099.0,7271.81591796875,2,4,2015-01-01
xgboost_cal,2015-06-01,7868.0,7470.18212890625,2,5,2015-01-01
xgboost_cal,2015-07-01,7986.0,7685.1552734375,2,6,2015-01-01
xgboost_cal,2015-03-01,6658.0,6598.1396484375,3,1,2015-02-01
xgboost_cal,2015-04-01,7069.0,6286.6357421875,3,2,2015-02-01
xgboost_cal,2015-05-01,8099.0,7134.072265625,3,3,2015-02-01
xgboost_cal,2015-06-01,7868.0,7430.24169921875,3,4,2015-02-01
xgboost_cal,2015-07-01,7986.0,7814.1953125,3,5,2015-02-01
xgboost_cal,2015-08-01,7251.0,7482.97021484375,3,6,2015-02-01
xgboost_cal,2015-04-01,7069.0,6390.4140625,4,1,2015-03-01
xgboost_cal,2015-05-01,8099.0,7124.83447265625,4,2,2015-03-01
xgboost_cal,2015-06-01,7868.0,7411.73876953125,4,3,2015-03-01
xgboost_cal,2015-07-01,7986.0,7831.73828125,4,4,2015-03-01
xgboost_cal,2015-08-01,7251.0,7471.8837890625,4,5,2015-03-01
xgboost_cal,2015-09-01,7163.0,6898.39501953125,4,6,2015-03-01
xgboost_cal,2015-05-01,8099.0,7140.8564453125,5,1,2015-04-01
xgboost_cal,2015-06-01,7868.0,7459.50439453125,5,2,2015-04-01
xgboost_cal,2015-07-01,7986.0,7692.1337890625,5,3,2015-04-01
xgboost_cal,2015-08-01,7251.0,7317.49609375,5,4,2015-04-01
xgboost_cal,2015-09-01,7163.0,6842.2578125,5,5,2015-04-01
xgboost_cal,2015-10-01,6690.0,7226.298828125,5,6,2015-04-01
xgboost_cal,2015-06-01,7868.0,7916.40283203125,6,1,2015-05-01
xgboost_cal,2015-07-01,7986.0,7367.78125,6,2,2015-05-01
xgboost_cal,2015-08-01,7251.0,7633.9189453125,6,3,2015-05-01
xgboost_cal,2015-09-01,7163.0,6810.91845703125,6,4,2015-05-01
xgboost_cal,2015-10-01,6690.0,7479.537109375,6,5,2015-05-01
xgboost_cal,2015-11-01,6392.0,6457.43798828125,6,6,2015-05-01
xgboost_cal,2015-07-01,7986.0,7392.97265625,7,1,2015-06-01
xgboost_cal,2015-08-01,7251.0,7598.45068359375,7,2,2015-06-01
xgboost_cal,2015-09-01,7163.0,6807.8505859375,7,3,2015-06-01
xgboost_cal,2015-10-01,6690.0,7525.88818359375,7,4,2015-06-01
xgboost_cal,2015-11-01,6392.0,6501.42333984375,7,5,2015-06-01
xgboost_cal,2015-12-01,6753.0,6686.263671875,7,6,2015-06-01
xgboost_cal,2015-08-01,7251.0,7659.978515625,8,1,2015-07-01
xgboost_cal,2015-09-01,7163.0,6831.5830078125,8,2,2015-07-01
xgboost_cal,2015-10-01,6690.0,7576.45947265625,8,3,2015-07-01
xgboost_cal,2015-11-01,6392.0,6381.44921875,8,4,2015-07-01
xgboost_cal,2015-12-01,6753.0,6802.7353515625,8,5,2015-07-01
xgboost_cal,2016-01-01,6753.0,7007.7138671875,8,6,2015-07-01
xgboost_cal,2015-09-01,7163.0,6844.6396484375,9,1,2015-08-01
xgboost_cal,2015-10-01,6690.0,7335.97607421875,9,2,2015-08-01
xgboost_cal,2015-11-01,6392.0,6433.32177734375,9,3,2015-08-01
xgboost_cal,2015-12-01,6753.0,6779.7197265625,9,4,2015-08-01
xgboost_cal,2016-01-01,6753.0,6917.53759765625,9,5,2015-08-01
xgboost_cal,2016-02-01,6385.0,6355.5224609375,9,6,2015-08-01
xgboost_cal,2015-10-01,6690.0,7355.279296875,10,1,2015-09-01
xgboost_cal,2015-11-01,6392.0,6536.6044921875,10,2,2015-09-01
xgboost_cal,2015-12-01,6753.0,6922.8134765625,10,3,2015-09-01
xgboost_cal,2016-01-01,6753.0,7031.49658203125,10,4,2015-09-01
xgboost_cal,2016-02-01,6385.0,6481.904296875,10,5,2015-09-01
xgboost_cal,2016-03-01,7164.0,6677.80908203125,10,6,2015-09-01
xgboost_cal,2015-11-01,6392.0,6435.08203125,11,1,2015-10-01
xgboost_cal,2015-12-01,6753.0,6811.2900390625,11,2,2015-10-01
xgboost_cal,2016-01-01,6753.0,7001.734375,11,3,2015-10-01
xgboost_cal,2016-02-01,6385.0,6396.8017578125,11,4,2015-10-01
xgboost_cal,2016-03-01,7164.0,6598.89306640625,11,5,2015-10-01
xgboost_cal,2016-04-01,7192.0,7087.328125,11,6,2015-10-01
xgboost_cal,2015-12-01,6753.0,6771.50341796875,12,1,2015-11-01
xgboost_cal,2016-01-01,6753.0,6943.38232421875,12,2,2015-11-01
xgboost_cal,2016-02-01,6385.0,6469.2451171875,12,3,2015-11-01
xgboost_cal,2016-03-01,7164.0,6623.64990234375,12,4,2015-11-01
xgboost_cal,2016-04-01,7192.0,7032.02978515625,12,5,2015-11-01
xgboost_cal,2016-05-01,7743.0,7487.79638671875,12,6,2015-11-01
xgboost_cal,2016-01-01,6753.0,6943.13330078125,13,1,2015-12-01
xgboost_cal,2016-02-01,6385.0,6400.01220703125,13,2,2015-12-01
xgboost_cal,2016-03-01,7164.0,6571.5068359375,13,3,2015-12-01
xgboost_cal,2016-04-01,7192.0,7031.30615234375,13,4,2015-12-01
xgboost_cal,2016-05-01,7743.0,7457.26416015625,13,5,2015-12-01
xgboost_cal,2016-06-01,8767.0,7510.0009765625,13,6,2015-12-01
xgboost_cal,2016-02-01,6385.0,6408.9091796875,14,1,2016-01-01
xgboost_cal,2016-03-01,7164.0,6530.61572265625,14,2,2016-01-01
xgboost_cal,2016-04-01,7192.0,7041.81298828125,14,3,2016-01-01
xgboost_cal,2016-05-01,7743.0,7425.52490234375,14,4,2016-01-01
xgboost_cal,2016-06-01,8767.0,7511.71630859375,14,5,2016-01-01
xgboost_cal,2016-07-01,8479.0,7866.41796875,14,6,2016-01-01
xgboost_cal,2016-03-01,7164.0,6569.8125,15,1,2016-02-01
xgboost_cal,2016-04-01,7192.0,7057.5771484375,15,2,2016-02-01
xgboost_cal,2016-05-01,7743.0,7430.458984375,15,3,2016-02-01
xgboost_cal,2016-06-01,8767.0,7519.7919921875,15,4,2016-02-01
xgboost_cal,2016-07-01,8479.0,7884.17333984375,15,5,2016-02-01
xgboost_cal,2016-08-01,7890.0,7164.111328125,15,6,2016-02-01
xgboost_cal,2016-04-01,7192.0,7213.54736328125,16,1,2016-03-01
xgboost_cal,2016-05-01,7743.0,7539.03662109375,16,2,2016-03-01
xgboost_cal,2016-06-01,8767.0,7513.12060546875,16,3,2016-03-01
xgboost_cal,2016-07-01,8479.0,7798.572265625,16,4,2016-03-01
xgboost_cal,2016-08-01,7890.0,7143.560546875,16,5,2016-03-01
xgboost_cal,2016-09-01,7317.0,6778.12255859375,16,6,2016-03-01
xgboost_cal,2016-05-01,7743.0,7560.451171875,17,1,2016-04-01
xgboost_cal,2016-06-01,8767.0,7512.23486328125,17,2,2016-04-01
xgboost_cal,2016-07-01,8479.0,7806.08935546875,17,3,2016-04-01
xgboost_cal,2016-08-01,7890.0,7181.185546875,17,4,2016-04-01
xgboost_cal,2016-09-01,7317.0,6786.4228515625,17,5,2016-04-01
xgboost_cal,2016-10-01,7426.0,6626.38037109375,17,6,2016-04-01
xgboost_cal,2016-06-01,8767.0,7584.98095703125,18,1,2016-05-01
xgboost_cal,2016-07-01,8479.0,7763.470703125,18,2,2016-05-01
xgboost_cal,2016-08-01,7890.0,7198.8291015625,18,3,2016-05-01
xgboost_cal,2016-09-01,7317.0,6802.0166015625,18,4,2016-05-01
xgboost_cal,2016-10-01,7426.0,6623.20751953125,18,5,2016-05-01
xgboost_cal,2016-11-01,6700.0,6506.48046875,18,6,2016-05-01
xgboost_cal,2016-07-01,8479.0,7780.154296875,19,1,2016-06-01
xgboost_cal,2016-08-01,7890.0,7302.22265625,19,2,2016-06-01
xgboost_cal,2016-09-01,7317.0,6862.4150390625,19,3,2016-06-01
xgboost_cal,2016-10-01,7426.0,6619.07275390625,19,4,2016-06-01
xgboost_cal,2016-11-01,6700.0,6515.87060546875,19,5,2016-06-01
xgboost_cal,2016-12-01,6994.0,6712.54736328125,19,6,2016-06-01
xgboost_cal,2016-08-01,7890.0,7241.9365234375,20,1,2016-07-01
xgboost_cal,2016-09-01,7317.0,6849.79931640625,20,2,2016-07-01
xgboost_cal,2016-10-01,7426.0,6525.96923828125,20,3,2016-07-01
xgboost_cal,2016-11-01,6700.0,6505.1279296875,20,4,2016-07-01
xgboost_cal,2016-12-01,6994.0,6769.4306640625,20,5,2016-07-01
xgboost_cal,2017-01-01,6788.0,6522.8681640625,20,6,2016-07-01
xgboost_cal,2016-09-01,7317.0,6933.78271484375,21,1,2016-08-01
xgboost_cal,2016-10-01,7426.0,6721.3505859375,21,2,2016-08-01
xgboost_cal,2016-11-01,6700.0,6520.03662109375,21,3,2016-08-01
xgboost_cal,2016-12-01,6994.0,6691.69287109375,21,4,2016-08-01
xgboost_cal,2017-01-01,6788.0,6782.5693359375,21,5,2016-08-01
xgboost_cal,2017-02-01,6271.0,6538.0380859375,21,6,2016-08-01
xgboost_cal,2016-10-01,7426.0,6733.091796875,22,1,2016-09-01
xgboost_cal,2016-11-01,6700.0,6565.4609375,22,2,2016-09-01
xgboost_cal,2016-12-01,6994.0,6702.10791015625,22,3,2016-09-01
xgboost_cal,2017-01-01,6788.0,6720.15283203125,22,4,2016-09-01
xgboost_cal,2017-02-01,6271.0,6649.4912109375,22,5,2016-09-01
xgboost_cal,2017-03-01,6794.0,7225.45166015625,22,6,2016-09-01
xgboost_cal,2016-11-01,6700.0,6962.2666015625,23,1,2016-10-01
xgboost_cal,2016-12-01,6994.0,6871.71630859375,23,2,2016-10-01
xgboost_cal,2017-01-01,6788.0,6793.38623046875,23,3,2016-10-01
xgboost_cal,2017-02-01,6271.0,6841.6083984375,23,4,2016-10-01
xgboost_cal,2017-03-01,6794.0,7313.7587890625,23,5,2016-10-01
xgboost_cal,2017-04-01,6884.0,7773.63134765625,23,6,2016-10-01
xgboost_cal,2016-12-01,6994.0,6856.2109375,24,1,2016-11-01
xgboost_cal,2017-01-01,6788.0,6810.32421875,24,2,2016-11-01
xgboost_cal,2017-02-01,6271.0,6805.35107421875,24,3,2016-11-01
xgboost_cal,2017-03-01,6794.0,7340.171875,24,4,2016-11-01
xgboost_cal,2017-04-01,6884.0,7653.77783203125,24,5,2016-11-01
xgboost_cal,2017-05-01,7651.0,7738.03369140625,24,6,2016-11-01
xgboost_cal,2017-01-01,6788.0,6848.849609375,25,1,2016-12-01
xgboost_cal,2017-02-01,6271.0,6800.240234375,25,2,2016-12-01
xgboost_cal,2017-03-01,6794.0,7315.41015625,25,3,2016-12-01
xgboost_cal,2017-04-01,6884.0,7693.9169921875,25,4,2016-12-01
xgboost_cal,2017-05-01,7651.0,7721.6904296875,25,5,2016-12-01
xgboost_cal,2017-06-01,8009.0,8259.8173828125,25,6,2016-12-01
xgboost_cal,2017-02-01,6271.0,6734.80859375,26,1,2017-01-01
xgboost_cal,2017-03-01,6794.0,7405.38525390625,26,2,2017-01-01
xgboost_cal,2017-04-01,6884.0,7667.400390625,26,3,2017-01-01
xgboost_cal,2017-05-01,7651.0,7753.677734375,26,4,2017-01-01
xgboost_cal,2017-06-01,8009.0,8360.701171875,26,5,2017-01-01
xgboost_cal,2017-07-01,8694.0,8389.1513671875,26,6,2017-01-01
xgboost_cal,2017-03-01,6794.0,7306.36962890625,27,1,2017-02-01
xgboost_cal,2017-04-01,6884.0,7642.33251953125,27,2,2017-02-01
xgboost_cal,2017-05-01,7651.0,7748.5830078125,27,3,2017-02-01
xgboost_cal,2017-06-01,8009.0,8309.84765625,27,4,2017-02-01
xgboost_cal,2017-07-01,8694.0,8318.1796875,27,5,2017-02-01
xgboost_cal,2017-08-01,8130.0,7956.3154296875,27,6,2017-02-01
xgboost_cal,2017-04-01,6884.0,7392.64013671875,28,1,2017-03-01
xgboost_cal,2017-05-01,7651.0,7702.1162109375,28,2,2017-03-01
xgboost_cal,2017-06-01,8009.0,8012.36328125,28,3,2017-03-01
xgboost_cal,2017-07-01,8694.0,8325.8505859375,28,4,2017-03-01
xgboost_cal,2017-08-01,8130.0,7945.6689453125,28,5,2017-03-01
xgboost_cal,2017-09-01,7446.0,7532.92236328125,28,6,2017-03-01
xgboost_cal,2017-05-01,7651.0,7733.5322265625,29,1,2017-04-01
xgboost_cal,2017-06-01,8009.0,7982.9140625,29,2,2017-04-01
xgboost_cal,2017-07-01,8694.0,8069.9560546875,29,3,2017-04-01
xgboost_cal,2017-08-01,8130.0,7833.34912109375,29,4,2017-04-01
xgboost_cal,2017-09-01,7446.0,7595.0556640625,29,5,2017-04-01
xgboost_cal,2017-10-01,7282.0,7578.60498046875,29,6,2017-04-01
xgboost_cal,2017-06-01,8009.0,7942.873046875,30,1,2017-05-01
xgboost_cal,2017-07-01,8694.0,8006.9287109375,30,2,2017-05-01
xgboost_cal,2017-08-01,8130.0,7735.87890625,30,3,2017-05-01
xgboost_cal,2017-09-01,7446.0,7484.2001953125,30,4,2017-05-01
xgboost_cal,2017-10-01,7282.0,7467.92138671875,30,5,2017-05-01
xgboost_cal,2017-11-01,6830.0,7119.14208984375,30,6,2017-05-01
xgboost_cal,2017-07-01,8694.0,7979.259765625,31,1,2017-06-01
xgboost_cal,2017-08-01,8130.0,7763.57470703125,31,2,2017-06-01
xgboost_cal,2017-09-01,7446.0,7636.689453125,31,3,2017-06-01
xgboost_cal,2017-10-01,7282.0,7540.98388671875,31,4,2017-06-01
xgboost_cal,2017-11-01,6830.0,7063.9013671875,31,5,2017-06-01
xgboost_cal,2017-12-01,6946.0,6922.09765625,31,6,2017-06-01
xgboost_cal,2017-08-01,8130.0,7919.0400390625,32,1,2017-07-01
xgboost_cal,2017-09-01,7446.0,7817.3994140625,32,2,2017-07-01
xgboost_cal,2017-10-01,7282.0,7644.54150390625,32,3,2017-07-01
xgboost_cal,2017-11-01,6830.0,7138.48291015625,32,4,2017-07-01
xgboost_cal,2017-12-01,6946.0,6959.62939453125,32,5,2017-07-01
xgboost_cal,2018-01-01,6886.0,6781.681640625,32,6,2017-07-01
xgboost_cal,2017-09-01,7446.0,7833.908203125,33,1,2017-08-01
xgboost_cal,2017-10-01,7282.0,7717.84912109375,33,2,2017-08-01
xgboost_cal,2017-11-01,6830.0,7201.92041015625,33,3,2017-08-01
xgboost_cal,2017-12-01,6946.0,7029.5576171875,33,4,2017-08-01
xgboost_cal,2018-01-01,6886.0,6843.82177734375,33,5,2017-08-01
xgboost_cal,2018-02-01,5960.0,6623.24658203125,33,6,2017-08-01
xgboost_cal,2017-10-01,7282.0,7582.59326171875,34,1,2017-09-01
xgboost_cal,2017-11-01,6830.0,7157.001953125,34,2,2017-09-01
xgboost_cal,2017-12-01,6946.0,6876.38427734375,34,3,2017-09-01
xgboost_cal,2018-01-01,6886.0,6791.58984375,34,4,2017-09-01
xgboost_cal,2018-02-01,5960.0,6595.177734375,34,5,2017-09-01
xgboost_cal,2018-03-01,6930.0,6789.45947265625,34,6,2017-09-01
xgboost_cal,2017-11-01,6830.0,7146.72802734375,35,1,2017-10-01
xgboost_cal,2017-12-01,6946.0,6836.9912109375,35,2,2017-10-01
xgboost_cal,2018-01-01,6886.0,6785.49658203125,35,3,2017-10-01
xgboost_cal,2018-02-01,5960.0,6695.1728515625,35,4,2017-10-01
xgboost_cal,2018-03-01,6930.0,6698.7626953125,35,5,2017-10-01
xgboost_cal,2018-04-01,6769.0,7013.94140625,35,6,2017-10-01
xgboost_cal,2017-12-01,6946.0,6853.375,36,1,2017-11-01
xgboost_cal,2018-01-01,6886.0,6782.67822265625,36,2,2017-11-01
xgboost_cal,2018-02-01,5960.0,6580.20068359375,36,3,2017-11-01
xgboost_cal,2018-03-01,6930.0,6746.97705078125,36,4,2017-11-01
xgboost_cal,2018-04-01,6769.0,6955.93017578125,36,5,2017-11-01
xgboost_cal,2018-05-01,7511.0,7716.70068359375,36,6,2017-11-01
xgboost_cal,2018-01-01,6886.0,6779.17431640625,37,1,2017-12-01
xgboost_cal,2018-02-01,5960.0,6606.04248046875,37,2,2017-12-01
xgboost_cal,2018-03-01,6930.0,6752.93798828125,37,3,2017-12-01
xgboost_cal,2018-04-01,6769.0,7003.78076171875,37,4,2017-12-01
xgboost_cal,2018-05-01,7511.0,7759.677734375,37,5,2017-12-01
xgboost_cal,2018-06-01,8057.0,8291.2734375,37,6,2017-12-01
xgboost_cal,2018-02-01,5960.0,6600.5595703125,38,1,2018-01-01
xgboost_cal,2018-03-01,6930.0,6769.7880859375,38,2,2018-01-01
xgboost_cal,2018-04-01,6769.0,6954.4755859375,38,3,2018-01-01
xgboost_cal,2018-05-01,7511.0,7779.6572265625,38,4,2018-01-01
xgboost_cal,2018-06-01,8057.0,8255.541015625,38,5,2018-01-01
xgboost_cal,2018-07-01,8175.0,8488.6640625,38,6,2018-01-01
xgboost_cal,2018-03-01,6930.0,6686.87646484375,39,1,2018-02-01
xgboost_cal,2018-04-01,6769.0,6905.75390625,39,2,2018-02-01
xgboost_cal,2018-05-01,7511.0,7707.17041015625,39,3,2018-02-01
xgboost_cal,2018-06-01,8057.0,7941.46240234375,39,4,2018-02-01
xgboost_cal,2018-07-01,8175.0,8499.591796875,39,5,2018-02-01
xgboost_cal,2018-08-01,8328.0,7929.849609375,39,6,2018-02-01
xgboost_cal,2018-04-01,6769.0,6954.60693359375,40,1,2018-03-01
xgboost_cal,2018-05-01,7511.0,7674.17529296875,40,2,2018-03-01
xgboost_cal,2018-06-01,8057.0,8139.9638671875,40,3,2018-03-01
xgboost_cal,2018-07-01,8175.0,8506.146484375,40,4,2018-03-01
xgboost_cal,2018-08-01,8328.0,7953.6103515625,40,5,2018-03-01
xgboost_cal,2018-09-01,7325.0,7375.94189453125,40,6,2018-03-01
xgboost_cal,2018-05-01,7511.0,7609.56591796875,41,1,2018-04-01
xgboost_cal,2018-06-01,8057.0,8055.921875,41,2,2018-04-01
xgboost_cal,2018-07-01,8175.0,8313.8525390625,41,3,2018-04-01
xgboost_cal,2018-08-01,8328.0,7967.890625,41,4,2018-04-01
xgboost_cal,2018-09-01,7325.0,7423.0576171875,41,5,2018-04-01
xgboost_cal,2018-10-01,7202.0,7300.0791015625,41,6,2018-04-01
xgboost_cal,2018-06-01,8057.0,8064.44091796875,42,1,2018-05-01
xgboost_cal,2018-07-01,8175.0,8335.755859375,42,2,2018-05-01
xgboost_cal,2018-08-01,8328.0,8081.4482421875,42,3,2018-05-01
xgboost_cal,2018-09-01,7325.0,7501.5830078125,42,4,2018-05-01
xgboost_cal,2018-10-01,7202.0,7290.4384765625,42,5,2018-05-01
xgboost_cal,2018-11-01,7161.0,6860.2744140625,42,6,2018-05-01
xgboost_cal,2018-07-01,8175.0,8347.029296875,43,1,2018-06-01
xgboost_cal,2018-08-01,8328.0,8058.01708984375,43,2,2018-06-01
xgboost_cal,2018-09-01,7325.0,7501.84326171875,43,3,2018-06-01
xgboost_cal,2018-10-01,7202.0,7305.3330078125,43,4,2018-06-01
xgboost_cal,2018-11-01,7161.0,6900.7744140625,43,5,2018-06-01
xgboost_cal,2018-12-01,7409.0,6921.32177734375,43,6,2018-06-01
xgboost_cal,2018-08-01,8328.0,8064.4130859375,44,1,2018-07-01
xgboost_cal,2018-09-01,7325.0,7461.037109375,44,2,2018-07-01
xgboost_cal,2018-10-01,7202.0,7347.20068359375,44,3,2018-07-01
xgboost_cal,2018-11-01,7161.0,6895.80419921875,44,4,2018-07-01
xgboost_cal,2018-12-01,7409.0,6945.8251953125,44,5,2018-07-01
xgboost_cal,2019-01-01,7117.0,6867.48974609375,44,6,2018-07-01
xgboost_cal,2018-09-01,7325.0,7423.4345703125,45,1,2018-08-01
xgboost_cal,2018-10-01,7202.0,7300.666015625,45,2,2018-08-01
xgboost_cal,2018-11-01,7161.0,7028.58349609375,45,3,2018-08-01
xgboost_cal,2018-12-01,7409.0,6945.173828125,45,4,2018-08-01
xgboost_cal,2019-01-01,7117.0,6871.32373046875,45,5,2018-08-01
xgboost_cal,2019-02-01,6307.0,6197.44384765625,45,6,2018-08-01
xgboost_cal,2018-10-01,7202.0,7326.08642578125,46,1,2018-09-01
xgboost_cal,2018-11-01,7161.0,7027.13232421875,46,2,2018-09-01
xgboost_cal,2018-12-01,7409.0,6947.35205078125,46,3,2018-09-01
xgboost_cal,2019-01-01,7117.0,6862.2529296875,46,4,2018-09-01
xgboost_cal,2019-02-01,6307.0,6190.75048828125,46,5,2018-09-01
xgboost_cal,2019-03-01,7067.0,6665.8935546875,46,6,2018-09-01
xgboost_cal,2018-11-01,7161.0,6941.3994140625,47,1,2018-10-01
xgboost_cal,2018-12-01,7409.0,6909.33203125,47,2,2018-10-01
xgboost_cal,2019-01-01,7117.0,6841.08251953125,47,3,2018-10-01
xgboost_cal,2019-02-01,6307.0,6096.68994140625,47,4,2018-10-01
xgboost_cal,2019-03-01,7067.0,6693.7451171875,47,5,2018-10-01
xgboost_cal,2019-04-01,7108.0,6824.4033203125,47,6,2018-10-01
xgboost_cal,2018-12-01,7409.0,6936.5380859375,48,1,2018-11-01
xgboost_cal,2019-01-01,7117.0,6861.3310546875,48,2,2018-11-01
xgboost_cal,2019-02-01,6307.0,6237.7119140625,48,3,2018-11-01
xgboost_cal,2019-03-01,7067.0,6697.53271484375,48,4,2018-11-01
xgboost_cal,2019-04-01,7108.0,6799.13671875,48,5,2018-11-01
xgboost_cal,2019-05-01,7776.0,7591.00634765625,48,6,2018-11-01
xgboost_cal,2019-01-01,7117.0,7035.8037109375,49,1,2018-12-01
xgboost_cal,2019-02-01,6307.0,6421.484375,49,2,2018-12-01
xgboost_cal,2019-03-01,7067.0,6811.05810546875,49,3,2018-12-01
xgboost_cal,2019-04-01,7108.0,6843.28759765625,49,4,2018-12-01
xgboost_cal,2019-05-01,7776.0,7579.79833984375,49,5,2018-12-01
xgboost_cal,2019-06-01,8274.0,8044.552734375,49,6,2018-12-01
xgboost_cal,2019-02-01,6307.0,6433.13916015625,50,1,2019-01-01
xgboost_cal,2019-03-01,7067.0,6814.828125,50,2,2019-01-01
xgboost_cal,2019-04-01,7108.0,6894.7177734375,50,3,2019-01-01
xgboost_cal,2019-05-01,7776.0,7671.25390625,50,4,2019-01-01
xgboost_cal,2019-06-01,8274.0,8051.96923828125,50,5,2019-01-01
xgboost_cal,2019-07-01,8919.0,8381.1826171875,50,6,2019-01-01
xgboost_cal,2019-03-01,7067.0,6806.74462890625,51,1,2019-02-01
xgboost_cal,2019-04-01,7108.0,6882.75244140625,51,2,2019-02-01
xgboost_cal,2019-05-01,7776.0,7594.490234375,51,3,2019-02-01
xgboost_cal,2019-06-01,8274.0,7995.9873046875,51,4,2019-02-01
xgboost_cal,2019-07-01,8919.0,8276.6298828125,51,5,2019-02-01
xgboost_cal,2019-08-01,8180.0,8207.3154296875,51,6,2019-02-01
xgboost_cal,2019-04-01,7108.0,6934.2568359375,52,1,2019-03-01
xgboost_cal,2019-05-01,7776.0,7666.3037109375,52,2,2019-03-01
xgboost_cal,2019-06-01,8274.0,8101.7109375,52,3,2019-03-01
xgboost_cal,2019-07-01,8919.0,8344.990234375,52,4,2019-03-01
xgboost_cal,2019-08-01,8180.0,8265.65234375,52,5,2019-03-01
xgboost_cal,2019-09-01,7664.0,7431.5341796875,52,6,2019-03-01
xgboost_cal,2019-05-01,7776.0,7715.1875,53,1,2019-04-01
xgboost_cal,2019-06-01,8274.0,8081.85107421875,53,2,2019-04-01
xgboost_cal,2019-07-01,8919.0,8295.638671875,53,3,2019-04-01
xgboost_cal,2019-08-01,8180.0,8217.6220703125,53,4,2019-04-01
xgboost_cal,2019-09-01,7664.0,7419.29931640625,53,5,2019-04-01
xgboost_cal,2019-10-01,7254.0,7323.49755859375,53,6,2019-04-01
xgboost_cal,2019-06-01,8274.0,8261.814453125,54,1,2019-05-01
xgboost_cal,2019-07-01,8919.0,8337.9560546875,54,2,2019-05-01
xgboost_cal,2019-08-01,8180.0,8265.1201171875,54,3,2019-05-01
xgboost_cal,2019-09-01,7664.0,7431.2294921875,54,4,2019-05-01
xgboost_cal,2019-10-01,7254.0,7394.92724609375,54,5,2019-05-01
xgboost_cal,2019-11-01,6785.0,7211.53857421875,54,6,2019-05-01
xgboost_cal,2019-07-01,8919.0,8346.23046875,55,1,2019-06-01
xgboost_cal,2019-08-01,8180.0,8194.4033203125,55,2,2019-06-01
xgboost_cal,2019-09-01,7664.0,7438.41845703125,55,3,2019-06-01
xgboost_cal,2019-10-01,7254.0,7410.57763671875,55,4,2019-06-01
xgboost_cal,2019-11-01,6785.0,7235.03369140625,55,5,2019-06-01
xgboost_cal,2019-12-01,6987.0,7521.287109375,55,6,2019-06-01
xgboost_cal,2019-08-01,8180.0,8322.6005859375,56,1,2019-07-01
xgboost_cal,2019-09-01,7664.0,7494.06787109375,56,2,2019-07-01
xgboost_cal,2019-10-01,7254.0,7473.294921875,56,3,2019-07-01
xgboost_cal,2019-11-01,6785.0,7306.779296875,56,4,2019-07-01
xgboost_cal,2019-12-01,6987.0,7681.18359375,56,5,2019-07-01
xgboost_cal,2020-01-01,7194.0,7087.140625,56,6,2019-07-01
xgboost_cal,2019-09-01,7664.0,7440.8701171875,57,1,2019-08-01
xgboost_cal,2019-10-01,7254.0,7452.80029296875,57,2,2019-08-01
xgboost_cal,2019-11-01,6785.0,7272.0283203125,57,3,2019-08-01
xgboost_cal,2019-12-01,6987.0,7625.478515625,57,4,2019-08-01
xgboost_cal,2020-01-01,7194.0,7045.5830078125,57,5,2019-08-01
xgboost_cal,2020-02-01,6848.0,6392.29736328125,57,6,2019-08-01
xgboost_cal,2019-10-01,7254.0,7492.05615234375,58,1,2019-09-01
xgboost_cal,2019-11-01,6785.0,7315.40771484375,58,2,2019-09-01
xgboost_cal,2019-12-01,6987.0,7560.04541015625,58,3,2019-09-01
xgboost_cal,2020-01-01,7194.0,7005.357421875,58,4,2019-09-01
xgboost_cal,2020-02-01,6848.0,6498.0859375,58,5,2019-09-01
xgboost_cal,2020-03-01,7324.0,6916.27880859375,58,6,2019-09-01
xgboost_cal,2019-11-01,6785.0,7318.18212890625,59,1,2019-10-01
xgboost_cal,2019-12-01,6987.0,7599.21142578125,59,2,2019-10-01
xgboost_cal,2020-01-01,7194.0,7074.15673828125,59,3,2019-10-01
xgboost_cal,2020-02-01,6848.0,6440.6123046875,59,4,2019-10-01
xgboost_cal,2020-03-01,7324.0,6920.2314453125,59,5,2019-10-01
xgboost_cal,2020-04-01,5978.0,6965.3759765625,59,6,2019-10-01
xgboost_cal,2019-12-01,6987.0,7427.90380859375,60,1,2019-11-01
xgboost_cal,2020-01-01,7194.0,6976.61767578125,60,2,2019-11-01
xgboost_cal,2020-02-01,6848.0,6389.69921875,60,3,2019-11-01
xgboost_cal,2020-03-01,7324.0,6918.775390625,60,4,2019-11-01
xgboost_cal,2020-04-01,5978.0,6874.73681640625,60,5,2019-11-01
xgboost_cal,2020-05-01,7062.0,7607.2265625,60,6,2019-11-01
xgboost_cal,2020-01-01,7194.0,6831.05615234375,61,1,2019-12-01
xgboost_cal,2020-02-01,6848.0,6329.49755859375,61,2,2019-12-01
xgboost_cal,2020-03-01,7324.0,6849.2705078125,61,3,2019-12-01
xgboost_cal,2020-04-01,5978.0,6854.39892578125,61,4,2019-12-01
xgboost_cal,2020-05-01,7062.0,7599.97607421875,61,5,2019-12-01
xgboost_cal,2020-06-01,6948.0,8117.70654296875,61,6,2019-12-01
xgboost_cal,2020-02-01,6848.0,6439.42529296875,62,1,2020-01-01
xgboost_cal,2020-03-01,7324.0,6899.40087890625,62,2,2020-01-01
xgboost_cal,2020-04-01,5978.0,6925.52001953125,62,3,2020-01-01
xgboost_cal,2020-05-01,7062.0,7668.1455078125,62,4,2020-01-01
xgboost_cal,2020-06-01,6948.0,8232.98828125,62,5,2020-01-01
xgboost_cal,2020-07-01,7392.0,8413.802734375,62,6,2020-01-01
xgboost_cal,2020-03-01,7324.0,6918.69482421875,63,1,2020-02-01
xgboost_cal,2020-04-01,5978.0,6934.9150390625,63,2,2020-02-01
xgboost_cal,2020-05-01,7062.0,7698.7607421875,63,3,2020-02-01
xgboost_cal,2020-06-01,6948.0,8232.44140625,63,4,2020-02-01
xgboost_cal,2020-07-01,7392.0,8350.072265625,63,5,2020-02-01
xgboost_cal,2020-08-01,7678.0,8334.486328125,63,6,2020-02-01
xgboost_cal,2020-04-01,5978.0,7168.84423828125,64,1,2020-03-01
xgboost_cal,2020-05-01,7062.0,7814.3291015625,64,2,2020-03-01
xgboost_cal,2020-06-01,6948.0,8390.32421875,64,3,2020-03-01
xgboost_cal,2020-07-01,7392.0,8403.607421875,64,4,2020-03-01
xgboost_cal,2020-08-01,7678.0,8301.736328125,64,5,2020-03-01
xgboost_cal,2020-09-01,7005.0,7649.77880859375,64,6,2020-03-01
xgboost_cal,2020-05-01,7062.0,7569.2578125,65,1,2020-04-01
xgboost_cal,2020-06-01,6948.0,7961.40380859375,65,2,2020-04-01
xgboost_cal,2020-07-01,7392.0,8025.81591796875,65,3,2020-04-01
xgboost_cal,2020-08-01,7678.0,8310.6650390625,65,4,2020-04-01
xgboost_cal,2020-09-01,7005.0,7614.7353515625,65,5,2020-04-01
xgboost_cal,2020-10-01,7385.0,7251.47314453125,65,6,2020-04-01
xgboost_cal,2020-06-01,6948.0,7816.45751953125,66,1,2020-05-01
xgboost_cal,2020-07-01,7392.0,8070.166015625,66,2,2020-05-01
xgboost_cal,2020-08-01,7678.0,8393.064453125,66,3,2020-05-01
xgboost_cal,2020-09-01,7005.0,7602.5498046875,66,4,2020-05-01
xgboost_cal,2020-10-01,7385.0,7245.62744140625,66,5,2020-05-01
xgboost_cal,2020-11-01,6872.0,7055.90625,66,6,2020-05-01
xgboost_cal,2020-07-01,7392.0,7660.6962890625,67,1,2020-06-01
xgboost_cal,2020-08-01,7678.0,7890.85693359375,67,2,2020-06-01
xgboost_cal,2020-09-01,7005.0,7764.4404296875,67,3,2020-06-01
xgboost_cal,2020-10-01,7385.0,7420.728515625,67,4,2020-06-01
xgboost_cal,2020-11-01,6872.0,7001.7451171875,67,5,2020-06-01
xgboost_cal,2020-12-01,6781.0,7086.76220703125,67,6,2020-06-01
xgboost_cal,2020-08-01,7678.0,7785.34033203125,68,1,2020-07-01
xgboost_cal,2020-09-01,7005.0,7813.265625,68,2,2020-07-01
xgboost_cal,2020-10-01,7385.0,7577.04638671875,68,3,2020-07-01
xgboost_cal,2020-11-01,6872.0,7089.8583984375,68,4,2020-07-01
xgboost_cal,2020-12-01,6781.0,7034.20361328125,68,5,2020-07-01
xgboost_cal,2021-01-01,6917.0,6967.54248046875,68,6,2020-07-01
xgboost_cal,2020-09-01,7005.0,7573.478515625,69,1,2020-08-01
xgboost_cal,2020-10-01,7385.0,7417.49072265625,69,2,2020-08-01
xgboost_cal,2020-11-01,6872.0,7085.4755859375,69,3,2020-08-01
xgboost_cal,2020-12-01,6781.0,7030.40869140625,69,4,2020-08-01
xgboost_cal,2021-01-01,6917.0,7147.06396484375,69,5,2020-08-01
xgboost_cal,2021-02-01,6217.0,7102.7001953125,69,6,2020-08-01
xgboost_cal,2020-10-01,7385.0,7245.0556640625,70,1,2020-09-01
xgboost_cal,2020-11-01,6872.0,6920.62060546875,70,2,2020-09-01
xgboost_cal,2020-12-01,6781.0,7059.4814453125,70,3,2020-09-01
xgboost_cal,2021-01-01,6917.0,6948.15625,70,4,2020-09-01
xgboost_cal,2021-02-01,6217.0,6947.68408203125,70,5,2020-09-01
xgboost_cal,2021-03-01,7569.0,7210.3388671875,70,6,2020-09-01
xgboost_cal,2020-11-01,6872.0,7062.13916015625,71,1,2020-10-01
xgboost_cal,2020-12-01,6781.0,7085.9296875,71,2,2020-10-01
xgboost_cal,2021-01-01,6917.0,7055.5810546875,71,3,2020-10-01
xgboost_cal,2021-02-01,6217.0,7006.236328125,71,4,2020-10-01
xgboost_cal,2021-03-01,7569.0,7269.611328125,71,5,2020-10-01
xgboost_cal,2021-04-01,6917.0,6572.11962890625,71,6,2020-10-01
xgboost_cal,2020-12-01,6781.0,7003.78955078125,72,1,2020-11-01
xgboost_cal,2021-01-01,6917.0,7043.7919921875,72,2,2020-11-01
xgboost_cal,2021-02-01,6217.0,6909.6787109375,72,3,2020-11-01
xgboost_cal,2021-03-01,7569.0,7242.56494140625,72,4,2020-11-01
xgboost_cal,2021-04-01,6917.0,6416.7607421875,72,5,2020-11-01
xgboost_cal,2021-05-01,8253.0,7295.61767578125,72,6,2020-11-01
xgboost_cal,2021-01-01,6917.0,6948.38720703125,73,1,2020-12-01
xgboost_cal,2021-02-01,6217.0,6910.541015625,73,2,2020-12-01
xgboost_cal,2021-03-01,7569.0,7245.63818359375,73,3,2020-12-01
xgboost_cal,2021-04-01,6917.0,6476.57470703125,73,4,2020-12-01
xgboost_cal,2021-05-01,8253.0,7244.40966796875,73,5,2020-12-01
xgboost_cal,2021-06-01,8153.0,7150.9296875,73,6,2020-12-01
xgboost_cal,2021-02-01,6217.0,6935.98828125,74,1,2021-01-01
xgboost_cal,2021-03-01,7569.0,7174.123046875,74,2,2021-01-01
xgboost_cal,2021-04-01,6917.0,6479.490234375,74,3,2021-01-01
xgboost_cal,2021-05-01,8253.0,7270.439453125,74,4,2021-01-01
xgboost_cal,2021-06-01,8153.0,7136.7421875,74,5,2021-01-01
xgboost_cal,2021-07-01,9251.0,7624.2353515625,74,6,2021-01-01
xgboost_cal,2021-03-01,7569.0,7109.74072265625,75,1,2021-02-01
xgboost_cal,2021-04-01,6917.0,6509.5390625,75,2,2021-02-01
xgboost_cal,2021-05-01,8253.0,7237.642578125,75,3,2021-02-01
xgboost_cal,2021-06-01,8153.0,7347.1884765625,75,4,2021-02-01
xgboost_cal,2021-07-01,9251.0,7629.41162109375,75,5,2021-02-01
xgboost_cal,2021-08-01,8830.0,7555.32666015625,75,6,2021-02-01
xgboost_cal,2021-04-01,6917.0,6506.306640625,76,1,2021-03-01
xgboost_cal,2021-05-01,8253.0,7116.328125,76,2,2021-03-01
xgboost_cal,2021-06-01,8153.0,7271.32421875,76,3,2021-03-01
xgboost_cal,2021-07-01,9251.0,7508.0576171875,76,4,2021-03-01
xgboost_cal,2021-08-01,8830.0,7754.82470703125,76,5,2021-03-01
xgboost_cal,2021-09-01,7512.0,7094.4794921875,76,6,2021-03-01
xgboost_cal,2021-05-01,8253.0,7193.4697265625,77,1,2021-04-01
xgboost_cal,2021-06-01,8153.0,7384.82958984375,77,2,2021-04-01
xgboost_cal,2021-07-01,9251.0,7598.78662109375,77,3,2021-04-01
xgboost_cal,2021-08-01,8830.0,7547.1171875,77,4,2021-04-01
xgboost_cal,2021-09-01,7512.0,6925.36181640625,77,5,2021-04-01
xgboost_cal,2021-10-01,7656.0,7226.88427734375,77,6,2021-04-01
xgboost_cal,2021-06-01,8153.0,7652.9755859375,78,1,2021-05-01
xgboost_cal,2021-07-01,9251.0,7581.66015625,78,2,2021-05-01
xgboost_cal,2021-08-01,8830.0,7601.4931640625,78,3,2021-05-01
xgboost_cal,2021-09-01,7512.0,6882.69873046875,78,4,2021-05-01
xgboost_cal,2021-10-01,7656.0,7260.56982421875,78,5,2021-05-01
xgboost_cal,2021-11-01,7603.0,6875.59130859375,78,6,2021-05-01
xgboost_cal,2021-07-01,9251.0,8010.279296875,79,1,2021-06-01
xgboost_cal,2021-08-01,8830.0,7790.43408203125,79,2,2021-06-01
xgboost_cal,2021-09-01,7512.0,7092.8349609375,79,3,2021-06-01
xgboost_cal,2021-10-01,7656.0,7256.80712890625,79,4,2021-06-01
xgboost_cal,2021-11-01,7603.0,6935.51708984375,79,5,2021-06-01
xgboost_cal,2021-12-01,8237.0,6947.2314453125,79,6,2021-06-01
xgboost_cal,2021-08-01,8830.0,7887.42822265625,80,1,2021-07-01
xgboost_cal,2021-09-01,7512.0,7141.806640625,80,2,2021-07-01
xgboost_cal,2021-10-01,7656.0,7297.22265625,80,3,2021-07-01
xgboost_cal,2021-11-01,7603.0,7005.13720703125,80,4,2021-07-01
xgboost_cal,2021-12-01,8237.0,6984.591796875,80,5,2021-07-01
xgboost_cal,2022-01-01,9582.0,7084.01806640625,80,6,2021-07-01
xgboost_cal,2021-09-01,7512.0,7193.90576171875,81,1,2021-08-01
xgboost_cal,2021-10-01,7656.0,7333.146484375,81,2,2021-08-01
xgboost_cal,2021-11-01,7603.0,7182.904296875,81,3,2021-08-01
xgboost_cal,2021-12-01,8237.0,7044.1318359375,81,4,2021-08-01
xgboost_cal,2022-01-01,9582.0,7130.1123046875,81,5,2021-08-01
xgboost_cal,2022-02-01,7227.0,6602.30224609375,81,6,2021-08-01
xgboost_cal,2021-10-01,7656.0,7370.580078125,82,1,2021-09-01
xgboost_cal,2021-11-01,7603.0,7118.9033203125,82,2,2021-09-01
xgboost_cal,2021-12-01,8237.0,6980.41748046875,82,3,2021-09-01
xgboost_cal,2022-01-01,9582.0,7102.41845703125,82,4,2021-09-01
xgboost_cal,2022-02-01,7227.0,6790.19970703125,82,5,2021-09-01
xgboost_cal,2022-03-01,7504.0,7170.99072265625,82,6,2021-09-01
xgboost_cal,2021-11-01,7603.0,7165.99560546875,83,1,2021-10-01
xgboost_cal,2021-12-01,8237.0,7073.30517578125,83,2,2021-10-01
xgboost_cal,2022-01-01,9582.0,7053.92724609375,83,3,2021-10-01
xgboost_cal,2022-02-01,7227.0,6799.447265625,83,4,2021-10-01
xgboost_cal,2022-03-01,7504.0,7102.51708984375,83,5,2021-10-01
xgboost_cal,2022-04-01,7589.0,6330.93603515625,83,6,2021-10-01
xgboost_cal,2021-12-01,8237.0,7170.04248046875,84,1,2021-11-01
xgboost_cal,2022-01-01,9582.0,7072.24462890625,84,2,2021-11-01
xgboost_cal,2022-02-01,7227.0,6906.90185546875,84,3,2021-11-01
xgboost_cal,2022-03-01,7504.0,7065.05126953125,84,4,2021-11-01
xgboost_cal,2022-04-01,7589.0,6401.0322265625,84,5,2021-11-01
xgboost_cal,2022-05-01,8846.0,7076.0048828125,84,6,2021-11-01
xgboost_cal,2022-01-01,9582.0,7781.38623046875,85,1,2021-12-01
xgboost_cal,2022-02-01,7227.0,7342.38818359375,85,2,2021-12-01
xgboost_cal,2022-03-01,7504.0,7214.19091796875,85,3,2021-12-01
xgboost_cal,2022-04-01,7589.0,6632.962890625,85,4,2021-12-01
xgboost_cal,2022-05-01,8846.0,7045.3564453125,85,5,2021-12-01
xgboost_cal,2022-06-01,9057.0,7176.40478515625,85,6,2021-12-01
xgboost_cal,2022-02-01,7227.0,7763.5478515625,86,1,2022-01-01
xgboost_cal,2022-03-01,7504.0,7936.57275390625,86,2,2022-01-01
xgboost_cal,2022-04-01,7589.0,7654.5224609375,86,3,2022-01-01
xgboost_cal,2022-05-01,8846.0,7564.3408203125,86,4,2022-01-01
xgboost_cal,2022-06-01,9057.0,7900.33203125,86,5,2022-01-01
xgboost_cal,2022-07-01,8699.0,8547.6806640625,86,6,2022-01-01
xgboost_cal,2022-03-01,7504.0,7241.31689453125,87,1,2022-02-01
xgboost_cal,2022-04-01,7589.0,6614.34130859375,87,2,2022-02-01
xgboost_cal,2022-05-01,8846.0,6817.54052734375,87,3,2022-02-01
xgboost_cal,2022-06-01,9057.0,7122.34130859375,87,4,2022-02-01
xgboost_cal,2022-07-01,8699.0,7619.51513671875,87,5,2022-02-01
xgboost_cal,2022-08-01,8834.0,7584.650390625,87,6,2022-02-01
xgboost_cal,2022-04-01,7589.0,6789.8232421875,88,1,2022-03-01
xgboost_cal,2022-05-01,8846.0,6978.40283203125,88,2,2022-03-01
xgboost_cal,2022-06-01,9057.0,7374.9599609375,88,3,2022-03-01
xgboost_cal,2022-07-01,8699.0,7697.0546875,88,4,2022-03-01
xgboost_cal,2022-08-01,8834.0,7666.1162109375,88,5,2022-03-01
xgboost_cal,2022-09-01,8228.0,7340.07275390625,88,6,2022-03-01
xgboost_cal,2022-05-01,8846.0,7757.91796875,89,1,2022-04-01
xgboost_cal,2022-06-01,9057.0,8627.0576171875,89,2,2022-04-01
xgboost_cal,2022-07-01,8699.0,9007.3642578125,89,3,2022-04-01
xgboost_cal,2022-08-01,8834.0,8289.4521484375,89,4,2022-04-01
xgboost_cal,2022-09-01,8228.0,8263.0087890625,89,5,2022-04-01
xgboost_cal,2022-10-01,8388.0,8203.802734375,89,6,2022-04-01
xgboost_cal,2022-06-01,9057.0,9144.875,90,1,2022-05-01
xgboost_cal,2022-07-01,8699.0,8917.345703125,90,2,2022-05-01
xgboost_cal,2022-08-01,8834.0,8155.6884765625,90,3,2022-05-01
xgboost_cal,2022-09-01,8228.0,8104.54248046875,90,4,2022-05-01
xgboost_cal,2022-10-01,8388.0,7897.09716796875,90,5,2022-05-01
xgboost_cal,2022-11-01,7588.0,8302.466796875,90,6,2022-05-01
xgboost_cal,2022-07-01,8699.0,8973.083984375,91,1,2022-06-01
xgboost_cal,2022-08-01,8834.0,8274.619140625,91,2,2022-06-01
xgboost_cal,2022-09-01,8228.0,8179.49755859375,91,3,2022-06-01
xgboost_cal,2022-10-01,8388.0,8297.580078125,91,4,2022-06-01
xgboost_cal,2022-11-01,7588.0,8660.642578125,91,5,2022-06-01
xgboost_cal,2022-12-01,7850.0,8757.7919921875,91,6,2022-06-01
xgboost_cal,2022-08-01,8834.0,8366.5703125,92,1,2022-07-01
xgboost_cal,2022-09-01,8228.0,8154.84619140625,92,2,2022-07-01
xgboost_cal,2022-10-01,8388.0,8282.5869140625,92,3,2022-07-01
xgboost_cal,2022-11-01,7588.0,8698.0498046875,92,4,2022-07-01
xgboost_cal,2022-12-01,7850.0,8808.9111328125,92,5,2022-07-01
xgboost_cal,2023-01-01,7563.0,8776.8857421875,92,6,2022-07-01
xgboost_cal,2022-09-01,8228.0,8389.169921875,93,1,2022-08-01
xgboost_cal,2022-10-01,8388.0,8503.8642578125,93,2,2022-08-01
xgboost_cal,2022-11-01,7588.0,8807.69921875,93,3,2022-08-01
xgboost_cal,2022-12-01,7850.0,8851.1376953125,93,4,2022-08-01
xgboost_cal,2023-01-01,7563.0,8938.79296875,93,5,2022-08-01
xgboost_cal,2023-02-01,6551.0,8478.017578125,93,6,2022-08-01
xgboost_cal,2022-10-01,8388.0,8392.31640625,94,1,2022-09-01
xgboost_cal,2022-11-01,7588.0,8711.4912109375,94,2,2022-09-01
xgboost_cal,2022-12-01,7850.0,8739.359375,94,3,2022-09-01
xgboost_cal,2023-01-01,7563.0,8813.458984375,94,4,2022-09-01
xgboost_cal,2023-02-01,6551.0,8447.208984375,94,5,2022-09-01
xgboost_cal,2023-03-01,7507.0,8519.830078125,94,6,2022-09-01
xgboost_cal,2022-11-01,7588.0,8724.57421875,95,1,2022-10-01
xgboost_cal,2022-12-01,7850.0,8785.30078125,95,2,2022-10-01
xgboost_cal,2023-01-01,7563.0,8786.7734375,95,3,2022-10-01
xgboost_cal,2023-02-01,6551.0,8398.888671875,95,4,2022-10-01
xgboost_cal,2023-03-01,7507.0,8470.7529296875,95,5,2022-10-01
xgboost_cal,2023-04-01,7745.0,8617.666015625,95,6,2022-10-01
xgboost_cal,2022-12-01,7850.0,8149.01611328125,96,1,2022-11-01
xgboost_cal,2023-01-01,7563.0,8381.7509765625,96,2,2022-11-01
xgboost_cal,2023-02-01,6551.0,8432.5166015625,96,3,2022-11-01
xgboost_cal,2023-03-01,7507.0,8672.2666015625,96,4,2022-11-01
xgboost_cal,2023-04-01,7745.0,8324.88671875,96,5,2022-11-01
xgboost_cal,2023-05-01,8600.0,8536.8681640625,96,6,2022-11-01
xgboost_cal,2023-01-01,7563.0,8236.9736328125,97,1,2022-12-01
xgboost_cal,2023-02-01,6551.0,8410.171875,97,2,2022-12-01
xgboost_cal,2023-03-01,7507.0,8522.7998046875,97,3,2022-12-01
xgboost_cal,2023-04-01,7745.0,8179.236328125,97,4,2022-12-01
xgboost_cal,2023-05-01,8600.0,8454.8740234375,97,5,2022-12-01
xgboost_cal,2023-06-01,9151.0,8328.1630859375,97,6,2022-12-01
xgboost_cal,2023-02-01,6551.0,7642.12255859375,98,1,2023-01-01
xgboost_cal,2023-03-01,7507.0,7714.05810546875,98,2,2023-01-01
xgboost_cal,2023-04-01,7745.0,7920.56591796875,98,3,2023-01-01
xgboost_cal,2023-05-01,8600.0,8711.1015625,98,4,2023-01-01
xgboost_cal,2023-06-01,9151.0,8311.875,98,5,2023-01-01
xgboost_cal,2023-07-01,9183.0,8464.57421875,98,6,2023-01-01
xgboost_cal,2023-03-01,7507.0,6950.166015625,99,1,2023-02-01
xgboost_cal,2023-04-01,7745.0,7112.8779296875,99,2,2023-02-01
xgboost_cal,2023-05-01,8600.0,7503.8623046875,99,3,2023-02-01
xgboost_cal,2023-06-01,9151.0,7878.302734375,99,4,2023-02-01
xgboost_cal,2023-07-01,9183.0,8452.29296875,99,5,2023-02-01
xgboost_cal,2023-08-01,8297.0,8507.2099609375,99,6,2023-02-01
xgboost_cal,2023-04-01,7745.0,7382.67919921875,100,1,2023-03-01
xgboost_cal,2023-05-01,8600.0,7749.19580078125,100,2,2023-03-01
xgboost_cal,2023-06-01,9151.0,8606.8232421875,100,3,2023-03-01
xgboost_cal,2023-07-01,9183.0,8883.47265625,100,4,2023-03-01
xgboost_cal,2023-08-01,8297.0,8604.326171875,100,5,2023-03-01
xgboost_cal,2023-09-01,7823.0,8208.908203125,100,6,2023-03-01
xgboost_cal,2023-05-01,8600.0,8528.181640625,101,1,2023-04-01
xgboost_cal,2023-06-01,9151.0,8756.2490234375,101,2,2023-04-01
xgboost_cal,2023-07-01,9183.0,8474.228515625,101,3,2023-04-01
xgboost_cal,2023-08-01,8297.0,8414.365234375,101,4,2023-04-01
xgboost_cal,2023-09-01,7823.0,8117.0791015625,101,5,2023-04-01
xgboost_cal,2023-10-01,7507.0,8104.181640625,101,6,2023-04-01
xgboost_cal,2023-06-01,9151.0,8839.703125,102,1,2023-05-01
xgboost_cal,2023-07-01,9183.0,8485.890625,102,2,2023-05-01
xgboost_cal,2023-08-01,8297.0,8495.9375,102,3,2023-05-01
xgboost_cal,2023-09-01,7823.0,8142.8798828125,102,4,2023-05-01
xgboost_cal,2023-10-01,7507.0,8232.40625,102,5,2023-05-01
xgboost_cal,2023-11-01,8107.0,7965.888671875,102,6,2023-05-01
xgboost_cal,2023-07-01,9183.0,8357.2626953125,103,1,2023-06-01
xgboost_cal,2023-08-01,8297.0,8527.9794921875,103,2,2023-06-01
xgboost_cal,2023-09-01,7823.0,8139.57470703125,103,3,2023-06-01
xgboost_cal,2023-10-01,7507.0,8180.60107421875,103,4,2023-06-01
xgboost_cal,2023-11-01,8107.0,7867.654296875,103,5,2023-06-01
xgboost_cal,2023-12-01,7504.0,7631.19921875,103,6,2023-06-01
xgboost_diff12,2015-01-01,7184.0,6217.9346923828125,1,1,2014-12-01
xgboost_diff12,2015-02-01,5958.0,6257.679931640625,1,2,2014-12-01
xgboost_diff12,2015-03-01,6658.0,6566.300338745117,1,3,2014-12-01
xgboost_diff12,2015-04-01,7069.0,6509.341369628906,1,4,2014-12-01
xgboost_diff12,2015-05-01,8099.0,7392.543304443359,1,5,2014-12-01
xgboost_diff12,2015-06-01,7868.0,7400.373342514038,1,6,2014-12-01
xgboost_diff12,2015-02-01,5958.0,6269.991180419922,2,1,2015-01-01
xgboost_diff12,2015-03-01,6658.0,6446.068420410156,2,2,2015-01-01
xgboost_diff12,2015-04-01,7069.0,6548.692428588867,2,3,2015-01-01
xgboost_diff12,2015-05-01,8099.0,7533.534990310669,2,4,2015-01-01
xgboost_diff12,2015-06-01,7868.0,7580.411727905273,2,5,2015-01-01
xgboost_diff12,2015-07-01,7986.0,7463.853054046631,2,6,2015-01-01
xgboost_diff12,2015-03-01,6658.0,6401.710990905762,3,1,2015-02-01
xgboost_diff12,2015-04-01,7069.0,6548.121734619141,3,2,2015-02-01
xgboost_diff12,2015-05-01,8099.0,7839.8150634765625,3,3,2015-02-01
xgboost_diff12,2015-06-01,7868.0,7568.956481933594,3,4,2015-02-01
xgboost_diff12,2015-07-01,7986.0,7471.858963012695,3,5,2015-02-01
xgboost_diff12,2015-08-01,7251.0,7723.701820373535,3,6,2015-02-01
xgboost_diff12,2015-04-01,7069.0,6578.587493896484,4,1,2015-03-01
xgboost_diff12,2015-05-01,8099.0,7579.6134033203125,4,2,2015-03-01
xgboost_diff12,2015-06-01,7868.0,7490.591606140137,4,3,2015-03-01
xgboost_diff12,2015-07-01,7986.0,7293.275238037109,4,4,2015-03-01
xgboost_diff12,2015-08-01,7251.0,7925.800354003906,4,5,2015-03-01
xgboost_diff12,2015-09-01,7163.0,6874.633804321289,4,6,2015-03-01
xgboost_diff12,2015-05-01,8099.0,7675.913619995117,5,1,2015-04-01
xgboost_diff12,2015-06-01,7868.0,7514.427879333496,5,2,2015-04-01
xgboost_diff12,2015-07-01,7986.0,7271.994201660156,5,3,2015-04-01
xgboost_diff12,2015-08-01,7251.0,7894.292663574219,5,4,2015-04-01
xgboost_diff12,2015-09-01,7163.0,7003.011413574219,5,5,2015-04-01
xgboost_diff12,2015-10-01,6690.0,7133.773073196411,5,6,2015-04-01
xgboost_diff12,2015-06-01,7868.0,7605.600524902344,6,1,2015-05-01
xgboost_diff12,2015-07-01,7986.0,7427.383261680603,6,2,2015-05-01
xgboost_diff12,2015-08-01,7251.0,7770.126068115234,6,3,2015-05-01
xgboost_diff12,2015-09-01,7163.0,6927.694107055664,6,4,2015-05-01
xgboost_diff12,2015-10-01,6690.0,7066.314361572266,6,5,2015-05-01
xgboost_diff12,2015-11-01,6392.0,6449.783172607422,6,6,2015-05-01
xgboost_diff12,2015-07-01,7986.0,7478.76541519165,7,1,2015-06-01
xgboost_diff12,2015-08-01,7251.0,7843.460174560547,7,2,2015-06-01
xgboost_diff12,2015-09-01,7163.0,6915.266555786133,7,3,2015-06-01
xgboost_diff12,2015-10-01,6690.0,7124.560059547424,7,4,2015-06-01
xgboost_diff12,2015-11-01,6392.0,6437.989654541016,7,5,2015-06-01
xgboost_diff12,2015-12-01,6753.0,6674.520706176758,7,6,2015-06-01
xgboost_diff12,2015-08-01,7251.0,8004.849639892578,8,1,2015-07-01
xgboost_diff12,2015-09-01,7163.0,6933.256729125977,8,2,2015-07-01
xgboost_diff12,2015-10-01,6690.0,7375.625762939453,8,3,2015-07-01
xgboost_diff12,2015-11-01,6392.0,6582.007034301758,8,4,2015-07-01
xgboost_diff12,2015-12-01,6753.0,6723.869911193848,8,5,2015-07-01
xgboost_diff12,2016-01-01,6753.0,6854.776123046875,8,6,2015-07-01
xgboost_diff12,2015-09-01,7163.0,6801.937181472778,9,1,2015-08-01
xgboost_diff12,2015-10-01,6690.0,7166.739452362061,9,2,2015-08-01
xgboost_diff12,2015-11-01,6392.0,6534.034561157227,9,3,2015-08-01
xgboost_diff12,2015-12-01,6753.0,6782.622669219971,9,4,2015-08-01
xgboost_diff12,2016-01-01,6753.0,6596.389953613281,9,5,2015-08-01
xgboost_diff12,2016-02-01,6385.0,6077.17350769043,9,6,2015-08-01
xgboost_diff12,2015-10-01,6690.0,7262.406356811523,10,1,2015-09-01
xgboost_diff12,2015-11-01,6392.0,6443.696662902832,10,2,2015-09-01
xgboost_diff12,2015-12-01,6753.0,6825.523529052734,10,3,2015-09-01
xgboost_diff12,2016-01-01,6753.0,6683.377624511719,10,4,2015-09-01
xgboost_diff12,2016-02-01,6385.0,6106.331848144531,10,5,2015-09-01
xgboost_diff12,2016-03-01,7164.0,6546.126922607422,10,6,2015-09-01
xgboost_diff12,2015-11-01,6392.0,6448.092460632324,11,1,2015-10-01
xgboost_diff12,2015-12-01,6753.0,6735.527985334396,11,2,2015-10-01
xgboost_diff12,2016-01-01,6753.0,6650.761657714844,11,3,2015-10-01
xgboost_diff12,2016-02-01,6385.0,6022.2900466918945,11,4,2015-10-01
xgboost_diff12,2016-03-01,7164.0,6260.747314453125,11,5,2015-10-01
xgboost_diff12,2016-04-01,7192.0,6879.953094482422,11,6,2015-10-01
xgboost_diff12,2015-12-01,6753.0,6730.837770700455,12,1,2015-11-01
xgboost_diff12,2016-01-01,6753.0,6616.7489013671875,12,2,2015-11-01
xgboost_diff12,2016-02-01,6385.0,6110.040969848633,12,3,2015-11-01
xgboost_diff12,2016-03-01,7164.0,6292.876373291016,12,4,2015-11-01
xgboost_diff12,2016-04-01,7192.0,6825.402496337891,12,5,2015-11-01
xgboost_diff12,2016-05-01,7743.0,8047.497444152832,12,6,2015-11-01
xgboost_diff12,2016-01-01,6753.0,6593.53125,13,1,2015-12-01
xgboost_diff12,2016-02-01,6385.0,6063.0588302612305,13,2,2015-12-01
xgboost_diff12,2016-03-01,7164.0,6243.08154296875,13,3,2015-12-01
xgboost_diff12,2016-04-01,7192.0,6833.6123046875,13,4,2015-12-01
xgboost_diff12,2016-05-01,7743.0,8003.243194580078,13,5,2015-12-01
xgboost_diff12,2016-06-01,8767.0,7823.319091796875,13,6,2015-12-01
xgboost_diff12,2016-02-01,6385.0,6095.241058349609,14,1,2016-01-01
xgboost_diff12,2016-03-01,7164.0,6247.793304443359,14,2,2016-01-01
xgboost_diff12,2016-04-01,7192.0,6825.353530883789,14,3,2016-01-01
xgboost_diff12,2016-05-01,7743.0,8012.4641189575195,14,4,2016-01-01
xgboost_diff12,2016-06-01,8767.0,7891.535583496094,14,5,2016-01-01
xgboost_diff12,2016-07-01,8479.0,7979.938148498535,14,6,2016-01-01
xgboost_diff12,2016-03-01,7164.0,6227.6304931640625,15,1,2016-02-01
xgboost_diff12,2016-04-01,7192.0,6845.343460083008,15,2,2016-02-01
xgboost_diff12,2016-05-01,7743.0,8036.932529449463,15,3,2016-02-01
xgboost_diff12,2016-06-01,8767.0,7902.735397338867,15,4,2016-02-01
xgboost_diff12,2016-07-01,8479.0,7941.59778213501,15,5,2016-02-01
xgboost_diff12,2016-08-01,7890.0,7269.032089233398,15,6,2016-02-01
xgboost_diff12,2016-04-01,7192.0,6770.405944824219,16,1,2016-03-01
xgboost_diff12,2016-05-01,7743.0,7989.160675048828,16,2,2016-03-01
xgboost_diff12,2016-06-01,8767.0,8026.275253295898,16,3,2016-03-01
xgboost_diff12,2016-07-01,8479.0,7827.631271362305,16,4,2016-03-01
xgboost_diff12,2016-08-01,7890.0,7283.342578887939,16,5,2016-03-01
xgboost_diff12,2016-09-01,7317.0,6845.6605224609375,16,6,2016-03-01
xgboost_diff12,2016-05-01,7743.0,8007.344108581543,17,1,2016-04-01
xgboost_diff12,2016-06-01,8767.0,7960.326194763184,17,2,2016-04-01
xgboost_diff12,2016-07-01,8479.0,8090.642768859863,17,3,2016-04-01
xgboost_diff12,2016-08-01,7890.0,7266.868521690369,17,4,2016-04-01
xgboost_diff12,2016-09-01,7317.0,6957.682220458984,17,5,2016-04-01
xgboost_diff12,2016-10-01,7426.0,6777.4409255981445,17,6,2016-04-01
xgboost_diff12,2016-06-01,8767.0,7956.3666915893555,18,1,2016-05-01
xgboost_diff12,2016-07-01,8479.0,8001.550883293152,18,2,2016-05-01
xgboost_diff12,2016-08-01,7890.0,7266.518496513367,18,3,2016-05-01
xgboost_diff12,2016-09-01,7317.0,7028.078842163086,18,4,2016-05-01
xgboost_diff12,2016-10-01,7426.0,6637.9606857299805,18,5,2016-05-01
xgboost_diff12,2016-11-01,6700.0,6630.081481933594,18,6,2016-05-01
xgboost_diff12,2016-07-01,8479.0,7960.512487411499,19,1,2016-06-01
xgboost_diff12,2016-08-01,7890.0,7301.858680725098,19,2,2016-06-01
xgboost_diff12,2016-09-01,7317.0,7232.8625564575195,19,3,2016-06-01
xgboost_diff12,2016-10-01,7426.0,6560.530181884766,19,4,2016-06-01
xgboost_diff12,2016-11-01,6700.0,6768.494567871094,19,5,2016-06-01
xgboost_diff12,2016-12-01,6994.0,6927.117324829102,19,6,2016-06-01
xgboost_diff12,2016-08-01,7890.0,7431.545455932617,20,1,2016-07-01
xgboost_diff12,2016-09-01,7317.0,7240.494674682617,20,2,2016-07-01
xgboost_diff12,2016-10-01,7426.0,6451.912094116211,20,3,2016-07-01
xgboost_diff12,2016-11-01,6700.0,6932.997131347656,20,4,2016-07-01
xgboost_diff12,2016-12-01,6994.0,6991.238128662109,20,5,2016-07-01
xgboost_diff12,2017-01-01,6788.0,6833.802261352539,20,6,2016-07-01
xgboost_diff12,2016-09-01,7317.0,7160.268304347992,21,1,2016-08-01
xgboost_diff12,2016-10-01,7426.0,6580.269012451172,21,2,2016-08-01
xgboost_diff12,2016-11-01,6700.0,6785.888732910156,21,3,2016-08-01
xgboost_diff12,2016-12-01,6994.0,7007.140884399414,21,4,2016-08-01
xgboost_diff12,2017-01-01,6788.0,6815.149589538574,21,5,2016-08-01
xgboost_diff12,2017-02-01,6271.0,6476.469833374023,21,6,2016-08-01
xgboost_diff12,2016-10-01,7426.0,6631.333209991455,22,1,2016-09-01
xgboost_diff12,2016-11-01,6700.0,6784.203308105469,22,2,2016-09-01
xgboost_diff12,2016-12-01,6994.0,6996.39079284668,22,3,2016-09-01
xgboost_diff12,2017-01-01,6788.0,6844.878761291504,22,4,2016-09-01
xgboost_diff12,2017-02-01,6271.0,6490.363662719727,22,5,2016-09-01
xgboost_diff12,2017-03-01,6794.0,6994.008636474609,22,6,2016-09-01
xgboost_diff12,2016-11-01,6700.0,6621.50032043457,23,1,2016-10-01
xgboost_diff12,2016-12-01,6994.0,7082.087341308594,23,2,2016-10-01
xgboost_diff12,2017-01-01,6788.0,6889.075042724609,23,3,2016-10-01
xgboost_diff12,2017-02-01,6271.0,6821.530853271484,23,4,2016-10-01
xgboost_diff12,2017-03-01,6794.0,7159.6163420677185,23,5,2016-10-01
xgboost_diff12,2017-04-01,6884.0,7384.364776611328,23,6,2016-10-01
xgboost_diff12,2016-12-01,6994.0,7069.741638183594,24,1,2016-11-01
xgboost_diff12,2017-01-01,6788.0,6963.530670166016,24,2,2016-11-01
xgboost_diff12,2017-02-01,6271.0,6887.565856933594,24,3,2016-11-01
xgboost_diff12,2017-03-01,6794.0,7076.228416442871,24,4,2016-11-01
xgboost_diff12,2017-04-01,6884.0,7460.793304443359,24,5,2016-11-01
xgboost_diff12,2017-05-01,7651.0,7672.759460449219,24,6,2016-11-01
xgboost_diff12,2017-01-01,6788.0,6900.121887207031,25,1,2016-12-01
xgboost_diff12,2017-02-01,6271.0,6827.7022705078125,25,2,2016-12-01
xgboost_diff12,2017-03-01,6794.0,7049.840797424316,25,3,2016-12-01
xgboost_diff12,2017-04-01,6884.0,7407.60627746582,25,4,2016-12-01
xgboost_diff12,2017-05-01,7651.0,7603.5479736328125,25,5,2016-12-01
xgboost_diff12,2017-06-01,8009.0,8463.721496582031,25,6,2016-12-01
xgboost_diff12,2017-02-01,6271.0,6753.730773925781,26,1,2017-01-01
xgboost_diff12,2017-03-01,6794.0,7080.783424377441,26,2,2017-01-01
xgboost_diff12,2017-04-01,6884.0,7389.980621337891,26,3,2017-01-01
xgboost_diff12,2017-05-01,7651.0,7611.587020874023,26,4,2017-01-01
xgboost_diff12,2017-06-01,8009.0,8423.317291259766,26,5,2017-01-01
xgboost_diff12,2017-07-01,8694.0,8320.410949707031,26,6,2017-01-01
xgboost_diff12,2017-03-01,6794.0,7120.018321990967,27,1,2017-02-01
xgboost_diff12,2017-04-01,6884.0,7456.396026611328,27,2,2017-02-01
xgboost_diff12,2017-05-01,7651.0,7546.246505737305,27,3,2017-02-01
xgboost_diff12,2017-06-01,8009.0,8462.389587402344,27,4,2017-02-01
xgboost_diff12,2017-07-01,8694.0,8254.437484741211,27,5,2017-02-01
xgboost_diff12,2017-08-01,8130.0,7653.788162231445,27,6,2017-02-01
xgboost_diff12,2017-04-01,6884.0,7400.1590576171875,28,1,2017-03-01
xgboost_diff12,2017-05-01,7651.0,7488.008926391602,28,2,2017-03-01
xgboost_diff12,2017-06-01,8009.0,8426.602020263672,28,3,2017-03-01
xgboost_diff12,2017-07-01,8694.0,8330.417495727539,28,4,2017-03-01
xgboost_diff12,2017-08-01,8130.0,7635.578475952148,28,5,2017-03-01
xgboost_diff12,2017-09-01,7446.0,7435.982582092285,28,6,2017-03-01
xgboost_diff12,2017-05-01,7651.0,7506.569107055664,29,1,2017-04-01
xgboost_diff12,2017-06-01,8009.0,8377.264068603516,29,2,2017-04-01
xgboost_diff12,2017-07-01,8694.0,8187.562072753906,29,3,2017-04-01
xgboost_diff12,2017-08-01,8130.0,7614.944396972656,29,4,2017-04-01
xgboost_diff12,2017-09-01,7446.0,7459.291275024414,29,5,2017-04-01
xgboost_diff12,2017-10-01,7282.0,7062.905792236328,29,6,2017-04-01
xgboost_diff12,2017-06-01,8009.0,8414.49935913086,30,1,2017-05-01
xgboost_diff12,2017-07-01,8694.0,8206.053802490234,30,2,2017-05-01
xgboost_diff12,2017-08-01,8130.0,7619.663055419922,30,3,2017-05-01
xgboost_diff12,2017-09-01,7446.0,7492.896636962891,30,4,2017-05-01
xgboost_diff12,2017-10-01,7282.0,7104.068634033203,30,5,2017-05-01
xgboost_diff12,2017-11-01,6830.0,6802.947479248047,30,6,2017-05-01
xgboost_diff12,2017-07-01,8694.0,8222.21533203125,31,1,2017-06-01
xgboost_diff12,2017-08-01,8130.0,7582.2120361328125,31,2,2017-06-01
xgboost_diff12,2017-09-01,7446.0,7470.919860839844,31,3,2017-06-01
xgboost_diff12,2017-10-01,7282.0,6948.7486572265625,31,4,2017-06-01
xgboost_diff12,2017-11-01,6830.0,6800.202606201172,31,5,2017-06-01
xgboost_diff12,2017-12-01,6946.0,7354.159454345703,31,6,2017-06-01
xgboost_diff12,2017-08-01,8130.0,7498.865966796875,32,1,2017-07-01
xgboost_diff12,2017-09-01,7446.0,7365.292995452881,32,2,2017-07-01
xgboost_diff12,2017-10-01,7282.0,7092.161102294922,32,3,2017-07-01
xgboost_diff12,2017-11-01,6830.0,6984.184387207031,32,4,2017-07-01
xgboost_diff12,2017-12-01,6946.0,7458.289123535156,32,5,2017-07-01
xgboost_diff12,2018-01-01,6886.0,6927.887741088867,32,6,2017-07-01
xgboost_diff12,2017-09-01,7446.0,7336.207626342773,33,1,2017-08-01
xgboost_diff12,2017-10-01,7282.0,7150.893615722656,33,2,2017-08-01
xgboost_diff12,2017-11-01,6830.0,7102.239898681641,33,3,2017-08-01
xgboost_diff12,2017-12-01,6946.0,7450.161712646484,33,4,2017-08-01
xgboost_diff12,2018-01-01,6886.0,7042.970687866211,33,5,2017-08-01
xgboost_diff12,2018-02-01,5960.0,6342.628631591797,33,6,2017-08-01
xgboost_diff12,2017-10-01,7282.0,7152.9461669921875,34,1,2017-09-01
xgboost_diff12,2017-11-01,6830.0,6994.442840576172,34,2,2017-09-01
xgboost_diff12,2017-12-01,6946.0,7443.792297363281,34,3,2017-09-01
xgboost_diff12,2018-01-01,6886.0,6955.76448059082,34,4,2017-09-01
xgboost_diff12,2018-02-01,5960.0,6371.413787841797,34,5,2017-09-01
xgboost_diff12,2018-03-01,6930.0,6920.151657104492,34,6,2017-09-01
xgboost_diff12,2017-11-01,6830.0,6994.938812255859,35,1,2017-10-01
xgboost_diff12,2017-12-01,6946.0,7451.526550292969,35,2,2017-10-01
xgboost_diff12,2018-01-01,6886.0,7030.107070922852,35,3,2017-10-01
xgboost_diff12,2018-02-01,5960.0,6398.25439453125,35,4,2017-10-01
xgboost_diff12,2018-03-01,6930.0,7037.538604736328,35,5,2017-10-01
xgboost_diff12,2018-04-01,6769.0,7184.676574707031,35,6,2017-10-01
xgboost_diff12,2017-12-01,6946.0,7455.764617919922,36,1,2017-11-01
xgboost_diff12,2018-01-01,6886.0,6977.071090698242,36,2,2017-11-01
xgboost_diff12,2018-02-01,5960.0,6348.377311706543,36,3,2017-11-01
xgboost_diff12,2018-03-01,6930.0,6868.76887512207,36,4,2017-11-01
xgboost_diff12,2018-04-01,6769.0,7208.678497314453,36,5,2017-11-01
xgboost_diff12,2018-05-01,7511.0,7770.658798217773,36,6,2017-11-01
xgboost_diff12,2018-01-01,6886.0,6837.883277893066,37,1,2017-12-01
xgboost_diff12,2018-02-01,5960.0,6311.277339935303,37,2,2017-12-01
xgboost_diff12,2018-03-01,6930.0,6828.181640625,37,3,2017-12-01
xgboost_diff12,2018-04-01,6769.0,7053.433395385742,37,4,2017-12-01
xgboost_diff12,2018-05-01,7511.0,7669.837060928345,37,5,2017-12-01
xgboost_diff12,2018-06-01,8057.0,8149.341323852539,37,6,2017-12-01
xgboost_diff12,2018-02-01,5960.0,6326.04080581665,38,1,2018-01-01
xgboost_diff12,2018-03-01,6930.0,6812.045448303223,38,2,2018-01-01
xgboost_diff12,2018-04-01,6769.0,7051.419952392578,38,3,2018-01-01
xgboost_diff12,2018-05-01,7511.0,7680.732860565186,38,4,2018-01-01
xgboost_diff12,2018-06-01,8057.0,8151.5987548828125,38,5,2018-01-01
xgboost_diff12,2018-07-01,8175.0,9126.169311523438,38,6,2018-01-01
xgboost_diff12,2018-03-01,6930.0,6872.81827545166,39,1,2018-02-01
xgboost_diff12,2018-04-01,6769.0,6963.120704650879,39,2,2018-02-01
xgboost_diff12,2018-05-01,7511.0,7557.056747436523,39,3,2018-02-01
xgboost_diff12,2018-06-01,8057.0,8328.823303222656,39,4,2018-02-01
xgboost_diff12,2018-07-01,8175.0,9075.682861328125,39,5,2018-02-01
xgboost_diff12,2018-08-01,8328.0,8458.052917480469,39,6,2018-02-01
xgboost_diff12,2018-04-01,6769.0,6991.115341186523,40,1,2018-03-01
xgboost_diff12,2018-05-01,7511.0,7523.55770111084,40,2,2018-03-01
xgboost_diff12,2018-06-01,8057.0,8320.453033447266,40,3,2018-03-01
xgboost_diff12,2018-07-01,8175.0,8960.81137084961,40,4,2018-03-01
xgboost_diff12,2018-08-01,8328.0,8430.728790283203,40,5,2018-03-01
xgboost_diff12,2018-09-01,7325.0,7537.006858825684,40,6,2018-03-01
xgboost_diff12,2018-05-01,7511.0,7598.503028869629,41,1,2018-04-01
xgboost_diff12,2018-06-01,8057.0,8244.982330322266,41,2,2018-04-01
xgboost_diff12,2018-07-01,8175.0,8990.83560180664,41,3,2018-04-01
xgboost_diff12,2018-08-01,8328.0,8360.70718383789,41,4,2018-04-01
xgboost_diff12,2018-09-01,7325.0,7428.942386627197,41,5,2018-04-01
xgboost_diff12,2018-10-01,7202.0,7619.858337402344,41,6,2018-04-01
xgboost_diff12,2018-06-01,8057.0,8209.607452392578,42,1,2018-05-01
xgboost_diff12,2018-07-01,8175.0,8909.359466552734,42,2,2018-05-01
xgboost_diff12,2018-08-01,8328.0,8320.89761352539,42,3,2018-05-01
xgboost_diff12,2018-09-01,7325.0,7467.074424743652,42,4,2018-05-01
xgboost_diff12,2018-10-01,7202.0,7544.320983886719,42,5,2018-05-01
xgboost_diff12,2018-11-01,7161.0,7072.044540405273,42,6,2018-05-01
xgboost_diff12,2018-07-01,8175.0,8881.484268188477,43,1,2018-06-01
xgboost_diff12,2018-08-01,8328.0,8374.864807128906,43,2,2018-06-01
xgboost_diff12,2018-09-01,7325.0,7408.2098388671875,43,3,2018-06-01
xgboost_diff12,2018-10-01,7202.0,7570.392333984375,43,4,2018-06-01
xgboost_diff12,2018-11-01,7161.0,7051.328598022461,43,5,2018-06-01
xgboost_diff12,2018-12-01,7409.0,7095.356887817383,43,6,2018-06-01
xgboost_diff12,2018-08-01,8328.0,8364.617965698242,44,1,2018-07-01
xgboost_diff12,2018-09-01,7325.0,7376.044464111328,44,2,2018-07-01
xgboost_diff12,2018-10-01,7202.0,7477.560485839844,44,3,2018-07-01
xgboost_diff12,2018-11-01,7161.0,7147.2335205078125,44,4,2018-07-01
xgboost_diff12,2018-12-01,7409.0,7093.050476074219,44,5,2018-07-01
xgboost_diff12,2019-01-01,7117.0,7031.691329956055,44,6,2018-07-01
xgboost_diff12,2018-09-01,7325.0,7294.685165405273,45,1,2018-08-01
xgboost_diff12,2018-10-01,7202.0,7395.227355957031,45,2,2018-08-01
xgboost_diff12,2018-11-01,7161.0,6928.987281799316,45,3,2018-08-01
xgboost_diff12,2018-12-01,7409.0,6928.745979309082,45,4,2018-08-01
xgboost_diff12,2019-01-01,7117.0,6969.563926696777,45,5,2018-08-01
xgboost_diff12,2019-02-01,6307.0,6111.372650146484,45,6,2018-08-01
xgboost_diff12,2018-10-01,7202.0,7401.3290939331055,46,1,2018-09-01
xgboost_diff12,2018-11-01,7161.0,6918.501998901367,46,2,2018-09-01
xgboost_diff12,2018-12-01,7409.0,6936.307988166809,46,3,2018-09-01
xgboost_diff12,2019-01-01,7117.0,6921.770565032959,46,4,2018-09-01
xgboost_diff12,2019-02-01,6307.0,6180.042694091797,46,5,2018-09-01
xgboost_diff12,2019-03-01,7067.0,6892.172882080078,46,6,2018-09-01
xgboost_diff12,2018-11-01,7161.0,6942.160598754883,47,1,2018-10-01
xgboost_diff12,2018-12-01,7409.0,6911.98405456543,47,2,2018-10-01
xgboost_diff12,2019-01-01,7117.0,6953.623260498047,47,3,2018-10-01
xgboost_diff12,2019-02-01,6307.0,6119.442276000977,47,4,2018-10-01
xgboost_diff12,2019-03-01,7067.0,6846.822959899902,47,5,2018-10-01
xgboost_diff12,2019-04-01,7108.0,6808.258018493652,47,6,2018-10-01
xgboost_diff12,2018-12-01,7409.0,7184.0394287109375,48,1,2018-11-01
xgboost_diff12,2019-01-01,7117.0,7002.646194458008,48,2,2018-11-01
xgboost_diff12,2019-02-01,6307.0,6047.031364440918,48,3,2018-11-01
xgboost_diff12,2019-03-01,7067.0,7026.0231857299805,48,4,2018-11-01
xgboost_diff12,2019-04-01,7108.0,6801.279926300049,48,5,2018-11-01
xgboost_diff12,2019-05-01,7776.0,7496.824427604675,48,6,2018-11-01
xgboost_diff12,2019-01-01,7117.0,6994.531852722168,49,1,2018-12-01
xgboost_diff12,2019-02-01,6307.0,6014.463081359863,49,2,2018-12-01
xgboost_diff12,2019-03-01,7067.0,7026.394805908203,49,3,2018-12-01
xgboost_diff12,2019-04-01,7108.0,6977.697601318359,49,4,2018-12-01
xgboost_diff12,2019-05-01,7776.0,7552.698108673096,49,5,2018-12-01
xgboost_diff12,2019-06-01,8274.0,7889.083206176758,49,6,2018-12-01
xgboost_diff12,2019-02-01,6307.0,6207.28092956543,50,1,2019-01-01
xgboost_diff12,2019-03-01,7067.0,7083.117721557617,50,2,2019-01-01
xgboost_diff12,2019-04-01,7108.0,7162.901519775391,50,3,2019-01-01
xgboost_diff12,2019-05-01,7776.0,7769.712707519531,50,4,2019-01-01
xgboost_diff12,2019-06-01,8274.0,8066.818346977234,50,5,2019-01-01
xgboost_diff12,2019-07-01,8919.0,8240.340713500977,50,6,2019-01-01
xgboost_diff12,2019-03-01,7067.0,7124.789337158203,51,1,2019-02-01
xgboost_diff12,2019-04-01,7108.0,7183.000762939453,51,2,2019-02-01
xgboost_diff12,2019-05-01,7776.0,7812.3436279296875,51,3,2019-02-01
xgboost_diff12,2019-06-01,8274.0,8056.524752378464,51,4,2019-02-01
xgboost_diff12,2019-07-01,8919.0,8289.403450012207,51,5,2019-02-01
xgboost_diff12,2019-08-01,8180.0,8295.635082244873,51,6,2019-02-01
xgboost_diff12,2019-04-01,7108.0,7205.148681640625,52,1,2019-03-01
xgboost_diff12,2019-05-01,7776.0,7758.52424621582,52,2,2019-03-01
xgboost_diff12,2019-06-01,8274.0,8113.313888549805,52,3,2019-03-01
xgboost_diff12,2019-07-01,8919.0,8266.41202545166,52,4,2019-03-01
xgboost_diff12,2019-08-01,8180.0,8264.23328781128,52,5,2019-03-01
xgboost_diff12,2019-09-01,7664.0,7215.0487060546875,52,6,2019-03-01
xgboost_diff12,2019-05-01,7776.0,7727.760482788086,53,1,2019-04-01
xgboost_diff12,2019-06-01,8274.0,8195.514251708984,53,2,2019-04-01
xgboost_diff12,2019-07-01,8919.0,8385.847610473633,53,3,2019-04-01
xgboost_diff12,2019-08-01,8180.0,8243.68864440918,53,4,2019-04-01
xgboost_diff12,2019-09-01,7664.0,7266.1907386779785,53,5,2019-04-01
xgboost_diff12,2019-10-01,7254.0,7522.344879150391,53,6,2019-04-01
xgboost_diff12,2019-06-01,8274.0,8185.413024902344,54,1,2019-05-01
xgboost_diff12,2019-07-01,8919.0,8285.56177520752,54,2,2019-05-01
xgboost_diff12,2019-08-01,8180.0,8225.302192687988,54,3,2019-05-01
xgboost_diff12,2019-09-01,7664.0,7228.009201049805,54,4,2019-05-01
xgboost_diff12,2019-10-01,7254.0,7384.179244995117,54,5,2019-05-01
xgboost_diff12,2019-11-01,6785.0,7370.099868774414,54,6,2019-05-01
xgboost_diff12,2019-07-01,8919.0,8426.800704956055,55,1,2019-06-01
xgboost_diff12,2019-08-01,8180.0,8374.997955322266,55,2,2019-06-01
xgboost_diff12,2019-09-01,7664.0,7375.043445587158,55,3,2019-06-01
xgboost_diff12,2019-10-01,7254.0,7379.309097290039,55,4,2019-06-01
xgboost_diff12,2019-11-01,6785.0,7263.801193237305,55,5,2019-06-01
xgboost_diff12,2019-12-01,6987.0,7238.718994140625,55,6,2019-06-01
xgboost_diff12,2019-08-01,8180.0,8408.575271606445,56,1,2019-07-01
xgboost_diff12,2019-09-01,7664.0,7445.663993835449,56,2,2019-07-01
xgboost_diff12,2019-10-01,7254.0,7469.690490722656,56,3,2019-07-01
xgboost_diff12,2019-11-01,6785.0,7384.550857543945,56,4,2019-07-01
xgboost_diff12,2019-12-01,6987.0,7592.192077636719,56,5,2019-07-01
xgboost_diff12,2020-01-01,7194.0,7345.047348022461,56,6,2019-07-01
xgboost_diff12,2019-09-01,7664.0,7498.010314941406,57,1,2019-08-01
xgboost_diff12,2019-10-01,7254.0,7474.952087402344,57,2,2019-08-01
xgboost_diff12,2019-11-01,6785.0,7262.983207702637,57,3,2019-08-01
xgboost_diff12,2019-12-01,6987.0,7376.580749511719,57,4,2019-08-01
xgboost_diff12,2020-01-01,7194.0,7083.0200271606445,57,5,2019-08-01
xgboost_diff12,2020-02-01,6848.0,6409.0405349731445,57,6,2019-08-01
xgboost_diff12,2019-10-01,7254.0,7496.070953369141,58,1,2019-09-01
xgboost_diff12,2019-11-01,6785.0,7298.058578491211,58,2,2019-09-01
xgboost_diff12,2019-12-01,6987.0,7527.255706787109,58,3,2019-09-01
xgboost_diff12,2020-01-01,7194.0,7040.801734924316,58,4,2019-09-01
xgboost_diff12,2020-02-01,6848.0,6355.3438720703125,58,5,2019-09-01
xgboost_diff12,2020-03-01,7324.0,7115.739059448242,58,6,2019-09-01
xgboost_diff12,2019-11-01,6785.0,7154.833861351013,59,1,2019-10-01
xgboost_diff12,2019-12-01,6987.0,7429.426954269409,59,2,2019-10-01
xgboost_diff12,2020-01-01,7194.0,7216.356475830078,59,3,2019-10-01
xgboost_diff12,2020-02-01,6848.0,6255.825511932373,59,4,2019-10-01
xgboost_diff12,2020-03-01,7324.0,7068.111567258835,59,5,2019-10-01
xgboost_diff12,2020-04-01,5978.0,7263.026138305664,59,6,2019-10-01
xgboost_diff12,2019-12-01,6987.0,7534.101402282715,60,1,2019-11-01
xgboost_diff12,2020-01-01,7194.0,6864.751998901367,60,2,2019-11-01
xgboost_diff12,2020-02-01,6848.0,6292.005380630493,60,3,2019-11-01
xgboost_diff12,2020-03-01,7324.0,6991.972518920898,60,4,2019-11-01
xgboost_diff12,2020-04-01,5978.0,7161.842975616455,60,5,2019-11-01
xgboost_diff12,2020-05-01,7062.0,7903.896392822266,60,6,2019-11-01
xgboost_diff12,2020-01-01,7194.0,6990.527687072754,61,1,2019-12-01
xgboost_diff12,2020-02-01,6848.0,6234.651268005371,61,2,2019-12-01
xgboost_diff12,2020-03-01,7324.0,6870.944107055664,61,3,2019-12-01
xgboost_diff12,2020-04-01,5978.0,7233.8380126953125,61,4,2019-12-01
xgboost_diff12,2020-05-01,7062.0,7837.354286193848,61,5,2019-12-01
xgboost_diff12,2020-06-01,6948.0,8330.71859741211,61,6,2019-12-01
xgboost_diff12,2020-02-01,6848.0,6131.0789794921875,62,1,2020-01-01
xgboost_diff12,2020-03-01,7324.0,6889.581741333008,62,2,2020-01-01
xgboost_diff12,2020-04-01,5978.0,7220.473526000977,62,3,2020-01-01
xgboost_diff12,2020-05-01,7062.0,7807.920640945435,62,4,2020-01-01
xgboost_diff12,2020-06-01,6948.0,8337.14591217041,62,5,2020-01-01
xgboost_diff12,2020-07-01,7392.0,8481.067138671875,62,6,2020-01-01
xgboost_diff12,2020-03-01,7324.0,7099.649822235107,63,1,2020-02-01
xgboost_diff12,2020-04-01,5978.0,7265.62141418457,63,2,2020-02-01
xgboost_diff12,2020-05-01,7062.0,8220.425476074219,63,3,2020-02-01
xgboost_diff12,2020-06-01,6948.0,8520.525009155273,63,4,2020-02-01
xgboost_diff12,2020-07-01,7392.0,8617.509857177734,63,5,2020-02-01
xgboost_diff12,2020-08-01,7678.0,8547.381744384766,63,6,2020-02-01
xgboost_diff12,2020-04-01,5978.0,7405.359466552734,64,1,2020-03-01
xgboost_diff12,2020-05-01,7062.0,8141.389556884766,64,2,2020-03-01
xgboost_diff12,2020-06-01,6948.0,8595.4521484375,64,3,2020-03-01
xgboost_diff12,2020-07-01,7392.0,8604.446105957031,64,4,2020-03-01
xgboost_diff12,2020-08-01,7678.0,8522.80810546875,64,5,2020-03-01
xgboost_diff12,2020-09-01,7005.0,7908.991409301758,64,6,2020-03-01
xgboost_diff12,2020-05-01,7062.0,8105.078521728516,65,1,2020-04-01
xgboost_diff12,2020-06-01,6948.0,8498.787490844727,65,2,2020-04-01
xgboost_diff12,2020-07-01,7392.0,8630.032775878906,65,3,2020-04-01
xgboost_diff12,2020-08-01,7678.0,8458.020141601562,65,4,2020-04-01
xgboost_diff12,2020-09-01,7005.0,7669.546282291412,65,5,2020-04-01
xgboost_diff12,2020-10-01,7385.0,7350.521636962891,65,6,2020-04-01
xgboost_diff12,2020-06-01,6948.0,8644.686309814453,66,1,2020-05-01
xgboost_diff12,2020-07-01,7392.0,8853.596450805664,66,2,2020-05-01
xgboost_diff12,2020-08-01,7678.0,8370.987030029297,66,3,2020-05-01
xgboost_diff12,2020-09-01,7005.0,7633.05672454834,66,4,2020-05-01
xgboost_diff12,2020-10-01,7385.0,7375.557075500488,66,5,2020-05-01
xgboost_diff12,2020-11-01,6872.0,6971.874984741211,66,6,2020-05-01
xgboost_diff12,2020-07-01,7392.0,8496.125396728516,67,1,2020-06-01
xgboost_diff12,2020-08-01,7678.0,7817.124908447266,67,2,2020-06-01
xgboost_diff12,2020-09-01,7005.0,7590.2080154418945,67,3,2020-06-01
xgboost_diff12,2020-10-01,7385.0,7231.250099182129,67,4,2020-06-01
xgboost_diff12,2020-11-01,6872.0,6932.20832824707,67,5,2020-06-01
xgboost_diff12,2020-12-01,6781.0,7368.270050048828,67,6,2020-06-01
xgboost_diff12,2020-08-01,7678.0,7994.300521850586,68,1,2020-07-01
xgboost_diff12,2020-09-01,7005.0,7550.0490646362305,68,2,2020-07-01
xgboost_diff12,2020-10-01,7385.0,7279.139638900757,68,3,2020-07-01
xgboost_diff12,2020-11-01,6872.0,6862.542785644531,68,4,2020-07-01
xgboost_diff12,2020-12-01,6781.0,7267.7071533203125,68,5,2020-07-01
xgboost_diff12,2021-01-01,6917.0,7442.277435302734,68,6,2020-07-01
xgboost_diff12,2020-09-01,7005.0,7482.803939819336,69,1,2020-08-01
xgboost_diff12,2020-10-01,7385.0,7321.018997192383,69,2,2020-08-01
xgboost_diff12,2020-11-01,6872.0,6890.6192626953125,69,3,2020-08-01
xgboost_diff12,2020-12-01,6781.0,7240.287948608398,69,4,2020-08-01
xgboost_diff12,2021-01-01,6917.0,7448.6588134765625,69,5,2020-08-01
xgboost_diff12,2021-02-01,6217.0,6881.322559356689,69,6,2020-08-01
xgboost_diff12,2020-10-01,7385.0,7194.492881774902,70,1,2020-09-01
xgboost_diff12,2020-11-01,6872.0,6664.090682983398,70,2,2020-09-01
xgboost_diff12,2020-12-01,6781.0,7271.685760498047,70,3,2020-09-01
xgboost_diff12,2021-01-01,6917.0,7478.119201660156,70,4,2020-09-01
xgboost_diff12,2021-02-01,6217.0,6795.833869934082,70,5,2020-09-01
xgboost_diff12,2021-03-01,7569.0,7450.456474304199,70,6,2020-09-01
xgboost_diff12,2020-11-01,6872.0,6682.338470458984,71,1,2020-10-01
xgboost_diff12,2020-12-01,6781.0,7137.234909057617,71,2,2020-10-01
xgboost_diff12,2021-01-01,6917.0,7486.593933105469,71,3,2020-10-01
xgboost_diff12,2021-02-01,6217.0,6641.094802856445,71,4,2020-10-01
xgboost_diff12,2021-03-01,7569.0,7454.176284790039,71,5,2020-10-01
xgboost_diff12,2021-04-01,6917.0,6083.439140319824,71,6,2020-10-01
xgboost_diff12,2020-12-01,6781.0,7147.115127563477,72,1,2020-11-01
xgboost_diff12,2021-01-01,6917.0,7383.669189453125,72,2,2020-11-01
xgboost_diff12,2021-02-01,6217.0,6566.981353759766,72,3,2020-11-01
xgboost_diff12,2021-03-01,7569.0,7259.184379577637,72,4,2020-11-01
xgboost_diff12,2021-04-01,6917.0,6065.823760986328,72,5,2020-11-01
xgboost_diff12,2021-05-01,8253.0,7108.967578887939,72,6,2020-11-01
xgboost_diff12,2021-01-01,6917.0,7411.157897949219,73,1,2020-12-01
xgboost_diff12,2021-02-01,6217.0,6597.230606079102,73,2,2020-12-01
xgboost_diff12,2021-03-01,7569.0,7317.916079044342,73,3,2020-12-01
xgboost_diff12,2021-04-01,6917.0,5985.486763477325,73,4,2020-12-01
xgboost_diff12,2021-05-01,8253.0,7076.290808677673,73,5,2020-12-01
xgboost_diff12,2021-06-01,8153.0,7160.362731933594,73,6,2020-12-01
xgboost_diff12,2021-02-01,6217.0,6522.176605224609,74,1,2021-01-01
xgboost_diff12,2021-03-01,7569.0,7162.2880859375,74,2,2021-01-01
xgboost_diff12,2021-04-01,6917.0,5912.311225891113,74,3,2021-01-01
xgboost_diff12,2021-05-01,8253.0,6928.194320678711,74,4,2021-01-01
xgboost_diff12,2021-06-01,8153.0,7051.3876876831055,74,5,2021-01-01
xgboost_diff12,2021-07-01,9251.0,7258.694641113281,74,6,2021-01-01
xgboost_diff12,2021-03-01,7569.0,7016.178985595703,75,1,2021-02-01
xgboost_diff12,2021-04-01,6917.0,5832.137069702148,75,2,2021-02-01
xgboost_diff12,2021-05-01,8253.0,6838.583358764648,75,3,2021-02-01
xgboost_diff12,2021-06-01,8153.0,6976.120677947998,75,4,2021-02-01
xgboost_diff12,2021-07-01,9251.0,7356.018486022949,75,5,2021-02-01
xgboost_diff12,2021-08-01,8830.0,7654.1527099609375,75,6,2021-02-01
xgboost_diff12,2021-04-01,6917.0,6031.511787414551,76,1,2021-03-01
xgboost_diff12,2021-05-01,8253.0,7022.936534881592,76,2,2021-03-01
xgboost_diff12,2021-06-01,8153.0,7140.349594116211,76,3,2021-03-01
xgboost_diff12,2021-07-01,9251.0,7560.057189941406,76,4,2021-03-01
xgboost_diff12,2021-08-01,8830.0,7845.655029296875,76,5,2021-03-01
xgboost_diff12,2021-09-01,7512.0,7266.987609863281,76,6,2021-03-01
xgboost_diff12,2021-05-01,8253.0,7705.668640136719,77,1,2021-04-01
xgboost_diff12,2021-06-01,8153.0,7509.598388671875,77,2,2021-04-01
xgboost_diff12,2021-07-01,9251.0,7841.1612548828125,77,3,2021-04-01
xgboost_diff12,2021-08-01,8830.0,8017.618591308594,77,4,2021-04-01
xgboost_diff12,2021-09-01,7512.0,7585.81591796875,77,5,2021-04-01
xgboost_diff12,2021-10-01,7656.0,7715.035552978516,77,6,2021-04-01
xgboost_diff12,2021-06-01,8153.0,7628.5928955078125,78,1,2021-05-01
xgboost_diff12,2021-07-01,9251.0,7862.061004638672,78,2,2021-05-01
xgboost_diff12,2021-08-01,8830.0,8006.09765625,78,3,2021-05-01
xgboost_diff12,2021-09-01,7512.0,7570.0302734375,78,4,2021-05-01
xgboost_diff12,2021-10-01,7656.0,7698.466033935547,78,5,2021-05-01
xgboost_diff12,2021-11-01,7603.0,7052.431091308594,78,6,2021-05-01
xgboost_diff12,2021-07-01,9251.0,8104.927490234375,79,1,2021-06-01
xgboost_diff12,2021-08-01,8830.0,8050.017028808594,79,2,2021-06-01
xgboost_diff12,2021-09-01,7512.0,7652.494140625,79,3,2021-06-01
xgboost_diff12,2021-10-01,7656.0,7613.312896728516,79,4,2021-06-01
xgboost_diff12,2021-11-01,7603.0,7148.473175048828,79,5,2021-06-01
xgboost_diff12,2021-12-01,8237.0,6860.302604675293,79,6,2021-06-01
xgboost_diff12,2021-08-01,8830.0,8891.446166992188,80,1,2021-07-01
xgboost_diff12,2021-09-01,7512.0,8007.4644775390625,80,2,2021-07-01
xgboost_diff12,2021-10-01,7656.0,7979.540100097656,80,3,2021-07-01
xgboost_diff12,2021-11-01,7603.0,7035.445663452148,80,4,2021-07-01
xgboost_diff12,2021-12-01,8237.0,6832.580459594727,80,5,2021-07-01
xgboost_diff12,2022-01-01,9582.0,6574.6090087890625,80,6,2021-07-01
xgboost_diff12,2021-09-01,7512.0,7972.8402099609375,81,1,2021-08-01
xgboost_diff12,2021-10-01,7656.0,8103.985046386719,81,2,2021-08-01
xgboost_diff12,2021-11-01,7603.0,7121.35676574707,81,3,2021-08-01
xgboost_diff12,2021-12-01,8237.0,6873.4119873046875,81,4,2021-08-01
xgboost_diff12,2022-01-01,9582.0,6499.857025146484,81,5,2021-08-01
xgboost_diff12,2022-02-01,7227.0,6169.663383483887,81,6,2021-08-01
xgboost_diff12,2021-10-01,7656.0,7554.487030029297,82,1,2021-09-01
xgboost_diff12,2021-11-01,7603.0,6914.00598526001,82,2,2021-09-01
xgboost_diff12,2021-12-01,8237.0,6761.672170639038,82,3,2021-09-01
xgboost_diff12,2022-01-01,9582.0,6709.102111816406,82,4,2021-09-01
xgboost_diff12,2022-02-01,7227.0,6314.955421447754,82,5,2021-09-01
xgboost_diff12,2022-03-01,7504.0,7222.7449951171875,82,6,2021-09-01
xgboost_diff12,2021-11-01,7603.0,6891.348222732544,83,1,2021-10-01
xgboost_diff12,2021-12-01,8237.0,6720.623184204102,83,2,2021-10-01
xgboost_diff12,2022-01-01,9582.0,6668.30126953125,83,3,2021-10-01
xgboost_diff12,2022-02-01,7227.0,6295.389724731445,83,4,2021-10-01
xgboost_diff12,2022-03-01,7504.0,7184.851318359375,83,5,2021-10-01
xgboost_diff12,2022-04-01,7589.0,6357.8359375,83,6,2021-10-01
xgboost_diff12,2021-12-01,8237.0,7035.656219482422,84,1,2021-11-01
xgboost_diff12,2022-01-01,9582.0,6867.2321128845215,84,2,2021-11-01
xgboost_diff12,2022-02-01,7227.0,6247.243330001831,84,3,2021-11-01
xgboost_diff12,2022-03-01,7504.0,7482.55167388916,84,4,2021-11-01
xgboost_diff12,2022-04-01,7589.0,6436.404876708984,84,5,2021-11-01
xgboost_diff12,2022-05-01,8846.0,7901.376861572266,84,6,2021-11-01
xgboost_diff12,2022-01-01,9582.0,7491.135986328125,85,1,2021-12-01
xgboost_diff12,2022-02-01,7227.0,6529.310546875,85,2,2021-12-01
xgboost_diff12,2022-03-01,7504.0,7339.969131469727,85,3,2021-12-01
xgboost_diff12,2022-04-01,7589.0,6545.454620361328,85,4,2021-12-01
xgboost_diff12,2022-05-01,8846.0,7842.254577636719,85,5,2021-12-01
xgboost_diff12,2022-06-01,9057.0,7972.644149780273,85,6,2021-12-01
xgboost_diff12,2022-02-01,7227.0,7709.8843994140625,86,1,2022-01-01
xgboost_diff12,2022-03-01,7504.0,8427.257263183594,86,2,2022-01-01
xgboost_diff12,2022-04-01,7589.0,6849.11710357666,86,3,2022-01-01
xgboost_diff12,2022-05-01,8846.0,8022.600082397461,86,4,2022-01-01
xgboost_diff12,2022-06-01,9057.0,8453.157592773438,86,5,2022-01-01
xgboost_diff12,2022-07-01,8699.0,9647.466400146484,86,6,2022-01-01
xgboost_diff12,2022-03-01,7504.0,7910.633636474609,87,1,2022-02-01
xgboost_diff12,2022-04-01,7589.0,6590.711242675781,87,2,2022-02-01
xgboost_diff12,2022-05-01,8846.0,8020.047866821289,87,3,2022-02-01
xgboost_diff12,2022-06-01,9057.0,8579.041687011719,87,4,2022-02-01
xgboost_diff12,2022-07-01,8699.0,9711.159942626953,87,5,2022-02-01
xgboost_diff12,2022-08-01,8834.0,8828.218983769417,87,6,2022-02-01
xgboost_diff12,2022-04-01,7589.0,6505.752471923828,88,1,2022-03-01
xgboost_diff12,2022-05-01,8846.0,8023.843505859375,88,2,2022-03-01
xgboost_diff12,2022-06-01,9057.0,8695.503540039062,88,3,2022-03-01
xgboost_diff12,2022-07-01,8699.0,9763.005065917969,88,4,2022-03-01
xgboost_diff12,2022-08-01,8834.0,8871.66173171997,88,5,2022-03-01
xgboost_diff12,2022-09-01,8228.0,7242.098236083984,88,6,2022-03-01
xgboost_diff12,2022-05-01,8846.0,8498.988967895508,89,1,2022-04-01
xgboost_diff12,2022-06-01,9057.0,8887.057861328125,89,2,2022-04-01
xgboost_diff12,2022-07-01,8699.0,9611.663482666016,89,3,2022-04-01
xgboost_diff12,2022-08-01,8834.0,8983.99299621582,89,4,2022-04-01
xgboost_diff12,2022-09-01,8228.0,7543.102725982666,89,5,2022-04-01
xgboost_diff12,2022-10-01,8388.0,7768.956832885742,89,6,2022-04-01
xgboost_diff12,2022-06-01,9057.0,9000.37060546875,90,1,2022-05-01
xgboost_diff12,2022-07-01,8699.0,9794.091125488281,90,2,2022-05-01
xgboost_diff12,2022-08-01,8834.0,8813.523988723755,90,3,2022-05-01
xgboost_diff12,2022-09-01,8228.0,7690.477325439453,90,4,2022-05-01
xgboost_diff12,2022-10-01,8388.0,7851.628890991211,90,5,2022-05-01
xgboost_diff12,2022-11-01,7588.0,7701.04541015625,90,6,2022-05-01
xgboost_diff12,2022-07-01,8699.0,9964.475219726562,91,1,2022-06-01
xgboost_diff12,2022-08-01,8834.0,8732.229682922363,91,2,2022-06-01
xgboost_diff12,2022-09-01,8228.0,7549.18856048584,91,3,2022-06-01
xgboost_diff12,2022-10-01,8388.0,7980.626617431641,91,4,2022-06-01
xgboost_diff12,2022-11-01,7588.0,7658.945552825928,91,5,2022-06-01
xgboost_diff12,2022-12-01,7850.0,8195.615913391113,91,6,2022-06-01
xgboost_diff12,2022-08-01,8834.0,8800.093616485596,92,1,2022-07-01
xgboost_diff12,2022-09-01,8228.0,7748.508377075195,92,2,2022-07-01
xgboost_diff12,2022-10-01,8388.0,8074.727386474609,92,3,2022-07-01
xgboost_diff12,2022-11-01,7588.0,7382.33332824707,92,4,2022-07-01
xgboost_diff12,2022-12-01,7850.0,7767.248962402344,92,5,2022-07-01
xgboost_diff12,2023-01-01,7563.0,9450.528259277344,92,6,2022-07-01
xgboost_diff12,2022-09-01,8228.0,7748.152481079102,93,1,2022-08-01
xgboost_diff12,2022-10-01,8388.0,8039.106292724609,93,2,2022-08-01
xgboost_diff12,2022-11-01,7588.0,7345.970489501953,93,3,2022-08-01
xgboost_diff12,2022-12-01,7850.0,7754.038269042969,93,4,2022-08-01
xgboost_diff12,2023-01-01,7563.0,9472.369895935059,93,5,2022-08-01
xgboost_diff12,2023-02-01,6551.0,6989.733184814453,93,6,2022-08-01
xgboost_diff12,2022-10-01,8388.0,8134.423095703125,94,1,2022-09-01
xgboost_diff12,2022-11-01,7588.0,7385.87272644043,94,2,2022-09-01
xgboost_diff12,2022-12-01,7850.0,7773.932952880859,94,3,2022-09-01
xgboost_diff12,2023-01-01,7563.0,9805.705871582031,94,4,2022-09-01
xgboost_diff12,2023-02-01,6551.0,7255.6321144104,94,5,2022-09-01
xgboost_diff12,2023-03-01,7507.0,7436.8732986450195,94,6,2022-09-01
xgboost_diff12,2022-11-01,7588.0,7475.061065673828,95,1,2022-10-01
xgboost_diff12,2022-12-01,7850.0,7923.487152099609,95,2,2022-10-01
xgboost_diff12,2023-01-01,7563.0,9731.825988769531,95,3,2022-10-01
xgboost_diff12,2023-02-01,6551.0,7095.133117675781,95,4,2022-10-01
xgboost_diff12,2023-03-01,7507.0,7393.683685302734,95,5,2022-10-01
xgboost_diff12,2023-04-01,7745.0,7379.903579711914,95,6,2022-10-01
xgboost_diff12,2022-12-01,7850.0,8009.230239868164,96,1,2022-11-01
xgboost_diff12,2023-01-01,7563.0,9896.00424194336,96,2,2022-11-01
xgboost_diff12,2023-02-01,6551.0,6982.342422485352,96,3,2022-11-01
xgboost_diff12,2023-03-01,7507.0,7397.0816650390625,96,4,2022-11-01
xgboost_diff12,2023-04-01,7745.0,7351.907089233398,96,5,2022-11-01
xgboost_diff12,2023-05-01,8600.0,8799.755046844482,96,6,2022-11-01
xgboost_diff12,2023-01-01,7563.0,9808.03237915039,97,1,2022-12-01
xgboost_diff12,2023-02-01,6551.0,7136.643455505371,97,2,2022-12-01
xgboost_diff12,2023-03-01,7507.0,7422.326637268066,97,3,2022-12-01
xgboost_diff12,2023-04-01,7745.0,7478.965065002441,97,4,2022-12-01
xgboost_diff12,2023-05-01,8600.0,8634.69808959961,97,5,2022-12-01
xgboost_diff12,2023-06-01,9151.0,9032.172525405884,97,6,2022-12-01
xgboost_diff12,2023-02-01,6551.0,6368.188720703125,98,1,2023-01-01
xgboost_diff12,2023-03-01,7507.0,6645.466735839844,98,2,2023-01-01
xgboost_diff12,2023-04-01,7745.0,7008.089904785156,98,3,2023-01-01
xgboost_diff12,2023-05-01,8600.0,8068.003173828125,98,4,2023-01-01
xgboost_diff12,2023-06-01,9151.0,8476.797058105469,98,5,2023-01-01
xgboost_diff12,2023-07-01,9183.0,8434.298431396484,98,6,2023-01-01
xgboost_diff12,2023-03-01,7507.0,6838.270751953125,99,1,2023-02-01
xgboost_diff12,2023-04-01,7745.0,7229.231109619141,99,2,2023-02-01
xgboost_diff12,2023-05-01,8600.0,8234.906982421875,99,3,2023-02-01
xgboost_diff12,2023-06-01,9151.0,8849.646041870117,99,4,2023-02-01
xgboost_diff12,2023-07-01,9183.0,8661.693866729736,99,5,2023-02-01
xgboost_diff12,2023-08-01,8297.0,8914.52417755127,99,6,2023-02-01
xgboost_diff12,2023-04-01,7745.0,7395.664321899414,100,1,2023-03-01
xgboost_diff12,2023-05-01,8600.0,8345.094360351562,100,2,2023-03-01
xgboost_diff12,2023-06-01,9151.0,8707.17465209961,100,3,2023-03-01
xgboost_diff12,2023-07-01,9183.0,8662.153297424316,100,4,2023-03-01
xgboost_diff12,2023-08-01,8297.0,8882.126041412354,100,5,2023-03-01
xgboost_diff12,2023-09-01,7823.0,7847.560943603516,100,6,2023-03-01
xgboost_diff12,2023-05-01,8600.0,8445.251159667969,101,1,2023-04-01
xgboost_diff12,2023-06-01,9151.0,8777.60678100586,101,2,2023-04-01
xgboost_diff12,2023-07-01,9183.0,8685.013954162598,101,3,2023-04-01
xgboost_diff12,2023-08-01,8297.0,8789.957092285156,101,4,2023-04-01
xgboost_diff12,2023-09-01,7823.0,7905.405517578125,101,5,2023-04-01
xgboost_diff12,2023-10-01,7507.0,7973.533142089844,101,6,2023-04-01
xgboost_diff12,2023-06-01,9151.0,8771.5830078125,102,1,2023-05-01
xgboost_diff12,2023-07-01,9183.0,8774.95743560791,102,2,2023-05-01
xgboost_diff12,2023-08-01,8297.0,8871.105949401855,102,3,2023-05-01
xgboost_diff12,2023-09-01,7823.0,7856.907531738281,102,4,2023-05-01
xgboost_diff12,2023-10-01,7507.0,8116.980438232422,102,5,2023-05-01
xgboost_diff12,2023-11-01,8107.0,7730.812652587891,102,6,2023-05-01
xgboost_diff12,2023-07-01,9183.0,8769.431465148926,103,1,2023-06-01
xgboost_diff12,2023-08-01,8297.0,8833.804750487208,103,2,2023-06-01
xgboost_diff12,2023-09-01,7823.0,7637.886779785156,103,3,2023-06-01
xgboost_diff12,2023-10-01,7507.0,8040.7939453125,103,4,2023-06-01
xgboost_diff12,2023-11-01,8107.0,7891.681823730469,103,5,2023-06-01
xgboost_diff12,2023-12-01,7504.0,8439.628051757812,103,6,2023-06-01
xgboost_full,2015-01-01,7184.0,6188.551025390625,1,1,2014-12-01
xgboost_full,2015-02-01,5958.0,6198.682678222656,1,2,2014-12-01
xgboost_full,2015-03-01,6658.0,6441.109992980957,1,3,2014-12-01
xgboost_full,2015-04-01,7069.0,6494.468688964844,1,4,2014-12-01
xgboost_full,2015-05-01,8099.0,7428.437149047852,1,5,2014-12-01
xgboost_full,2015-06-01,7868.0,7399.432188034058,1,6,2014-12-01
xgboost_full,2015-02-01,5958.0,6182.092864990234,2,1,2015-01-01
xgboost_full,2015-03-01,6658.0,6416.631927490234,2,2,2015-01-01
xgboost_full,2015-04-01,7069.0,6448.683883666992,2,3,2015-01-01
xgboost_full,2015-05-01,8099.0,7574.771667480469,2,4,2015-01-01
xgboost_full,2015-06-01,7868.0,7652.786209106445,2,5,2015-01-01
xgboost_full,2015-07-01,7986.0,7695.83837890625,2,6,2015-01-01
xgboost_full,2015-03-01,6658.0,6427.821060180664,3,1,2015-02-01
xgboost_full,2015-04-01,7069.0,6437.993728637695,3,2,2015-02-01
xgboost_full,2015-05-01,8099.0,7606.79313659668,3,3,2015-02-01
xgboost_full,2015-06-01,7868.0,7710.5634765625,3,4,2015-02-01
xgboost_full,2015-07-01,7986.0,7585.227249145508,3,5,2015-02-01
xgboost_full,2015-08-01,7251.0,7905.241180419922,3,6,2015-02-01
xgboost_full,2015-04-01,7069.0,6475.132843017578,4,1,2015-03-01
xgboost_full,2015-05-01,8099.0,7635.914306640625,4,2,2015-03-01
xgboost_full,2015-06-01,7868.0,7606.444198608398,4,3,2015-03-01
xgboost_full,2015-07-01,7986.0,7429.030607223511,4,4,2015-03-01
xgboost_full,2015-08-01,7251.0,7962.630096435547,4,5,2015-03-01
xgboost_full,2015-09-01,7163.0,7070.079833984375,4,6,2015-03-01
xgboost_full,2015-05-01,8099.0,7845.98779296875,5,1,2015-04-01
xgboost_full,2015-06-01,7868.0,7584.329742431641,5,2,2015-04-01
xgboost_full,2015-07-01,7986.0,7363.928607940674,5,3,2015-04-01
xgboost_full,2015-08-01,7251.0,7817.328765869141,5,4,2015-04-01
xgboost_full,2015-09-01,7163.0,7141.581390380859,5,5,2015-04-01
xgboost_full,2015-10-01,6690.0,7034.951530456543,5,6,2015-04-01
xgboost_full,2015-06-01,7868.0,7547.448806762695,6,1,2015-05-01
xgboost_full,2015-07-01,7986.0,7449.666973114014,6,2,2015-05-01
xgboost_full,2015-08-01,7251.0,7769.125869750977,6,3,2015-05-01
xgboost_full,2015-09-01,7163.0,7149.2130126953125,6,4,2015-05-01
xgboost_full,2015-10-01,6690.0,7098.363624572754,6,5,2015-05-01
xgboost_full,2015-11-01,6392.0,6361.22705078125,6,6,2015-05-01
xgboost_full,2015-07-01,7986.0,7493.758842468262,7,1,2015-06-01
xgboost_full,2015-08-01,7251.0,7824.505126953125,7,2,2015-06-01
xgboost_full,2015-09-01,7163.0,6734.90930557251,7,3,2015-06-01
xgboost_full,2015-10-01,6690.0,7165.421413421631,7,4,2015-06-01
xgboost_full,2015-11-01,6392.0,6569.133239746094,7,5,2015-06-01
xgboost_full,2015-12-01,6753.0,6904.412902832031,7,6,2015-06-01
xgboost_full,2015-08-01,7251.0,7841.919784545898,8,1,2015-07-01
xgboost_full,2015-09-01,7163.0,6849.746955871582,8,2,2015-07-01
xgboost_full,2015-10-01,6690.0,6985.766654968262,8,3,2015-07-01
xgboost_full,2015-11-01,6392.0,6522.410247802734,8,4,2015-07-01
xgboost_full,2015-12-01,6753.0,6709.911041259766,8,5,2015-07-01
xgboost_full,2016-01-01,6753.0,6772.341400146484,8,6,2015-07-01
xgboost_full,2015-09-01,7163.0,6490.108673095703,9,1,2015-08-01
xgboost_full,2015-10-01,6690.0,6917.891098022461,9,2,2015-08-01
xgboost_full,2015-11-01,6392.0,6803.689514160156,9,3,2015-08-01
xgboost_full,2015-12-01,6753.0,6514.235046386719,9,4,2015-08-01
xgboost_full,2016-01-01,6753.0,6821.809478759766,9,5,2015-08-01
xgboost_full,2016-02-01,6385.0,5861.211502075195,9,6,2015-08-01
xgboost_full,2015-10-01,6690.0,7199.5379638671875,10,1,2015-09-01
xgboost_full,2015-11-01,6392.0,6371.581359863281,10,2,2015-09-01
xgboost_full,2015-12-01,6753.0,6802.0081787109375,10,3,2015-09-01
xgboost_full,2016-01-01,6753.0,6584.156921386719,10,4,2015-09-01
xgboost_full,2016-02-01,6385.0,6096.650283813477,10,5,2015-09-01
xgboost_full,2016-03-01,7164.0,6397.761627197266,10,6,2015-09-01
xgboost_full,2015-11-01,6392.0,6397.631568908691,11,1,2015-10-01
xgboost_full,2015-12-01,6753.0,6590.6728515625,11,2,2015-10-01
xgboost_full,2016-01-01,6753.0,6598.6375732421875,11,3,2015-10-01
xgboost_full,2016-02-01,6385.0,6134.626403808594,11,4,2015-10-01
xgboost_full,2016-03-01,7164.0,6196.9200439453125,11,5,2015-10-01
xgboost_full,2016-04-01,7192.0,6873.402816772461,11,6,2015-10-01
xgboost_full,2015-12-01,6753.0,6604.29931640625,12,1,2015-11-01
xgboost_full,2016-01-01,6753.0,6601.01123046875,12,2,2015-11-01
xgboost_full,2016-02-01,6385.0,6110.497375488281,12,3,2015-11-01
xgboost_full,2016-03-01,7164.0,6223.113983154297,12,4,2015-11-01
xgboost_full,2016-04-01,7192.0,6875.1253662109375,12,5,2015-11-01
xgboost_full,2016-05-01,7743.0,8118.954610824585,12,6,2015-11-01
xgboost_full,2016-01-01,6753.0,6614.882141113281,13,1,2015-12-01
xgboost_full,2016-02-01,6385.0,6050.679878234863,13,2,2015-12-01
xgboost_full,2016-03-01,7164.0,6193.007263183594,13,3,2015-12-01
xgboost_full,2016-04-01,7192.0,6869.952590942383,13,4,2015-12-01
xgboost_full,2016-05-01,7743.0,8071.828741073608,13,5,2015-12-01
xgboost_full,2016-06-01,8767.0,7689.831390380859,13,6,2015-12-01
xgboost_full,2016-02-01,6385.0,6119.678955078125,14,1,2016-01-01
xgboost_full,2016-03-01,7164.0,6278.268493652344,14,2,2016-01-01
xgboost_full,2016-04-01,7192.0,6818.490173339844,14,3,2016-01-01
xgboost_full,2016-05-01,7743.0,8102.342127799988,14,4,2016-01-01
xgboost_full,2016-06-01,8767.0,7725.807189941406,14,5,2016-01-01
xgboost_full,2016-07-01,8479.0,7995.442702293396,14,6,2016-01-01
xgboost_full,2016-03-01,7164.0,6228.613342285156,15,1,2016-02-01
xgboost_full,2016-04-01,7192.0,6934.343933105469,15,2,2016-02-01
xgboost_full,2016-05-01,7743.0,8067.535182952881,15,3,2016-02-01
xgboost_full,2016-06-01,8767.0,7765.432601928711,15,4,2016-02-01
xgboost_full,2016-07-01,8479.0,8020.241188049316,15,5,2016-02-01
xgboost_full,2016-08-01,7890.0,7439.209915161133,15,6,2016-02-01
xgboost_full,2016-04-01,7192.0,6837.247650146484,16,1,2016-03-01
xgboost_full,2016-05-01,7743.0,7964.147674560547,16,2,2016-03-01
xgboost_full,2016-06-01,8767.0,7837.564577102661,16,3,2016-03-01
xgboost_full,2016-07-01,8479.0,7721.878997802734,16,4,2016-03-01
xgboost_full,2016-08-01,7890.0,7537.091949462891,16,5,2016-03-01
xgboost_full,2016-09-01,7317.0,6953.937759399414,16,6,2016-03-01
xgboost_full,2016-05-01,7743.0,7997.451148986816,17,1,2016-04-01
xgboost_full,2016-06-01,8767.0,7820.638080596924,17,2,2016-04-01
xgboost_full,2016-07-01,8479.0,8090.9199142456055,17,3,2016-04-01
xgboost_full,2016-08-01,7890.0,7494.985168457031,17,4,2016-04-01
xgboost_full,2016-09-01,7317.0,7102.885456085205,17,5,2016-04-01
xgboost_full,2016-10-01,7426.0,6879.237335205078,17,6,2016-04-01
xgboost_full,2016-06-01,8767.0,7840.600164413452,18,1,2016-05-01
xgboost_full,2016-07-01,8479.0,7920.711601257324,18,2,2016-05-01
xgboost_full,2016-08-01,7890.0,7490.113861083984,18,3,2016-05-01
xgboost_full,2016-09-01,7317.0,7150.220421791077,18,4,2016-05-01
xgboost_full,2016-10-01,7426.0,6768.356727600098,18,5,2016-05-01
xgboost_full,2016-11-01,6700.0,6690.773132324219,18,6,2016-05-01
xgboost_full,2016-07-01,8479.0,7942.297477722168,19,1,2016-06-01
xgboost_full,2016-08-01,7890.0,7553.780487060547,19,2,2016-06-01
xgboost_full,2016-09-01,7317.0,7325.448638916016,19,3,2016-06-01
xgboost_full,2016-10-01,7426.0,6692.432414054871,19,4,2016-06-01
xgboost_full,2016-11-01,6700.0,6577.788772583008,19,5,2016-06-01
xgboost_full,2016-12-01,6994.0,6893.13069152832,19,6,2016-06-01
xgboost_full,2016-08-01,7890.0,7528.2576904296875,20,1,2016-07-01
xgboost_full,2016-09-01,7317.0,7394.5869140625,20,2,2016-07-01
xgboost_full,2016-10-01,7426.0,6734.781387329102,20,3,2016-07-01
xgboost_full,2016-11-01,6700.0,6698.382385253906,20,4,2016-07-01
xgboost_full,2016-12-01,6994.0,6843.439025878906,20,5,2016-07-01
xgboost_full,2017-01-01,6788.0,6915.094497680664,20,6,2016-07-01
xgboost_full,2016-09-01,7317.0,7193.403036117554,21,1,2016-08-01
xgboost_full,2016-10-01,7426.0,6577.5734786987305,21,2,2016-08-01
xgboost_full,2016-11-01,6700.0,6664.260284423828,21,3,2016-08-01
xgboost_full,2016-12-01,6994.0,6815.368278503418,21,4,2016-08-01
xgboost_full,2017-01-01,6788.0,6847.704177856445,21,5,2016-08-01
xgboost_full,2017-02-01,6271.0,6637.558532714844,21,6,2016-08-01
xgboost_full,2016-10-01,7426.0,6642.396106719971,22,1,2016-09-01
xgboost_full,2016-11-01,6700.0,6427.674808502197,22,2,2016-09-01
xgboost_full,2016-12-01,6994.0,6877.789093017578,22,3,2016-09-01
xgboost_full,2017-01-01,6788.0,6898.067825317383,22,4,2016-09-01
xgboost_full,2017-02-01,6271.0,6632.998916625977,22,5,2016-09-01
xgboost_full,2017-03-01,6794.0,6957.299911499023,22,6,2016-09-01
xgboost_full,2016-11-01,6700.0,6405.0970249176025,23,1,2016-10-01
xgboost_full,2016-12-01,6994.0,6787.392169952393,23,2,2016-10-01
xgboost_full,2017-01-01,6788.0,6803.135719299316,23,3,2016-10-01
xgboost_full,2017-02-01,6271.0,6643.410064697266,23,4,2016-10-01
xgboost_full,2017-03-01,6794.0,7041.28524017334,23,5,2016-10-01
xgboost_full,2017-04-01,6884.0,7284.944885253906,23,6,2016-10-01
xgboost_full,2016-12-01,6994.0,6774.792974472046,24,1,2016-11-01
xgboost_full,2017-01-01,6788.0,6773.340467453003,24,2,2016-11-01
xgboost_full,2017-02-01,6271.0,6726.696624755859,24,3,2016-11-01
xgboost_full,2017-03-01,6794.0,7091.655426025391,24,4,2016-11-01
xgboost_full,2017-04-01,6884.0,7262.993087768555,24,5,2016-11-01
xgboost_full,2017-05-01,7651.0,7570.703140258789,24,6,2016-11-01
xgboost_full,2017-01-01,6788.0,6946.155563354492,25,1,2016-12-01
xgboost_full,2017-02-01,6271.0,6654.089141845703,25,2,2016-12-01
xgboost_full,2017-03-01,6794.0,6989.194564819336,25,3,2016-12-01
xgboost_full,2017-04-01,6884.0,7326.51887512207,25,4,2016-12-01
xgboost_full,2017-05-01,7651.0,7642.506416320801,25,5,2016-12-01
xgboost_full,2017-06-01,8009.0,8489.882446289062,25,6,2016-12-01
xgboost_full,2017-02-01,6271.0,6638.899703979492,26,1,2017-01-01
xgboost_full,2017-03-01,6794.0,7048.316314697266,26,2,2017-01-01
xgboost_full,2017-04-01,6884.0,7291.478805541992,26,3,2017-01-01
xgboost_full,2017-05-01,7651.0,7536.890045166016,26,4,2017-01-01
xgboost_full,2017-06-01,8009.0,8446.542877197266,26,5,2017-01-01
xgboost_full,2017-07-01,8694.0,8238.160247802734,26,6,2017-01-01
xgboost_full,2017-03-01,6794.0,7088.505928039551,27,1,2017-02-01
xgboost_full,2017-04-01,6884.0,7283.999229431152,27,2,2017-02-01
xgboost_full,2017-05-01,7651.0,7420.610076904297,27,3,2017-02-01
xgboost_full,2017-06-01,8009.0,8454.104309082031,27,4,2017-02-01
xgboost_full,2017-07-01,8694.0,8222.855987548828,27,5,2017-02-01
xgboost_full,2017-08-01,8130.0,7524.0615234375,27,6,2017-02-01
xgboost_full,2017-04-01,6884.0,7259.827972412109,28,1,2017-03-01
xgboost_full,2017-05-01,7651.0,7414.151763916016,28,2,2017-03-01
xgboost_full,2017-06-01,8009.0,8448.304412841797,28,3,2017-03-01
xgboost_full,2017-07-01,8694.0,8243.031829833984,28,4,2017-03-01
xgboost_full,2017-08-01,8130.0,7535.283416748047,28,5,2017-03-01
xgboost_full,2017-09-01,7446.0,7521.86962890625,28,6,2017-03-01
xgboost_full,2017-05-01,7651.0,7346.847106933594,29,1,2017-04-01
xgboost_full,2017-06-01,8009.0,8376.685302734375,29,2,2017-04-01
xgboost_full,2017-07-01,8694.0,8134.572570800781,29,3,2017-04-01
xgboost_full,2017-08-01,8130.0,7458.062805175781,29,4,2017-04-01
xgboost_full,2017-09-01,7446.0,7489.995742797852,29,5,2017-04-01
xgboost_full,2017-10-01,7282.0,6995.055969238281,29,6,2017-04-01
xgboost_full,2017-06-01,8009.0,8408.9375,30,1,2017-05-01
xgboost_full,2017-07-01,8694.0,8156.002014160156,30,2,2017-05-01
xgboost_full,2017-08-01,8130.0,7456.177276611328,30,3,2017-05-01
xgboost_full,2017-09-01,7446.0,7611.932464599609,30,4,2017-05-01
xgboost_full,2017-10-01,7282.0,7060.192291259766,30,5,2017-05-01
xgboost_full,2017-11-01,6830.0,6816.866111755371,30,6,2017-05-01
xgboost_full,2017-07-01,8694.0,8194.226654052734,31,1,2017-06-01
xgboost_full,2017-08-01,8130.0,7460.807159423828,31,2,2017-06-01
xgboost_full,2017-09-01,7446.0,7516.525619506836,31,3,2017-06-01
xgboost_full,2017-10-01,7282.0,6934.912780761719,31,4,2017-06-01
xgboost_full,2017-11-01,6830.0,6822.574745178223,31,5,2017-06-01
xgboost_full,2017-12-01,6946.0,7308.505401611328,31,6,2017-06-01
xgboost_full,2017-08-01,8130.0,7409.762145996094,32,1,2017-07-01
xgboost_full,2017-09-01,7446.0,7445.730850219727,32,2,2017-07-01
xgboost_full,2017-10-01,7282.0,7118.088836669922,32,3,2017-07-01
xgboost_full,2017-11-01,6830.0,6766.403221130371,32,4,2017-07-01
xgboost_full,2017-12-01,6946.0,7358.124816894531,32,5,2017-07-01
xgboost_full,2018-01-01,6886.0,6659.887680053711,32,6,2017-07-01
xgboost_full,2017-09-01,7446.0,7466.1680908203125,33,1,2017-08-01
xgboost_full,2017-10-01,7282.0,7188.064758300781,33,2,2017-08-01
xgboost_full,2017-11-01,6830.0,6962.744598388672,33,3,2017-08-01
xgboost_full,2017-12-01,6946.0,7459.000579833984,33,4,2017-08-01
xgboost_full,2018-01-01,6886.0,7024.187652587891,33,5,2017-08-01
xgboost_full,2018-02-01,5960.0,6465.125106811523,33,6,2017-08-01
xgboost_full,2017-10-01,7282.0,7202.060241699219,34,1,2017-09-01
xgboost_full,2017-11-01,6830.0,6978.855224609375,34,2,2017-09-01
xgboost_full,2017-12-01,6946.0,7432.682586669922,34,3,2017-09-01
xgboost_full,2018-01-01,6886.0,7029.421142578125,34,4,2017-09-01
xgboost_full,2018-02-01,5960.0,6451.141448974609,34,5,2017-09-01
xgboost_full,2018-03-01,6930.0,6972.01139831543,34,6,2017-09-01
xgboost_full,2017-11-01,6830.0,7060.686981201172,35,1,2017-10-01
xgboost_full,2017-12-01,6946.0,7406.376068115234,35,2,2017-10-01
xgboost_full,2018-01-01,6886.0,6982.886016845703,35,3,2017-10-01
xgboost_full,2018-02-01,5960.0,6444.089248657227,35,4,2017-10-01
xgboost_full,2018-03-01,6930.0,7063.198028564453,35,5,2017-10-01
xgboost_full,2018-04-01,6769.0,7147.831481933594,35,6,2017-10-01
xgboost_full,2017-12-01,6946.0,7331.999450683594,36,1,2017-11-01
xgboost_full,2018-01-01,6886.0,6943.23664855957,36,2,2017-11-01
xgboost_full,2018-02-01,5960.0,6400.873260498047,36,3,2017-11-01
xgboost_full,2018-03-01,6930.0,6903.003189086914,36,4,2017-11-01
xgboost_full,2018-04-01,6769.0,7146.413269042969,36,5,2017-11-01
xgboost_full,2018-05-01,7511.0,7897.542129516602,36,6,2017-11-01
xgboost_full,2018-01-01,6886.0,6802.793117523193,37,1,2017-12-01
xgboost_full,2018-02-01,5960.0,6398.458984375,37,2,2017-12-01
xgboost_full,2018-03-01,6930.0,6898.457542419434,37,3,2017-12-01
xgboost_full,2018-04-01,6769.0,7031.622909545898,37,4,2017-12-01
xgboost_full,2018-05-01,7511.0,7790.990432739258,37,5,2017-12-01
xgboost_full,2018-06-01,8057.0,8289.90737915039,37,6,2017-12-01
xgboost_full,2018-02-01,5960.0,6485.398101806641,38,1,2018-01-01
xgboost_full,2018-03-01,6930.0,6976.802032470703,38,2,2018-01-01
xgboost_full,2018-04-01,6769.0,7079.835189819336,38,3,2018-01-01
xgboost_full,2018-05-01,7511.0,7768.557273864746,38,4,2018-01-01
xgboost_full,2018-06-01,8057.0,8250.191955566406,38,5,2018-01-01
xgboost_full,2018-07-01,8175.0,9134.179504394531,38,6,2018-01-01
xgboost_full,2018-03-01,6930.0,6896.570404052734,39,1,2018-02-01
xgboost_full,2018-04-01,6769.0,6897.274085044861,39,2,2018-02-01
xgboost_full,2018-05-01,7511.0,7658.157390117645,39,3,2018-02-01
xgboost_full,2018-06-01,8057.0,8323.746032714844,39,4,2018-02-01
xgboost_full,2018-07-01,8175.0,9026.960906982422,39,5,2018-02-01
xgboost_full,2018-08-01,8328.0,8340.856552124023,39,6,2018-02-01
xgboost_full,2018-04-01,6769.0,6902.99485206604,40,1,2018-03-01
xgboost_full,2018-05-01,7511.0,7636.660367965698,40,2,2018-03-01
xgboost_full,2018-06-01,8057.0,8281.133850097656,40,3,2018-03-01
xgboost_full,2018-07-01,8175.0,9009.79458618164,40,4,2018-03-01
xgboost_full,2018-08-01,8328.0,8455.859344482422,40,5,2018-03-01
xgboost_full,2018-09-01,7325.0,7514.35498046875,40,6,2018-03-01
xgboost_full,2018-05-01,7511.0,7650.444027423859,41,1,2018-04-01
xgboost_full,2018-06-01,8057.0,8239.789825439453,41,2,2018-04-01
xgboost_full,2018-07-01,8175.0,8935.22624206543,41,3,2018-04-01
xgboost_full,2018-08-01,8328.0,8441.581359863281,41,4,2018-04-01
xgboost_full,2018-09-01,7325.0,7442.250846624374,41,5,2018-04-01
xgboost_full,2018-10-01,7202.0,7621.056488037109,41,6,2018-04-01
xgboost_full,2018-06-01,8057.0,8195.1962890625,42,1,2018-05-01
xgboost_full,2018-07-01,8175.0,8903.396621704102,42,2,2018-05-01
xgboost_full,2018-08-01,8328.0,8292.423797607422,42,3,2018-05-01
xgboost_full,2018-09-01,7325.0,7428.498096466064,42,4,2018-05-01
xgboost_full,2018-10-01,7202.0,7610.2935791015625,42,5,2018-05-01
xgboost_full,2018-11-01,7161.0,7072.538223266602,42,6,2018-05-01
xgboost_full,2018-07-01,8175.0,8814.57553100586,43,1,2018-06-01
xgboost_full,2018-08-01,8328.0,8319.866729736328,43,2,2018-06-01
xgboost_full,2018-09-01,7325.0,7440.355908870697,43,3,2018-06-01
xgboost_full,2018-10-01,7202.0,7578.615814208984,43,4,2018-06-01
xgboost_full,2018-11-01,7161.0,7114.674407958984,43,5,2018-06-01
xgboost_full,2018-12-01,7409.0,7236.685516357422,43,6,2018-06-01
xgboost_full,2018-08-01,8328.0,8176.646301269531,44,1,2018-07-01
xgboost_full,2018-09-01,7325.0,7286.241058349609,44,2,2018-07-01
xgboost_full,2018-10-01,7202.0,7413.465637207031,44,3,2018-07-01
xgboost_full,2018-11-01,7161.0,6908.395149230957,44,4,2018-07-01
xgboost_full,2018-12-01,7409.0,6876.110496520996,44,5,2018-07-01
xgboost_full,2019-01-01,7117.0,6796.239219665527,44,6,2018-07-01
xgboost_full,2018-09-01,7325.0,7329.352882385254,45,1,2018-08-01
xgboost_full,2018-10-01,7202.0,7413.853225708008,45,2,2018-08-01
xgboost_full,2018-11-01,7161.0,6973.917633056641,45,3,2018-08-01
xgboost_full,2018-12-01,7409.0,6980.958343505859,45,4,2018-08-01
xgboost_full,2019-01-01,7117.0,6879.782699584961,45,5,2018-08-01
xgboost_full,2019-02-01,6307.0,6171.639755249023,45,6,2018-08-01
xgboost_full,2018-10-01,7202.0,7393.267601013184,46,1,2018-09-01
xgboost_full,2018-11-01,7161.0,6944.784591674805,46,2,2018-09-01
xgboost_full,2018-12-01,7409.0,6900.106025695801,46,3,2018-09-01
xgboost_full,2019-01-01,7117.0,6791.140106201172,46,4,2018-09-01
xgboost_full,2019-02-01,6307.0,5977.808692932129,46,5,2018-09-01
xgboost_full,2019-03-01,7067.0,6881.576194763184,46,6,2018-09-01
xgboost_full,2018-11-01,7161.0,6930.442443847656,47,1,2018-10-01
xgboost_full,2018-12-01,7409.0,6922.7319049835205,47,2,2018-10-01
xgboost_full,2019-01-01,7117.0,6805.021438598633,47,3,2018-10-01
xgboost_full,2019-02-01,6307.0,5989.976724624634,47,4,2018-10-01
xgboost_full,2019-03-01,7067.0,6876.71301651001,47,5,2018-10-01
xgboost_full,2019-04-01,7108.0,6821.02116394043,47,6,2018-10-01
xgboost_full,2018-12-01,7409.0,7137.177825927734,48,1,2018-11-01
xgboost_full,2019-01-01,7117.0,6975.921783447266,48,2,2018-11-01
xgboost_full,2019-02-01,6307.0,6137.495056152344,48,3,2018-11-01
xgboost_full,2019-03-01,7067.0,6977.653060913086,48,4,2018-11-01
xgboost_full,2019-04-01,7108.0,6877.798049926758,48,5,2018-11-01
xgboost_full,2019-05-01,7776.0,7556.090763092041,48,6,2018-11-01
xgboost_full,2019-01-01,7117.0,6979.833114624023,49,1,2018-12-01
xgboost_full,2019-02-01,6307.0,6167.766067504883,49,2,2018-12-01
xgboost_full,2019-03-01,7067.0,7043.259780883789,49,3,2018-12-01
xgboost_full,2019-04-01,7108.0,7113.68994140625,49,4,2018-12-01
xgboost_full,2019-05-01,7776.0,7722.596206665039,49,5,2018-12-01
xgboost_full,2019-06-01,8274.0,8151.004699707031,49,6,2018-12-01
xgboost_full,2019-02-01,6307.0,6252.380798339844,50,1,2019-01-01
xgboost_full,2019-03-01,7067.0,7035.025245666504,50,2,2019-01-01
xgboost_full,2019-04-01,7108.0,7063.605560302734,50,3,2019-01-01
xgboost_full,2019-05-01,7776.0,7696.61555480957,50,4,2019-01-01
xgboost_full,2019-06-01,8274.0,8026.740110397339,50,5,2019-01-01
xgboost_full,2019-07-01,8919.0,8290.87590789795,50,6,2019-01-01
xgboost_full,2019-03-01,7067.0,7063.562118530273,51,1,2019-02-01
xgboost_full,2019-04-01,7108.0,7147.175689697266,51,2,2019-02-01
xgboost_full,2019-05-01,7776.0,7788.0853271484375,51,3,2019-02-01
xgboost_full,2019-06-01,8274.0,8244.92707824707,51,4,2019-02-01
xgboost_full,2019-07-01,8919.0,8253.407264709473,51,5,2019-02-01
xgboost_full,2019-08-01,8180.0,8125.029647827148,51,6,2019-02-01
xgboost_full,2019-04-01,7108.0,7150.682922363281,52,1,2019-03-01
xgboost_full,2019-05-01,7776.0,7809.388427734375,52,2,2019-03-01
xgboost_full,2019-06-01,8274.0,8269.019027709961,52,3,2019-03-01
xgboost_full,2019-07-01,8919.0,8205.381162643433,52,4,2019-03-01
xgboost_full,2019-08-01,8180.0,8281.227439880371,52,5,2019-03-01
xgboost_full,2019-09-01,7664.0,7473.785400390625,52,6,2019-03-01
xgboost_full,2019-05-01,7776.0,7830.3775634765625,53,1,2019-04-01
xgboost_full,2019-06-01,8274.0,8259.715866088867,53,2,2019-04-01
xgboost_full,2019-07-01,8919.0,8278.840072631836,53,3,2019-04-01
xgboost_full,2019-08-01,8180.0,8256.096031188965,53,4,2019-04-01
xgboost_full,2019-09-01,7664.0,7475.114196777344,53,5,2019-04-01
xgboost_full,2019-10-01,7254.0,7427.105133056641,53,6,2019-04-01
xgboost_full,2019-06-01,8274.0,8067.5929317474365,54,1,2019-05-01
xgboost_full,2019-07-01,8919.0,8398.433563232422,54,2,2019-05-01
xgboost_full,2019-08-01,8180.0,8278.396991729736,54,3,2019-05-01
xgboost_full,2019-09-01,7664.0,7491.036483764648,54,4,2019-05-01
xgboost_full,2019-10-01,7254.0,7378.152526855469,54,5,2019-05-01
xgboost_full,2019-11-01,6785.0,7074.801643371582,54,6,2019-05-01
xgboost_full,2019-07-01,8919.0,8356.79458618164,55,1,2019-06-01
xgboost_full,2019-08-01,8180.0,8186.662689208984,55,2,2019-06-01
xgboost_full,2019-09-01,7664.0,7464.701904296875,55,3,2019-06-01
xgboost_full,2019-10-01,7254.0,7352.759567260742,55,4,2019-06-01
xgboost_full,2019-11-01,6785.0,7028.669189453125,55,5,2019-06-01
xgboost_full,2019-12-01,6987.0,7465.463821411133,55,6,2019-06-01
xgboost_full,2019-08-01,8180.0,8313.81507396698,56,1,2019-07-01
xgboost_full,2019-09-01,7664.0,7409.782974243164,56,2,2019-07-01
xgboost_full,2019-10-01,7254.0,7310.837699890137,56,3,2019-07-01
xgboost_full,2019-11-01,6785.0,7156.846488952637,56,4,2019-07-01
xgboost_full,2019-12-01,6987.0,7376.043930053711,56,5,2019-07-01
xgboost_full,2020-01-01,7194.0,7090.039337158203,56,6,2019-07-01
xgboost_full,2019-09-01,7664.0,7299.44432258606,57,1,2019-08-01
xgboost_full,2019-10-01,7254.0,7271.34326171875,57,2,2019-08-01
xgboost_full,2019-11-01,6785.0,7075.383232116699,57,3,2019-08-01
xgboost_full,2019-12-01,6987.0,7242.3251953125,57,4,2019-08-01
xgboost_full,2020-01-01,7194.0,7160.783226013184,57,5,2019-08-01
xgboost_full,2020-02-01,6848.0,6291.19627571106,57,6,2019-08-01
xgboost_full,2019-10-01,7254.0,7418.604934692383,58,1,2019-09-01
xgboost_full,2019-11-01,6785.0,7155.423600196838,58,2,2019-09-01
xgboost_full,2019-12-01,6987.0,7349.397857666016,58,3,2019-09-01
xgboost_full,2020-01-01,7194.0,7033.81095123291,58,4,2019-09-01
xgboost_full,2020-02-01,6848.0,6496.803314208984,58,5,2019-09-01
xgboost_full,2020-03-01,7324.0,7246.541656494141,58,6,2019-09-01
xgboost_full,2019-11-01,6785.0,7126.071235656738,59,1,2019-10-01
xgboost_full,2019-12-01,6987.0,7319.780220031738,59,2,2019-10-01
xgboost_full,2020-01-01,7194.0,7190.046371459961,59,3,2019-10-01
xgboost_full,2020-02-01,6848.0,6377.173385620117,59,4,2019-10-01
xgboost_full,2020-03-01,7324.0,7080.43280506134,59,5,2019-10-01
xgboost_full,2020-04-01,5978.0,7314.997711181641,59,6,2019-10-01
xgboost_full,2019-12-01,6987.0,7390.278667449951,60,1,2019-11-01
xgboost_full,2020-01-01,7194.0,7072.724060058594,60,2,2019-11-01
xgboost_full,2020-02-01,6848.0,6342.542587280273,60,3,2019-11-01
xgboost_full,2020-03-01,7324.0,7292.661346435547,60,4,2019-11-01
xgboost_full,2020-04-01,5978.0,7381.161407470703,60,5,2019-11-01
xgboost_full,2020-05-01,7062.0,8052.5552978515625,60,6,2019-11-01
xgboost_full,2020-01-01,7194.0,7160.678970336914,61,1,2019-12-01
xgboost_full,2020-02-01,6848.0,6250.794723510742,61,2,2019-12-01
xgboost_full,2020-03-01,7324.0,7091.606418609619,61,3,2019-12-01
xgboost_full,2020-04-01,5978.0,7397.110534667969,61,4,2019-12-01
xgboost_full,2020-05-01,7062.0,8144.736846923828,61,5,2019-12-01
xgboost_full,2020-06-01,6948.0,8535.247253417969,61,6,2019-12-01
xgboost_full,2020-02-01,6848.0,6246.193534851074,62,1,2020-01-01
xgboost_full,2020-03-01,7324.0,7088.6549072265625,62,2,2020-01-01
xgboost_full,2020-04-01,5978.0,7458.170562744141,62,3,2020-01-01
xgboost_full,2020-05-01,7062.0,8149.377227783203,62,4,2020-01-01
xgboost_full,2020-06-01,6948.0,8535.576690673828,62,5,2020-01-01
xgboost_full,2020-07-01,7392.0,8653.899200439453,62,6,2020-01-01
xgboost_full,2020-03-01,7324.0,7310.170944213867,63,1,2020-02-01
xgboost_full,2020-04-01,5978.0,7518.1976318359375,63,2,2020-02-01
xgboost_full,2020-05-01,7062.0,8255.603332519531,63,3,2020-02-01
xgboost_full,2020-06-01,6948.0,8666.642608642578,63,4,2020-02-01
xgboost_full,2020-07-01,7392.0,8676.162963867188,63,5,2020-02-01
xgboost_full,2020-08-01,7678.0,8706.749206542969,63,6,2020-02-01
xgboost_full,2020-04-01,5978.0,7504.358947753906,64,1,2020-03-01
xgboost_full,2020-05-01,7062.0,8205.30191040039,64,2,2020-03-01
xgboost_full,2020-06-01,6948.0,8624.742126464844,64,3,2020-03-01
xgboost_full,2020-07-01,7392.0,8747.378692626953,64,4,2020-03-01
xgboost_full,2020-08-01,7678.0,8691.823516845703,64,5,2020-03-01
xgboost_full,2020-09-01,7005.0,7844.322448730469,64,6,2020-03-01
xgboost_full,2020-05-01,7062.0,8157.208648681641,65,1,2020-04-01
xgboost_full,2020-06-01,6948.0,8615.01675415039,65,2,2020-04-01
xgboost_full,2020-07-01,7392.0,9027.644714355469,65,3,2020-04-01
xgboost_full,2020-08-01,7678.0,8535.151824951172,65,4,2020-04-01
xgboost_full,2020-09-01,7005.0,7813.866928100586,65,5,2020-04-01
xgboost_full,2020-10-01,7385.0,7423.420959472656,65,6,2020-04-01
xgboost_full,2020-06-01,6948.0,8447.416458129883,66,1,2020-05-01
xgboost_full,2020-07-01,7392.0,8942.1420211792,66,2,2020-05-01
xgboost_full,2020-08-01,7678.0,8173.726386547089,66,3,2020-05-01
xgboost_full,2020-09-01,7005.0,7537.768394470215,66,4,2020-05-01
xgboost_full,2020-10-01,7385.0,7225.971380233765,66,5,2020-05-01
xgboost_full,2020-11-01,6872.0,6880.344871520996,66,6,2020-05-01
xgboost_full,2020-07-01,7392.0,8784.743865966797,67,1,2020-06-01
xgboost_full,2020-08-01,7678.0,8055.724792480469,67,2,2020-06-01
xgboost_full,2020-09-01,7005.0,7620.133991241455,67,3,2020-06-01
xgboost_full,2020-10-01,7385.0,7279.944978713989,67,4,2020-06-01
xgboost_full,2020-11-01,6872.0,6686.777442932129,67,5,2020-06-01
xgboost_full,2020-12-01,6781.0,7202.95947265625,67,6,2020-06-01
xgboost_full,2020-08-01,7678.0,7111.3570556640625,68,1,2020-07-01
xgboost_full,2020-09-01,7005.0,6485.377685546875,68,2,2020-07-01
xgboost_full,2020-10-01,7385.0,6249.170654296875,68,3,2020-07-01
xgboost_full,2020-11-01,6872.0,5662.3631591796875,68,4,2020-07-01
xgboost_full,2020-12-01,6781.0,5895.983642578125,68,5,2020-07-01
xgboost_full,2021-01-01,6917.0,6273.048767089844,68,6,2020-07-01
xgboost_full,2020-09-01,7005.0,6940.533752441406,69,1,2020-08-01
xgboost_full,2020-10-01,7385.0,6596.377380371094,69,2,2020-08-01
xgboost_full,2020-11-01,6872.0,6560.2943115234375,69,3,2020-08-01
xgboost_full,2020-12-01,6781.0,6812.518096923828,69,4,2020-08-01
xgboost_full,2021-01-01,6917.0,7319.303131103516,69,5,2020-08-01
xgboost_full,2021-02-01,6217.0,6551.331024169922,69,6,2020-08-01
xgboost_full,2020-10-01,7385.0,6573.808898925781,70,1,2020-09-01
xgboost_full,2020-11-01,6872.0,6496.695892333984,70,2,2020-09-01
xgboost_full,2020-12-01,6781.0,6866.536422729492,70,3,2020-09-01
xgboost_full,2021-01-01,6917.0,7313.0905685424805,70,4,2020-09-01
xgboost_full,2021-02-01,6217.0,6604.152297973633,70,5,2020-09-01
xgboost_full,2021-03-01,7569.0,7225.3276443481445,70,6,2020-09-01
xgboost_full,2020-11-01,6872.0,6768.758943557739,71,1,2020-10-01
xgboost_full,2020-12-01,6781.0,7022.704650878906,71,2,2020-10-01
xgboost_full,2021-01-01,6917.0,7362.440093994141,71,3,2020-10-01
xgboost_full,2021-02-01,6217.0,6630.763946533203,71,4,2020-10-01
xgboost_full,2021-03-01,7569.0,7294.854145050049,71,5,2020-10-01
xgboost_full,2021-04-01,6917.0,6007.03332901001,71,6,2020-10-01
xgboost_full,2020-12-01,6781.0,7113.002334594727,72,1,2020-11-01
xgboost_full,2021-01-01,6917.0,7461.7100830078125,72,2,2020-11-01
xgboost_full,2021-02-01,6217.0,6642.777984619141,72,3,2020-11-01
xgboost_full,2021-03-01,7569.0,7316.808878421783,72,4,2020-11-01
xgboost_full,2021-04-01,6917.0,6040.918640136719,72,5,2020-11-01
xgboost_full,2021-05-01,8253.0,7041.003574371338,72,6,2020-11-01
xgboost_full,2021-01-01,6917.0,7263.060729980469,73,1,2020-12-01
xgboost_full,2021-02-01,6217.0,6542.4013671875,73,2,2020-12-01
xgboost_full,2021-03-01,7569.0,7253.176559448242,73,3,2020-12-01
xgboost_full,2021-04-01,6917.0,5888.932991027832,73,4,2020-12-01
xgboost_full,2021-05-01,8253.0,6957.504013061523,73,5,2020-12-01
xgboost_full,2021-06-01,8153.0,7244.174560546875,73,6,2020-12-01
xgboost_full,2021-02-01,6217.0,6518.857879638672,74,1,2021-01-01
xgboost_full,2021-03-01,7569.0,7283.678829193115,74,2,2021-01-01
xgboost_full,2021-04-01,6917.0,5848.402542114258,74,3,2021-01-01
xgboost_full,2021-05-01,8253.0,6914.592391967773,74,4,2021-01-01
xgboost_full,2021-06-01,8153.0,7131.70622253418,74,5,2021-01-01
xgboost_full,2021-07-01,9251.0,7263.007217407227,74,6,2021-01-01
xgboost_full,2021-03-01,7569.0,7118.801834106445,75,1,2021-02-01
xgboost_full,2021-04-01,6917.0,5833.3563232421875,75,2,2021-02-01
xgboost_full,2021-05-01,8253.0,6964.747291564941,75,3,2021-02-01
xgboost_full,2021-06-01,8153.0,7157.2635498046875,75,4,2021-02-01
xgboost_full,2021-07-01,9251.0,7362.690965652466,75,5,2021-02-01
xgboost_full,2021-08-01,8830.0,7685.689606666565,75,6,2021-02-01
xgboost_full,2021-04-01,6917.0,5914.365116119385,76,1,2021-03-01
xgboost_full,2021-05-01,8253.0,7073.596117019653,76,2,2021-03-01
xgboost_full,2021-06-01,8153.0,7203.942642211914,76,3,2021-03-01
xgboost_full,2021-07-01,9251.0,7548.571365356445,76,4,2021-03-01
xgboost_full,2021-08-01,8830.0,7738.783031463623,76,5,2021-03-01
xgboost_full,2021-09-01,7512.0,7143.396072387695,76,6,2021-03-01
xgboost_full,2021-05-01,8253.0,7740.3270263671875,77,1,2021-04-01
xgboost_full,2021-06-01,8153.0,7443.614410400391,77,2,2021-04-01
xgboost_full,2021-07-01,9251.0,7820.949981689453,77,3,2021-04-01
xgboost_full,2021-08-01,8830.0,8131.204193115234,77,4,2021-04-01
xgboost_full,2021-09-01,7512.0,7763.108947753906,77,5,2021-04-01
xgboost_full,2021-10-01,7656.0,7543.498626708984,77,6,2021-04-01
xgboost_full,2021-06-01,8153.0,7631.571105957031,78,1,2021-05-01
xgboost_full,2021-07-01,9251.0,7900.148132324219,78,2,2021-05-01
xgboost_full,2021-08-01,8830.0,8112.273162841797,78,3,2021-05-01
xgboost_full,2021-09-01,7512.0,7507.243438720703,78,4,2021-05-01
xgboost_full,2021-10-01,7656.0,7504.833786010742,78,5,2021-05-01
xgboost_full,2021-11-01,7603.0,6966.146446228027,78,6,2021-05-01
xgboost_full,2021-07-01,9251.0,8139.7642822265625,79,1,2021-06-01
xgboost_full,2021-08-01,8830.0,8165.6282958984375,79,2,2021-06-01
xgboost_full,2021-09-01,7512.0,7526.373107910156,79,3,2021-06-01
xgboost_full,2021-10-01,7656.0,7526.552734375,79,4,2021-06-01
xgboost_full,2021-11-01,7603.0,6977.565238952637,79,5,2021-06-01
xgboost_full,2021-12-01,8237.0,6863.119735717773,79,6,2021-06-01
xgboost_full,2021-08-01,8830.0,8590.316955566406,80,1,2021-07-01
xgboost_full,2021-09-01,7512.0,7649.223388671875,80,2,2021-07-01
xgboost_full,2021-10-01,7656.0,7733.005340576172,80,3,2021-07-01
xgboost_full,2021-11-01,7603.0,7109.644226074219,80,4,2021-07-01
xgboost_full,2021-12-01,8237.0,6836.296669006348,80,5,2021-07-01
xgboost_full,2022-01-01,9582.0,6664.433197021484,80,6,2021-07-01
xgboost_full,2021-09-01,7512.0,8022.66162109375,81,1,2021-08-01
xgboost_full,2021-10-01,7656.0,8053.904296875,81,2,2021-08-01
xgboost_full,2021-11-01,7603.0,7253.435455322266,81,3,2021-08-01
xgboost_full,2021-12-01,8237.0,7052.012939453125,81,4,2021-08-01
xgboost_full,2022-01-01,9582.0,6618.754974365234,81,5,2021-08-01
xgboost_full,2022-02-01,7227.0,6242.819812774658,81,6,2021-08-01
xgboost_full,2021-10-01,7656.0,7673.995544433594,82,1,2021-09-01
xgboost_full,2021-11-01,7603.0,7030.085739135742,82,2,2021-09-01
xgboost_full,2021-12-01,8237.0,6860.167350769043,82,3,2021-09-01
xgboost_full,2022-01-01,9582.0,6709.970962524414,82,4,2021-09-01
xgboost_full,2022-02-01,7227.0,6202.684476852417,82,5,2021-09-01
xgboost_full,2022-03-01,7504.0,7238.4107666015625,82,6,2021-09-01
xgboost_full,2021-11-01,7603.0,7059.848342895508,83,1,2021-10-01
xgboost_full,2021-12-01,8237.0,6831.852390289307,83,2,2021-10-01
xgboost_full,2022-01-01,9582.0,6709.760147094727,83,3,2021-10-01
xgboost_full,2022-02-01,7227.0,6230.682927131653,83,4,2021-10-01
xgboost_full,2022-03-01,7504.0,7268.706237792969,83,5,2021-10-01
xgboost_full,2022-04-01,7589.0,6397.50732421875,83,6,2021-10-01
xgboost_full,2021-12-01,8237.0,6980.9949951171875,84,1,2021-11-01
xgboost_full,2022-01-01,9582.0,6836.858238220215,84,2,2021-11-01
xgboost_full,2022-02-01,7227.0,6239.528392791748,84,3,2021-11-01
xgboost_full,2022-03-01,7504.0,7285.303375244141,84,4,2021-11-01
xgboost_full,2022-04-01,7589.0,6336.594970703125,84,5,2021-11-01
xgboost_full,2022-05-01,8846.0,7776.336242675781,84,6,2021-11-01
xgboost_full,2022-01-01,9582.0,7543.203125,85,1,2021-12-01
xgboost_full,2022-02-01,7227.0,6490.032135009766,85,2,2021-12-01
xgboost_full,2022-03-01,7504.0,7441.082656860352,85,3,2021-12-01
xgboost_full,2022-04-01,7589.0,6559.534454345703,85,4,2021-12-01
xgboost_full,2022-05-01,8846.0,7876.6497802734375,85,5,2021-12-01
xgboost_full,2022-06-01,9057.0,7764.422058105469,85,6,2021-12-01
xgboost_full,2022-02-01,7227.0,7659.4429931640625,86,1,2022-01-01
xgboost_full,2022-03-01,7504.0,8306.674072265625,86,2,2022-01-01
xgboost_full,2022-04-01,7589.0,7047.752899169922,86,3,2022-01-01
xgboost_full,2022-05-01,8846.0,8252.882285028696,86,4,2022-01-01
xgboost_full,2022-06-01,9057.0,8520.887878417969,86,5,2022-01-01
xgboost_full,2022-07-01,8699.0,9635.537200927734,86,6,2022-01-01
xgboost_full,2022-03-01,7504.0,7965.108245849609,87,1,2022-02-01
xgboost_full,2022-04-01,7589.0,6950.480781555176,87,2,2022-02-01
xgboost_full,2022-05-01,8846.0,8279.592849731445,87,3,2022-02-01
xgboost_full,2022-06-01,9057.0,8452.436645507812,87,4,2022-02-01
xgboost_full,2022-07-01,8699.0,9544.856811523438,87,5,2022-02-01
xgboost_full,2022-08-01,8834.0,8450.06362915039,87,6,2022-02-01
xgboost_full,2022-04-01,7589.0,6708.915100097656,88,1,2022-03-01
xgboost_full,2022-05-01,8846.0,8190.0084800720215,88,2,2022-03-01
xgboost_full,2022-06-01,9057.0,8210.530052185059,88,3,2022-03-01
xgboost_full,2022-07-01,8699.0,9525.614562988281,88,4,2022-03-01
xgboost_full,2022-08-01,8834.0,8660.16764831543,88,5,2022-03-01
xgboost_full,2022-09-01,8228.0,7117.861083984375,88,6,2022-03-01
xgboost_full,2022-05-01,8846.0,8623.507598876953,89,1,2022-04-01
xgboost_full,2022-06-01,9057.0,8586.199798583984,89,2,2022-04-01
xgboost_full,2022-07-01,8699.0,9796.31396484375,89,3,2022-04-01
xgboost_full,2022-08-01,8834.0,8615.918472290039,89,4,2022-04-01
xgboost_full,2022-09-01,8228.0,7442.160469055176,89,5,2022-04-01
xgboost_full,2022-10-01,8388.0,7576.462860107422,89,6,2022-04-01
xgboost_full,2022-06-01,9057.0,8648.86245727539,90,1,2022-05-01
xgboost_full,2022-07-01,8699.0,9602.284729003906,90,2,2022-05-01
xgboost_full,2022-08-01,8834.0,8709.291366577148,90,3,2022-05-01
xgboost_full,2022-09-01,8228.0,7313.545883178711,90,4,2022-05-01
xgboost_full,2022-10-01,8388.0,7516.532440185547,90,5,2022-05-01
xgboost_full,2022-11-01,7588.0,7358.237564086914,90,6,2022-05-01
xgboost_full,2022-07-01,8699.0,10100.047790527344,91,1,2022-06-01
xgboost_full,2022-08-01,8834.0,8899.538734436035,91,2,2022-06-01
xgboost_full,2022-09-01,8228.0,7790.703796386719,91,3,2022-06-01
xgboost_full,2022-10-01,8388.0,7931.001190185547,91,4,2022-06-01
xgboost_full,2022-11-01,7588.0,7396.330307006836,91,5,2022-06-01
xgboost_full,2022-12-01,7850.0,8267.815490722656,91,6,2022-06-01
xgboost_full,2022-08-01,8834.0,8997.204238891602,92,1,2022-07-01
xgboost_full,2022-09-01,8228.0,7674.167510986328,92,2,2022-07-01
xgboost_full,2022-10-01,8388.0,7814.824188232422,92,3,2022-07-01
xgboost_full,2022-11-01,7588.0,7223.391571044922,92,4,2022-07-01
xgboost_full,2022-12-01,7850.0,7988.417175292969,92,5,2022-07-01
xgboost_full,2023-01-01,7563.0,9319.712646484375,92,6,2022-07-01
xgboost_full,2022-09-01,8228.0,7685.752716064453,93,1,2022-08-01
xgboost_full,2022-10-01,8388.0,7721.960678100586,93,2,2022-08-01
xgboost_full,2022-11-01,7588.0,7017.941467285156,93,3,2022-08-01
xgboost_full,2022-12-01,7850.0,8036.802642822266,93,4,2022-08-01
xgboost_full,2023-01-01,7563.0,9275.750701904297,93,5,2022-08-01
xgboost_full,2023-02-01,6551.0,6977.961822509766,93,6,2022-08-01
xgboost_full,2022-10-01,8388.0,8165.100738525391,94,1,2022-09-01
xgboost_full,2022-11-01,7588.0,7384.936370849609,94,2,2022-09-01
xgboost_full,2022-12-01,7850.0,8134.506301879883,94,3,2022-09-01
xgboost_full,2023-01-01,7563.0,9520.527912139893,94,4,2022-09-01
xgboost_full,2023-02-01,6551.0,6753.323394775391,94,5,2022-09-01
xgboost_full,2023-03-01,7507.0,7372.44091796875,94,6,2022-09-01
xgboost_full,2022-11-01,7588.0,7501.484603881836,95,1,2022-10-01
xgboost_full,2022-12-01,7850.0,8235.052736639977,95,2,2022-10-01
xgboost_full,2023-01-01,7563.0,9700.790550231934,95,3,2022-10-01
xgboost_full,2023-02-01,6551.0,7057.842208862305,95,4,2022-10-01
xgboost_full,2023-03-01,7507.0,7105.475616455078,95,5,2022-10-01
xgboost_full,2023-04-01,7745.0,7105.3841552734375,95,6,2022-10-01
xgboost_full,2022-12-01,7850.0,8128.721809387207,96,1,2022-11-01
xgboost_full,2023-01-01,7563.0,9787.364074707031,96,2,2022-11-01
xgboost_full,2023-02-01,6551.0,6991.439804077148,96,3,2022-11-01
xgboost_full,2023-03-01,7507.0,7221.714141845703,96,4,2022-11-01
xgboost_full,2023-04-01,7745.0,7113.143463134766,96,5,2022-11-01
xgboost_full,2023-05-01,8600.0,8606.455368041992,96,6,2022-11-01
xgboost_full,2023-01-01,7563.0,9791.527099609375,97,1,2022-12-01
xgboost_full,2023-02-01,6551.0,7005.216094970703,97,2,2022-12-01
xgboost_full,2023-03-01,7507.0,7294.320785522461,97,3,2022-12-01
xgboost_full,2023-04-01,7745.0,7158.279693603516,97,4,2022-12-01
xgboost_full,2023-05-01,8600.0,8480.67562866211,97,5,2022-12-01
xgboost_full,2023-06-01,9151.0,9058.296714186668,97,6,2022-12-01
xgboost_full,2023-02-01,6551.0,6379.82177734375,98,1,2023-01-01
xgboost_full,2023-03-01,7507.0,6924.483459472656,98,2,2023-01-01
xgboost_full,2023-04-01,7745.0,7064.967712402344,98,3,2023-01-01
xgboost_full,2023-05-01,8600.0,8055.7010498046875,98,4,2023-01-01
xgboost_full,2023-06-01,9151.0,8473.53759765625,98,5,2023-01-01
xgboost_full,2023-07-01,9183.0,8450.976181030273,98,6,2023-01-01
xgboost_full,2023-03-01,7507.0,6953.335144042969,99,1,2023-02-01
xgboost_full,2023-04-01,7745.0,7013.3624267578125,99,2,2023-02-01
xgboost_full,2023-05-01,8600.0,8410.67739868164,99,3,2023-02-01
xgboost_full,2023-06-01,9151.0,8673.018310546875,99,4,2023-02-01
xgboost_full,2023-07-01,9183.0,8513.746520996094,99,5,2023-02-01
xgboost_full,2023-08-01,8297.0,8851.73316001892,99,6,2023-02-01
xgboost_full,2023-04-01,7745.0,7198.496063232422,100,1,2023-03-01
xgboost_full,2023-05-01,8600.0,8440.798797607422,100,2,2023-03-01
xgboost_full,2023-06-01,9151.0,8821.2216796875,100,3,2023-03-01
xgboost_full,2023-07-01,9183.0,8608.68871307373,100,4,2023-03-01
xgboost_full,2023-08-01,8297.0,8916.007606506348,100,5,2023-03-01
xgboost_full,2023-09-01,7823.0,7596.0489501953125,100,6,2023-03-01
xgboost_full,2023-05-01,8600.0,8616.628952026367,101,1,2023-04-01
xgboost_full,2023-06-01,9151.0,8692.106170654297,101,2,2023-04-01
xgboost_full,2023-07-01,9183.0,8674.399375915527,101,3,2023-04-01
xgboost_full,2023-08-01,8297.0,8784.539539337158,101,4,2023-04-01
xgboost_full,2023-09-01,7823.0,7752.8970947265625,101,5,2023-04-01
xgboost_full,2023-10-01,7507.0,8180.775833129883,101,6,2023-04-01
xgboost_full,2023-06-01,9151.0,8840.567993164062,102,1,2023-05-01
xgboost_full,2023-07-01,9183.0,8707.137092590332,102,2,2023-05-01
xgboost_full,2023-08-01,8297.0,8882.348678588867,102,3,2023-05-01
xgboost_full,2023-09-01,7823.0,7791.360290527344,102,4,2023-05-01
xgboost_full,2023-10-01,7507.0,8079.745544433594,102,5,2023-05-01
xgboost_full,2023-11-01,8107.0,7853.505126953125,102,6,2023-05-01
xgboost_full,2023-07-01,9183.0,8654.580131530762,103,1,2023-06-01
xgboost_full,2023-08-01,8297.0,8845.430572509766,103,2,2023-06-01
xgboost_full,2023-09-01,7823.0,7758.117492675781,103,3,2023-06-01
xgboost_full,2023-10-01,7507.0,7988.2032470703125,103,4,2023-06-01
xgboost_full,2023-11-01,8107.0,7878.412261962891,103,5,2023-06-01
xgboost_full,2023-12-01,7504.0,8355.87173461914,103,6,2023-06-01
xgboost_direct,2015-01-01,7184.0,6243.450775146484,1,1,2014-12-01
xgboost_direct,2015-02-01,5958.0,6426.625244140625,1,2,2014-12-01
xgboost_direct,2015-03-01,6658.0,6414.27604675293,1,3,2014-12-01
xgboost_direct,2015-04-01,7069.0,6527.028030395508,1,4,2014-12-01
xgboost_direct,2015-05-01,8099.0,7409.945098876953,1,5,2014-12-01
xgboost_direct,2015-06-01,7868.0,7387.3442459106445,1,6,2014-12-01
xgboost_direct,2015-02-01,5958.0,6211.255676269531,2,1,2015-01-01
xgboost_direct,2015-03-01,6658.0,6468.018966674805,2,2,2015-01-01
xgboost_direct,2015-04-01,7069.0,6579.923858642578,2,3,2015-01-01
xgboost_direct,2015-05-01,8099.0,7462.963756561279,2,4,2015-01-01
xgboost_direct,2015-06-01,7868.0,7505.03303527832,2,5,2015-01-01
xgboost_direct,2015-07-01,7986.0,7460.977375030518,2,6,2015-01-01
xgboost_direct,2015-03-01,6658.0,6484.166076660156,3,1,2015-02-01
xgboost_direct,2015-04-01,7069.0,6459.820358276367,3,2,2015-02-01
xgboost_direct,2015-05-01,8099.0,7558.008068084717,3,3,2015-02-01
xgboost_direct,2015-06-01,7868.0,7498.674674987793,3,4,2015-02-01
xgboost_direct,2015-07-01,7986.0,7425.760887145996,3,5,2015-02-01
xgboost_direct,2015-08-01,7251.0,7781.595199584961,3,6,2015-02-01
xgboost_direct,2015-04-01,7069.0,6667.909698486328,4,1,2015-03-01
xgboost_direct,2015-05-01,8099.0,7587.966842651367,4,2,2015-03-01
xgboost_direct,2015-06-01,7868.0,7601.556686401367,4,3,2015-03-01
xgboost_direct,2015-07-01,7986.0,7476.064994812012,4,4,2015-03-01
xgboost_direct,2015-08-01,7251.0,7837.887069702148,4,5,2015-03-01
xgboost_direct,2015-09-01,7163.0,6919.780059814453,4,6,2015-03-01
xgboost_direct,2015-05-01,8099.0,7516.3111691474915,5,1,2015-04-01
xgboost_direct,2015-06-01,7868.0,7490.465667724609,5,2,2015-04-01
xgboost_direct,2015-07-01,7986.0,7511.395767211914,5,3,2015-04-01
xgboost_direct,2015-08-01,7251.0,7846.973892211914,5,4,2015-04-01
xgboost_direct,2015-09-01,7163.0,6766.888092041016,5,5,2015-04-01
xgboost_direct,2015-10-01,6690.0,7158.123344421387,5,6,2015-04-01
xgboost_direct,2015-06-01,7868.0,7468.7951583862305,6,1,2015-05-01
xgboost_direct,2015-07-01,7986.0,7577.448379516602,6,2,2015-05-01
xgboost_direct,2015-08-01,7251.0,7865.985321044922,6,3,2015-05-01
xgboost_direct,2015-09-01,7163.0,7015.634384155273,6,4,2015-05-01
xgboost_direct,2015-10-01,6690.0,7181.696426391602,6,5,2015-05-01
xgboost_direct,2015-11-01,6392.0,6502.608169555664,6,6,2015-05-01
xgboost_direct,2015-07-01,7986.0,7445.328195571899,7,1,2015-06-01
xgboost_direct,2015-08-01,7251.0,7824.780944824219,7,2,2015-06-01
xgboost_direct,2015-09-01,7163.0,6873.647804260254,7,3,2015-06-01
xgboost_direct,2015-10-01,6690.0,7124.34659576416,7,4,2015-06-01
xgboost_direct,2015-11-01,6392.0,6482.910217285156,7,5,2015-06-01
xgboost_direct,2015-12-01,6753.0,6718.230634689331,7,6,2015-06-01
xgboost_direct,2015-08-01,7251.0,7867.175933837891,8,1,2015-07-01
xgboost_direct,2015-09-01,7163.0,6686.779113769531,8,2,2015-07-01
xgboost_direct,2015-10-01,6690.0,7141.817939758301,8,3,2015-07-01
xgboost_direct,2015-11-01,6392.0,6688.233489990234,8,4,2015-07-01
xgboost_direct,2015-12-01,6753.0,6638.182563781738,8,5,2015-07-01
xgboost_direct,2016-01-01,6753.0,6973.509689331055,8,6,2015-07-01
xgboost_direct,2015-09-01,7163.0,6802.097709655762,9,1,2015-08-01
xgboost_direct,2015-10-01,6690.0,7190.147010803223,9,2,2015-08-01
xgboost_direct,2015-11-01,6392.0,6565.636428833008,9,3,2015-08-01
xgboost_direct,2015-12-01,6753.0,6735.739941477776,9,4,2015-08-01
xgboost_direct,2016-01-01,6753.0,6988.8350830078125,9,5,2015-08-01
xgboost_direct,2016-02-01,6385.0,6251.9937744140625,9,6,2015-08-01
xgboost_direct,2015-10-01,6690.0,7363.483413696289,10,1,2015-09-01
xgboost_direct,2015-11-01,6392.0,6474.388916015625,10,2,2015-09-01
xgboost_direct,2015-12-01,6753.0,6671.165180206299,10,3,2015-09-01
xgboost_direct,2016-01-01,6753.0,6975.595993041992,10,4,2015-09-01
xgboost_direct,2016-02-01,6385.0,6146.093521118164,10,5,2015-09-01
xgboost_direct,2016-03-01,7164.0,6495.63493347168,10,6,2015-09-01
xgboost_direct,2015-11-01,6392.0,6419.032028198242,11,1,2015-10-01
xgboost_direct,2015-12-01,6753.0,6782.41512298584,11,2,2015-10-01
xgboost_direct,2016-01-01,6753.0,6991.527130126953,11,3,2015-10-01
xgboost_direct,2016-02-01,6385.0,6125.828262329102,11,4,2015-10-01
xgboost_direct,2016-03-01,7164.0,6444.2607421875,11,5,2015-10-01
xgboost_direct,2016-04-01,7192.0,7005.161434173584,11,6,2015-10-01
xgboost_direct,2015-12-01,6753.0,6793.485401153564,12,1,2015-11-01
xgboost_direct,2016-01-01,6753.0,6890.940856933594,12,2,2015-11-01
xgboost_direct,2016-02-01,6385.0,6088.931716918945,12,3,2015-11-01
xgboost_direct,2016-03-01,7164.0,6202.205780029297,12,4,2015-11-01
xgboost_direct,2016-04-01,7192.0,7053.159691810608,12,5,2015-11-01
xgboost_direct,2016-05-01,7743.0,8056.273941040039,12,6,2015-11-01
xgboost_direct,2016-01-01,6753.0,6634.728454589844,13,1,2015-12-01
xgboost_direct,2016-02-01,6385.0,6098.937973022461,13,2,2015-12-01
xgboost_direct,2016-03-01,7164.0,6251.04443359375,13,3,2015-12-01
xgboost_direct,2016-04-01,7192.0,6950.785720825195,13,4,2015-12-01
xgboost_direct,2016-05-01,7743.0,8051.062519073486,13,5,2015-12-01
xgboost_direct,2016-06-01,8767.0,7939.1214599609375,13,6,2015-12-01
xgboost_direct,2016-02-01,6385.0,6012.203842163086,14,1,2016-01-01
xgboost_direct,2016-03-01,7164.0,6255.879577636719,14,2,2016-01-01
xgboost_direct,2016-04-01,7192.0,6868.820877075195,14,3,2016-01-01
xgboost_direct,2016-05-01,7743.0,8206.005363464355,14,4,2016-01-01
xgboost_direct,2016-06-01,8767.0,7815.6702308654785,14,5,2016-01-01
xgboost_direct,2016-07-01,8479.0,7991.7812576293945,14,6,2016-01-01
xgboost_direct,2016-03-01,7164.0,6417.575134277344,15,1,2016-02-01
xgboost_direct,2016-04-01,7192.0,6896.142868041992,15,2,2016-02-01
xgboost_direct,2016-05-01,7743.0,8334.132095336914,15,3,2016-02-01
xgboost_direct,2016-06-01,8767.0,8013.0714111328125,15,4,2016-02-01
xgboost_direct,2016-07-01,8479.0,8005.549880981445,15,5,2016-02-01
xgboost_direct,2016-08-01,7890.0,7534.734069824219,15,6,2016-02-01
xgboost_direct,2016-04-01,7192.0,6780.434326171875,16,1,2016-03-01
xgboost_direct,2016-05-01,7743.0,8122.831489562988,16,2,2016-03-01
xgboost_direct,2016-06-01,8767.0,7892.447891235352,16,3,2016-03-01
xgboost_direct,2016-07-01,8479.0,7955.812793731689,16,4,2016-03-01
xgboost_direct,2016-08-01,7890.0,7592.704071044922,16,5,2016-03-01
xgboost_direct,2016-09-01,7317.0,7362.956329345703,16,6,2016-03-01
xgboost_direct,2016-05-01,7743.0,8025.348320007324,17,1,2016-04-01
xgboost_direct,2016-06-01,8767.0,7956.948310852051,17,2,2016-04-01
xgboost_direct,2016-07-01,8479.0,7896.144737243652,17,3,2016-04-01
xgboost_direct,2016-08-01,7890.0,7620.586364746094,17,4,2016-04-01
xgboost_direct,2016-09-01,7317.0,7228.765731811523,17,5,2016-04-01
xgboost_direct,2016-10-01,7426.0,7058.38623046875,17,6,2016-04-01
xgboost_direct,2016-06-01,8767.0,7914.30318069458,18,1,2016-05-01
xgboost_direct,2016-07-01,8479.0,7897.534149169922,18,2,2016-05-01
xgboost_direct,2016-08-01,7890.0,7465.307647705078,18,3,2016-05-01
xgboost_direct,2016-09-01,7317.0,7134.463607788086,18,4,2016-05-01
xgboost_direct,2016-10-01,7426.0,6987.930419921875,18,5,2016-05-01
xgboost_direct,2016-11-01,6700.0,6570.763397216797,18,6,2016-05-01
xgboost_direct,2016-07-01,8479.0,7889.297431945801,19,1,2016-06-01
xgboost_direct,2016-08-01,7890.0,7390.962051391602,19,2,2016-06-01
xgboost_direct,2016-09-01,7317.0,7162.691517591476,19,3,2016-06-01
xgboost_direct,2016-10-01,7426.0,6972.193634033203,19,4,2016-06-01
xgboost_direct,2016-11-01,6700.0,6520.02116394043,19,5,2016-06-01
xgboost_direct,2016-12-01,6994.0,6926.526718139648,19,6,2016-06-01
xgboost_direct,2016-08-01,7890.0,7371.0402908325195,20,1,2016-07-01
xgboost_direct,2016-09-01,7317.0,7147.38818359375,20,2,2016-07-01
xgboost_direct,2016-10-01,7426.0,6826.558502197266,20,3,2016-07-01
xgboost_direct,2016-11-01,6700.0,6484.438919067383,20,4,2016-07-01
xgboost_direct,2016-12-01,6994.0,7001.5897216796875,20,5,2016-07-01
xgboost_direct,2017-01-01,6788.0,7003.9324951171875,20,6,2016-07-01
xgboost_direct,2016-09-01,7317.0,7173.749886512756,21,1,2016-08-01
xgboost_direct,2016-10-01,7426.0,6713.581954956055,21,2,2016-08-01
xgboost_direct,2016-11-01,6700.0,6515.399124145508,21,3,2016-08-01
xgboost_direct,2016-12-01,6994.0,7051.180480957031,21,4,2016-08-01
xgboost_direct,2017-01-01,6788.0,7025.955047607422,21,5,2016-08-01
xgboost_direct,2017-02-01,6271.0,6371.401324272156,21,6,2016-08-01
xgboost_direct,2016-10-01,7426.0,6798.69450378418,22,1,2016-09-01
xgboost_direct,2016-11-01,6700.0,6556.673385620117,22,2,2016-09-01
xgboost_direct,2016-12-01,6994.0,7020.874603271484,22,3,2016-09-01
xgboost_direct,2017-01-01,6788.0,6856.4684982299805,22,4,2016-09-01
xgboost_direct,2017-02-01,6271.0,6449.309501647949,22,5,2016-09-01
xgboost_direct,2017-03-01,6794.0,7383.977569580078,22,6,2016-09-01
xgboost_direct,2016-11-01,6700.0,6600.989990234375,23,1,2016-10-01
xgboost_direct,2016-12-01,6994.0,6997.2916259765625,23,2,2016-10-01
xgboost_direct,2017-01-01,6788.0,6938.888870239258,23,3,2016-10-01
xgboost_direct,2017-02-01,6271.0,6417.468048095703,23,4,2016-10-01
xgboost_direct,2017-03-01,6794.0,7380.414123535156,23,5,2016-10-01
xgboost_direct,2017-04-01,6884.0,7509.107727050781,23,6,2016-10-01
xgboost_direct,2016-12-01,6994.0,7030.575225830078,24,1,2016-11-01
xgboost_direct,2017-01-01,6788.0,7089.851806640625,24,2,2016-11-01
xgboost_direct,2017-02-01,6271.0,6666.952117919922,24,3,2016-11-01
xgboost_direct,2017-03-01,6794.0,7305.960433959961,24,4,2016-11-01
xgboost_direct,2017-04-01,6884.0,7489.140869140625,24,5,2016-11-01
xgboost_direct,2017-05-01,7651.0,7630.523094177246,24,6,2016-11-01
xgboost_direct,2017-01-01,6788.0,7103.2354736328125,25,1,2016-12-01
xgboost_direct,2017-02-01,6271.0,6702.085266113281,25,2,2016-12-01
xgboost_direct,2017-03-01,6794.0,7072.9151611328125,25,3,2016-12-01
xgboost_direct,2017-04-01,6884.0,7472.991058349609,25,4,2016-12-01
xgboost_direct,2017-05-01,7651.0,7531.342254638672,25,5,2016-12-01
xgboost_direct,2017-06-01,8009.0,8578.323822021484,25,6,2016-12-01
xgboost_direct,2017-02-01,6271.0,6682.4998779296875,26,1,2017-01-01
xgboost_direct,2017-03-01,6794.0,6943.066314697266,26,2,2017-01-01
xgboost_direct,2017-04-01,6884.0,7436.382095336914,26,3,2017-01-01
xgboost_direct,2017-05-01,7651.0,7581.68977355957,26,4,2017-01-01
xgboost_direct,2017-06-01,8009.0,8587.420684814453,26,5,2017-01-01
xgboost_direct,2017-07-01,8694.0,8743.054931640625,26,6,2017-01-01
xgboost_direct,2017-03-01,6794.0,7066.270606994629,27,1,2017-02-01
xgboost_direct,2017-04-01,6884.0,7386.45881652832,27,2,2017-02-01
xgboost_direct,2017-05-01,7651.0,7731.129609107971,27,3,2017-02-01
xgboost_direct,2017-06-01,8009.0,8537.558135986328,27,4,2017-02-01
xgboost_direct,2017-07-01,8694.0,8673.10188293457,27,5,2017-02-01
xgboost_direct,2017-08-01,8130.0,7823.709976196289,27,6,2017-02-01
xgboost_direct,2017-04-01,6884.0,7413.485794067383,28,1,2017-03-01
xgboost_direct,2017-05-01,7651.0,7672.130836486816,28,2,2017-03-01
xgboost_direct,2017-06-01,8009.0,8478.692749023438,28,3,2017-03-01
xgboost_direct,2017-07-01,8694.0,8515.819438934326,28,4,2017-03-01
xgboost_direct,2017-08-01,8130.0,7862.377094268799,28,5,2017-03-01
xgboost_direct,2017-09-01,7446.0,7480.364654541016,28,6,2017-03-01
xgboost_direct,2017-05-01,7651.0,7452.553649902344,29,1,2017-04-01
xgboost_direct,2017-06-01,8009.0,8472.2900390625,29,2,2017-04-01
xgboost_direct,2017-07-01,8694.0,8218.921020507812,29,3,2017-04-01
xgboost_direct,2017-08-01,8130.0,7886.252744436264,29,4,2017-04-01
xgboost_direct,2017-09-01,7446.0,7579.941497802734,29,5,2017-04-01
xgboost_direct,2017-10-01,7282.0,7444.066888809204,29,6,2017-04-01
xgboost_direct,2017-06-01,8009.0,8400.566101074219,30,1,2017-05-01
xgboost_direct,2017-07-01,8694.0,8253.556671142578,30,2,2017-05-01
xgboost_direct,2017-08-01,8130.0,7833.517429351807,30,3,2017-05-01
xgboost_direct,2017-09-01,7446.0,7518.420608520508,30,4,2017-05-01
xgboost_direct,2017-10-01,7282.0,7397.16156578064,30,5,2017-05-01
xgboost_direct,2017-11-01,6830.0,7208.250183105469,30,6,2017-05-01
xgboost_direct,2017-07-01,8694.0,8236.871673583984,31,1,2017-06-01
xgboost_direct,2017-08-01,8130.0,7724.443054199219,31,2,2017-06-01
xgboost_direct,2017-09-01,7446.0,7459.847198486328,31,3,2017-06-01
xgboost_direct,2017-10-01,7282.0,7358.785888671875,31,4,2017-06-01
xgboost_direct,2017-11-01,6830.0,7025.5123291015625,31,5,2017-06-01
xgboost_direct,2017-12-01,6946.0,7583.8590087890625,31,6,2017-06-01
xgboost_direct,2017-08-01,8130.0,7526.765411376953,32,1,2017-07-01
xgboost_direct,2017-09-01,7446.0,7378.348728179932,32,2,2017-07-01
xgboost_direct,2017-10-01,7282.0,7317.904525756836,32,3,2017-07-01
xgboost_direct,2017-11-01,6830.0,7088.766693115234,32,4,2017-07-01
xgboost_direct,2017-12-01,6946.0,7488.256011962891,32,5,2017-07-01
xgboost_direct,2018-01-01,6886.0,7022.971786499023,32,6,2017-07-01
xgboost_direct,2017-09-01,7446.0,7400.343490600586,33,1,2017-08-01
xgboost_direct,2017-10-01,7282.0,7235.99967956543,33,2,2017-08-01
xgboost_direct,2017-11-01,6830.0,7001.167816162109,33,3,2017-08-01
xgboost_direct,2017-12-01,6946.0,7608.0594482421875,33,4,2017-08-01
xgboost_direct,2018-01-01,6886.0,7122.922576904297,33,5,2017-08-01
xgboost_direct,2018-02-01,5960.0,6472.189208984375,33,6,2017-08-01
xgboost_direct,2017-10-01,7282.0,7177.572158813477,34,1,2017-09-01
xgboost_direct,2017-11-01,6830.0,7010.413543701172,34,2,2017-09-01
xgboost_direct,2017-12-01,6946.0,7579.309265136719,34,3,2017-09-01
xgboost_direct,2018-01-01,6886.0,7060.6944580078125,34,4,2017-09-01
xgboost_direct,2018-02-01,5960.0,6634.147491455078,34,5,2017-09-01
xgboost_direct,2018-03-01,6930.0,7032.23095703125,34,6,2017-09-01
xgboost_direct,2017-11-01,6830.0,7033.335601806641,35,1,2017-10-01
xgboost_direct,2017-12-01,6946.0,7589.970153808594,35,2,2017-10-01
xgboost_direct,2018-01-01,6886.0,7007.384704589844,35,3,2017-10-01
xgboost_direct,2018-02-01,5960.0,6554.1353759765625,35,4,2017-10-01
xgboost_direct,2018-03-01,6930.0,7039.029220581055,35,5,2017-10-01
xgboost_direct,2018-04-01,6769.0,7101.907730102539,35,6,2017-10-01
xgboost_direct,2017-12-01,6946.0,7489.398681640625,36,1,2017-11-01
xgboost_direct,2018-01-01,6886.0,6953.713073730469,36,2,2017-11-01
xgboost_direct,2018-02-01,5960.0,6529.125946044922,36,3,2017-11-01
xgboost_direct,2018-03-01,6930.0,6981.996643066406,36,4,2017-11-01
xgboost_direct,2018-04-01,6769.0,7095.423431396484,36,5,2017-11-01
xgboost_direct,2018-05-01,7511.0,7730.721862792969,36,6,2017-11-01
xgboost_direct,2018-01-01,6886.0,6865.788902282715,37,1,2017-12-01
xgboost_direct,2018-02-01,5960.0,6452.725769042969,37,2,2017-12-01
xgboost_direct,2018-03-01,6930.0,6873.589134216309,37,3,2017-12-01
xgboost_direct,2018-04-01,6769.0,6938.387523651123,37,4,2017-12-01
xgboost_direct,2018-05-01,7511.0,7699.289100646973,37,5,2017-12-01
xgboost_direct,2018-06-01,8057.0,8285.479431152344,37,6,2017-12-01
xgboost_direct,2018-02-01,5960.0,6300.0442752838135,38,1,2018-01-01
xgboost_direct,2018-03-01,6930.0,6966.827926635742,38,2,2018-01-01
xgboost_direct,2018-04-01,6769.0,7016.028427124023,38,3,2018-01-01
xgboost_direct,2018-05-01,7511.0,7676.637935638428,38,4,2018-01-01
xgboost_direct,2018-06-01,8057.0,8138.35791015625,38,5,2018-01-01
xgboost_direct,2018-07-01,8175.0,8764.800369262695,38,6,2018-01-01
xgboost_direct,2018-03-01,6930.0,6893.37393951416,39,1,2018-02-01
xgboost_direct,2018-04-01,6769.0,7048.780090332031,39,2,2018-02-01
xgboost_direct,2018-05-01,7511.0,7546.4622802734375,39,3,2018-02-01
xgboost_direct,2018-06-01,8057.0,8086.239219665527,39,4,2018-02-01
xgboost_direct,2018-07-01,8175.0,8656.926448822021,39,5,2018-02-01
xgboost_direct,2018-08-01,8328.0,8516.614837646484,39,6,2018-02-01
xgboost_direct,2018-04-01,6769.0,7068.931884765625,40,1,2018-03-01
xgboost_direct,2018-05-01,7511.0,7498.151214599609,40,2,2018-03-01
xgboost_direct,2018-06-01,8057.0,8185.579818725586,40,3,2018-03-01
xgboost_direct,2018-07-01,8175.0,8735.344333648682,40,4,2018-03-01
xgboost_direct,2018-08-01,8328.0,8447.860534667969,40,5,2018-03-01
xgboost_direct,2018-09-01,7325.0,7579.841262817383,40,6,2018-03-01
xgboost_direct,2018-05-01,7511.0,7612.9168128967285,41,1,2018-04-01
xgboost_direct,2018-06-01,8057.0,8202.182098388672,41,2,2018-04-01
xgboost_direct,2018-07-01,8175.0,8793.871231079102,41,3,2018-04-01
xgboost_direct,2018-08-01,8328.0,8451.817687988281,41,4,2018-04-01
xgboost_direct,2018-09-01,7325.0,7408.394626617432,41,5,2018-04-01
xgboost_direct,2018-10-01,7202.0,7716.181488037109,41,6,2018-04-01
xgboost_direct,2018-06-01,8057.0,8254.95199584961,42,1,2018-05-01
xgboost_direct,2018-07-01,8175.0,8861.80583190918,42,2,2018-05-01
xgboost_direct,2018-08-01,8328.0,8532.89859008789,42,3,2018-05-01
xgboost_direct,2018-09-01,7325.0,7477.12495803833,42,4,2018-05-01
xgboost_direct,2018-10-01,7202.0,7703.054656982422,42,5,2018-05-01
xgboost_direct,2018-11-01,7161.0,6941.500274658203,42,6,2018-05-01
xgboost_direct,2018-07-01,8175.0,8820.157836914062,43,1,2018-06-01
xgboost_direct,2018-08-01,8328.0,8498.690490722656,43,2,2018-06-01
xgboost_direct,2018-09-01,7325.0,7549.737754821777,43,3,2018-06-01
xgboost_direct,2018-10-01,7202.0,7738.272766113281,43,4,2018-06-01
xgboost_direct,2018-11-01,7161.0,6934.821800231934,43,5,2018-06-01
xgboost_direct,2018-12-01,7409.0,7071.826187133789,43,6,2018-06-01
xgboost_direct,2018-08-01,8328.0,8545.41244506836,44,1,2018-07-01
xgboost_direct,2018-09-01,7325.0,7357.701148986816,44,2,2018-07-01
xgboost_direct,2018-10-01,7202.0,7669.142883300781,44,3,2018-07-01
xgboost_direct,2018-11-01,7161.0,6949.386528015137,44,4,2018-07-01
xgboost_direct,2018-12-01,7409.0,7090.932098388672,44,5,2018-07-01
xgboost_direct,2019-01-01,7117.0,6897.825416564941,44,6,2018-07-01
xgboost_direct,2018-09-01,7325.0,7378.173774719238,45,1,2018-08-01
xgboost_direct,2018-10-01,7202.0,7616.790069580078,45,2,2018-08-01
xgboost_direct,2018-11-01,7161.0,6973.768081665039,45,3,2018-08-01
xgboost_direct,2018-12-01,7409.0,7104.533462524414,45,4,2018-08-01
xgboost_direct,2019-01-01,7117.0,6940.365516662598,45,5,2018-08-01
xgboost_direct,2019-02-01,6307.0,6107.243499755859,45,6,2018-08-01
xgboost_direct,2018-10-01,7202.0,7604.728302001953,46,1,2018-09-01
xgboost_direct,2018-11-01,7161.0,6956.654243469238,46,2,2018-09-01
xgboost_direct,2018-12-01,7409.0,7082.520263671875,46,3,2018-09-01
xgboost_direct,2019-01-01,7117.0,7031.759429931641,46,4,2018-09-01
xgboost_direct,2019-02-01,6307.0,6139.466751098633,46,5,2018-09-01
xgboost_direct,2019-03-01,7067.0,6959.1113929748535,46,6,2018-09-01
xgboost_direct,2018-11-01,7161.0,6930.3737869262695,47,1,2018-10-01
xgboost_direct,2018-12-01,7409.0,7112.439010620117,47,2,2018-10-01
xgboost_direct,2019-01-01,7117.0,6914.5265102386475,47,3,2018-10-01
xgboost_direct,2019-02-01,6307.0,6058.877220153809,47,4,2018-10-01
xgboost_direct,2019-03-01,7067.0,6886.443828582764,47,5,2018-10-01
xgboost_direct,2019-04-01,7108.0,6928.8387451171875,47,6,2018-10-01
xgboost_direct,2018-12-01,7409.0,7125.241500854492,48,1,2018-11-01
xgboost_direct,2019-01-01,7117.0,6946.585399627686,48,2,2018-11-01
xgboost_direct,2019-02-01,6307.0,6142.863815307617,48,3,2018-11-01
xgboost_direct,2019-03-01,7067.0,6963.833251953125,48,4,2018-11-01
xgboost_direct,2019-04-01,7108.0,6907.574401855469,48,5,2018-11-01
xgboost_direct,2019-05-01,7776.0,7637.764488220215,48,6,2018-11-01
xgboost_direct,2019-01-01,7117.0,7001.040252685547,49,1,2018-12-01
xgboost_direct,2019-02-01,6307.0,6193.713577270508,49,2,2018-12-01
xgboost_direct,2019-03-01,7067.0,6968.271179199219,49,3,2018-12-01
xgboost_direct,2019-04-01,7108.0,7060.226379394531,49,4,2018-12-01
xgboost_direct,2019-05-01,7776.0,7616.927444458008,49,5,2018-12-01
xgboost_direct,2019-06-01,8274.0,7954.630111694336,49,6,2018-12-01
xgboost_direct,2019-02-01,6307.0,6249.293640136719,50,1,2019-01-01
xgboost_direct,2019-03-01,7067.0,7140.431213378906,50,2,2019-01-01
xgboost_direct,2019-04-01,7108.0,7076.494445800781,50,3,2019-01-01
xgboost_direct,2019-05-01,7776.0,7696.399627685547,50,4,2019-01-01
xgboost_direct,2019-06-01,8274.0,7984.4995040893555,50,5,2019-01-01
xgboost_direct,2019-07-01,8919.0,8135.837169647217,50,6,2019-01-01
xgboost_direct,2019-03-01,7067.0,7097.017150878906,51,1,2019-02-01
xgboost_direct,2019-04-01,7108.0,7213.536926269531,51,2,2019-02-01
xgboost_direct,2019-05-01,7776.0,7765.009521484375,51,3,2019-02-01
xgboost_direct,2019-06-01,8274.0,7993.100048065186,51,4,2019-02-01
xgboost_direct,2019-07-01,8919.0,8152.858194351196,51,5,2019-02-01
xgboost_direct,2019-08-01,8180.0,8118.936492919922,51,6,2019-02-01
xgboost_direct,2019-04-01,7108.0,7084.430603027344,52,1,2019-03-01
xgboost_direct,2019-05-01,7776.0,7743.142379760742,52,2,2019-03-01
xgboost_direct,2019-06-01,8274.0,8012.330253601074,52,3,2019-03-01
xgboost_direct,2019-07-01,8919.0,8321.977111816406,52,4,2019-03-01
xgboost_direct,2019-08-01,8180.0,8141.150054931641,52,5,2019-03-01
xgboost_direct,2019-09-01,7664.0,7437.518180847168,52,6,2019-03-01
xgboost_direct,2019-05-01,7776.0,7741.017013549805,53,1,2019-04-01
xgboost_direct,2019-06-01,8274.0,7991.203987121582,53,2,2019-04-01
xgboost_direct,2019-07-01,8919.0,8300.566734313965,53,3,2019-04-01
xgboost_direct,2019-08-01,8180.0,8100.31706237793,53,4,2019-04-01
xgboost_direct,2019-09-01,7664.0,7420.445449829102,53,5,2019-04-01
xgboost_direct,2019-10-01,7254.0,7260.478610992432,53,6,2019-04-01
xgboost_direct,2019-06-01,8274.0,8111.423686981201,54,1,2019-05-01
xgboost_direct,2019-07-01,8919.0,8253.856094360352,54,2,2019-05-01
xgboost_direct,2019-08-01,8180.0,8114.8555908203125,54,3,2019-05-01
xgboost_direct,2019-09-01,7664.0,7299.258934020996,54,4,2019-05-01
xgboost_direct,2019-10-01,7254.0,7240.869003295898,54,5,2019-05-01
xgboost_direct,2019-11-01,6785.0,6970.963592529297,54,6,2019-05-01
xgboost_direct,2019-07-01,8919.0,8339.79541015625,55,1,2019-06-01
xgboost_direct,2019-08-01,8180.0,8198.218765258789,55,2,2019-06-01
xgboost_direct,2019-09-01,7664.0,7482.993545532227,55,3,2019-06-01
xgboost_direct,2019-10-01,7254.0,7365.656829833984,55,4,2019-06-01
xgboost_direct,2019-11-01,6785.0,6899.900634765625,55,5,2019-06-01
xgboost_direct,2019-12-01,6987.0,7430.235353469849,55,6,2019-06-01
xgboost_direct,2019-08-01,8180.0,8255.308692932129,56,1,2019-07-01
xgboost_direct,2019-09-01,7664.0,7525.233093261719,56,2,2019-07-01
xgboost_direct,2019-10-01,7254.0,7438.167434692383,56,3,2019-07-01
xgboost_direct,2019-11-01,6785.0,7027.294677734375,56,4,2019-07-01
xgboost_direct,2019-12-01,6987.0,7388.965950012207,56,5,2019-07-01
xgboost_direct,2020-01-01,7194.0,7256.780685424805,56,6,2019-07-01
xgboost_direct,2019-09-01,7664.0,7397.560386657715,57,1,2019-08-01
xgboost_direct,2019-10-01,7254.0,7334.952728271484,57,2,2019-08-01
xgboost_direct,2019-11-01,6785.0,7070.285270690918,57,3,2019-08-01
xgboost_direct,2019-12-01,6987.0,7390.1008224487305,57,4,2019-08-01
xgboost_direct,2020-01-01,7194.0,7289.493148803711,57,5,2019-08-01
xgboost_direct,2020-02-01,6848.0,6408.3499755859375,57,6,2019-08-01
xgboost_direct,2019-10-01,7254.0,7487.110565185547,58,1,2019-09-01
xgboost_direct,2019-11-01,6785.0,7195.437187194824,58,2,2019-09-01
xgboost_direct,2019-12-01,6987.0,7501.299591064453,58,3,2019-09-01
xgboost_direct,2020-01-01,7194.0,7336.76286315918,58,4,2019-09-01
xgboost_direct,2020-02-01,6848.0,6461.2242431640625,58,5,2019-09-01
xgboost_direct,2020-03-01,7324.0,7322.539932250977,58,6,2019-09-01
xgboost_direct,2019-11-01,6785.0,7211.1889572143555,59,1,2019-10-01
xgboost_direct,2019-12-01,6987.0,7561.280029296875,59,2,2019-10-01
xgboost_direct,2020-01-01,7194.0,7275.216720581055,59,3,2019-10-01
xgboost_direct,2020-02-01,6848.0,6389.65438079834,59,4,2019-10-01
xgboost_direct,2020-03-01,7324.0,7323.963470458984,59,5,2019-10-01
xgboost_direct,2020-04-01,5978.0,7354.9066162109375,59,6,2019-10-01
xgboost_direct,2019-12-01,6987.0,7474.189292907715,60,1,2019-11-01
xgboost_direct,2020-01-01,7194.0,7179.578456878662,60,2,2019-11-01
xgboost_direct,2020-02-01,6848.0,6386.507911682129,60,3,2019-11-01
xgboost_direct,2020-03-01,7324.0,7192.275421142578,60,4,2019-11-01
xgboost_direct,2020-04-01,5978.0,7382.2161865234375,60,5,2019-11-01
xgboost_direct,2020-05-01,7062.0,7960.445693969727,60,6,2019-11-01
xgboost_direct,2020-01-01,7194.0,7136.863754272461,61,1,2019-12-01
xgboost_direct,2020-02-01,6848.0,6324.691223144531,61,2,2019-12-01
xgboost_direct,2020-03-01,7324.0,7062.358714580536,61,3,2019-12-01
xgboost_direct,2020-04-01,5978.0,7276.818298339844,61,4,2019-12-01
xgboost_direct,2020-05-01,7062.0,8124.388427734375,61,5,2019-12-01
xgboost_direct,2020-06-01,6948.0,8518.644927978516,61,6,2019-12-01
xgboost_direct,2020-02-01,6848.0,6141.061431884766,62,1,2020-01-01
xgboost_direct,2020-03-01,7324.0,7061.778569698334,62,2,2020-01-01
xgboost_direct,2020-04-01,5978.0,7244.906204223633,62,3,2020-01-01
xgboost_direct,2020-05-01,7062.0,7983.397247314453,62,4,2020-01-01
xgboost_direct,2020-06-01,6948.0,8552.38916015625,62,5,2020-01-01
xgboost_direct,2020-07-01,7392.0,8692.274871826172,62,6,2020-01-01
xgboost_direct,2020-03-01,7324.0,7181.368637084961,63,1,2020-02-01
xgboost_direct,2020-04-01,5978.0,7269.438720703125,63,2,2020-02-01
xgboost_direct,2020-05-01,7062.0,8090.104522705078,63,3,2020-02-01
xgboost_direct,2020-06-01,6948.0,8606.187957763672,63,4,2020-02-01
xgboost_direct,2020-07-01,7392.0,8746.298965454102,63,5,2020-02-01
xgboost_direct,2020-08-01,7678.0,8610.600494384766,63,6,2020-02-01
xgboost_direct,2020-04-01,5978.0,7435.384338378906,64,1,2020-03-01
xgboost_direct,2020-05-01,7062.0,8231.085083007812,64,2,2020-03-01
xgboost_direct,2020-06-01,6948.0,8650.980712890625,64,3,2020-03-01
xgboost_direct,2020-07-01,7392.0,8799.431144714355,64,4,2020-03-01
xgboost_direct,2020-08-01,7678.0,8724.885925292969,64,5,2020-03-01
xgboost_direct,2020-09-01,7005.0,7974.23193359375,64,6,2020-03-01
xgboost_direct,2020-05-01,7062.0,8096.943176269531,65,1,2020-04-01
xgboost_direct,2020-06-01,6948.0,8685.4189453125,65,2,2020-04-01
xgboost_direct,2020-07-01,7392.0,8763.761749267578,65,3,2020-04-01
xgboost_direct,2020-08-01,7678.0,8500.121032714844,65,4,2020-04-01
xgboost_direct,2020-09-01,7005.0,8080.852081298828,65,5,2020-04-01
xgboost_direct,2020-10-01,7385.0,7375.751930236816,65,6,2020-04-01
xgboost_direct,2020-06-01,6948.0,8767.530944824219,66,1,2020-05-01
xgboost_direct,2020-07-01,7392.0,8826.619979858398,66,2,2020-05-01
xgboost_direct,2020-08-01,7678.0,8489.099822998047,66,3,2020-05-01
xgboost_direct,2020-09-01,7005.0,7990.608642578125,66,4,2020-05-01
xgboost_direct,2020-10-01,7385.0,7422.945236206055,66,5,2020-05-01
xgboost_direct,2020-11-01,6872.0,6992.419479370117,66,6,2020-05-01
xgboost_direct,2020-07-01,7392.0,8887.212593078613,67,1,2020-06-01
xgboost_direct,2020-08-01,7678.0,8367.442092895508,67,2,2020-06-01
xgboost_direct,2020-09-01,7005.0,7859.450592041016,67,3,2020-06-01
xgboost_direct,2020-10-01,7385.0,7420.474258422852,67,4,2020-06-01
xgboost_direct,2020-11-01,6872.0,6897.190505981445,67,5,2020-06-01
xgboost_direct,2020-12-01,6781.0,7091.8298416137695,67,6,2020-06-01
xgboost_direct,2020-08-01,7678.0,8238.408260345459,68,1,2020-07-01
xgboost_direct,2020-09-01,7005.0,7778.8281326293945,68,2,2020-07-01
xgboost_direct,2020-10-01,7385.0,7347.105178833008,68,3,2020-07-01
xgboost_direct,2020-11-01,6872.0,6891.169044494629,68,4,2020-07-01
xgboost_direct,2020-12-01,6781.0,7032.2404136657715,68,5,2020-07-01
xgboost_direct,2021-01-01,6917.0,7165.329265594482,68,6,2020-07-01
xgboost_direct,2020-09-01,7005.0,7650.031057357788,69,1,2020-08-01
xgboost_direct,2020-10-01,7385.0,7281.097007751465,69,2,2020-08-01
xgboost_direct,2020-11-01,6872.0,6788.694313049316,69,3,2020-08-01
xgboost_direct,2020-12-01,6781.0,6998.286256790161,69,4,2020-08-01
xgboost_direct,2021-01-01,6917.0,7193.50934061408,69,5,2020-08-01
xgboost_direct,2021-02-01,6217.0,6379.50390625,69,6,2020-08-01
xgboost_direct,2020-10-01,7385.0,7160.749290466309,70,1,2020-09-01
xgboost_direct,2020-11-01,6872.0,6767.560434341431,70,2,2020-09-01
xgboost_direct,2020-12-01,6781.0,6845.289581298828,70,3,2020-09-01
xgboost_direct,2021-01-01,6917.0,7317.693374633789,70,4,2020-09-01
xgboost_direct,2021-02-01,6217.0,6619.848419189453,70,5,2020-09-01
xgboost_direct,2021-03-01,7569.0,7000.993225097656,70,6,2020-09-01
xgboost_direct,2020-11-01,6872.0,6839.016983032227,71,1,2020-10-01
xgboost_direct,2020-12-01,6781.0,6985.239802956581,71,2,2020-10-01
xgboost_direct,2021-01-01,6917.0,7224.629880905151,71,3,2020-10-01
xgboost_direct,2021-02-01,6217.0,6528.021453857422,71,4,2020-10-01
xgboost_direct,2021-03-01,7569.0,6782.1636962890625,71,5,2020-10-01
xgboost_direct,2021-04-01,6917.0,6131.036209106445,71,6,2020-10-01
xgboost_direct,2020-12-01,6781.0,7107.794036865234,72,1,2020-11-01
xgboost_direct,2021-01-01,6917.0,7259.523895263672,72,2,2020-11-01
xgboost_direct,2021-02-01,6217.0,6542.888519287109,72,3,2020-11-01
xgboost_direct,2021-03-01,7569.0,6943.313659667969,72,4,2020-11-01
xgboost_direct,2021-04-01,6917.0,5756.449203491211,72,5,2020-11-01
xgboost_direct,2021-05-01,8253.0,7125.871734619141,72,6,2020-11-01
xgboost_direct,2021-01-01,6917.0,7418.48698425293,73,1,2020-12-01
xgboost_direct,2021-02-01,6217.0,6439.781707763672,73,2,2020-12-01
xgboost_direct,2021-03-01,7569.0,7115.164031982422,73,3,2020-12-01
xgboost_direct,2021-04-01,6917.0,5833.83283996582,73,4,2020-12-01
xgboost_direct,2021-05-01,8253.0,6953.928253173828,73,5,2020-12-01
xgboost_direct,2021-06-01,8153.0,7267.624542236328,73,6,2020-12-01
xgboost_direct,2021-02-01,6217.0,6720.271522521973,74,1,2021-01-01
xgboost_direct,2021-03-01,7569.0,7166.236953735352,74,2,2021-01-01
xgboost_direct,2021-04-01,6917.0,5834.323593139648,74,3,2021-01-01
xgboost_direct,2021-05-01,8253.0,6952.748725891113,74,4,2021-01-01
xgboost_direct,2021-06-01,8153.0,7245.553924560547,74,5,2021-01-01
xgboost_direct,2021-07-01,9251.0,7563.531585693359,74,6,2021-01-01
xgboost_direct,2021-03-01,7569.0,7189.446380615234,75,1,2021-02-01
xgboost_direct,2021-04-01,6917.0,5554.332702636719,75,2,2021-02-01
xgboost_direct,2021-05-01,8253.0,6918.694290161133,75,3,2021-02-01
xgboost_direct,2021-06-01,8153.0,6977.250635147095,75,4,2021-02-01
xgboost_direct,2021-07-01,9251.0,7542.080154418945,75,5,2021-02-01
xgboost_direct,2021-08-01,8830.0,7732.696346282959,75,6,2021-02-01
xgboost_direct,2021-04-01,6917.0,5898.087661743164,76,1,2021-03-01
xgboost_direct,2021-05-01,8253.0,7001.819976806641,76,2,2021-03-01
xgboost_direct,2021-06-01,8153.0,7101.123565673828,76,3,2021-03-01
xgboost_direct,2021-07-01,9251.0,7526.121520996094,76,4,2021-03-01
xgboost_direct,2021-08-01,8830.0,7818.894454956055,76,5,2021-03-01
xgboost_direct,2021-09-01,7512.0,7124.57283782959,76,6,2021-03-01
xgboost_direct,2021-05-01,8253.0,7121.353126525879,77,1,2021-04-01
xgboost_direct,2021-06-01,8153.0,7164.735610961914,77,2,2021-04-01
xgboost_direct,2021-07-01,9251.0,7670.031524658203,77,3,2021-04-01
xgboost_direct,2021-08-01,8830.0,7833.899383544922,77,4,2021-04-01
xgboost_direct,2021-09-01,7512.0,7290.584442138672,77,5,2021-04-01
xgboost_direct,2021-10-01,7656.0,7496.875183105469,77,6,2021-04-01
xgboost_direct,2021-06-01,8153.0,7284.424713134766,78,1,2021-05-01
xgboost_direct,2021-07-01,9251.0,7611.613830566406,78,2,2021-05-01
xgboost_direct,2021-08-01,8830.0,7901.760330200195,78,3,2021-05-01
xgboost_direct,2021-09-01,7512.0,7424.018402099609,78,4,2021-05-01
xgboost_direct,2021-10-01,7656.0,7578.941360473633,78,5,2021-05-01
xgboost_direct,2021-11-01,7603.0,7221.228851318359,78,6,2021-05-01
xgboost_direct,2021-07-01,9251.0,7822.914459228516,79,1,2021-06-01
xgboost_direct,2021-08-01,8830.0,7848.322235107422,79,2,2021-06-01
xgboost_direct,2021-09-01,7512.0,7333.600982666016,79,3,2021-06-01
xgboost_direct,2021-10-01,7656.0,7531.377487182617,79,4,2021-06-01
xgboost_direct,2021-11-01,7603.0,7066.489166259766,79,5,2021-06-01
xgboost_direct,2021-12-01,8237.0,7092.862396240234,79,6,2021-06-01
xgboost_direct,2021-08-01,8830.0,8056.566162109375,80,1,2021-07-01
xgboost_direct,2021-09-01,7512.0,7409.283508300781,80,2,2021-07-01
xgboost_direct,2021-10-01,7656.0,7679.318389892578,80,3,2021-07-01
xgboost_direct,2021-11-01,7603.0,7058.129730224609,80,4,2021-07-01
xgboost_direct,2021-12-01,8237.0,6973.9295654296875,80,5,2021-07-01
xgboost_direct,2022-01-01,9582.0,6939.132947921753,80,6,2021-07-01
xgboost_direct,2021-09-01,7512.0,7592.104187011719,81,1,2021-08-01
xgboost_direct,2021-10-01,7656.0,7527.957611083984,81,2,2021-08-01
xgboost_direct,2021-11-01,7603.0,7240.130584716797,81,3,2021-08-01
xgboost_direct,2021-12-01,8237.0,7011.0997314453125,81,4,2021-08-01
xgboost_direct,2022-01-01,9582.0,7019.801528930664,81,5,2021-08-01
xgboost_direct,2022-02-01,7227.0,6448.502212524414,81,6,2021-08-01
xgboost_direct,2021-10-01,7656.0,7632.042739868164,82,1,2021-09-01
xgboost_direct,2021-11-01,7603.0,7023.3175048828125,82,2,2021-09-01
xgboost_direct,2021-12-01,8237.0,6838.891754150391,82,3,2021-09-01
xgboost_direct,2022-01-01,9582.0,6966.2951583862305,82,4,2021-09-01
xgboost_direct,2022-02-01,7227.0,6478.811920166016,82,5,2021-09-01
xgboost_direct,2022-03-01,7504.0,7257.124603271484,82,6,2021-09-01
xgboost_direct,2021-11-01,7603.0,6914.540637969971,83,1,2021-10-01
xgboost_direct,2021-12-01,8237.0,6889.972564697266,83,2,2021-10-01
xgboost_direct,2022-01-01,9582.0,6894.673011779785,83,3,2021-10-01
xgboost_direct,2022-02-01,7227.0,6534.500030517578,83,4,2021-10-01
xgboost_direct,2022-03-01,7504.0,7230.254364013672,83,5,2021-10-01
xgboost_direct,2022-04-01,7589.0,6494.040069580078,83,6,2021-10-01
xgboost_direct,2021-12-01,8237.0,6856.40665435791,84,1,2021-11-01
xgboost_direct,2022-01-01,9582.0,6764.687438964844,84,2,2021-11-01
xgboost_direct,2022-02-01,7227.0,6409.2418212890625,84,3,2021-11-01
xgboost_direct,2022-03-01,7504.0,7224.650238037109,84,4,2021-11-01
xgboost_direct,2022-04-01,7589.0,6744.233428955078,84,5,2021-11-01
xgboost_direct,2022-05-01,8846.0,7702.956726074219,84,6,2021-11-01
xgboost_direct,2022-01-01,9582.0,7322.777374267578,85,1,2021-12-01
xgboost_direct,2022-02-01,7227.0,6432.672073364258,85,2,2021-12-01
xgboost_direct,2022-03-01,7504.0,7180.0208740234375,85,3,2021-12-01
xgboost_direct,2022-04-01,7589.0,6636.495330810547,85,4,2021-12-01
xgboost_direct,2022-05-01,8846.0,7772.4189453125,85,5,2021-12-01
xgboost_direct,2022-06-01,9057.0,8324.237228393555,85,6,2021-12-01
xgboost_direct,2022-02-01,7227.0,7006.949645996094,86,1,2022-01-01
xgboost_direct,2022-03-01,7504.0,7303.490173339844,86,2,2022-01-01
xgboost_direct,2022-04-01,7589.0,6624.436737060547,86,3,2022-01-01
xgboost_direct,2022-05-01,8846.0,7768.041320800781,86,4,2022-01-01
xgboost_direct,2022-06-01,9057.0,8265.42440032959,86,5,2022-01-01
xgboost_direct,2022-07-01,8699.0,10455.606079101562,86,6,2022-01-01
xgboost_direct,2022-03-01,7504.0,7707.936370849609,87,1,2022-02-01
xgboost_direct,2022-04-01,7589.0,6462.227630615234,87,2,2022-02-01
xgboost_direct,2022-05-01,8846.0,7804.740509033203,87,3,2022-02-01
xgboost_direct,2022-06-01,9057.0,8350.739013671875,87,4,2022-02-01
xgboost_direct,2022-07-01,8699.0,10549.392333984375,87,5,2022-02-01
xgboost_direct,2022-08-01,8834.0,9129.274627685547,87,6,2022-02-01
xgboost_direct,2022-04-01,7589.0,6535.962371826172,88,1,2022-03-01
xgboost_direct,2022-05-01,8846.0,8136.734153747559,88,2,2022-03-01
xgboost_direct,2022-06-01,9057.0,8477.88882446289,88,3,2022-03-01
xgboost_direct,2022-07-01,8699.0,10909.271118164062,88,4,2022-03-01
xgboost_direct,2022-08-01,8834.0,9240.391387939453,88,5,2022-03-01
xgboost_direct,2022-09-01,8228.0,7940.972381591797,88,6,2022-03-01
xgboost_direct,2022-05-01,8846.0,8135.395584106445,89,1,2022-04-01
xgboost_direct,2022-06-01,9057.0,8116.623134613037,89,2,2022-04-01
xgboost_direct,2022-07-01,8699.0,10573.955932617188,89,3,2022-04-01
xgboost_direct,2022-08-01,8834.0,9348.066772460938,89,4,2022-04-01
xgboost_direct,2022-09-01,8228.0,7704.018112182617,89,5,2022-04-01
xgboost_direct,2022-10-01,8388.0,8213.929443359375,89,6,2022-04-01
xgboost_direct,2022-06-01,9057.0,8093.63472366333,90,1,2022-05-01
xgboost_direct,2022-07-01,8699.0,9971.911682128906,90,2,2022-05-01
xgboost_direct,2022-08-01,8834.0,9380.719177246094,90,3,2022-05-01
xgboost_direct,2022-09-01,8228.0,7887.675842285156,90,4,2022-05-01
xgboost_direct,2022-10-01,8388.0,7968.070098876953,90,5,2022-05-01
xgboost_direct,2022-11-01,7588.0,7990.3057861328125,90,6,2022-05-01
xgboost_direct,2022-07-01,8699.0,10262.501098632812,91,1,2022-06-01
xgboost_direct,2022-08-01,8834.0,8974.522079467773,91,2,2022-06-01
xgboost_direct,2022-09-01,8228.0,7738.20866394043,91,3,2022-06-01
xgboost_direct,2022-10-01,8388.0,8037.664886474609,91,4,2022-06-01
xgboost_direct,2022-11-01,7588.0,7896.506195068359,91,5,2022-06-01
xgboost_direct,2022-12-01,7850.0,8718.2392578125,91,6,2022-06-01
xgboost_direct,2022-08-01,8834.0,8697.409942626953,92,1,2022-07-01
xgboost_direct,2022-09-01,8228.0,7554.888580322266,92,2,2022-07-01
xgboost_direct,2022-10-01,8388.0,8021.524261474609,92,3,2022-07-01
xgboost_direct,2022-11-01,7588.0,7726.820976257324,92,4,2022-07-01
xgboost_direct,2022-12-01,7850.0,8525.10806274414,92,5,2022-07-01
xgboost_direct,2023-01-01,7563.0,9832.309356689453,92,6,2022-07-01
xgboost_direct,2022-09-01,8228.0,7401.44197845459,93,1,2022-08-01
xgboost_direct,2022-10-01,8388.0,7995.730285644531,93,2,2022-08-01
xgboost_direct,2022-11-01,7588.0,7728.451560974121,93,3,2022-08-01
xgboost_direct,2022-12-01,7850.0,8508.105407714844,93,4,2022-08-01
xgboost_direct,2023-01-01,7563.0,9742.046646118164,93,5,2022-08-01
xgboost_direct,2023-02-01,6551.0,7141.147575378418,93,6,2022-08-01
xgboost_direct,2022-10-01,8388.0,7929.227966308594,94,1,2022-09-01
xgboost_direct,2022-11-01,7588.0,7686.860725402832,94,2,2022-09-01
xgboost_direct,2022-12-01,7850.0,8469.247360229492,94,3,2022-09-01
xgboost_direct,2023-01-01,7563.0,9796.886901855469,94,4,2022-09-01
xgboost_direct,2023-02-01,6551.0,7153.871971130371,94,5,2022-09-01
xgboost_direct,2023-03-01,7507.0,7612.123992919922,94,6,2022-09-01
xgboost_direct,2022-11-01,7588.0,7694.065185546875,95,1,2022-10-01
xgboost_direct,2022-12-01,7850.0,8417.25569152832,95,2,2022-10-01
xgboost_direct,2023-01-01,7563.0,9667.84780883789,95,3,2022-10-01
xgboost_direct,2023-02-01,6551.0,6940.21630859375,95,4,2022-10-01
xgboost_direct,2023-03-01,7507.0,7671.405426025391,95,5,2022-10-01
xgboost_direct,2023-04-01,7745.0,7780.494415283203,95,6,2022-10-01
xgboost_direct,2022-12-01,7850.0,8394.370681762695,96,1,2022-11-01
xgboost_direct,2023-01-01,7563.0,9938.68716430664,96,2,2022-11-01
xgboost_direct,2023-02-01,6551.0,7097.29914855957,96,3,2022-11-01
xgboost_direct,2023-03-01,7507.0,7756.507568359375,96,4,2022-11-01
xgboost_direct,2023-04-01,7745.0,7638.782188415527,96,5,2022-11-01
xgboost_direct,2023-05-01,8600.0,8851.842358112335,96,6,2022-11-01
xgboost_direct,2023-01-01,7563.0,9735.265258789062,97,1,2022-12-01
xgboost_direct,2023-02-01,6551.0,7294.495475769043,97,2,2022-12-01
xgboost_direct,2023-03-01,7507.0,7754.355804443359,97,3,2022-12-01
xgboost_direct,2023-04-01,7745.0,7536.832099914551,97,4,2022-12-01
xgboost_direct,2023-05-01,8600.0,8712.323608398438,97,5,2022-12-01
xgboost_direct,2023-06-01,9151.0,9489.268127441406,97,6,2022-12-01
xgboost_direct,2023-02-01,6551.0,6785.463104248047,98,1,2023-01-01
xgboost_direct,2023-03-01,7507.0,7308.369903564453,98,2,2023-01-01
xgboost_direct,2023-04-01,7745.0,7137.238677978516,98,3,2023-01-01
xgboost_direct,2023-05-01,8600.0,8507.871063232422,98,4,2023-01-01
xgboost_direct,2023-06-01,9151.0,9214.737350463867,98,5,2023-01-01
xgboost_direct,2023-07-01,9183.0,8770.705093383789,98,6,2023-01-01
xgboost_direct,2023-03-01,7507.0,6632.037414550781,99,1,2023-02-01
xgboost_direct,2023-04-01,7745.0,7320.021423339844,99,2,2023-02-01
xgboost_direct,2023-05-01,8600.0,8538.539794921875,99,3,2023-02-01
xgboost_direct,2023-06-01,9151.0,9052.353917598724,99,4,2023-02-01
xgboost_direct,2023-07-01,9183.0,8864.349884033203,99,5,2023-02-01
xgboost_direct,2023-08-01,8297.0,8620.64582824707,99,6,2023-02-01
xgboost_direct,2023-04-01,7745.0,7341.699554443359,100,1,2023-03-01
xgboost_direct,2023-05-01,8600.0,8778.193634033203,100,2,2023-03-01
xgboost_direct,2023-06-01,9151.0,9140.601089477539,100,3,2023-03-01
xgboost_direct,2023-07-01,9183.0,8687.94537448883,100,4,2023-03-01
xgboost_direct,2023-08-01,8297.0,8572.677734375,100,5,2023-03-01
xgboost_direct,2023-09-01,7823.0,7709.618957519531,100,6,2023-03-01
xgboost_direct,2023-05-01,8600.0,8559.354370117188,101,1,2023-04-01
xgboost_direct,2023-06-01,9151.0,8947.159538269043,101,2,2023-04-01
xgboost_direct,2023-07-01,9183.0,8780.919700622559,101,3,2023-04-01
xgboost_direct,2023-08-01,8297.0,8729.266944885254,101,4,2023-04-01
xgboost_direct,2023-09-01,7823.0,7906.277374267578,101,5,2023-04-01
xgboost_direct,2023-10-01,7507.0,8228.070358276367,101,6,2023-04-01
xgboost_direct,2023-06-01,9151.0,8931.460586547852,102,1,2023-05-01
xgboost_direct,2023-07-01,9183.0,8595.159378051758,102,2,2023-05-01
xgboost_direct,2023-08-01,8297.0,8767.00724029541,102,3,2023-05-01
xgboost_direct,2023-09-01,7823.0,7976.940231323242,102,4,2023-05-01
xgboost_direct,2023-10-01,7507.0,8285.1410446167,102,5,2023-05-01
xgboost_direct,2023-11-01,8107.0,7888.2529296875,102,6,2023-05-01
xgboost_direct,2023-07-01,9183.0,8768.390151977539,103,1,2023-06-01
xgboost_direct,2023-08-01,8297.0,8647.563583374023,103,2,2023-06-01
xgboost_direct,2023-09-01,7823.0,7838.201232910156,103,3,2023-06-01
xgboost_direct,2023-10-01,7507.0,8259.656463623047,103,4,2023-06-01
xgboost_direct,2023-11-01,8107.0,7869.730926513672,103,5,2023-06-01
xgboost_direct,2023-12-01,7504.0,8708.928405761719,103,6,2023-06-01
catboost_base,2015-01-01,7184.0,6223.566036922057,1,1,2014-12-01
catboost_base,2015-02-01,5958.0,6246.839558541285,1,2,2014-12-01
catboost_base,2015-03-01,6658.0,6311.685455813439,1,3,2014-12-01
catboost_base,2015-04-01,7069.0,6324.795742965047,1,4,2014-12-01
catboost_base,2015-05-01,8099.0,7308.428575636532,1,5,2014-12-01
catboost_base,2015-06-01,7868.0,7295.564216593946,1,6,2014-12-01
catboost_base,2015-02-01,5958.0,6486.213049002809,2,1,2015-01-01
catboost_base,2015-03-01,6658.0,6480.7843983067005,2,2,2015-01-01
catboost_base,2015-04-01,7069.0,6560.28987563024,2,3,2015-01-01
catboost_base,2015-05-01,8099.0,7241.715925995693,2,4,2015-01-01
catboost_base,2015-06-01,7868.0,7437.962644575212,2,5,2015-01-01
catboost_base,2015-07-01,7986.0,7332.944211990515,2,6,2015-01-01
catboost_base,2015-03-01,6658.0,6456.058071380369,3,1,2015-02-01
catboost_base,2015-04-01,7069.0,6422.20482626775,3,2,2015-02-01
catboost_base,2015-05-01,8099.0,7213.728457768846,3,3,2015-02-01
catboost_base,2015-06-01,7868.0,7401.453999458099,3,4,2015-02-01
catboost_base,2015-07-01,7986.0,7651.529888374226,3,5,2015-02-01
catboost_base,2015-08-01,7251.0,7410.911858576537,3,6,2015-02-01
catboost_base,2015-04-01,7069.0,6445.7642053208265,4,1,2015-03-01
catboost_base,2015-05-01,8099.0,7173.409616518624,4,2,2015-03-01
catboost_base,2015-06-01,7868.0,7408.416611533627,4,3,2015-03-01
catboost_base,2015-07-01,7986.0,7610.708988196977,4,4,2015-03-01
catboost_base,2015-08-01,7251.0,7393.142189097867,4,5,2015-03-01
catboost_base,2015-09-01,7163.0,6871.949093870918,4,6,2015-03-01
catboost_base,2015-05-01,8099.0,7191.528455777493,5,1,2015-04-01
catboost_base,2015-06-01,7868.0,7485.3075304844915,5,2,2015-04-01
catboost_base,2015-07-01,7986.0,7525.638252490201,5,3,2015-04-01
catboost_base,2015-08-01,7251.0,7358.698593809236,5,4,2015-04-01
catboost_base,2015-09-01,7163.0,6872.5044949438725,5,5,2015-04-01
catboost_base,2015-10-01,6690.0,6995.954349116588,5,6,2015-04-01
catboost_base,2015-06-01,7868.0,7616.723938204887,6,1,2015-05-01
catboost_base,2015-07-01,7986.0,7609.655000369906,6,2,2015-05-01
catboost_base,2015-08-01,7251.0,7467.063676557949,6,3,2015-05-01
catboost_base,2015-09-01,7163.0,6843.45888022475,6,4,2015-05-01
catboost_base,2015-10-01,6690.0,6996.007982169765,6,5,2015-05-01
catboost_base,2015-11-01,6392.0,6654.181373096466,6,6,2015-05-01
catboost_base,2015-07-01,7986.0,7609.730825491362,7,1,2015-06-01
catboost_base,2015-08-01,7251.0,7506.860944424409,7,2,2015-06-01
catboost_base,2015-09-01,7163.0,6935.424557471913,7,3,2015-06-01
catboost_base,2015-10-01,6690.0,7004.8600466228745,7,4,2015-06-01
catboost_base,2015-11-01,6392.0,6631.210015313463,7,5,2015-06-01
catboost_base,2015-12-01,6753.0,6646.400676894781,7,6,2015-06-01
catboost_base,2015-08-01,7251.0,7428.203556214502,8,1,2015-07-01
catboost_base,2015-09-01,7163.0,6912.818505364083,8,2,2015-07-01
catboost_base,2015-10-01,6690.0,7052.786688146492,8,3,2015-07-01
catboost_base,2015-11-01,6392.0,6503.9779408356135,8,4,2015-07-01
catboost_base,2015-12-01,6753.0,6739.681791803598,8,5,2015-07-01
catboost_base,2016-01-01,6753.0,6920.74670688579,8,6,2015-07-01
catboost_base,2015-09-01,7163.0,6843.762304862589,9,1,2015-08-01
catboost_base,2015-10-01,6690.0,7002.784143712733,9,2,2015-08-01
catboost_base,2015-11-01,6392.0,6442.703487236006,9,3,2015-08-01
catboost_base,2015-12-01,6753.0,6806.622105417913,9,4,2015-08-01
catboost_base,2016-01-01,6753.0,6937.811193785351,9,5,2015-08-01
catboost_base,2016-02-01,6385.0,6413.084677397802,9,6,2015-08-01
catboost_base,2015-10-01,6690.0,7059.434185489712,10,1,2015-09-01
catboost_base,2015-11-01,6392.0,6500.1365970678,10,2,2015-09-01
catboost_base,2015-12-01,6753.0,6804.903524941459,10,3,2015-09-01
catboost_base,2016-01-01,6753.0,6831.580867383867,10,4,2015-09-01
catboost_base,2016-02-01,6385.0,6488.488466834001,10,5,2015-09-01
catboost_base,2016-03-01,7164.0,6772.2772402445025,10,6,2015-09-01
catboost_base,2015-11-01,6392.0,6470.485798391912,11,1,2015-10-01
catboost_base,2015-12-01,6753.0,6813.140320328713,11,2,2015-10-01
catboost_base,2016-01-01,6753.0,6725.113117127953,11,3,2015-10-01
catboost_base,2016-02-01,6385.0,6356.512253106912,11,4,2015-10-01
catboost_base,2016-03-01,7164.0,6621.1494110786725,11,5,2015-10-01
catboost_base,2016-04-01,7192.0,7241.29718034716,11,6,2015-10-01
catboost_base,2015-12-01,6753.0,6703.829508930484,12,1,2015-11-01
catboost_base,2016-01-01,6753.0,6666.205087974375,12,2,2015-11-01
catboost_base,2016-02-01,6385.0,6443.062611767759,12,3,2015-11-01
catboost_base,2016-03-01,7164.0,6673.52437281507,12,4,2015-11-01
catboost_base,2016-04-01,7192.0,7272.849468060245,12,5,2015-11-01
catboost_base,2016-05-01,7743.0,7645.851554592231,12,6,2015-11-01
catboost_base,2016-01-01,6753.0,6732.91345836287,13,1,2015-12-01
catboost_base,2016-02-01,6385.0,6437.200253106485,13,2,2015-12-01
catboost_base,2016-03-01,7164.0,6682.224068852438,13,3,2015-12-01
catboost_base,2016-04-01,7192.0,7274.852017173958,13,4,2015-12-01
catboost_base,2016-05-01,7743.0,7636.824460411636,13,5,2015-12-01
catboost_base,2016-06-01,8767.0,7670.84948875786,13,6,2015-12-01
catboost_base,2016-02-01,6385.0,6462.991518517257,14,1,2016-01-01
catboost_base,2016-03-01,7164.0,6733.820820993863,14,2,2016-01-01
catboost_base,2016-04-01,7192.0,7207.0446643805135,14,3,2016-01-01
catboost_base,2016-05-01,7743.0,7645.404075467973,14,4,2016-01-01
catboost_base,2016-06-01,8767.0,7678.449661971095,14,5,2016-01-01
catboost_base,2016-07-01,8479.0,7606.883671046767,14,6,2016-01-01
catboost_base,2016-03-01,7164.0,6715.24618379125,15,1,2016-02-01
catboost_base,2016-04-01,7192.0,7295.960976436508,15,2,2016-02-01
catboost_base,2016-05-01,7743.0,7711.429131793249,15,3,2016-02-01
catboost_base,2016-06-01,8767.0,7709.365781491258,15,4,2016-02-01
catboost_base,2016-07-01,8479.0,7653.96410428452,15,5,2016-02-01
catboost_base,2016-08-01,7890.0,7455.258696368155,15,6,2016-02-01
catboost_base,2016-04-01,7192.0,7428.155540363698,16,1,2016-03-01
catboost_base,2016-05-01,7743.0,7653.981668369287,16,2,2016-03-01
catboost_base,2016-06-01,8767.0,7621.507279835865,16,3,2016-03-01
catboost_base,2016-07-01,8479.0,7595.687517465407,16,4,2016-03-01
catboost_base,2016-08-01,7890.0,7406.418093418473,16,5,2016-03-01
catboost_base,2016-09-01,7317.0,6850.70039408645,16,6,2016-03-01
catboost_base,2016-05-01,7743.0,7751.335731793742,17,1,2016-04-01
catboost_base,2016-06-01,8767.0,7607.985698177398,17,2,2016-04-01
catboost_base,2016-07-01,8479.0,7524.970333157588,17,3,2016-04-01
catboost_base,2016-08-01,7890.0,7467.437774568412,17,4,2016-04-01
catboost_base,2016-09-01,7317.0,6873.058947370699,17,5,2016-04-01
catboost_base,2016-10-01,7426.0,6691.454129347036,17,6,2016-04-01
catboost_base,2016-06-01,8767.0,7697.344585453052,18,1,2016-05-01
catboost_base,2016-07-01,8479.0,7545.361029165906,18,2,2016-05-01
catboost_base,2016-08-01,7890.0,7502.197460126654,18,3,2016-05-01
catboost_base,2016-09-01,7317.0,6964.848702508173,18,4,2016-05-01
catboost_base,2016-10-01,7426.0,6715.763420702759,18,5,2016-05-01
catboost_base,2016-11-01,6700.0,6604.9086213845485,18,6,2016-05-01
catboost_base,2016-07-01,8479.0,7771.1897281795655,19,1,2016-06-01
catboost_base,2016-08-01,7890.0,7633.587871417591,19,2,2016-06-01
catboost_base,2016-09-01,7317.0,7098.095987937422,19,3,2016-06-01
catboost_base,2016-10-01,7426.0,6561.450778703367,19,4,2016-06-01
catboost_base,2016-11-01,6700.0,6631.965538969595,19,5,2016-06-01
catboost_base,2016-12-01,6994.0,6578.037448068805,19,6,2016-06-01
catboost_base,2016-08-01,7890.0,7745.8700068645485,20,1,2016-07-01
catboost_base,2016-09-01,7317.0,7052.945347778219,20,2,2016-07-01
catboost_base,2016-10-01,7426.0,6542.208122215018,20,3,2016-07-01
catboost_base,2016-11-01,6700.0,6435.953680591689,20,4,2016-07-01
catboost_base,2016-12-01,6994.0,6566.771849997626,20,5,2016-07-01
catboost_base,2017-01-01,6788.0,6459.121866803603,20,6,2016-07-01
catboost_base,2016-09-01,7317.0,7089.718755635475,21,1,2016-08-01
catboost_base,2016-10-01,7426.0,6589.977648859617,21,2,2016-08-01
catboost_base,2016-11-01,6700.0,6456.566707072772,21,3,2016-08-01
catboost_base,2016-12-01,6994.0,6602.255356681854,21,4,2016-08-01
catboost_base,2017-01-01,6788.0,6515.485542699075,21,5,2016-08-01
catboost_base,2017-02-01,6271.0,6671.705802628318,21,6,2016-08-01
catboost_base,2016-10-01,7426.0,6733.71832817704,22,1,2016-09-01
catboost_base,2016-11-01,6700.0,6489.255916491622,22,2,2016-09-01
catboost_base,2016-12-01,6994.0,6493.019973822358,22,3,2016-09-01
catboost_base,2017-01-01,6788.0,6571.914686668171,22,4,2016-09-01
catboost_base,2017-02-01,6271.0,6629.493953515274,22,5,2016-09-01
catboost_base,2017-03-01,6794.0,7134.48924668451,22,6,2016-09-01
catboost_base,2016-11-01,6700.0,7021.444060537231,23,1,2016-10-01
catboost_base,2016-12-01,6994.0,6692.377520258665,23,2,2016-10-01
catboost_base,2017-01-01,6788.0,6702.231741390221,23,3,2016-10-01
catboost_base,2017-02-01,6271.0,6946.993710549511,23,4,2016-10-01
catboost_base,2017-03-01,6794.0,7302.038793063915,23,5,2016-10-01
catboost_base,2017-04-01,6884.0,7646.991465140799,23,6,2016-10-01
catboost_base,2016-12-01,6994.0,6699.9745482688,24,1,2016-11-01
catboost_base,2017-01-01,6788.0,6570.836106181613,24,2,2016-11-01
catboost_base,2017-02-01,6271.0,6811.703410607826,24,3,2016-11-01
catboost_base,2017-03-01,6794.0,7117.771494587936,24,4,2016-11-01
catboost_base,2017-04-01,6884.0,7409.226252167505,24,5,2016-11-01
catboost_base,2017-05-01,7651.0,7847.148787334461,24,6,2016-11-01
catboost_base,2017-01-01,6788.0,6691.99467763222,25,1,2016-12-01
catboost_base,2017-02-01,6271.0,6916.8857976182735,25,2,2016-12-01
catboost_base,2017-03-01,6794.0,7361.869101402581,25,3,2016-12-01
catboost_base,2017-04-01,6884.0,7629.944119563818,25,4,2016-12-01
catboost_base,2017-05-01,7651.0,7963.975757891856,25,5,2016-12-01
catboost_base,2017-06-01,8009.0,8061.50704404142,25,6,2016-12-01
catboost_base,2017-02-01,6271.0,6910.811067150145,26,1,2017-01-01
catboost_base,2017-03-01,6794.0,7305.8425073203225,26,2,2017-01-01
catboost_base,2017-04-01,6884.0,7593.826887030362,26,3,2017-01-01
catboost_base,2017-05-01,7651.0,7913.205309237815,26,4,2017-01-01
catboost_base,2017-06-01,8009.0,8152.5120308244595,26,5,2017-01-01
catboost_base,2017-07-01,8694.0,8192.658402126057,26,6,2017-01-01
catboost_base,2017-03-01,6794.0,7152.77386123624,27,1,2017-02-01
catboost_base,2017-04-01,6884.0,7417.018335375594,27,2,2017-02-01
catboost_base,2017-05-01,7651.0,7733.54785310453,27,3,2017-02-01
catboost_base,2017-06-01,8009.0,8209.191336395525,27,4,2017-02-01
catboost_base,2017-07-01,8694.0,8100.270750571848,27,5,2017-02-01
catboost_base,2017-08-01,8130.0,7791.7671002939205,27,6,2017-02-01
catboost_base,2017-04-01,6884.0,7383.522527328334,28,1,2017-03-01
catboost_base,2017-05-01,7651.0,7667.103460029827,28,2,2017-03-01
catboost_base,2017-06-01,8009.0,7956.084970260062,28,3,2017-03-01
catboost_base,2017-07-01,8694.0,8145.897916809901,28,4,2017-03-01
catboost_base,2017-08-01,8130.0,7973.142906512037,28,5,2017-03-01
catboost_base,2017-09-01,7446.0,7730.494218013451,28,6,2017-03-01
catboost_base,2017-05-01,7651.0,7582.469622910014,29,1,2017-04-01
catboost_base,2017-06-01,8009.0,7818.542148493768,29,2,2017-04-01
catboost_base,2017-07-01,8694.0,7914.845503478875,29,3,2017-04-01
catboost_base,2017-08-01,8130.0,7962.765188812655,29,4,2017-04-01
catboost_base,2017-09-01,7446.0,7866.589520058097,29,5,2017-04-01
catboost_base,2017-10-01,7282.0,7437.577056966827,29,6,2017-04-01
catboost_base,2017-06-01,8009.0,7855.373271209854,30,1,2017-05-01
catboost_base,2017-07-01,8694.0,7981.061311637633,30,2,2017-05-01
catboost_base,2017-08-01,8130.0,7920.6640245604085,30,3,2017-05-01
catboost_base,2017-09-01,7446.0,7875.666014218003,30,4,2017-05-01
catboost_base,2017-10-01,7282.0,7441.208605208314,30,5,2017-05-01
catboost_base,2017-11-01,6830.0,6999.907636725857,30,6,2017-05-01
catboost_base,2017-07-01,8694.0,7999.7760733044215,31,1,2017-06-01
catboost_base,2017-08-01,8130.0,7971.213239719594,31,2,2017-06-01
catboost_base,2017-09-01,7446.0,7806.704948534825,31,3,2017-06-01
catboost_base,2017-10-01,7282.0,7403.3180622950595,31,4,2017-06-01
catboost_base,2017-11-01,6830.0,6990.359464124926,31,5,2017-06-01
catboost_base,2017-12-01,6946.0,6940.882808360552,31,6,2017-06-01
catboost_base,2017-08-01,8130.0,8120.894003393945,32,1,2017-07-01
catboost_base,2017-09-01,7446.0,7864.709659397484,32,2,2017-07-01
catboost_base,2017-10-01,7282.0,7554.130150178638,32,3,2017-07-01
catboost_base,2017-11-01,6830.0,7125.139958111945,32,4,2017-07-01
catboost_base,2017-12-01,6946.0,6980.582961203044,32,5,2017-07-01
catboost_base,2018-01-01,6886.0,6770.439277976424,32,6,2017-07-01
catboost_base,2017-09-01,7446.0,7885.310896868858,33,1,2017-08-01
catboost_base,2017-10-01,7282.0,7549.276678716942,33,2,2017-08-01
catboost_base,2017-11-01,6830.0,7185.794338262721,33,3,2017-08-01
catboost_base,2017-12-01,6946.0,7040.522210526498,33,4,2017-08-01
catboost_base,2018-01-01,6886.0,6790.07613744877,33,5,2017-08-01
catboost_base,2018-02-01,5960.0,6491.515048435867,33,6,2017-08-01
catboost_base,2017-10-01,7282.0,7554.258880928665,34,1,2017-09-01
catboost_base,2017-11-01,6830.0,6997.77443888266,34,2,2017-09-01
catboost_base,2017-12-01,6946.0,6998.454373357473,34,3,2017-09-01
catboost_base,2018-01-01,6886.0,6741.725944781662,34,4,2017-09-01
catboost_base,2018-02-01,5960.0,6453.938072683695,34,5,2017-09-01
catboost_base,2018-03-01,6930.0,6639.46190855181,34,6,2017-09-01
catboost_base,2017-11-01,6830.0,7138.026725723116,35,1,2017-10-01
catboost_base,2017-12-01,6946.0,6893.490284893004,35,2,2017-10-01
catboost_base,2018-01-01,6886.0,6809.5856998228155,35,3,2017-10-01
catboost_base,2018-02-01,5960.0,6562.412501472582,35,4,2017-10-01
catboost_base,2018-03-01,6930.0,6671.682994347079,35,5,2017-10-01
catboost_base,2018-04-01,6769.0,6963.289478423806,35,6,2017-10-01
catboost_base,2017-12-01,6946.0,6941.59291155844,36,1,2017-11-01
catboost_base,2018-01-01,6886.0,6709.092120987191,36,2,2017-11-01
catboost_base,2018-02-01,5960.0,6490.827788131229,36,3,2017-11-01
catboost_base,2018-03-01,6930.0,6605.491961111956,36,4,2017-11-01
catboost_base,2018-04-01,6769.0,6925.984845936552,36,5,2017-11-01
catboost_base,2018-05-01,7511.0,7331.03242132845,36,6,2017-11-01
catboost_base,2018-01-01,6886.0,6700.884718032856,37,1,2017-12-01
catboost_base,2018-02-01,5960.0,6416.180055534149,37,2,2017-12-01
catboost_base,2018-03-01,6930.0,6562.712644910122,37,3,2017-12-01
catboost_base,2018-04-01,6769.0,6885.988399119299,37,4,2017-12-01
catboost_base,2018-05-01,7511.0,7331.181767741597,37,5,2017-12-01
catboost_base,2018-06-01,8057.0,8000.409538319616,37,6,2017-12-01
catboost_base,2018-02-01,5960.0,6478.49313606571,38,1,2018-01-01
catboost_base,2018-03-01,6930.0,6652.020482685349,38,2,2018-01-01
catboost_base,2018-04-01,6769.0,6991.753334938427,38,3,2018-01-01
catboost_base,2018-05-01,7511.0,7557.027800466542,38,4,2018-01-01
catboost_base,2018-06-01,8057.0,8023.185986428972,38,5,2018-01-01
catboost_base,2018-07-01,8175.0,8408.354441606423,38,6,2018-01-01
catboost_base,2018-03-01,6930.0,6538.065845561163,39,1,2018-02-01
catboost_base,2018-04-01,6769.0,6913.854134922613,39,2,2018-02-01
catboost_base,2018-05-01,7511.0,7494.54375880894,39,3,2018-02-01
catboost_base,2018-06-01,8057.0,7901.588734377775,39,4,2018-02-01
catboost_base,2018-07-01,8175.0,8357.761010029979,39,5,2018-02-01
catboost_base,2018-08-01,8328.0,7986.738606717912,39,6,2018-02-01
catboost_base,2018-04-01,6769.0,6910.3828863607,40,1,2018-03-01
catboost_base,2018-05-01,7511.0,7542.24130958052,40,2,2018-03-01
catboost_base,2018-06-01,8057.0,8025.018730657952,40,3,2018-03-01
catboost_base,2018-07-01,8175.0,8362.39449787739,40,4,2018-03-01
catboost_base,2018-08-01,8328.0,8028.785502788513,40,5,2018-03-01
catboost_base,2018-09-01,7325.0,7705.13065793652,40,6,2018-03-01
catboost_base,2018-05-01,7511.0,7475.074043175839,41,1,2018-04-01
catboost_base,2018-06-01,8057.0,7943.109583227258,41,2,2018-04-01
catboost_base,2018-07-01,8175.0,8333.442905122529,41,3,2018-04-01
catboost_base,2018-08-01,8328.0,8062.718868889798,41,4,2018-04-01
catboost_base,2018-09-01,7325.0,7683.4352359125005,41,5,2018-04-01
catboost_base,2018-10-01,7202.0,7394.233763292152,41,6,2018-04-01
catboost_base,2018-06-01,8057.0,7945.82911557346,42,1,2018-05-01
catboost_base,2018-07-01,8175.0,8286.95039979101,42,2,2018-05-01
catboost_base,2018-08-01,8328.0,8081.711404662277,42,3,2018-05-01
catboost_base,2018-09-01,7325.0,7679.6328091627365,42,4,2018-05-01
catboost_base,2018-10-01,7202.0,7382.450907446336,42,5,2018-05-01
catboost_base,2018-11-01,7161.0,7038.257932452209,42,6,2018-05-01
catboost_base,2018-07-01,8175.0,8336.99345865264,43,1,2018-06-01
catboost_base,2018-08-01,8328.0,8054.156919025834,43,2,2018-06-01
catboost_base,2018-09-01,7325.0,7627.078389742849,43,3,2018-06-01
catboost_base,2018-10-01,7202.0,7383.27434036556,43,4,2018-06-01
catboost_base,2018-11-01,7161.0,7052.042709519148,43,5,2018-06-01
catboost_base,2018-12-01,7409.0,7004.1286024312785,43,6,2018-06-01
catboost_base,2018-08-01,8328.0,8040.868143808685,44,1,2018-07-01
catboost_base,2018-09-01,7325.0,7599.406448977557,44,2,2018-07-01
catboost_base,2018-10-01,7202.0,7386.090235807773,44,3,2018-07-01
catboost_base,2018-11-01,7161.0,7002.800070245675,44,4,2018-07-01
catboost_base,2018-12-01,7409.0,6977.551027421421,44,5,2018-07-01
catboost_base,2019-01-01,7117.0,6875.695992212295,44,6,2018-07-01
catboost_base,2018-09-01,7325.0,7661.994586127905,45,1,2018-08-01
catboost_base,2018-10-01,7202.0,7380.215364104989,45,2,2018-08-01
catboost_base,2018-11-01,7161.0,6995.369523075427,45,3,2018-08-01
catboost_base,2018-12-01,7409.0,6956.064219364332,45,4,2018-08-01
catboost_base,2019-01-01,7117.0,6875.764767974111,45,5,2018-08-01
catboost_base,2019-02-01,6307.0,6300.931810815835,45,6,2018-08-01
catboost_base,2018-10-01,7202.0,7354.412943910762,46,1,2018-09-01
catboost_base,2018-11-01,7161.0,6948.202513565927,46,2,2018-09-01
catboost_base,2018-12-01,7409.0,7016.339315233005,46,3,2018-09-01
catboost_base,2019-01-01,7117.0,6833.208033054566,46,4,2018-09-01
catboost_base,2019-02-01,6307.0,6273.680523405185,46,5,2018-09-01
catboost_base,2019-03-01,7067.0,6669.754341433958,46,6,2018-09-01
catboost_base,2018-11-01,7161.0,6836.9326548727495,47,1,2018-10-01
catboost_base,2018-12-01,7409.0,6969.4985178035895,47,2,2018-10-01
catboost_base,2019-01-01,7117.0,6833.352690472346,47,3,2018-10-01
catboost_base,2019-02-01,6307.0,6257.50321412184,47,4,2018-10-01
catboost_base,2019-03-01,7067.0,6706.025440273498,47,5,2018-10-01
catboost_base,2019-04-01,7108.0,6822.043214569527,47,6,2018-10-01
catboost_base,2018-12-01,7409.0,7007.6014086579635,48,1,2018-11-01
catboost_base,2019-01-01,7117.0,6908.634558817823,48,2,2018-11-01
catboost_base,2019-02-01,6307.0,6402.53159148453,48,3,2018-11-01
catboost_base,2019-03-01,7067.0,6730.864151607187,48,4,2018-11-01
catboost_base,2019-04-01,7108.0,6909.319932915081,48,5,2018-11-01
catboost_base,2019-05-01,7776.0,7564.198454181702,48,6,2018-11-01
catboost_base,2019-01-01,7117.0,7034.89546398663,49,1,2018-12-01
catboost_base,2019-02-01,6307.0,6508.546778418861,49,2,2018-12-01
catboost_base,2019-03-01,7067.0,6823.584159228543,49,3,2018-12-01
catboost_base,2019-04-01,7108.0,6921.48983160518,49,4,2018-12-01
catboost_base,2019-05-01,7776.0,7510.634697664511,49,5,2018-12-01
catboost_base,2019-06-01,8274.0,8009.460881456391,49,6,2018-12-01
catboost_base,2019-02-01,6307.0,6448.31171492911,50,1,2019-01-01
catboost_base,2019-03-01,7067.0,6877.338976580868,50,2,2019-01-01
catboost_base,2019-04-01,7108.0,6901.180824391735,50,3,2019-01-01
catboost_base,2019-05-01,7776.0,7537.4893698546875,50,4,2019-01-01
catboost_base,2019-06-01,8274.0,7984.156385595459,50,5,2019-01-01
catboost_base,2019-07-01,8919.0,8093.374053102869,50,6,2019-01-01
catboost_base,2019-03-01,7067.0,6846.118895033666,51,1,2019-02-01
catboost_base,2019-04-01,7108.0,6916.3985165575,51,2,2019-02-01
catboost_base,2019-05-01,7776.0,7506.675513152526,51,3,2019-02-01
catboost_base,2019-06-01,8274.0,7951.543004274485,51,4,2019-02-01
catboost_base,2019-07-01,8919.0,8141.001086725022,51,5,2019-02-01
catboost_base,2019-08-01,8180.0,8073.3903502434005,51,6,2019-02-01
catboost_base,2019-04-01,7108.0,7054.539199447702,52,1,2019-03-01
catboost_base,2019-05-01,7776.0,7462.416208829449,52,2,2019-03-01
catboost_base,2019-06-01,8274.0,8028.957582664151,52,3,2019-03-01
catboost_base,2019-07-01,8919.0,8160.468052658266,52,4,2019-03-01
catboost_base,2019-08-01,8180.0,8008.909954808902,52,5,2019-03-01
catboost_base,2019-09-01,7664.0,7580.5301417083665,52,6,2019-03-01
catboost_base,2019-05-01,7776.0,7493.144061206238,53,1,2019-04-01
catboost_base,2019-06-01,8274.0,8066.437189593199,53,2,2019-04-01
catboost_base,2019-07-01,8919.0,8308.004840197023,53,3,2019-04-01
catboost_base,2019-08-01,8180.0,8124.782513426304,53,4,2019-04-01
catboost_base,2019-09-01,7664.0,7541.370527711822,53,5,2019-04-01
catboost_base,2019-10-01,7254.0,7573.290704803039,53,6,2019-04-01
catboost_base,2019-06-01,8274.0,8115.788940740247,54,1,2019-05-01
catboost_base,2019-07-01,8919.0,8304.408777690569,54,2,2019-05-01
catboost_base,2019-08-01,8180.0,8162.336026770543,54,3,2019-05-01
catboost_base,2019-09-01,7664.0,7507.804130318126,54,4,2019-05-01
catboost_base,2019-10-01,7254.0,7526.886909572244,54,5,2019-05-01
catboost_base,2019-11-01,6785.0,7303.784473239977,54,6,2019-05-01
catboost_base,2019-07-01,8919.0,8306.162248130408,55,1,2019-06-01
catboost_base,2019-08-01,8180.0,8205.353456197196,55,2,2019-06-01
catboost_base,2019-09-01,7664.0,7560.264022233674,55,3,2019-06-01
catboost_base,2019-10-01,7254.0,7612.565178007268,55,4,2019-06-01
catboost_base,2019-11-01,6785.0,7308.6081379223815,55,5,2019-06-01
catboost_base,2019-12-01,6987.0,7482.963830165761,55,6,2019-06-01
catboost_base,2019-08-01,8180.0,8251.078649679079,56,1,2019-07-01
catboost_base,2019-09-01,7664.0,7654.827928047676,56,2,2019-07-01
catboost_base,2019-10-01,7254.0,7571.931898670834,56,3,2019-07-01
catboost_base,2019-11-01,6785.0,7489.249869787066,56,4,2019-07-01
catboost_base,2019-12-01,6987.0,7501.010635150696,56,5,2019-07-01
catboost_base,2020-01-01,7194.0,7105.654601028631,56,6,2019-07-01
catboost_base,2019-09-01,7664.0,7604.771828370178,57,1,2019-08-01
catboost_base,2019-10-01,7254.0,7533.123952189177,57,2,2019-08-01
catboost_base,2019-11-01,6785.0,7447.446979464642,57,3,2019-08-01
catboost_base,2019-12-01,6987.0,7495.907727343788,57,4,2019-08-01
catboost_base,2020-01-01,7194.0,7077.216958197706,57,5,2019-08-01
catboost_base,2020-02-01,6848.0,6499.7508106465175,57,6,2019-08-01
catboost_base,2019-10-01,7254.0,7617.609124325358,58,1,2019-09-01
catboost_base,2019-11-01,6785.0,7515.496164452619,58,2,2019-09-01
catboost_base,2019-12-01,6987.0,7531.2640655765035,58,3,2019-09-01
catboost_base,2020-01-01,7194.0,7049.169941154218,58,4,2019-09-01
catboost_base,2020-02-01,6848.0,6536.968713895789,58,5,2019-09-01
catboost_base,2020-03-01,7324.0,6938.206780587427,58,6,2019-09-01
catboost_base,2019-11-01,6785.0,7347.821806171758,59,1,2019-10-01
catboost_base,2019-12-01,6987.0,7423.178449200492,59,2,2019-10-01
catboost_base,2020-01-01,7194.0,7118.014591603584,59,3,2019-10-01
catboost_base,2020-02-01,6848.0,6486.0000859482825,59,4,2019-10-01
catboost_base,2020-03-01,7324.0,6997.673435905659,59,5,2019-10-01
catboost_base,2020-04-01,5978.0,7053.898920989234,59,6,2019-10-01
catboost_base,2019-12-01,6987.0,7321.674325695855,60,1,2019-11-01
catboost_base,2020-01-01,7194.0,7018.607737878223,60,2,2019-11-01
catboost_base,2020-02-01,6848.0,6329.55711512613,60,3,2019-11-01
catboost_base,2020-03-01,7324.0,7045.092491543671,60,4,2019-11-01
catboost_base,2020-04-01,5978.0,6958.446550679877,60,5,2019-11-01
catboost_base,2020-05-01,7062.0,7662.437340855058,60,6,2019-11-01
catboost_base,2020-01-01,7194.0,6837.738647401574,61,1,2019-12-01
catboost_base,2020-02-01,6848.0,6292.851502341163,61,2,2019-12-01
catboost_base,2020-03-01,7324.0,6902.279087319928,61,3,2019-12-01
catboost_base,2020-04-01,5978.0,6916.967678764431,61,4,2019-12-01
catboost_base,2020-05-01,7062.0,7635.817122976094,61,5,2019-12-01
catboost_base,2020-06-01,6948.0,8169.640301465753,61,6,2019-12-01
catboost_base,2020-02-01,6848.0,6261.09475018209,62,1,2020-01-01
catboost_base,2020-03-01,7324.0,6927.905282327683,62,2,2020-01-01
catboost_base,2020-04-01,5978.0,7074.982859099077,62,3,2020-01-01
catboost_base,2020-05-01,7062.0,7706.508398655309,62,4,2020-01-01
catboost_base,2020-06-01,6948.0,8242.22272535924,62,5,2020-01-01
catboost_base,2020-07-01,7392.0,8517.132986004943,62,6,2020-01-01
catboost_base,2020-03-01,7324.0,6964.538275800925,63,1,2020-02-01
catboost_base,2020-04-01,5978.0,7165.004161038471,63,2,2020-02-01
catboost_base,2020-05-01,7062.0,7867.794824986919,63,3,2020-02-01
catboost_base,2020-06-01,6948.0,8325.092537922796,63,4,2020-02-01
catboost_base,2020-07-01,7392.0,8476.915684729891,63,5,2020-02-01
catboost_base,2020-08-01,7678.0,8336.517313948152,63,6,2020-02-01
catboost_base,2020-04-01,5978.0,7286.680185224384,64,1,2020-03-01
catboost_base,2020-05-01,7062.0,7961.408055237029,64,2,2020-03-01
catboost_base,2020-06-01,6948.0,8354.74601524048,64,3,2020-03-01
catboost_base,2020-07-01,7392.0,8355.108476231795,64,4,2020-03-01
catboost_base,2020-08-01,7678.0,8106.557242806399,64,5,2020-03-01
catboost_base,2020-09-01,7005.0,7709.554424946705,64,6,2020-03-01
catboost_base,2020-05-01,7062.0,7848.099785266586,65,1,2020-04-01
catboost_base,2020-06-01,6948.0,8119.665598602828,65,2,2020-04-01
catboost_base,2020-07-01,7392.0,8027.464181950545,65,3,2020-04-01
catboost_base,2020-08-01,7678.0,8106.5979610874665,65,4,2020-04-01
catboost_base,2020-09-01,7005.0,7656.629692564902,65,5,2020-04-01
catboost_base,2020-10-01,7385.0,7238.920326884249,65,6,2020-04-01
catboost_base,2020-06-01,6948.0,7787.083031955624,66,1,2020-05-01
catboost_base,2020-07-01,7392.0,8129.666042041406,66,2,2020-05-01
catboost_base,2020-08-01,7678.0,8288.73220326928,66,3,2020-05-01
catboost_base,2020-09-01,7005.0,7949.010895264199,66,4,2020-05-01
catboost_base,2020-10-01,7385.0,7270.156448633991,66,5,2020-05-01
catboost_base,2020-11-01,6872.0,7102.463234397661,66,6,2020-05-01
catboost_base,2020-07-01,7392.0,7642.698365919933,67,1,2020-06-01
catboost_base,2020-08-01,7678.0,8078.523835017678,67,2,2020-06-01
catboost_base,2020-09-01,7005.0,8043.471708763761,67,3,2020-06-01
catboost_base,2020-10-01,7385.0,7358.307334996476,67,4,2020-06-01
catboost_base,2020-11-01,6872.0,7075.3673891368735,67,5,2020-06-01
catboost_base,2020-12-01,6781.0,6960.7548151260735,67,6,2020-06-01
catboost_base,2020-08-01,7678.0,7894.376253625102,68,1,2020-07-01
catboost_base,2020-09-01,7005.0,8058.0531944368995,68,2,2020-07-01
catboost_base,2020-10-01,7385.0,7429.018775912558,68,3,2020-07-01
catboost_base,2020-11-01,6872.0,6990.722964355985,68,4,2020-07-01
catboost_base,2020-12-01,6781.0,6979.436083250249,68,5,2020-07-01
catboost_base,2021-01-01,6917.0,6925.779072316486,68,6,2020-07-01
catboost_base,2020-09-01,7005.0,7959.307885263168,69,1,2020-08-01
catboost_base,2020-10-01,7385.0,7433.002656671606,69,2,2020-08-01
catboost_base,2020-11-01,6872.0,7031.05750010605,69,3,2020-08-01
catboost_base,2020-12-01,6781.0,6946.839976961902,69,4,2020-08-01
catboost_base,2021-01-01,6917.0,6963.969595282767,69,5,2020-08-01
catboost_base,2021-02-01,6217.0,6919.656558439001,69,6,2020-08-01
catboost_base,2020-10-01,7385.0,7208.43263727326,70,1,2020-09-01
catboost_base,2020-11-01,6872.0,6875.075142268091,70,2,2020-09-01
catboost_base,2020-12-01,6781.0,7011.256682263257,70,3,2020-09-01
catboost_base,2021-01-01,6917.0,7079.673903581586,70,4,2020-09-01
catboost_base,2021-02-01,6217.0,6765.921470158538,70,5,2020-09-01
catboost_base,2021-03-01,7569.0,7206.832582618914,70,6,2020-09-01
catboost_base,2020-11-01,6872.0,6926.095948702347,71,1,2020-10-01
catboost_base,2020-12-01,6781.0,7056.38663822163,71,2,2020-10-01
catboost_base,2021-01-01,6917.0,7110.842681628824,71,3,2020-10-01
catboost_base,2021-02-01,6217.0,6785.113213854581,71,4,2020-10-01
catboost_base,2021-03-01,7569.0,7266.538912435039,71,5,2020-10-01
catboost_base,2021-04-01,6917.0,6480.778390360992,71,6,2020-10-01
catboost_base,2020-12-01,6781.0,6978.9068520588535,72,1,2020-11-01
catboost_base,2021-01-01,6917.0,6962.291387660321,72,2,2020-11-01
catboost_base,2021-02-01,6217.0,6792.923849545099,72,3,2020-11-01
catboost_base,2021-03-01,7569.0,7176.199902794768,72,4,2020-11-01
catboost_base,2021-04-01,6917.0,6375.553381189144,72,5,2020-11-01
catboost_base,2021-05-01,8253.0,7101.131988958143,72,6,2020-11-01
catboost_base,2021-01-01,6917.0,6997.595097445379,73,1,2020-12-01
catboost_base,2021-02-01,6217.0,6874.171761910785,73,2,2020-12-01
catboost_base,2021-03-01,7569.0,7238.466181177644,73,3,2020-12-01
catboost_base,2021-04-01,6917.0,6419.694782414766,73,4,2020-12-01
catboost_base,2021-05-01,8253.0,7110.28011920158,73,5,2020-12-01
catboost_base,2021-06-01,8153.0,7096.348171250036,73,6,2020-12-01
catboost_base,2021-02-01,6217.0,6763.712077515528,74,1,2021-01-01
catboost_base,2021-03-01,7569.0,7231.809674220901,74,2,2021-01-01
catboost_base,2021-04-01,6917.0,6398.108823657404,74,3,2021-01-01
catboost_base,2021-05-01,8253.0,7032.4545417697855,74,4,2021-01-01
catboost_base,2021-06-01,8153.0,7139.809769808141,74,5,2021-01-01
catboost_base,2021-07-01,9251.0,7391.033381427402,74,6,2021-01-01
catboost_base,2021-03-01,7569.0,7146.158847442328,75,1,2021-02-01
catboost_base,2021-04-01,6917.0,6306.546076140794,75,2,2021-02-01
catboost_base,2021-05-01,8253.0,7024.1927021748315,75,3,2021-02-01
catboost_base,2021-06-01,8153.0,7246.128486570142,75,4,2021-02-01
catboost_base,2021-07-01,9251.0,7507.799513960402,75,5,2021-02-01
catboost_base,2021-08-01,8830.0,7742.802970979025,75,6,2021-02-01
catboost_base,2021-04-01,6917.0,6411.549795487243,76,1,2021-03-01
catboost_base,2021-05-01,8253.0,7098.104344510611,76,2,2021-03-01
catboost_base,2021-06-01,8153.0,7267.578938302647,76,3,2021-03-01
catboost_base,2021-07-01,9251.0,7448.567395780983,76,4,2021-03-01
catboost_base,2021-08-01,8830.0,7838.838815911097,76,5,2021-03-01
catboost_base,2021-09-01,7512.0,7239.884645045208,76,6,2021-03-01
catboost_base,2021-05-01,8253.0,7064.572232134058,77,1,2021-04-01
catboost_base,2021-06-01,8153.0,7186.32104403434,77,2,2021-04-01
catboost_base,2021-07-01,9251.0,7350.056240383898,77,3,2021-04-01
catboost_base,2021-08-01,8830.0,7668.993107201495,77,4,2021-04-01
catboost_base,2021-09-01,7512.0,7061.256634756264,77,5,2021-04-01
catboost_base,2021-10-01,7656.0,7407.326208937418,77,6,2021-04-01
catboost_base,2021-06-01,8153.0,7474.542570051761,78,1,2021-05-01
catboost_base,2021-07-01,9251.0,7614.401756303393,78,2,2021-05-01
catboost_base,2021-08-01,8830.0,7627.08603220141,78,3,2021-05-01
catboost_base,2021-09-01,7512.0,7166.582388134348,78,4,2021-05-01
catboost_base,2021-10-01,7656.0,7455.023230523919,78,5,2021-05-01
catboost_base,2021-11-01,7603.0,6938.549206186962,78,6,2021-05-01
catboost_base,2021-07-01,9251.0,7890.425328144074,79,1,2021-06-01
catboost_base,2021-08-01,8830.0,7742.123216442294,79,2,2021-06-01
catboost_base,2021-09-01,7512.0,7149.635903908171,79,3,2021-06-01
catboost_base,2021-10-01,7656.0,7434.428282689742,79,4,2021-06-01
catboost_base,2021-11-01,7603.0,6954.282768109695,79,5,2021-06-01
catboost_base,2021-12-01,8237.0,6922.759588073834,79,6,2021-06-01
catboost_base,2021-08-01,8830.0,7832.0603548293975,80,1,2021-07-01
catboost_base,2021-09-01,7512.0,7186.878588199129,80,2,2021-07-01
catboost_base,2021-10-01,7656.0,7390.19622238447,80,3,2021-07-01
catboost_base,2021-11-01,7603.0,6942.912295858113,80,4,2021-07-01
catboost_base,2021-12-01,8237.0,6869.388492397722,80,5,2021-07-01
catboost_base,2022-01-01,9582.0,7066.6070133530975,80,6,2021-07-01
catboost_base,2021-09-01,7512.0,7234.003329662172,81,1,2021-08-01
catboost_base,2021-10-01,7656.0,7325.223340656654,81,2,2021-08-01
catboost_base,2021-11-01,7603.0,6968.403496568442,81,3,2021-08-01
catboost_base,2021-12-01,8237.0,7012.190079481724,81,4,2021-08-01
catboost_base,2022-01-01,9582.0,7131.646906369903,81,5,2021-08-01
catboost_base,2022-02-01,7227.0,6417.568819152235,81,6,2021-08-01
catboost_base,2021-10-01,7656.0,7367.598939843532,82,1,2021-09-01
catboost_base,2021-11-01,7603.0,7037.0037063776335,82,2,2021-09-01
catboost_base,2021-12-01,8237.0,6907.064858399456,82,3,2021-09-01
catboost_base,2022-01-01,9582.0,7163.578109194119,82,4,2021-09-01
catboost_base,2022-02-01,7227.0,6619.358010194139,82,5,2021-09-01
catboost_base,2022-03-01,7504.0,7242.269867890383,82,6,2021-09-01
catboost_base,2021-11-01,7603.0,7051.520275610844,83,1,2021-10-01
catboost_base,2021-12-01,8237.0,6986.498993727229,83,2,2021-10-01
catboost_base,2022-01-01,9582.0,7072.682199000324,83,3,2021-10-01
catboost_base,2022-02-01,7227.0,6644.7997125542515,83,4,2021-10-01
catboost_base,2022-03-01,7504.0,7242.134876718314,83,5,2021-10-01
catboost_base,2022-04-01,7589.0,6402.586726416278,83,6,2021-10-01
catboost_base,2021-12-01,8237.0,7253.6184912496565,84,1,2021-11-01
catboost_base,2022-01-01,9582.0,7262.633008955467,84,2,2021-11-01
catboost_base,2022-02-01,7227.0,6726.186013432394,84,3,2021-11-01
catboost_base,2022-03-01,7504.0,7224.1623881158785,84,4,2021-11-01
catboost_base,2022-04-01,7589.0,6527.743639088252,84,5,2021-11-01
catboost_base,2022-05-01,8846.0,7073.6163081794775,84,6,2021-11-01
catboost_base,2022-01-01,9582.0,7796.91391774089,85,1,2021-12-01
catboost_base,2022-02-01,7227.0,7250.097780593097,85,2,2021-12-01
catboost_base,2022-03-01,7504.0,7426.421396580305,85,3,2021-12-01
catboost_base,2022-04-01,7589.0,6814.1589403415555,85,4,2021-12-01
catboost_base,2022-05-01,8846.0,7103.371554892862,85,5,2021-12-01
catboost_base,2022-06-01,9057.0,7110.609299153133,85,6,2021-12-01
catboost_base,2022-02-01,7227.0,7854.507808527725,86,1,2022-01-01
catboost_base,2022-03-01,7504.0,7855.661831749201,86,2,2022-01-01
catboost_base,2022-04-01,7589.0,7310.594189170872,86,3,2022-01-01
catboost_base,2022-05-01,8846.0,7285.214272418733,86,4,2022-01-01
catboost_base,2022-06-01,9057.0,7422.490307117531,86,5,2022-01-01
catboost_base,2022-07-01,8699.0,7805.805824756376,86,6,2022-01-01
catboost_base,2022-03-01,7504.0,7580.362485273393,87,1,2022-02-01
catboost_base,2022-04-01,7589.0,6915.618704999919,87,2,2022-02-01
catboost_base,2022-05-01,8846.0,7256.709069469916,87,3,2022-02-01
catboost_base,2022-06-01,9057.0,7391.171851649485,87,4,2022-02-01
catboost_base,2022-07-01,8699.0,7631.366953920882,87,5,2022-02-01
catboost_base,2022-08-01,8834.0,7935.786778206999,87,6,2022-02-01
catboost_base,2022-04-01,7589.0,6868.989517467338,88,1,2022-03-01
catboost_base,2022-05-01,8846.0,7138.994013559718,88,2,2022-03-01
catboost_base,2022-06-01,9057.0,7158.550768891749,88,3,2022-03-01
catboost_base,2022-07-01,8699.0,7634.924753509339,88,4,2022-03-01
catboost_base,2022-08-01,8834.0,7864.5006602627045,88,5,2022-03-01
catboost_base,2022-09-01,8228.0,7957.551794017672,88,6,2022-03-01
catboost_base,2022-05-01,8846.0,7561.148311019514,89,1,2022-04-01
catboost_base,2022-06-01,9057.0,7816.544316101304,89,2,2022-04-01
catboost_base,2022-07-01,8699.0,8181.7525987787285,89,3,2022-04-01
catboost_base,2022-08-01,8834.0,8425.685267339742,89,4,2022-04-01
catboost_base,2022-09-01,8228.0,8301.303761037276,89,5,2022-04-01
catboost_base,2022-10-01,8388.0,7873.501738817117,89,6,2022-04-01
catboost_base,2022-06-01,9057.0,8693.522027581595,90,1,2022-05-01
catboost_base,2022-07-01,8699.0,8605.851772165672,90,2,2022-05-01
catboost_base,2022-08-01,8834.0,8309.720440639303,90,3,2022-05-01
catboost_base,2022-09-01,8228.0,8306.124588803315,90,4,2022-05-01
catboost_base,2022-10-01,8388.0,8407.94806271668,90,5,2022-05-01
catboost_base,2022-11-01,7588.0,8727.107889230592,90,6,2022-05-01
catboost_base,2022-07-01,8699.0,8806.640057495883,91,1,2022-06-01
catboost_base,2022-08-01,8834.0,8308.354865687292,91,2,2022-06-01
catboost_base,2022-09-01,8228.0,8346.806407524035,91,3,2022-06-01
catboost_base,2022-10-01,8388.0,8478.55458836904,91,4,2022-06-01
catboost_base,2022-11-01,7588.0,8841.482045165427,91,5,2022-06-01
catboost_base,2022-12-01,7850.0,8610.618614759887,91,6,2022-06-01
catboost_base,2022-08-01,8834.0,8474.752205394027,92,1,2022-07-01
catboost_base,2022-09-01,8228.0,8417.104703800458,92,2,2022-07-01
catboost_base,2022-10-01,8388.0,8486.902204732864,92,3,2022-07-01
catboost_base,2022-11-01,7588.0,8776.451738831627,92,4,2022-07-01
catboost_base,2022-12-01,7850.0,8671.803114593842,92,5,2022-07-01
catboost_base,2023-01-01,7563.0,8678.30132178318,92,6,2022-07-01
catboost_base,2022-09-01,8228.0,8569.743649247508,93,1,2022-08-01
catboost_base,2022-10-01,8388.0,8658.17618156743,93,2,2022-08-01
catboost_base,2022-11-01,7588.0,8868.30519481037,93,3,2022-08-01
catboost_base,2022-12-01,7850.0,8763.271304389873,93,4,2022-08-01
catboost_base,2023-01-01,7563.0,8815.507354219462,93,5,2022-08-01
catboost_base,2023-02-01,6551.0,8651.921242713786,93,6,2022-08-01
catboost_base,2022-10-01,8388.0,8421.346582952167,94,1,2022-09-01
catboost_base,2022-11-01,7588.0,8827.39737118617,94,2,2022-09-01
catboost_base,2022-12-01,7850.0,8583.628320986572,94,3,2022-09-01
catboost_base,2023-01-01,7563.0,8759.79531286001,94,4,2022-09-01
catboost_base,2023-02-01,6551.0,8499.759982064908,94,5,2022-09-01
catboost_base,2023-03-01,7507.0,8407.332439609021,94,6,2022-09-01
catboost_base,2022-11-01,7588.0,8675.239175139257,95,1,2022-10-01
catboost_base,2022-12-01,7850.0,8521.213540558323,95,2,2022-10-01
catboost_base,2023-01-01,7563.0,8622.43060291695,95,3,2022-10-01
catboost_base,2023-02-01,6551.0,8375.487050785017,95,4,2022-10-01
catboost_base,2023-03-01,7507.0,8401.745374552267,95,5,2022-10-01
catboost_base,2023-04-01,7745.0,8620.331929255317,95,6,2022-10-01
catboost_base,2022-12-01,7850.0,8289.590262276615,96,1,2022-11-01
catboost_base,2023-01-01,7563.0,8595.823021379732,96,2,2022-11-01
catboost_base,2023-02-01,6551.0,8338.143286691573,96,3,2022-11-01
catboost_base,2023-03-01,7507.0,8321.305395306263,96,4,2022-11-01
catboost_base,2023-04-01,7745.0,8278.263766184647,96,5,2022-11-01
catboost_base,2023-05-01,8600.0,8506.111065324309,96,6,2022-11-01
catboost_base,2023-01-01,7563.0,8282.160583197843,97,1,2022-12-01
catboost_base,2023-02-01,6551.0,8495.81839861599,97,2,2022-12-01
catboost_base,2023-03-01,7507.0,8386.209370919987,97,3,2022-12-01
catboost_base,2023-04-01,7745.0,8283.211970275619,97,4,2022-12-01
catboost_base,2023-05-01,8600.0,8516.21215153306,97,5,2022-12-01
catboost_base,2023-06-01,9151.0,8441.323791312314,97,6,2022-12-01
catboost_base,2023-02-01,6551.0,7824.99639571879,98,1,2023-01-01
catboost_base,2023-03-01,7507.0,7883.671780532947,98,2,2023-01-01
catboost_base,2023-04-01,7745.0,7985.778287192781,98,3,2023-01-01
catboost_base,2023-05-01,8600.0,8228.33664275939,98,4,2023-01-01
catboost_base,2023-06-01,9151.0,8369.893307391336,98,5,2023-01-01
catboost_base,2023-07-01,9183.0,8433.305669264131,98,6,2023-01-01
catboost_base,2023-03-01,7507.0,6994.063867763535,99,1,2023-02-01
catboost_base,2023-04-01,7745.0,7210.796665746501,99,2,2023-02-01
catboost_base,2023-05-01,8600.0,7514.235595531184,99,3,2023-02-01
catboost_base,2023-06-01,9151.0,7842.035502690725,99,4,2023-02-01
catboost_base,2023-07-01,9183.0,7976.986077907393,99,5,2023-02-01
catboost_base,2023-08-01,8297.0,8092.649835159157,99,6,2023-02-01
catboost_base,2023-04-01,7745.0,7330.7452112932815,100,1,2023-03-01
catboost_base,2023-05-01,8600.0,7691.2901312741,100,2,2023-03-01
catboost_base,2023-06-01,9151.0,8156.832878620708,100,3,2023-03-01
catboost_base,2023-07-01,9183.0,8551.23120115563,100,4,2023-03-01
catboost_base,2023-08-01,8297.0,8561.203384537452,100,5,2023-03-01
catboost_base,2023-09-01,7823.0,8288.8459190503,100,6,2023-03-01
catboost_base,2023-05-01,8600.0,8175.642154846515,101,1,2023-04-01
catboost_base,2023-06-01,9151.0,8720.009577817214,101,2,2023-04-01
catboost_base,2023-07-01,9183.0,8433.69216132795,101,3,2023-04-01
catboost_base,2023-08-01,8297.0,8410.892199009988,101,4,2023-04-01
catboost_base,2023-09-01,7823.0,8340.534984960987,101,5,2023-04-01
catboost_base,2023-10-01,7507.0,8440.573612499156,101,6,2023-04-01
catboost_base,2023-06-01,9151.0,8827.430673292216,102,1,2023-05-01
catboost_base,2023-07-01,9183.0,8525.167523669197,102,2,2023-05-01
catboost_base,2023-08-01,8297.0,8422.214709340738,102,3,2023-05-01
catboost_base,2023-09-01,7823.0,8272.142168293254,102,4,2023-05-01
catboost_base,2023-10-01,7507.0,8558.307061126341,102,5,2023-05-01
catboost_base,2023-11-01,8107.0,8140.987816554816,102,6,2023-05-01
catboost_base,2023-07-01,9183.0,8557.249853633264,103,1,2023-06-01
catboost_base,2023-08-01,8297.0,8555.540866102578,103,2,2023-06-01
catboost_base,2023-09-01,7823.0,8371.948243429739,103,3,2023-06-01
catboost_base,2023-10-01,7507.0,8537.031258513858,103,4,2023-06-01
catboost_base,2023-11-01,8107.0,8104.198367387976,103,5,2023-06-01
catboost_base,2023-12-01,7504.0,7710.680844645007,103,6,2023-06-01
catboost_roll,2015-01-01,7184.0,6264.728491715618,1,1,2014-12-01
catboost_roll,2015-02-01,5958.0,6203.876650857675,1,2,2014-12-01
catboost_roll,2015-03-01,6658.0,6278.284546054691,1,3,2014-12-01
catboost_roll,2015-04-01,7069.0,6357.550471983405,1,4,2014-12-01
catboost_roll,2015-05-01,8099.0,7319.427279878239,1,5,2014-12-01
catboost_roll,2015-06-01,7868.0,7329.597816427822,1,6,2014-12-01
catboost_roll,2015-02-01,5958.0,6684.483522332729,2,1,2015-01-01
catboost_roll,2015-03-01,6658.0,6565.747002138586,2,2,2015-01-01
catboost_roll,2015-04-01,7069.0,6654.977594068524,2,3,2015-01-01
catboost_roll,2015-05-01,8099.0,7145.173760084753,2,4,2015-01-01
catboost_roll,2015-06-01,7868.0,7283.722916155717,2,5,2015-01-01
catboost_roll,2015-07-01,7986.0,7386.456370542052,2,6,2015-01-01
catboost_roll,2015-03-01,6658.0,6482.888943749288,3,1,2015-02-01
catboost_roll,2015-04-01,7069.0,6510.152889877461,3,2,2015-02-01
catboost_roll,2015-05-01,8099.0,7172.132072391126,3,3,2015-02-01
catboost_roll,2015-06-01,7868.0,7347.542024990653,3,4,2015-02-01
catboost_roll,2015-07-01,7986.0,7687.2351971253065,3,5,2015-02-01
catboost_roll,2015-08-01,7251.0,7392.893458724831,3,6,2015-02-01
catboost_roll,2015-04-01,7069.0,6535.226592564881,4,1,2015-03-01
catboost_roll,2015-05-01,8099.0,7168.152684497682,4,2,2015-03-01
catboost_roll,2015-06-01,7868.0,7348.537239968317,4,3,2015-03-01
catboost_roll,2015-07-01,7986.0,7648.2893593812205,4,4,2015-03-01
catboost_roll,2015-08-01,7251.0,7371.310069235122,4,5,2015-03-01
catboost_roll,2015-09-01,7163.0,6784.521493826982,4,6,2015-03-01
catboost_roll,2015-05-01,8099.0,7098.789566108084,5,1,2015-04-01
catboost_roll,2015-06-01,7868.0,7334.351541051712,5,2,2015-04-01
catboost_roll,2015-07-01,7986.0,7482.59033180666,5,3,2015-04-01
catboost_roll,2015-08-01,7251.0,7051.521635666061,5,4,2015-04-01
catboost_roll,2015-09-01,7163.0,6756.13158327425,5,5,2015-04-01
catboost_roll,2015-10-01,6690.0,7017.768961492925,5,6,2015-04-01
catboost_roll,2015-06-01,7868.0,7546.16585094459,6,1,2015-05-01
catboost_roll,2015-07-01,7986.0,7553.980232591249,6,2,2015-05-01
catboost_roll,2015-08-01,7251.0,7386.038815241101,6,3,2015-05-01
catboost_roll,2015-09-01,7163.0,6793.947208342612,6,4,2015-05-01
catboost_roll,2015-10-01,6690.0,7111.9772106656665,6,5,2015-05-01
catboost_roll,2015-11-01,6392.0,6547.133984275927,6,6,2015-05-01
catboost_roll,2015-07-01,7986.0,7521.6554318713015,7,1,2015-06-01
catboost_roll,2015-08-01,7251.0,7328.165022805488,7,2,2015-06-01
catboost_roll,2015-09-01,7163.0,6844.060267059754,7,3,2015-06-01
catboost_roll,2015-10-01,6690.0,7092.118799792921,7,4,2015-06-01
catboost_roll,2015-11-01,6392.0,6566.358723206809,7,5,2015-06-01
catboost_roll,2015-12-01,6753.0,6807.618522751465,7,6,2015-06-01
catboost_roll,2015-08-01,7251.0,7424.796748989742,8,1,2015-07-01
catboost_roll,2015-09-01,7163.0,6974.56111130359,8,2,2015-07-01
catboost_roll,2015-10-01,6690.0,7232.362506806374,8,3,2015-07-01
catboost_roll,2015-11-01,6392.0,6557.089671788224,8,4,2015-07-01
catboost_roll,2015-12-01,6753.0,6825.67478984044,8,5,2015-07-01
catboost_roll,2016-01-01,6753.0,7084.312613875309,8,6,2015-07-01
catboost_roll,2015-09-01,7163.0,6986.81629817948,9,1,2015-08-01
catboost_roll,2015-10-01,6690.0,7117.585780109643,9,2,2015-08-01
catboost_roll,2015-11-01,6392.0,6520.501308258617,9,3,2015-08-01
catboost_roll,2015-12-01,6753.0,6841.1332657438625,9,4,2015-08-01
catboost_roll,2016-01-01,6753.0,7004.103968886214,9,5,2015-08-01
catboost_roll,2016-02-01,6385.0,6458.859115740088,9,6,2015-08-01
catboost_roll,2015-10-01,6690.0,7187.092030054843,10,1,2015-09-01
catboost_roll,2015-11-01,6392.0,6510.3969625080435,10,2,2015-09-01
catboost_roll,2015-12-01,6753.0,6974.349371067927,10,3,2015-09-01
catboost_roll,2016-01-01,6753.0,7042.571098583163,10,4,2015-09-01
catboost_roll,2016-02-01,6385.0,6529.273272262045,10,5,2015-09-01
catboost_roll,2016-03-01,7164.0,6850.48696782468,10,6,2015-09-01
catboost_roll,2015-11-01,6392.0,6425.625954537746,11,1,2015-10-01
catboost_roll,2015-12-01,6753.0,6951.873969586324,11,2,2015-10-01
catboost_roll,2016-01-01,6753.0,6917.282747296148,11,3,2015-10-01
catboost_roll,2016-02-01,6385.0,6463.0318003191,11,4,2015-10-01
catboost_roll,2016-03-01,7164.0,6879.52994945909,11,5,2015-10-01
catboost_roll,2016-04-01,7192.0,7434.645786391139,11,6,2015-10-01
catboost_roll,2015-12-01,6753.0,6857.434945375039,12,1,2015-11-01
catboost_roll,2016-01-01,6753.0,6817.29086936019,12,2,2015-11-01
catboost_roll,2016-02-01,6385.0,6322.099359235158,12,3,2015-11-01
catboost_roll,2016-03-01,7164.0,6781.694439606928,12,4,2015-11-01
catboost_roll,2016-04-01,7192.0,7325.8645956548735,12,5,2015-11-01
catboost_roll,2016-05-01,7743.0,7562.794128317798,12,6,2015-11-01
catboost_roll,2016-01-01,6753.0,6919.882853622337,13,1,2015-12-01
catboost_roll,2016-02-01,6385.0,6390.277317850613,13,2,2015-12-01
catboost_roll,2016-03-01,7164.0,6763.947991514977,13,3,2015-12-01
catboost_roll,2016-04-01,7192.0,7470.269612465977,13,4,2015-12-01
catboost_roll,2016-05-01,7743.0,7545.845312834055,13,5,2015-12-01
catboost_roll,2016-06-01,8767.0,7633.470580808022,13,6,2015-12-01
catboost_roll,2016-02-01,6385.0,6315.791973967248,14,1,2016-01-01
catboost_roll,2016-03-01,7164.0,6557.572133342777,14,2,2016-01-01
catboost_roll,2016-04-01,7192.0,7166.98671628529,14,3,2016-01-01
catboost_roll,2016-05-01,7743.0,7543.196323428873,14,4,2016-01-01
catboost_roll,2016-06-01,8767.0,7666.955359759261,14,5,2016-01-01
catboost_roll,2016-07-01,8479.0,7456.713909986812,14,6,2016-01-01
catboost_roll,2016-03-01,7164.0,6528.814382949639,15,1,2016-02-01
catboost_roll,2016-04-01,7192.0,7149.059249693829,15,2,2016-02-01
catboost_roll,2016-05-01,7743.0,7624.533502970759,15,3,2016-02-01
catboost_roll,2016-06-01,8767.0,7698.892115566338,15,4,2016-02-01
catboost_roll,2016-07-01,8479.0,7570.463222927872,15,5,2016-02-01
catboost_roll,2016-08-01,7890.0,7297.829015967348,15,6,2016-02-01
catboost_roll,2016-04-01,7192.0,7421.347366967264,16,1,2016-03-01
catboost_roll,2016-05-01,7743.0,7563.258744921868,16,2,2016-03-01
catboost_roll,2016-06-01,8767.0,7554.229172983182,16,3,2016-03-01
catboost_roll,2016-07-01,8479.0,7407.030794192113,16,4,2016-03-01
catboost_roll,2016-08-01,7890.0,7328.576537616899,16,5,2016-03-01
catboost_roll,2016-09-01,7317.0,6823.365951820539,16,6,2016-03-01
catboost_roll,2016-05-01,7743.0,7526.071514842093,17,1,2016-04-01
catboost_roll,2016-06-01,8767.0,7570.668412831473,17,2,2016-04-01
catboost_roll,2016-07-01,8479.0,7471.267100192195,17,3,2016-04-01
catboost_roll,2016-08-01,7890.0,7357.2034871836295,17,4,2016-04-01
catboost_roll,2016-09-01,7317.0,6835.5303473901495,17,5,2016-04-01
catboost_roll,2016-10-01,7426.0,6580.335796573177,17,6,2016-04-01
catboost_roll,2016-06-01,8767.0,7528.675439706986,18,1,2016-05-01
catboost_roll,2016-07-01,8479.0,7412.780082564803,18,2,2016-05-01
catboost_roll,2016-08-01,7890.0,7387.1301186386745,18,3,2016-05-01
catboost_roll,2016-09-01,7317.0,6745.106126985874,18,4,2016-05-01
catboost_roll,2016-10-01,7426.0,6548.453975571318,18,5,2016-05-01
catboost_roll,2016-11-01,6700.0,6607.594097996259,18,6,2016-05-01
catboost_roll,2016-07-01,8479.0,7687.210266495589,19,1,2016-06-01
catboost_roll,2016-08-01,7890.0,7533.320169444927,19,2,2016-06-01
catboost_roll,2016-09-01,7317.0,7031.967388309934,19,3,2016-06-01
catboost_roll,2016-10-01,7426.0,6603.31069371007,19,4,2016-06-01
catboost_roll,2016-11-01,6700.0,6645.935948967118,19,5,2016-06-01
catboost_roll,2016-12-01,6994.0,6578.123432364959,19,6,2016-06-01
catboost_roll,2016-08-01,7890.0,7717.774374927856,20,1,2016-07-01
catboost_roll,2016-09-01,7317.0,6981.085723334112,20,2,2016-07-01
catboost_roll,2016-10-01,7426.0,6734.413444923045,20,3,2016-07-01
catboost_roll,2016-11-01,6700.0,6605.265921941276,20,4,2016-07-01
catboost_roll,2016-12-01,6994.0,6538.426171745746,20,5,2016-07-01
catboost_roll,2017-01-01,6788.0,6570.236296477281,20,6,2016-07-01
catboost_roll,2016-09-01,7317.0,7020.0122324154845,21,1,2016-08-01
catboost_roll,2016-10-01,7426.0,6737.678247443606,21,2,2016-08-01
catboost_roll,2016-11-01,6700.0,6628.182654259844,21,3,2016-08-01
catboost_roll,2016-12-01,6994.0,6548.531427831114,21,4,2016-08-01
catboost_roll,2017-01-01,6788.0,6548.0271999860715,21,5,2016-08-01
catboost_roll,2017-02-01,6271.0,6851.9421283329075,21,6,2016-08-01
catboost_roll,2016-10-01,7426.0,6734.6645172128065,22,1,2016-09-01
catboost_roll,2016-11-01,6700.0,6620.378104553917,22,2,2016-09-01
catboost_roll,2016-12-01,6994.0,6614.62912171424,22,3,2016-09-01
catboost_roll,2017-01-01,6788.0,6558.429258184543,22,4,2016-09-01
catboost_roll,2017-02-01,6271.0,6835.088704748346,22,5,2016-09-01
catboost_roll,2017-03-01,6794.0,7268.08745767102,22,6,2016-09-01
catboost_roll,2016-11-01,6700.0,6947.5130179499465,23,1,2016-10-01
catboost_roll,2016-12-01,6994.0,6783.698741246064,23,2,2016-10-01
catboost_roll,2017-01-01,6788.0,6774.859335093353,23,3,2016-10-01
catboost_roll,2017-02-01,6271.0,6931.941382442565,23,4,2016-10-01
catboost_roll,2017-03-01,6794.0,7265.84520072137,23,5,2016-10-01
catboost_roll,2017-04-01,6884.0,7563.670173978424,23,6,2016-10-01
catboost_roll,2016-12-01,6994.0,6763.428144549594,24,1,2016-11-01
catboost_roll,2017-01-01,6788.0,6693.467908708428,24,2,2016-11-01
catboost_roll,2017-02-01,6271.0,6834.879070128476,24,3,2016-11-01
catboost_roll,2017-03-01,6794.0,7067.961013510727,24,4,2016-11-01
catboost_roll,2017-04-01,6884.0,7451.060816514409,24,5,2016-11-01
catboost_roll,2017-05-01,7651.0,7745.0002022352655,24,6,2016-11-01
catboost_roll,2017-01-01,6788.0,6701.25349138914,25,1,2016-12-01
catboost_roll,2017-02-01,6271.0,6915.180584198153,25,2,2016-12-01
catboost_roll,2017-03-01,6794.0,7147.187873524677,25,3,2016-12-01
catboost_roll,2017-04-01,6884.0,7434.640772809925,25,4,2016-12-01
catboost_roll,2017-05-01,7651.0,7834.676320543854,25,5,2016-12-01
catboost_roll,2017-06-01,8009.0,8094.625269249551,25,6,2016-12-01
catboost_roll,2017-02-01,6271.0,6943.561966801323,26,1,2017-01-01
catboost_roll,2017-03-01,6794.0,7145.80468094603,26,2,2017-01-01
catboost_roll,2017-04-01,6884.0,7466.253325072049,26,3,2017-01-01
catboost_roll,2017-05-01,7651.0,7857.521861519362,26,4,2017-01-01
catboost_roll,2017-06-01,8009.0,8010.502064629229,26,5,2017-01-01
catboost_roll,2017-07-01,8694.0,8030.580847637643,26,6,2017-01-01
catboost_roll,2017-03-01,6794.0,7270.886915208487,27,1,2017-02-01
catboost_roll,2017-04-01,6884.0,7393.062776119279,27,2,2017-02-01
catboost_roll,2017-05-01,7651.0,7717.628778754617,27,3,2017-02-01
catboost_roll,2017-06-01,8009.0,8150.587764914075,27,4,2017-02-01
catboost_roll,2017-07-01,8694.0,8137.985876080722,27,5,2017-02-01
catboost_roll,2017-08-01,8130.0,7843.278154394006,27,6,2017-02-01
catboost_roll,2017-04-01,6884.0,7296.029648934154,28,1,2017-03-01
catboost_roll,2017-05-01,7651.0,7709.790936002416,28,2,2017-03-01
catboost_roll,2017-06-01,8009.0,8017.8344152903555,28,3,2017-03-01
catboost_roll,2017-07-01,8694.0,8121.836238421217,28,4,2017-03-01
catboost_roll,2017-08-01,8130.0,7896.831975340642,28,5,2017-03-01
catboost_roll,2017-09-01,7446.0,7721.83489602896,28,6,2017-03-01
catboost_roll,2017-05-01,7651.0,7517.651784286492,29,1,2017-04-01
catboost_roll,2017-06-01,8009.0,7854.104749856118,29,2,2017-04-01
catboost_roll,2017-07-01,8694.0,8041.789802154591,29,3,2017-04-01
catboost_roll,2017-08-01,8130.0,7968.984495086843,29,4,2017-04-01
catboost_roll,2017-09-01,7446.0,7724.08242330861,29,5,2017-04-01
catboost_roll,2017-10-01,7282.0,7425.389999184464,29,6,2017-04-01
catboost_roll,2017-06-01,8009.0,7851.1853887094085,30,1,2017-05-01
catboost_roll,2017-07-01,8694.0,7847.065644316162,30,2,2017-05-01
catboost_roll,2017-08-01,8130.0,7891.742122033113,30,3,2017-05-01
catboost_roll,2017-09-01,7446.0,7736.172227913045,30,4,2017-05-01
catboost_roll,2017-10-01,7282.0,7439.078939406698,30,5,2017-05-01
catboost_roll,2017-11-01,6830.0,6943.0482219748865,30,6,2017-05-01
catboost_roll,2017-07-01,8694.0,8015.20417111869,31,1,2017-06-01
catboost_roll,2017-08-01,8130.0,7862.3865003808005,31,2,2017-06-01
catboost_roll,2017-09-01,7446.0,7690.163583594139,31,3,2017-06-01
catboost_roll,2017-10-01,7282.0,7361.075330004341,31,4,2017-06-01
catboost_roll,2017-11-01,6830.0,6892.569796305998,31,5,2017-06-01
catboost_roll,2017-12-01,6946.0,6918.601395828382,31,6,2017-06-01
catboost_roll,2017-08-01,8130.0,8181.8078311034715,32,1,2017-07-01
catboost_roll,2017-09-01,7446.0,7855.8921468844665,32,2,2017-07-01
catboost_roll,2017-10-01,7282.0,7658.3120198448,32,3,2017-07-01
catboost_roll,2017-11-01,6830.0,7057.005302481504,32,4,2017-07-01
catboost_roll,2017-12-01,6946.0,6968.919977914426,32,5,2017-07-01
catboost_roll,2018-01-01,6886.0,6768.945052173386,32,6,2017-07-01
catboost_roll,2017-09-01,7446.0,7911.384478908557,33,1,2017-08-01
catboost_roll,2017-10-01,7282.0,7635.47214213263,33,2,2017-08-01
catboost_roll,2017-11-01,6830.0,7022.093068877218,33,3,2017-08-01
catboost_roll,2017-12-01,6946.0,6967.2101695032225,33,4,2017-08-01
catboost_roll,2018-01-01,6886.0,6750.411649648914,33,5,2017-08-01
catboost_roll,2018-02-01,5960.0,6386.467931209323,33,6,2017-08-01
catboost_roll,2017-10-01,7282.0,7576.544203644293,34,1,2017-09-01
catboost_roll,2017-11-01,6830.0,7104.251829749474,34,2,2017-09-01
catboost_roll,2017-12-01,6946.0,6890.190335365777,34,3,2017-09-01
catboost_roll,2018-01-01,6886.0,6774.531866389502,34,4,2017-09-01
catboost_roll,2018-02-01,5960.0,6443.414952352033,34,5,2017-09-01
catboost_roll,2018-03-01,6930.0,6576.551272126148,34,6,2017-09-01
catboost_roll,2017-11-01,6830.0,7186.85718562847,35,1,2017-10-01
catboost_roll,2017-12-01,6946.0,6862.447425618871,35,2,2017-10-01
catboost_roll,2018-01-01,6886.0,6778.289727422555,35,3,2017-10-01
catboost_roll,2018-02-01,5960.0,6509.8543246428135,35,4,2017-10-01
catboost_roll,2018-03-01,6930.0,6546.145226513618,35,5,2017-10-01
catboost_roll,2018-04-01,6769.0,6894.1986762436245,35,6,2017-10-01
catboost_roll,2017-12-01,6946.0,6866.644396224671,36,1,2017-11-01
catboost_roll,2018-01-01,6886.0,6687.576001924326,36,2,2017-11-01
catboost_roll,2018-02-01,5960.0,6441.8983149257965,36,3,2017-11-01
catboost_roll,2018-03-01,6930.0,6510.096822008053,36,4,2017-11-01
catboost_roll,2018-04-01,6769.0,6818.470917039351,36,5,2017-11-01
catboost_roll,2018-05-01,7511.0,7363.156650689326,36,6,2017-11-01
catboost_roll,2018-01-01,6886.0,6703.42683160008,37,1,2017-12-01
catboost_roll,2018-02-01,5960.0,6399.232883503239,37,2,2017-12-01
catboost_roll,2018-03-01,6930.0,6540.657951167875,37,3,2017-12-01
catboost_roll,2018-04-01,6769.0,6844.403270616789,37,4,2017-12-01
catboost_roll,2018-05-01,7511.0,7354.923540529098,37,5,2017-12-01
catboost_roll,2018-06-01,8057.0,7926.66747346579,37,6,2017-12-01
catboost_roll,2018-02-01,5960.0,6409.011574088182,38,1,2018-01-01
catboost_roll,2018-03-01,6930.0,6535.020657660678,38,2,2018-01-01
catboost_roll,2018-04-01,6769.0,6883.520737308087,38,3,2018-01-01
catboost_roll,2018-05-01,7511.0,7375.194056950438,38,4,2018-01-01
catboost_roll,2018-06-01,8057.0,7936.519928892865,38,5,2018-01-01
catboost_roll,2018-07-01,8175.0,8360.088394125865,38,6,2018-01-01
catboost_roll,2018-03-01,6930.0,6690.789010356785,39,1,2018-02-01
catboost_roll,2018-04-01,6769.0,6938.425680826651,39,2,2018-02-01
catboost_roll,2018-05-01,7511.0,7514.451853899613,39,3,2018-02-01
catboost_roll,2018-06-01,8057.0,7954.46198327015,39,4,2018-02-01
catboost_roll,2018-07-01,8175.0,8404.02435994695,39,5,2018-02-01
catboost_roll,2018-08-01,8328.0,8064.770848899387,39,6,2018-02-01
catboost_roll,2018-04-01,6769.0,6986.5011949745885,40,1,2018-03-01
catboost_roll,2018-05-01,7511.0,7689.860703190202,40,2,2018-03-01
catboost_roll,2018-06-01,8057.0,8069.645171958147,40,3,2018-03-01
catboost_roll,2018-07-01,8175.0,8407.832837484548,40,4,2018-03-01
catboost_roll,2018-08-01,8328.0,7999.129708934035,40,5,2018-03-01
catboost_roll,2018-09-01,7325.0,7519.555502277843,40,6,2018-03-01
catboost_roll,2018-05-01,7511.0,7563.611936224566,41,1,2018-04-01
catboost_roll,2018-06-01,8057.0,8016.462995385729,41,2,2018-04-01
catboost_roll,2018-07-01,8175.0,8276.233906942318,41,3,2018-04-01
catboost_roll,2018-08-01,8328.0,8113.516129096512,41,4,2018-04-01
catboost_roll,2018-09-01,7325.0,7546.2538433889695,41,5,2018-04-01
catboost_roll,2018-10-01,7202.0,7349.140382681823,41,6,2018-04-01
catboost_roll,2018-06-01,8057.0,7912.511908880557,42,1,2018-05-01
catboost_roll,2018-07-01,8175.0,8302.446096468882,42,2,2018-05-01
catboost_roll,2018-08-01,8328.0,8104.405822785332,42,3,2018-05-01
catboost_roll,2018-09-01,7325.0,7625.312533338514,42,4,2018-05-01
catboost_roll,2018-10-01,7202.0,7298.340701088123,42,5,2018-05-01
catboost_roll,2018-11-01,7161.0,7034.6329384191295,42,6,2018-05-01
catboost_roll,2018-07-01,8175.0,8310.450390568269,43,1,2018-06-01
catboost_roll,2018-08-01,8328.0,8129.990216307516,43,2,2018-06-01
catboost_roll,2018-09-01,7325.0,7564.510889713855,43,3,2018-06-01
catboost_roll,2018-10-01,7202.0,7370.096324727896,43,4,2018-06-01
catboost_roll,2018-11-01,7161.0,7023.921575772019,43,5,2018-06-01
catboost_roll,2018-12-01,7409.0,6919.01487900622,43,6,2018-06-01
catboost_roll,2018-08-01,8328.0,8116.561309448707,44,1,2018-07-01
catboost_roll,2018-09-01,7325.0,7473.387702506339,44,2,2018-07-01
catboost_roll,2018-10-01,7202.0,7353.415267169269,44,3,2018-07-01
catboost_roll,2018-11-01,7161.0,7069.99988325443,44,4,2018-07-01
catboost_roll,2018-12-01,7409.0,6935.285576094315,44,5,2018-07-01
catboost_roll,2019-01-01,7117.0,6814.311678277831,44,6,2018-07-01
catboost_roll,2018-09-01,7325.0,7498.878898575566,45,1,2018-08-01
catboost_roll,2018-10-01,7202.0,7353.0721323246025,45,2,2018-08-01
catboost_roll,2018-11-01,7161.0,7053.218898246142,45,3,2018-08-01
catboost_roll,2018-12-01,7409.0,6954.504848783564,45,4,2018-08-01
catboost_roll,2019-01-01,7117.0,6822.649306695281,45,5,2018-08-01
catboost_roll,2019-02-01,6307.0,6255.687966215271,45,6,2018-08-01
catboost_roll,2018-10-01,7202.0,7322.442198107985,46,1,2018-09-01
catboost_roll,2018-11-01,7161.0,7046.417960449389,46,2,2018-09-01
catboost_roll,2018-12-01,7409.0,6807.117224415255,46,3,2018-09-01
catboost_roll,2019-01-01,7117.0,6804.995081377554,46,4,2018-09-01
catboost_roll,2019-02-01,6307.0,6221.800603680185,46,5,2018-09-01
catboost_roll,2019-03-01,7067.0,6738.218338470875,46,6,2018-09-01
catboost_roll,2018-11-01,7161.0,6922.205604062428,47,1,2018-10-01
catboost_roll,2018-12-01,7409.0,6856.444462723383,47,2,2018-10-01
catboost_roll,2019-01-01,7117.0,6694.998442417858,47,3,2018-10-01
catboost_roll,2019-02-01,6307.0,6287.1650444225925,47,4,2018-10-01
catboost_roll,2019-03-01,7067.0,6651.511936096183,47,5,2018-10-01
catboost_roll,2019-04-01,7108.0,6814.121473703766,47,6,2018-10-01
catboost_roll,2018-12-01,7409.0,6717.2520583314745,48,1,2018-11-01
catboost_roll,2019-01-01,7117.0,6758.228870940806,48,2,2018-11-01
catboost_roll,2019-02-01,6307.0,6317.565442093988,48,3,2018-11-01
catboost_roll,2019-03-01,7067.0,6602.674740849524,48,4,2018-11-01
catboost_roll,2019-04-01,7108.0,6889.63135053403,48,5,2018-11-01
catboost_roll,2019-05-01,7776.0,7389.091187420407,48,6,2018-11-01
catboost_roll,2019-01-01,7117.0,6918.168080502778,49,1,2018-12-01
catboost_roll,2019-02-01,6307.0,6397.90490839316,49,2,2018-12-01
catboost_roll,2019-03-01,7067.0,6710.717042284932,49,3,2018-12-01
catboost_roll,2019-04-01,7108.0,6736.37697120521,49,4,2018-12-01
catboost_roll,2019-05-01,7776.0,7246.6211905171085,49,5,2018-12-01
catboost_roll,2019-06-01,8274.0,7769.622559644437,49,6,2018-12-01
catboost_roll,2019-02-01,6307.0,6511.5052662373955,50,1,2019-01-01
catboost_roll,2019-03-01,7067.0,6770.188036412252,50,2,2019-01-01
catboost_roll,2019-04-01,7108.0,6837.464351693886,50,3,2019-01-01
catboost_roll,2019-05-01,7776.0,7284.440268607668,50,4,2019-01-01
catboost_roll,2019-06-01,8274.0,7848.352260691698,50,5,2019-01-01
catboost_roll,2019-07-01,8919.0,8130.268372533101,50,6,2019-01-01
catboost_roll,2019-03-01,7067.0,6830.145043643508,51,1,2019-02-01
catboost_roll,2019-04-01,7108.0,6908.912425887862,51,2,2019-02-01
catboost_roll,2019-05-01,7776.0,7341.174060389901,51,3,2019-02-01
catboost_roll,2019-06-01,8274.0,7939.957265832477,51,4,2019-02-01
catboost_roll,2019-07-01,8919.0,8213.705694261404,51,5,2019-02-01
catboost_roll,2019-08-01,8180.0,8243.76076395369,51,6,2019-02-01
catboost_roll,2019-04-01,7108.0,7027.33419478151,52,1,2019-03-01
catboost_roll,2019-05-01,7776.0,7418.7958123293665,52,2,2019-03-01
catboost_roll,2019-06-01,8274.0,7998.787388753849,52,3,2019-03-01
catboost_roll,2019-07-01,8919.0,8168.030163941421,52,4,2019-03-01
catboost_roll,2019-08-01,8180.0,8108.750992742359,52,5,2019-03-01
catboost_roll,2019-09-01,7664.0,7411.73131178481,52,6,2019-03-01
catboost_roll,2019-05-01,7776.0,7452.106621467477,53,1,2019-04-01
catboost_roll,2019-06-01,8274.0,7856.808744249786,53,2,2019-04-01
catboost_roll,2019-07-01,8919.0,8221.153870126733,53,3,2019-04-01
catboost_roll,2019-08-01,8180.0,8025.252235821439,53,4,2019-04-01
catboost_roll,2019-09-01,7664.0,7380.37809827955,53,5,2019-04-01
catboost_roll,2019-10-01,7254.0,7544.47986169462,53,6,2019-04-01
catboost_roll,2019-06-01,8274.0,8061.419910908419,54,1,2019-05-01
catboost_roll,2019-07-01,8919.0,8249.632024485507,54,2,2019-05-01
catboost_roll,2019-08-01,8180.0,7953.059469032991,54,3,2019-05-01
catboost_roll,2019-09-01,7664.0,7387.123294912509,54,4,2019-05-01
catboost_roll,2019-10-01,7254.0,7570.416864601473,54,5,2019-05-01
catboost_roll,2019-11-01,6785.0,7273.447328364577,54,6,2019-05-01
catboost_roll,2019-07-01,8919.0,8325.806340450843,55,1,2019-06-01
catboost_roll,2019-08-01,8180.0,7978.371577536154,55,2,2019-06-01
catboost_roll,2019-09-01,7664.0,7416.001331675312,55,3,2019-06-01
catboost_roll,2019-10-01,7254.0,7536.70101194517,55,4,2019-06-01
catboost_roll,2019-11-01,6785.0,7247.320155217387,55,5,2019-06-01
catboost_roll,2019-12-01,6987.0,7310.570708885878,55,6,2019-06-01
catboost_roll,2019-08-01,8180.0,8303.290008919657,56,1,2019-07-01
catboost_roll,2019-09-01,7664.0,7721.115260568723,56,2,2019-07-01
catboost_roll,2019-10-01,7254.0,7751.7084275877305,56,3,2019-07-01
catboost_roll,2019-11-01,6785.0,7538.992503223508,56,4,2019-07-01
catboost_roll,2019-12-01,6987.0,7501.517235205581,56,5,2019-07-01
catboost_roll,2020-01-01,7194.0,7112.0878056065985,56,6,2019-07-01
catboost_roll,2019-09-01,7664.0,7663.231546410894,57,1,2019-08-01
catboost_roll,2019-10-01,7254.0,7663.10287571036,57,2,2019-08-01
catboost_roll,2019-11-01,6785.0,7485.054835460416,57,3,2019-08-01
catboost_roll,2019-12-01,6987.0,7495.866782611887,57,4,2019-08-01
catboost_roll,2020-01-01,7194.0,7190.213403550653,57,5,2019-08-01
catboost_roll,2020-02-01,6848.0,6653.8935540356315,57,6,2019-08-01
catboost_roll,2019-10-01,7254.0,7722.013800308618,58,1,2019-09-01
catboost_roll,2019-11-01,6785.0,7440.1673289281025,58,2,2019-09-01
catboost_roll,2019-12-01,6987.0,7516.046352863502,58,3,2019-09-01
catboost_roll,2020-01-01,7194.0,7133.633162385613,58,4,2019-09-01
catboost_roll,2020-02-01,6848.0,6633.344327267974,58,5,2019-09-01
catboost_roll,2020-03-01,7324.0,7142.055380781393,58,6,2019-09-01
catboost_roll,2019-11-01,6785.0,7380.222072334767,59,1,2019-10-01
catboost_roll,2019-12-01,6987.0,7404.346364167497,59,2,2019-10-01
catboost_roll,2020-01-01,7194.0,7016.405998403071,59,3,2019-10-01
catboost_roll,2020-02-01,6848.0,6508.636436544949,59,4,2019-10-01
catboost_roll,2020-03-01,7324.0,7037.342668315415,59,5,2019-10-01
catboost_roll,2020-04-01,5978.0,7001.901514426893,59,6,2019-10-01
catboost_roll,2019-12-01,6987.0,7323.123083026634,60,1,2019-11-01
catboost_roll,2020-01-01,7194.0,6894.02012718969,60,2,2019-11-01
catboost_roll,2020-02-01,6848.0,6395.954974827121,60,3,2019-11-01
catboost_roll,2020-03-01,7324.0,7057.976698483628,60,4,2019-11-01
catboost_roll,2020-04-01,5978.0,7049.588101034959,60,5,2019-11-01
catboost_roll,2020-05-01,7062.0,7717.891074302219,60,6,2019-11-01
catboost_roll,2020-01-01,7194.0,6856.968048996203,61,1,2019-12-01
catboost_roll,2020-02-01,6848.0,6243.788454469705,61,2,2019-12-01
catboost_roll,2020-03-01,7324.0,6893.967894128172,61,3,2019-12-01
catboost_roll,2020-04-01,5978.0,6984.525480319797,61,4,2019-12-01
catboost_roll,2020-05-01,7062.0,7655.012384854652,61,5,2019-12-01
catboost_roll,2020-06-01,6948.0,8183.330950973009,61,6,2019-12-01
catboost_roll,2020-02-01,6848.0,6447.687363315945,62,1,2020-01-01
catboost_roll,2020-03-01,7324.0,6988.391558711792,62,2,2020-01-01
catboost_roll,2020-04-01,5978.0,7225.8236224134125,62,3,2020-01-01
catboost_roll,2020-05-01,7062.0,7803.718825717588,62,4,2020-01-01
catboost_roll,2020-06-01,6948.0,8327.825149046233,62,5,2020-01-01
catboost_roll,2020-07-01,7392.0,8579.561932967998,62,6,2020-01-01
catboost_roll,2020-03-01,7324.0,6907.3548786336005,63,1,2020-02-01
catboost_roll,2020-04-01,5978.0,7051.194151825302,63,2,2020-02-01
catboost_roll,2020-05-01,7062.0,7621.328607020781,63,3,2020-02-01
catboost_roll,2020-06-01,6948.0,8151.6106377713095,63,4,2020-02-01
catboost_roll,2020-07-01,7392.0,8445.807488940607,63,5,2020-02-01
catboost_roll,2020-08-01,7678.0,8264.64955957482,63,6,2020-02-01
catboost_roll,2020-04-01,5978.0,7285.146022567718,64,1,2020-03-01
catboost_roll,2020-05-01,7062.0,7865.03413952423,64,2,2020-03-01
catboost_roll,2020-06-01,6948.0,8326.118010624366,64,3,2020-03-01
catboost_roll,2020-07-01,7392.0,8367.523104470694,64,4,2020-03-01
catboost_roll,2020-08-01,7678.0,7942.978697645183,64,5,2020-03-01
catboost_roll,2020-09-01,7005.0,7509.458187197919,64,6,2020-03-01
catboost_roll,2020-05-01,7062.0,7652.5000161795215,65,1,2020-04-01
catboost_roll,2020-06-01,6948.0,8078.614718067998,65,2,2020-04-01
catboost_roll,2020-07-01,7392.0,8067.836233667872,65,3,2020-04-01
catboost_roll,2020-08-01,7678.0,8051.415949921223,65,4,2020-04-01
catboost_roll,2020-09-01,7005.0,7467.460243520154,65,5,2020-04-01
catboost_roll,2020-10-01,7385.0,7212.216107463185,65,6,2020-04-01
catboost_roll,2020-06-01,6948.0,7732.7704582189,66,1,2020-05-01
catboost_roll,2020-07-01,7392.0,8044.427244590057,66,2,2020-05-01
catboost_roll,2020-08-01,7678.0,8346.40794998319,66,3,2020-05-01
catboost_roll,2020-09-01,7005.0,7854.8462060673555,66,4,2020-05-01
catboost_roll,2020-10-01,7385.0,7258.985684760654,66,5,2020-05-01
catboost_roll,2020-11-01,6872.0,7150.766980040895,66,6,2020-05-01
catboost_roll,2020-07-01,7392.0,7759.234162040631,67,1,2020-06-01
catboost_roll,2020-08-01,7678.0,8221.017365319438,67,2,2020-06-01
catboost_roll,2020-09-01,7005.0,8128.1714433921,67,3,2020-06-01
catboost_roll,2020-10-01,7385.0,7514.164225812505,67,4,2020-06-01
catboost_roll,2020-11-01,6872.0,7243.481421196885,67,5,2020-06-01
catboost_roll,2020-12-01,6781.0,7158.52621611774,67,6,2020-06-01
catboost_roll,2020-08-01,7678.0,7828.602648787117,68,1,2020-07-01
catboost_roll,2020-09-01,7005.0,7963.964079153875,68,2,2020-07-01
catboost_roll,2020-10-01,7385.0,7561.472948784521,68,3,2020-07-01
catboost_roll,2020-11-01,6872.0,7092.378682764859,68,4,2020-07-01
catboost_roll,2020-12-01,6781.0,7110.406599730516,68,5,2020-07-01
catboost_roll,2021-01-01,6917.0,7005.869187315442,68,6,2020-07-01
catboost_roll,2020-09-01,7005.0,7901.367866520275,69,1,2020-08-01
catboost_roll,2020-10-01,7385.0,7524.135015039285,69,2,2020-08-01
catboost_roll,2020-11-01,6872.0,7081.838163886683,69,3,2020-08-01
catboost_roll,2020-12-01,6781.0,7164.105330438952,69,4,2020-08-01
catboost_roll,2021-01-01,6917.0,7034.273857926368,69,5,2020-08-01
catboost_roll,2021-02-01,6217.0,6906.829287396927,69,6,2020-08-01
catboost_roll,2020-10-01,7385.0,7240.889984722,70,1,2020-09-01
catboost_roll,2020-11-01,6872.0,6921.080187775356,70,2,2020-09-01
catboost_roll,2020-12-01,6781.0,6954.67057632386,70,3,2020-09-01
catboost_roll,2021-01-01,6917.0,7049.930129475178,70,4,2020-09-01
catboost_roll,2021-02-01,6217.0,6706.488373370533,70,5,2020-09-01
catboost_roll,2021-03-01,7569.0,7085.613362249768,70,6,2020-09-01
catboost_roll,2020-11-01,6872.0,6954.395325592279,71,1,2020-10-01
catboost_roll,2020-12-01,6781.0,7044.924854473274,71,2,2020-10-01
catboost_roll,2021-01-01,6917.0,6983.254942070513,71,3,2020-10-01
catboost_roll,2021-02-01,6217.0,6688.064616218243,71,4,2020-10-01
catboost_roll,2021-03-01,7569.0,7143.914815955635,71,5,2020-10-01
catboost_roll,2021-04-01,6917.0,6431.492171070811,71,6,2020-10-01
catboost_roll,2020-12-01,6781.0,6979.802734754715,72,1,2020-11-01
catboost_roll,2021-01-01,6917.0,7013.602010167642,72,2,2020-11-01
catboost_roll,2021-02-01,6217.0,6800.938239588372,72,3,2020-11-01
catboost_roll,2021-03-01,7569.0,7125.886910035888,72,4,2020-11-01
catboost_roll,2021-04-01,6917.0,6345.285784760747,72,5,2020-11-01
catboost_roll,2021-05-01,8253.0,6993.614429977184,72,6,2020-11-01
catboost_roll,2021-01-01,6917.0,7121.665465795653,73,1,2020-12-01
catboost_roll,2021-02-01,6217.0,6754.452615140863,73,2,2020-12-01
catboost_roll,2021-03-01,7569.0,7119.888224839564,73,3,2020-12-01
catboost_roll,2021-04-01,6917.0,6468.744400911617,73,4,2020-12-01
catboost_roll,2021-05-01,8253.0,6999.433672116544,73,5,2020-12-01
catboost_roll,2021-06-01,8153.0,7196.576385612425,73,6,2020-12-01
catboost_roll,2021-02-01,6217.0,6597.625120610883,74,1,2021-01-01
catboost_roll,2021-03-01,7569.0,7097.996149927179,74,2,2021-01-01
catboost_roll,2021-04-01,6917.0,6459.747806440494,74,3,2021-01-01
catboost_roll,2021-05-01,8253.0,6960.97012138925,74,4,2021-01-01
catboost_roll,2021-06-01,8153.0,7108.621447362532,74,5,2021-01-01
catboost_roll,2021-07-01,9251.0,7345.030506705683,74,6,2021-01-01
catboost_roll,2021-03-01,7569.0,7148.832894686234,75,1,2021-02-01
catboost_roll,2021-04-01,6917.0,6572.716333618774,75,2,2021-02-01
catboost_roll,2021-05-01,8253.0,7004.106321070123,75,3,2021-02-01
catboost_roll,2021-06-01,8153.0,7069.670888001725,75,4,2021-02-01
catboost_roll,2021-07-01,9251.0,7251.432377798244,75,5,2021-02-01
catboost_roll,2021-08-01,8830.0,7504.083441764832,75,6,2021-02-01
catboost_roll,2021-04-01,6917.0,6691.799056226857,76,1,2021-03-01
catboost_roll,2021-05-01,8253.0,7021.375985665649,76,2,2021-03-01
catboost_roll,2021-06-01,8153.0,7211.867098562152,76,3,2021-03-01
catboost_roll,2021-07-01,9251.0,7175.264464363799,76,4,2021-03-01
catboost_roll,2021-08-01,8830.0,7460.896064579505,76,5,2021-03-01
catboost_roll,2021-09-01,7512.0,6980.391897547779,76,6,2021-03-01
catboost_roll,2021-05-01,8253.0,7131.539473796294,77,1,2021-04-01
catboost_roll,2021-06-01,8153.0,7167.189051684548,77,2,2021-04-01
catboost_roll,2021-07-01,9251.0,7128.288794522811,77,3,2021-04-01
catboost_roll,2021-08-01,8830.0,7421.802920700036,77,4,2021-04-01
catboost_roll,2021-09-01,7512.0,6952.686403608291,77,5,2021-04-01
catboost_roll,2021-10-01,7656.0,7126.055994628116,77,6,2021-04-01
catboost_roll,2021-06-01,8153.0,7647.494858916144,78,1,2021-05-01
catboost_roll,2021-07-01,9251.0,7657.668946257368,78,2,2021-05-01
catboost_roll,2021-08-01,8830.0,7701.385903029943,78,3,2021-05-01
catboost_roll,2021-09-01,7512.0,6968.719972168028,78,4,2021-05-01
catboost_roll,2021-10-01,7656.0,7309.873291816454,78,5,2021-05-01
catboost_roll,2021-11-01,7603.0,6916.49265902517,78,6,2021-05-01
catboost_roll,2021-07-01,9251.0,7823.156177905441,79,1,2021-06-01
catboost_roll,2021-08-01,8830.0,7715.15888905921,79,2,2021-06-01
catboost_roll,2021-09-01,7512.0,7131.696535585487,79,3,2021-06-01
catboost_roll,2021-10-01,7656.0,7276.124739805449,79,4,2021-06-01
catboost_roll,2021-11-01,7603.0,6815.5929714790345,79,5,2021-06-01
catboost_roll,2021-12-01,8237.0,6795.682330781237,79,6,2021-06-01
catboost_roll,2021-08-01,8830.0,7756.795590862363,80,1,2021-07-01
catboost_roll,2021-09-01,7512.0,7596.381197812844,80,2,2021-07-01
catboost_roll,2021-10-01,7656.0,7726.879168830137,80,3,2021-07-01
catboost_roll,2021-11-01,7603.0,7019.760829556341,80,4,2021-07-01
catboost_roll,2021-12-01,8237.0,6866.305914706898,80,5,2021-07-01
catboost_roll,2022-01-01,9582.0,6940.35726769393,80,6,2021-07-01
catboost_roll,2021-09-01,7512.0,7551.514351215126,81,1,2021-08-01
catboost_roll,2021-10-01,7656.0,7681.670451982831,81,2,2021-08-01
catboost_roll,2021-11-01,7603.0,6961.699921992309,81,3,2021-08-01
catboost_roll,2021-12-01,8237.0,6777.604303340709,81,4,2021-08-01
catboost_roll,2022-01-01,9582.0,6814.6118324411655,81,5,2021-08-01
catboost_roll,2022-02-01,7227.0,6292.025170872344,81,6,2021-08-01
catboost_roll,2021-10-01,7656.0,7634.525801067858,82,1,2021-09-01
catboost_roll,2021-11-01,7603.0,7064.395662384146,82,2,2021-09-01
catboost_roll,2021-12-01,8237.0,6765.235682414647,82,3,2021-09-01
catboost_roll,2022-01-01,9582.0,6894.119152568784,82,4,2021-09-01
catboost_roll,2022-02-01,7227.0,6493.7456510662605,82,5,2021-09-01
catboost_roll,2022-03-01,7504.0,6902.570268950303,82,6,2021-09-01
catboost_roll,2021-11-01,7603.0,7010.449997780919,83,1,2021-10-01
catboost_roll,2021-12-01,8237.0,6741.043459067635,83,2,2021-10-01
catboost_roll,2022-01-01,9582.0,6835.0451319582835,83,3,2021-10-01
catboost_roll,2022-02-01,7227.0,6464.30629085888,83,4,2021-10-01
catboost_roll,2022-03-01,7504.0,6985.889466287992,83,5,2021-10-01
catboost_roll,2022-04-01,7589.0,6489.392252876336,83,6,2021-10-01
catboost_roll,2021-12-01,8237.0,6944.035441332194,84,1,2021-11-01
catboost_roll,2022-01-01,9582.0,7108.84844783895,84,2,2021-11-01
catboost_roll,2022-02-01,7227.0,6739.640482188593,84,3,2021-11-01
catboost_roll,2022-03-01,7504.0,7264.055822680849,84,4,2021-11-01
catboost_roll,2022-04-01,7589.0,6575.630991096686,84,5,2021-11-01
catboost_roll,2022-05-01,8846.0,7132.63148684411,84,6,2021-11-01
catboost_roll,2022-01-01,9582.0,7707.296818112351,85,1,2021-12-01
catboost_roll,2022-02-01,7227.0,7319.167515721625,85,2,2021-12-01
catboost_roll,2022-03-01,7504.0,7452.488489420114,85,3,2021-12-01
catboost_roll,2022-04-01,7589.0,6957.8575504522405,85,4,2021-12-01
catboost_roll,2022-05-01,8846.0,7283.6123825029845,85,5,2021-12-01
catboost_roll,2022-06-01,9057.0,7438.932203867385,85,6,2021-12-01
catboost_roll,2022-02-01,7227.0,8226.457414362256,86,1,2022-01-01
catboost_roll,2022-03-01,7504.0,8401.183957061161,86,2,2022-01-01
catboost_roll,2022-04-01,7589.0,8150.132931720991,86,3,2022-01-01
catboost_roll,2022-05-01,8846.0,8059.045060862733,86,4,2022-01-01
catboost_roll,2022-06-01,9057.0,8318.159391847903,86,5,2022-01-01
catboost_roll,2022-07-01,8699.0,8560.956562384528,86,6,2022-01-01
catboost_roll,2022-03-01,7504.0,7473.057930366013,87,1,2022-02-01
catboost_roll,2022-04-01,7589.0,7025.47484304942,87,2,2022-02-01
catboost_roll,2022-05-01,8846.0,7191.259346244409,87,3,2022-02-01
catboost_roll,2022-06-01,9057.0,7419.446201292029,87,4,2022-02-01
catboost_roll,2022-07-01,8699.0,7661.183588411547,87,5,2022-02-01
catboost_roll,2022-08-01,8834.0,7712.339429595057,87,6,2022-02-01
catboost_roll,2022-04-01,7589.0,7060.800585157986,88,1,2022-03-01
catboost_roll,2022-05-01,8846.0,7318.4418169049595,88,2,2022-03-01
catboost_roll,2022-06-01,9057.0,7645.635434208977,88,3,2022-03-01
catboost_roll,2022-07-01,8699.0,8043.173843694033,88,4,2022-03-01
catboost_roll,2022-08-01,8834.0,8226.681122297305,88,5,2022-03-01
catboost_roll,2022-09-01,8228.0,8033.473535859923,88,6,2022-03-01
catboost_roll,2022-05-01,8846.0,7398.026892939157,89,1,2022-04-01
catboost_roll,2022-06-01,9057.0,7584.819290847785,89,2,2022-04-01
catboost_roll,2022-07-01,8699.0,7774.114629685187,89,3,2022-04-01
catboost_roll,2022-08-01,8834.0,7774.121348003917,89,4,2022-04-01
catboost_roll,2022-09-01,8228.0,7694.555376487316,89,5,2022-04-01
catboost_roll,2022-10-01,8388.0,7177.613709174419,89,6,2022-04-01
catboost_roll,2022-06-01,9057.0,8334.936368937391,90,1,2022-05-01
catboost_roll,2022-07-01,8699.0,8547.733274905106,90,2,2022-05-01
catboost_roll,2022-08-01,8834.0,8469.826986488071,90,3,2022-05-01
catboost_roll,2022-09-01,8228.0,8284.29751702948,90,4,2022-05-01
catboost_roll,2022-10-01,8388.0,8218.107208101177,90,5,2022-05-01
catboost_roll,2022-11-01,7588.0,8545.973146756796,90,6,2022-05-01
catboost_roll,2022-07-01,8699.0,8677.377301274875,91,1,2022-06-01
catboost_roll,2022-08-01,8834.0,8663.169647082374,91,2,2022-06-01
catboost_roll,2022-09-01,8228.0,8542.622050222517,91,3,2022-06-01
catboost_roll,2022-10-01,8388.0,8370.48274793215,91,4,2022-06-01
catboost_roll,2022-11-01,7588.0,8613.257757376585,91,5,2022-06-01
catboost_roll,2022-12-01,7850.0,8664.962133337012,91,6,2022-06-01
catboost_roll,2022-08-01,8834.0,8504.707453804802,92,1,2022-07-01
catboost_roll,2022-09-01,8228.0,8530.324305085443,92,2,2022-07-01
catboost_roll,2022-10-01,8388.0,8456.089948500547,92,3,2022-07-01
catboost_roll,2022-11-01,7588.0,8633.075158479323,92,4,2022-07-01
catboost_roll,2022-12-01,7850.0,8703.35313797467,92,5,2022-07-01
catboost_roll,2023-01-01,7563.0,8642.423328409805,92,6,2022-07-01
catboost_roll,2022-09-01,8228.0,8665.86602161875,93,1,2022-08-01
catboost_roll,2022-10-01,8388.0,8516.84053945402,93,2,2022-08-01
catboost_roll,2022-11-01,7588.0,8903.306351717412,93,3,2022-08-01
catboost_roll,2022-12-01,7850.0,8924.889213531282,93,4,2022-08-01
catboost_roll,2023-01-01,7563.0,8885.83319487877,93,5,2022-08-01
catboost_roll,2023-02-01,6551.0,8481.713289874575,93,6,2022-08-01
catboost_roll,2022-10-01,8388.0,8225.620295112005,94,1,2022-09-01
catboost_roll,2022-11-01,7588.0,8694.451036731227,94,2,2022-09-01
catboost_roll,2022-12-01,7850.0,8691.38639503148,94,3,2022-09-01
catboost_roll,2023-01-01,7563.0,8723.351245007087,94,4,2022-09-01
catboost_roll,2023-02-01,6551.0,8425.547063818636,94,5,2022-09-01
catboost_roll,2023-03-01,7507.0,8328.007964292217,94,6,2022-09-01
catboost_roll,2022-11-01,7588.0,8727.784032268157,95,1,2022-10-01
catboost_roll,2022-12-01,7850.0,8699.324461027747,95,2,2022-10-01
catboost_roll,2023-01-01,7563.0,8816.773437581995,95,3,2022-10-01
catboost_roll,2023-02-01,6551.0,8459.006172261168,95,4,2022-10-01
catboost_roll,2023-03-01,7507.0,8457.883051964942,95,5,2022-10-01
catboost_roll,2023-04-01,7745.0,8670.392549522974,95,6,2022-10-01
catboost_roll,2022-12-01,7850.0,8220.380400953749,96,1,2022-11-01
catboost_roll,2023-01-01,7563.0,8555.88600684673,96,2,2022-11-01
catboost_roll,2023-02-01,6551.0,8323.969802674152,96,3,2022-11-01
catboost_roll,2023-03-01,7507.0,8304.452196137328,96,4,2022-11-01
catboost_roll,2023-04-01,7745.0,8136.855190416703,96,5,2022-11-01
catboost_roll,2023-05-01,8600.0,8431.73047175368,96,6,2022-11-01
catboost_roll,2023-01-01,7563.0,8332.249841874062,97,1,2022-12-01
catboost_roll,2023-02-01,6551.0,8367.335201433189,97,2,2022-12-01
catboost_roll,2023-03-01,7507.0,8079.706606748017,97,3,2022-12-01
catboost_roll,2023-04-01,7745.0,8109.861959661214,97,4,2022-12-01
catboost_roll,2023-05-01,8600.0,8376.431752421278,97,5,2022-12-01
catboost_roll,2023-06-01,9151.0,8431.1593886342,97,6,2022-12-01
catboost_roll,2023-02-01,6551.0,8029.097512971471,98,1,2023-01-01
catboost_roll,2023-03-01,7507.0,8167.433708314525,98,2,2023-01-01
catboost_roll,2023-04-01,7745.0,8417.017610135048,98,3,2023-01-01
catboost_roll,2023-05-01,8600.0,8362.15064705448,98,4,2023-01-01
catboost_roll,2023-06-01,9151.0,8457.039122086548,98,5,2023-01-01
catboost_roll,2023-07-01,9183.0,8397.566865437566,98,6,2023-01-01
catboost_roll,2023-03-01,7507.0,7116.344521934408,99,1,2023-02-01
catboost_roll,2023-04-01,7745.0,7263.559285234268,99,2,2023-02-01
catboost_roll,2023-05-01,8600.0,7650.209405683171,99,3,2023-02-01
catboost_roll,2023-06-01,9151.0,8113.528186287713,99,4,2023-02-01
catboost_roll,2023-07-01,9183.0,8353.885083322984,99,5,2023-02-01
catboost_roll,2023-08-01,8297.0,8499.50725017775,99,6,2023-02-01
catboost_roll,2023-04-01,7745.0,7551.354405541611,100,1,2023-03-01
catboost_roll,2023-05-01,8600.0,7866.4058508698845,100,2,2023-03-01
catboost_roll,2023-06-01,9151.0,8280.565625609415,100,3,2023-03-01
catboost_roll,2023-07-01,9183.0,8429.783148023898,100,4,2023-03-01
catboost_roll,2023-08-01,8297.0,8500.350733895191,100,5,2023-03-01
catboost_roll,2023-09-01,7823.0,8231.077635797577,100,6,2023-03-01
catboost_roll,2023-05-01,8600.0,8117.7019368318215,101,1,2023-04-01
catboost_roll,2023-06-01,9151.0,8627.664229252574,101,2,2023-04-01
catboost_roll,2023-07-01,9183.0,8253.617976384552,101,3,2023-04-01
catboost_roll,2023-08-01,8297.0,8395.048173426076,101,4,2023-04-01
catboost_roll,2023-09-01,7823.0,8200.655057862505,101,5,2023-04-01
catboost_roll,2023-10-01,7507.0,8249.098740861633,101,6,2023-04-01
catboost_roll,2023-06-01,9151.0,8794.678356525688,102,1,2023-05-01
catboost_roll,2023-07-01,9183.0,8347.075420241594,102,2,2023-05-01
catboost_roll,2023-08-01,8297.0,8492.246395267724,102,3,2023-05-01
catboost_roll,2023-09-01,7823.0,8363.865858754069,102,4,2023-05-01
catboost_roll,2023-10-01,7507.0,8297.82437402614,102,5,2023-05-01
catboost_roll,2023-11-01,8107.0,7998.495613216045,102,6,2023-05-01
catboost_roll,2023-07-01,9183.0,8499.082322771908,103,1,2023-06-01
catboost_roll,2023-08-01,8297.0,8571.674525437544,103,2,2023-06-01
catboost_roll,2023-09-01,7823.0,8382.017986770978,103,3,2023-06-01
catboost_roll,2023-10-01,7507.0,8304.290534779428,103,4,2023-06-01
catboost_roll,2023-11-01,8107.0,8061.770987282225,103,5,2023-06-01
catboost_roll,2023-12-01,7504.0,7960.594347951538,103,6,2023-06-01
catboost_cal,2015-01-01,7184.0,6300.33556097367,1,1,2014-12-01
catboost_cal,2015-02-01,5958.0,6202.86805232259,1,2,2014-12-01
catboost_cal,2015-03-01,6658.0,6355.347597622951,1,3,2014-12-01
catboost_cal,2015-04-01,7069.0,6363.4417097016685,1,4,2014-12-01
catboost_cal,2015-05-01,8099.0,7224.318533132136,1,5,2014-12-01
catboost_cal,2015-06-01,7868.0,7324.3732591574,1,6,2014-12-01
catboost_cal,2015-02-01,5958.0,6475.487909715427,2,1,2015-01-01
catboost_cal,2015-03-01,6658.0,6378.272171061801,2,2,2015-01-01
catboost_cal,2015-04-01,7069.0,6479.962043474742,2,3,2015-01-01
catboost_cal,2015-05-01,8099.0,7181.703999049403,2,4,2015-01-01
catboost_cal,2015-06-01,7868.0,7338.755074663509,2,5,2015-01-01
catboost_cal,2015-07-01,7986.0,7365.582411477043,2,6,2015-01-01
catboost_cal,2015-03-01,6658.0,6375.079594096226,3,1,2015-02-01
catboost_cal,2015-04-01,7069.0,6426.578513833955,3,2,2015-02-01
catboost_cal,2015-05-01,8099.0,7089.893814523006,3,3,2015-02-01
catboost_cal,2015-06-01,7868.0,7272.29756627572,3,4,2015-02-01
catboost_cal,2015-07-01,7986.0,7670.023663524995,3,5,2015-02-01
catboost_cal,2015-08-01,7251.0,7526.298807132296,3,6,2015-02-01
catboost_cal,2015-04-01,7069.0,6426.48678118849,4,1,2015-03-01
catboost_cal,2015-05-01,8099.0,7166.40930697797,4,2,2015-03-01
catboost_cal,2015-06-01,7868.0,7373.362735494997,4,3,2015-03-01
catboost_cal,2015-07-01,7986.0,7719.561257834414,4,4,2015-03-01
catboost_cal,2015-08-01,7251.0,7412.832450480759,4,5,2015-03-01
catboost_cal,2015-09-01,7163.0,6861.505347314438,4,6,2015-03-01
catboost_cal,2015-05-01,8099.0,7150.030320584196,5,1,2015-04-01
catboost_cal,2015-06-01,7868.0,7419.843229218551,5,2,2015-04-01
catboost_cal,2015-07-01,7986.0,7713.358640970086,5,3,2015-04-01
catboost_cal,2015-08-01,7251.0,7269.786329712472,5,4,2015-04-01
catboost_cal,2015-09-01,7163.0,6981.3677753372895,5,5,2015-04-01
catboost_cal,2015-10-01,6690.0,6949.4180445301645,5,6,2015-04-01
catboost_cal,2015-06-01,7868.0,7544.922388266537,6,1,2015-05-01
catboost_cal,2015-07-01,7986.0,7648.019138695044,6,2,2015-05-01
catboost_cal,2015-08-01,7251.0,7425.219087331222,6,3,2015-05-01
catboost_cal,2015-09-01,7163.0,6829.03329050377,6,4,2015-05-01
catboost_cal,2015-10-01,6690.0,6841.918373293518,6,5,2015-05-01
catboost_cal,2015-11-01,6392.0,6494.961213302117,6,6,2015-05-01
catboost_cal,2015-07-01,7986.0,7643.07790185569,7,1,2015-06-01
catboost_cal,2015-08-01,7251.0,7496.405993657042,7,2,2015-06-01
catboost_cal,2015-09-01,7163.0,6932.951816060094,7,3,2015-06-01
catboost_cal,2015-10-01,6690.0,6815.104349469671,7,4,2015-06-01
catboost_cal,2015-11-01,6392.0,6590.102005878187,7,5,2015-06-01
catboost_cal,2015-12-01,6753.0,6688.11435677284,7,6,2015-06-01
catboost_cal,2015-08-01,7251.0,7482.706693661757,8,1,2015-07-01
catboost_cal,2015-09-01,7163.0,6864.22179476697,8,2,2015-07-01
catboost_cal,2015-10-01,6690.0,6891.003101339044,8,3,2015-07-01
catboost_cal,2015-11-01,6392.0,6526.8390541913195,8,4,2015-07-01
catboost_cal,2015-12-01,6753.0,6699.974967099746,8,5,2015-07-01
catboost_cal,2016-01-01,6753.0,6745.458186767015,8,6,2015-07-01
catboost_cal,2015-09-01,7163.0,6847.4402330393295,9,1,2015-08-01
catboost_cal,2015-10-01,6690.0,6857.372364866885,9,2,2015-08-01
catboost_cal,2015-11-01,6392.0,6420.476759082637,9,3,2015-08-01
catboost_cal,2015-12-01,6753.0,6651.506794983553,9,4,2015-08-01
catboost_cal,2016-01-01,6753.0,6681.552529806477,9,5,2015-08-01
catboost_cal,2016-02-01,6385.0,6260.879924526875,9,6,2015-08-01
catboost_cal,2015-10-01,6690.0,6928.280234393686,10,1,2015-09-01
catboost_cal,2015-11-01,6392.0,6432.959882632407,10,2,2015-09-01
catboost_cal,2015-12-01,6753.0,6705.467171609028,10,3,2015-09-01
catboost_cal,2016-01-01,6753.0,6819.914425529419,10,4,2015-09-01
catboost_cal,2016-02-01,6385.0,6423.334691149439,10,5,2015-09-01
catboost_cal,2016-03-01,7164.0,6667.396782649726,10,6,2015-09-01
catboost_cal,2015-11-01,6392.0,6465.1080965373885,11,1,2015-10-01
catboost_cal,2015-12-01,6753.0,6702.472778232216,11,2,2015-10-01
catboost_cal,2016-01-01,6753.0,6715.290683621036,11,3,2015-10-01
catboost_cal,2016-02-01,6385.0,6290.558267263041,11,4,2015-10-01
catboost_cal,2016-03-01,7164.0,6567.190279562298,11,5,2015-10-01
catboost_cal,2016-04-01,7192.0,6941.110497629261,11,6,2015-10-01
catboost_cal,2015-12-01,6753.0,6710.103677299422,12,1,2015-11-01
catboost_cal,2016-01-01,6753.0,6755.402561948589,12,2,2015-11-01
catboost_cal,2016-02-01,6385.0,6279.148447463406,12,3,2015-11-01
catboost_cal,2016-03-01,7164.0,6589.60216967172,12,4,2015-11-01
catboost_cal,2016-04-01,7192.0,6886.661238610493,12,5,2015-11-01
catboost_cal,2016-05-01,7743.0,7593.659056521964,12,6,2015-11-01
catboost_cal,2016-01-01,6753.0,6728.491035744928,13,1,2015-12-01
catboost_cal,2016-02-01,6385.0,6327.045973378244,13,2,2015-12-01
catboost_cal,2016-03-01,7164.0,6570.506954164856,13,3,2015-12-01
catboost_cal,2016-04-01,7192.0,6859.286915092643,13,4,2015-12-01
catboost_cal,2016-05-01,7743.0,7562.822247886602,13,5,2015-12-01
catboost_cal,2016-06-01,8767.0,7627.7503273187995,13,6,2015-12-01
catboost_cal,2016-02-01,6385.0,6327.051325862019,14,1,2016-01-01
catboost_cal,2016-03-01,7164.0,6620.391417665944,14,2,2016-01-01
catboost_cal,2016-04-01,7192.0,6831.289662734859,14,3,2016-01-01
catboost_cal,2016-05-01,7743.0,7482.545076714382,14,4,2016-01-01
catboost_cal,2016-06-01,8767.0,7587.405738352645,14,5,2016-01-01
catboost_cal,2016-07-01,8479.0,7719.047056916221,14,6,2016-01-01
catboost_cal,2016-03-01,7164.0,6567.450324941241,15,1,2016-02-01
catboost_cal,2016-04-01,7192.0,6783.015758343075,15,2,2016-02-01
catboost_cal,2016-05-01,7743.0,7498.618202181144,15,3,2016-02-01
catboost_cal,2016-06-01,8767.0,7601.941474364019,15,4,2016-02-01
catboost_cal,2016-07-01,8479.0,7674.7932101616525,15,5,2016-02-01
catboost_cal,2016-08-01,7890.0,7450.647611800419,15,6,2016-02-01
catboost_cal,2016-04-01,7192.0,7060.417867009338,16,1,2016-03-01
catboost_cal,2016-05-01,7743.0,7672.8759956537415,16,2,2016-03-01
catboost_cal,2016-06-01,8767.0,7741.229822001667,16,3,2016-03-01
catboost_cal,2016-07-01,8479.0,7649.943902453404,16,4,2016-03-01
catboost_cal,2016-08-01,7890.0,7447.83855849488,16,5,2016-03-01
catboost_cal,2016-09-01,7317.0,6864.879655229887,16,6,2016-03-01
catboost_cal,2016-05-01,7743.0,7649.219193729546,17,1,2016-04-01
catboost_cal,2016-06-01,8767.0,7794.05637577724,17,2,2016-04-01
catboost_cal,2016-07-01,8479.0,7562.688587437907,17,3,2016-04-01
catboost_cal,2016-08-01,7890.0,7459.4876596044,17,4,2016-04-01
catboost_cal,2016-09-01,7317.0,6863.975211925502,17,5,2016-04-01
catboost_cal,2016-10-01,7426.0,6631.177250362483,17,6,2016-04-01
catboost_cal,2016-06-01,8767.0,7790.140374245988,18,1,2016-05-01
catboost_cal,2016-07-01,8479.0,7574.9840266234205,18,2,2016-05-01
catboost_cal,2016-08-01,7890.0,7440.653305495601,18,3,2016-05-01
catboost_cal,2016-09-01,7317.0,6863.659701827487,18,4,2016-05-01
catboost_cal,2016-10-01,7426.0,6635.045341792806,18,5,2016-05-01
catboost_cal,2016-11-01,6700.0,6612.055387915337,18,6,2016-05-01
catboost_cal,2016-07-01,8479.0,7769.134772758558,19,1,2016-06-01
catboost_cal,2016-08-01,7890.0,7469.593598954552,19,2,2016-06-01
catboost_cal,2016-09-01,7317.0,6937.133464894343,19,3,2016-06-01
catboost_cal,2016-10-01,7426.0,6634.585359568384,19,4,2016-06-01
catboost_cal,2016-11-01,6700.0,6641.24480737256,19,5,2016-06-01
catboost_cal,2016-12-01,6994.0,6694.484531635115,19,6,2016-06-01
catboost_cal,2016-08-01,7890.0,7576.28577287749,20,1,2016-07-01
catboost_cal,2016-09-01,7317.0,6945.439924378444,20,2,2016-07-01
catboost_cal,2016-10-01,7426.0,6620.718023685564,20,3,2016-07-01
catboost_cal,2016-11-01,6700.0,6514.531125837875,20,4,2016-07-01
catboost_cal,2016-12-01,6994.0,6669.59999171197,20,5,2016-07-01
catboost_cal,2017-01-01,6788.0,6546.968392842802,20,6,2016-07-01
catboost_cal,2016-09-01,7317.0,6945.454990340493,21,1,2016-08-01
catboost_cal,2016-10-01,7426.0,6561.299417888001,21,2,2016-08-01
catboost_cal,2016-11-01,6700.0,6505.604374002358,21,3,2016-08-01
catboost_cal,2016-12-01,6994.0,6627.251625966999,21,4,2016-08-01
catboost_cal,2017-01-01,6788.0,6538.443194697275,21,5,2016-08-01
catboost_cal,2017-02-01,6271.0,6630.654020864398,21,6,2016-08-01
catboost_cal,2016-10-01,7426.0,6758.342999332373,22,1,2016-09-01
catboost_cal,2016-11-01,6700.0,6591.233630672507,22,2,2016-09-01
catboost_cal,2016-12-01,6994.0,6599.3223581652865,22,3,2016-09-01
catboost_cal,2017-01-01,6788.0,6639.346569064894,22,4,2016-09-01
catboost_cal,2017-02-01,6271.0,6634.743862179666,22,5,2016-09-01
catboost_cal,2017-03-01,6794.0,6953.821698996881,22,6,2016-09-01
catboost_cal,2016-11-01,6700.0,6925.289806619318,23,1,2016-10-01
catboost_cal,2016-12-01,6994.0,6851.417266164438,23,2,2016-10-01
catboost_cal,2017-01-01,6788.0,6835.907999323539,23,3,2016-10-01
catboost_cal,2017-02-01,6271.0,6850.12812770964,23,4,2016-10-01
catboost_cal,2017-03-01,6794.0,7172.986309537596,23,5,2016-10-01
catboost_cal,2017-04-01,6884.0,7335.590184263149,23,6,2016-10-01
catboost_cal,2016-12-01,6994.0,6737.050123046358,24,1,2016-11-01
catboost_cal,2017-01-01,6788.0,6735.7237612516265,24,2,2016-11-01
catboost_cal,2017-02-01,6271.0,6809.942623733795,24,3,2016-11-01
catboost_cal,2017-03-01,6794.0,7121.321952633278,24,4,2016-11-01
catboost_cal,2017-04-01,6884.0,7312.205575504729,24,5,2016-11-01
catboost_cal,2017-05-01,7651.0,8083.289788150252,24,6,2016-11-01
catboost_cal,2017-01-01,6788.0,6744.547592695054,25,1,2016-12-01
catboost_cal,2017-02-01,6271.0,6904.057194106317,25,2,2016-12-01
catboost_cal,2017-03-01,6794.0,7191.913450646374,25,3,2016-12-01
catboost_cal,2017-04-01,6884.0,7412.34275690591,25,4,2016-12-01
catboost_cal,2017-05-01,7651.0,7992.437168452511,25,5,2016-12-01
catboost_cal,2017-06-01,8009.0,8273.485375881224,25,6,2016-12-01
catboost_cal,2017-02-01,6271.0,6854.185532570821,26,1,2017-01-01
catboost_cal,2017-03-01,6794.0,7177.423152724317,26,2,2017-01-01
catboost_cal,2017-04-01,6884.0,7415.3841256865435,26,3,2017-01-01
catboost_cal,2017-05-01,7651.0,8032.347011499725,26,4,2017-01-01
catboost_cal,2017-06-01,8009.0,8251.90508060286,26,5,2017-01-01
catboost_cal,2017-07-01,8694.0,8303.4512774281,26,6,2017-01-01
catboost_cal,2017-03-01,6794.0,7043.108513347346,27,1,2017-02-01
catboost_cal,2017-04-01,6884.0,7317.349739934283,27,2,2017-02-01
catboost_cal,2017-05-01,7651.0,7710.30272124567,27,3,2017-02-01
catboost_cal,2017-06-01,8009.0,8167.091594341833,27,4,2017-02-01
catboost_cal,2017-07-01,8694.0,8160.491124564148,27,5,2017-02-01
catboost_cal,2017-08-01,8130.0,7878.832184681424,27,6,2017-02-01
catboost_cal,2017-04-01,6884.0,7298.008442207803,28,1,2017-03-01
catboost_cal,2017-05-01,7651.0,7695.594645821819,28,2,2017-03-01
catboost_cal,2017-06-01,8009.0,8182.297077282806,28,3,2017-03-01
catboost_cal,2017-07-01,8694.0,8180.529508082465,28,4,2017-03-01
catboost_cal,2017-08-01,8130.0,7814.3518290514485,28,5,2017-03-01
catboost_cal,2017-09-01,7446.0,7532.279150926417,28,6,2017-03-01
catboost_cal,2017-05-01,7651.0,7592.981390599524,29,1,2017-04-01
catboost_cal,2017-06-01,8009.0,7971.670979491606,29,2,2017-04-01
catboost_cal,2017-07-01,8694.0,7950.037512391416,29,3,2017-04-01
catboost_cal,2017-08-01,8130.0,7787.133978423362,29,4,2017-04-01
catboost_cal,2017-09-01,7446.0,7579.458890446611,29,5,2017-04-01
catboost_cal,2017-10-01,7282.0,7301.810411685891,29,6,2017-04-01
catboost_cal,2017-06-01,8009.0,8036.364364081141,30,1,2017-05-01
catboost_cal,2017-07-01,8694.0,8018.060428767755,30,2,2017-05-01
catboost_cal,2017-08-01,8130.0,7795.754909688655,30,3,2017-05-01
catboost_cal,2017-09-01,7446.0,7578.613893492292,30,4,2017-05-01
catboost_cal,2017-10-01,7282.0,7356.196812039731,30,5,2017-05-01
catboost_cal,2017-11-01,6830.0,6981.0954144237885,30,6,2017-05-01
catboost_cal,2017-07-01,8694.0,8077.421906233664,31,1,2017-06-01
catboost_cal,2017-08-01,8130.0,7823.288853497515,31,2,2017-06-01
catboost_cal,2017-09-01,7446.0,7608.304697736146,31,3,2017-06-01
catboost_cal,2017-10-01,7282.0,7267.532108516969,31,4,2017-06-01
catboost_cal,2017-11-01,6830.0,6924.7415251969,31,5,2017-06-01
catboost_cal,2017-12-01,6946.0,6861.2189210906345,31,6,2017-06-01
catboost_cal,2017-08-01,8130.0,7919.323692339657,32,1,2017-07-01
catboost_cal,2017-09-01,7446.0,7548.491170217934,32,2,2017-07-01
catboost_cal,2017-10-01,7282.0,7334.392167794423,32,3,2017-07-01
catboost_cal,2017-11-01,6830.0,7105.284943352133,32,4,2017-07-01
catboost_cal,2017-12-01,6946.0,6854.119447720554,32,5,2017-07-01
catboost_cal,2018-01-01,6886.0,6738.426104091616,32,6,2017-07-01
catboost_cal,2017-09-01,7446.0,7640.343229457315,33,1,2017-08-01
catboost_cal,2017-10-01,7282.0,7366.62285443899,33,2,2017-08-01
catboost_cal,2017-11-01,6830.0,7149.31674903836,33,3,2017-08-01
catboost_cal,2017-12-01,6946.0,6865.57367269851,33,4,2017-08-01
catboost_cal,2018-01-01,6886.0,6770.474129024819,33,5,2017-08-01
catboost_cal,2018-02-01,5960.0,6567.912523539818,33,6,2017-08-01
catboost_cal,2017-10-01,7282.0,7375.845648127526,34,1,2017-09-01
catboost_cal,2017-11-01,6830.0,7067.054712830824,34,2,2017-09-01
catboost_cal,2017-12-01,6946.0,6891.346302048968,34,3,2017-09-01
catboost_cal,2018-01-01,6886.0,6722.186368827326,34,4,2017-09-01
catboost_cal,2018-02-01,5960.0,6494.688701238306,34,5,2017-09-01
catboost_cal,2018-03-01,6930.0,6556.999090381015,34,6,2017-09-01
catboost_cal,2017-11-01,6830.0,7194.293542357921,35,1,2017-10-01
catboost_cal,2017-12-01,6946.0,6845.392674877573,35,2,2017-10-01
catboost_cal,2018-01-01,6886.0,6757.309913772901,35,3,2017-10-01
catboost_cal,2018-02-01,5960.0,6509.972582621019,35,4,2017-10-01
catboost_cal,2018-03-01,6930.0,6554.275679698563,35,5,2017-10-01
catboost_cal,2018-04-01,6769.0,6986.473837103939,35,6,2017-10-01
catboost_cal,2017-12-01,6946.0,6792.794679286119,36,1,2017-11-01
catboost_cal,2018-01-01,6886.0,6712.032839310333,36,2,2017-11-01
catboost_cal,2018-02-01,5960.0,6476.667018139755,36,3,2017-11-01
catboost_cal,2018-03-01,6930.0,6613.354186105889,36,4,2017-11-01
catboost_cal,2018-04-01,6769.0,6875.856991195077,36,5,2017-11-01
catboost_cal,2018-05-01,7511.0,7691.505190632503,36,6,2017-11-01
catboost_cal,2018-01-01,6886.0,6775.2435475982375,37,1,2017-12-01
catboost_cal,2018-02-01,5960.0,6502.445496730661,37,2,2017-12-01
catboost_cal,2018-03-01,6930.0,6681.305391682101,37,3,2017-12-01
catboost_cal,2018-04-01,6769.0,7025.627901831972,37,4,2017-12-01
catboost_cal,2018-05-01,7511.0,7762.009042654308,37,5,2017-12-01
catboost_cal,2018-06-01,8057.0,8098.193274736721,37,6,2017-12-01
catboost_cal,2018-02-01,5960.0,6501.748142133103,38,1,2018-01-01
catboost_cal,2018-03-01,6930.0,6685.237589730782,38,2,2018-01-01
catboost_cal,2018-04-01,6769.0,7044.014949663933,38,3,2018-01-01
catboost_cal,2018-05-01,7511.0,7781.063235135786,38,4,2018-01-01
catboost_cal,2018-06-01,8057.0,8102.142227278405,38,5,2018-01-01
catboost_cal,2018-07-01,8175.0,8467.767647369157,38,6,2018-01-01
catboost_cal,2018-03-01,6930.0,6544.142614732054,39,1,2018-02-01
catboost_cal,2018-04-01,6769.0,6936.0936869963625,39,2,2018-02-01
catboost_cal,2018-05-01,7511.0,7741.099812290014,39,3,2018-02-01
catboost_cal,2018-06-01,8057.0,7974.502900902217,39,4,2018-02-01
catboost_cal,2018-07-01,8175.0,8336.939741795508,39,5,2018-02-01
catboost_cal,2018-08-01,8328.0,7968.588095180321,39,6,2018-02-01
catboost_cal,2018-04-01,6769.0,6934.0708822856495,40,1,2018-03-01
catboost_cal,2018-05-01,7511.0,7763.7895879878,40,2,2018-03-01
catboost_cal,2018-06-01,8057.0,8172.930868531852,40,3,2018-03-01
catboost_cal,2018-07-01,8175.0,8475.213676608562,40,4,2018-03-01
catboost_cal,2018-08-01,8328.0,7937.6180180278125,40,5,2018-03-01
catboost_cal,2018-09-01,7325.0,7539.465705082371,40,6,2018-03-01
catboost_cal,2018-05-01,7511.0,7731.351758540567,41,1,2018-04-01
catboost_cal,2018-06-01,8057.0,8166.506200540618,41,2,2018-04-01
catboost_cal,2018-07-01,8175.0,8430.59053870097,41,3,2018-04-01
catboost_cal,2018-08-01,8328.0,8055.9060661948815,41,4,2018-04-01
catboost_cal,2018-09-01,7325.0,7587.120724114764,41,5,2018-04-01
catboost_cal,2018-10-01,7202.0,7196.594326456124,41,6,2018-04-01
catboost_cal,2018-06-01,8057.0,8046.974830216696,42,1,2018-05-01
catboost_cal,2018-07-01,8175.0,8376.09764956165,42,2,2018-05-01
catboost_cal,2018-08-01,8328.0,7985.385183754845,42,3,2018-05-01
catboost_cal,2018-09-01,7325.0,7530.154484698704,42,4,2018-05-01
catboost_cal,2018-10-01,7202.0,7292.249551262249,42,5,2018-05-01
catboost_cal,2018-11-01,7161.0,6928.368359753957,42,6,2018-05-01
catboost_cal,2018-07-01,8175.0,8389.37398595106,43,1,2018-06-01
catboost_cal,2018-08-01,8328.0,8022.058718706782,43,2,2018-06-01
catboost_cal,2018-09-01,7325.0,7507.777226475897,43,3,2018-06-01
catboost_cal,2018-10-01,7202.0,7266.765602103722,43,4,2018-06-01
catboost_cal,2018-11-01,7161.0,6894.589927480594,43,5,2018-06-01
catboost_cal,2018-12-01,7409.0,6899.289234751718,43,6,2018-06-01
catboost_cal,2018-08-01,8328.0,8004.0076257619785,44,1,2018-07-01
catboost_cal,2018-09-01,7325.0,7495.066188878745,44,2,2018-07-01
catboost_cal,2018-10-01,7202.0,7228.638207532157,44,3,2018-07-01
catboost_cal,2018-11-01,7161.0,6842.571873852756,44,4,2018-07-01
catboost_cal,2018-12-01,7409.0,6886.893060885549,44,5,2018-07-01
catboost_cal,2019-01-01,7117.0,6795.199643574554,44,6,2018-07-01
catboost_cal,2018-09-01,7325.0,7536.592325950233,45,1,2018-08-01
catboost_cal,2018-10-01,7202.0,7262.804437316862,45,2,2018-08-01
catboost_cal,2018-11-01,7161.0,6886.330419923579,45,3,2018-08-01
catboost_cal,2018-12-01,7409.0,6881.714915066848,45,4,2018-08-01
catboost_cal,2019-01-01,7117.0,6794.933825442665,45,5,2018-08-01
catboost_cal,2019-02-01,6307.0,6221.893356604688,45,6,2018-08-01
catboost_cal,2018-10-01,7202.0,7285.133413017112,46,1,2018-09-01
catboost_cal,2018-11-01,7161.0,6891.589829158664,46,2,2018-09-01
catboost_cal,2018-12-01,7409.0,6890.041729585511,46,3,2018-09-01
catboost_cal,2019-01-01,7117.0,6811.906259157962,46,4,2018-09-01
catboost_cal,2019-02-01,6307.0,6216.234086785916,46,5,2018-09-01
catboost_cal,2019-03-01,7067.0,6609.767243737251,46,6,2018-09-01
catboost_cal,2018-11-01,7161.0,6928.375868960676,47,1,2018-10-01
catboost_cal,2018-12-01,7409.0,6870.671474481401,47,2,2018-10-01
catboost_cal,2019-01-01,7117.0,6811.502153873425,47,3,2018-10-01
catboost_cal,2019-02-01,6307.0,6238.8992486464995,47,4,2018-10-01
catboost_cal,2019-03-01,7067.0,6574.929698516741,47,5,2018-10-01
catboost_cal,2019-04-01,7108.0,6762.216434804931,47,6,2018-10-01
catboost_cal,2018-12-01,7409.0,6903.4851569604,48,1,2018-11-01
catboost_cal,2019-01-01,7117.0,6846.344634445584,48,2,2018-11-01
catboost_cal,2019-02-01,6307.0,6305.2334379948425,48,3,2018-11-01
catboost_cal,2019-03-01,7067.0,6636.854201804176,48,4,2018-11-01
catboost_cal,2019-04-01,7108.0,6820.233199205083,48,5,2018-11-01
catboost_cal,2019-05-01,7776.0,7517.545366289141,48,6,2018-11-01
catboost_cal,2019-01-01,7117.0,6975.486418135773,49,1,2018-12-01
catboost_cal,2019-02-01,6307.0,6525.46402735564,49,2,2018-12-01
catboost_cal,2019-03-01,7067.0,6729.49745714774,49,3,2018-12-01
catboost_cal,2019-04-01,7108.0,6772.438439096048,49,4,2018-12-01
catboost_cal,2019-05-01,7776.0,7547.841845553971,49,5,2018-12-01
catboost_cal,2019-06-01,8274.0,7938.889300636568,49,6,2018-12-01
catboost_cal,2019-02-01,6307.0,6502.647618461756,50,1,2019-01-01
catboost_cal,2019-03-01,7067.0,6784.207987978817,50,2,2019-01-01
catboost_cal,2019-04-01,7108.0,6888.471381097267,50,3,2019-01-01
catboost_cal,2019-05-01,7776.0,7505.359653144893,50,4,2019-01-01
catboost_cal,2019-06-01,8274.0,8037.916637237896,50,5,2019-01-01
catboost_cal,2019-07-01,8919.0,8291.345606085126,50,6,2019-01-01
catboost_cal,2019-03-01,7067.0,6811.4923744656035,51,1,2019-02-01
catboost_cal,2019-04-01,7108.0,6927.160704178077,51,2,2019-02-01
catboost_cal,2019-05-01,7776.0,7499.3989831307435,51,3,2019-02-01
catboost_cal,2019-06-01,8274.0,8057.54476069188,51,4,2019-02-01
catboost_cal,2019-07-01,8919.0,8347.871128478091,51,5,2019-02-01
catboost_cal,2019-08-01,8180.0,8125.866024521807,51,6,2019-02-01
catboost_cal,2019-04-01,7108.0,6920.657096247262,52,1,2019-03-01
catboost_cal,2019-05-01,7776.0,7599.335467286443,52,2,2019-03-01
catboost_cal,2019-06-01,8274.0,8095.131669027616,52,3,2019-03-01
catboost_cal,2019-07-01,8919.0,8259.400421904573,52,4,2019-03-01
catboost_cal,2019-08-01,8180.0,8139.924409459246,52,5,2019-03-01
catboost_cal,2019-09-01,7664.0,7496.609523482864,52,6,2019-03-01
catboost_cal,2019-05-01,7776.0,7563.74973385175,53,1,2019-04-01
catboost_cal,2019-06-01,8274.0,8139.43202733784,53,2,2019-04-01
catboost_cal,2019-07-01,8919.0,8302.466257311344,53,3,2019-04-01
catboost_cal,2019-08-01,8180.0,8044.429126799045,53,4,2019-04-01
catboost_cal,2019-09-01,7664.0,7587.206244727786,53,5,2019-04-01
catboost_cal,2019-10-01,7254.0,7522.65418669225,53,6,2019-04-01
catboost_cal,2019-06-01,8274.0,8178.894568588495,54,1,2019-05-01
catboost_cal,2019-07-01,8919.0,8278.134187174874,54,2,2019-05-01
catboost_cal,2019-08-01,8180.0,8044.17420428202,54,3,2019-05-01
catboost_cal,2019-09-01,7664.0,7596.043634728761,54,4,2019-05-01
catboost_cal,2019-10-01,7254.0,7526.092795005932,54,5,2019-05-01
catboost_cal,2019-11-01,6785.0,7252.483069387438,54,6,2019-05-01
catboost_cal,2019-07-01,8919.0,8335.913480487045,55,1,2019-06-01
catboost_cal,2019-08-01,8180.0,8054.918822149389,55,2,2019-06-01
catboost_cal,2019-09-01,7664.0,7544.163599331226,55,3,2019-06-01
catboost_cal,2019-10-01,7254.0,7532.962907177199,55,4,2019-06-01
catboost_cal,2019-11-01,6785.0,7256.988921847001,55,5,2019-06-01
catboost_cal,2019-12-01,6987.0,7276.395477988828,55,6,2019-06-01
catboost_cal,2019-08-01,8180.0,8065.835176303711,56,1,2019-07-01
catboost_cal,2019-09-01,7664.0,7602.3177564967855,56,2,2019-07-01
catboost_cal,2019-10-01,7254.0,7679.393202937936,56,3,2019-07-01
catboost_cal,2019-11-01,6785.0,7384.780594449486,56,4,2019-07-01
catboost_cal,2019-12-01,6987.0,7384.60854263737,56,5,2019-07-01
catboost_cal,2020-01-01,7194.0,7101.506644647541,56,6,2019-07-01
catboost_cal,2019-09-01,7664.0,7667.44870500559,57,1,2019-08-01
catboost_cal,2019-10-01,7254.0,7684.737821057557,57,2,2019-08-01
catboost_cal,2019-11-01,6785.0,7466.484923784123,57,3,2019-08-01
catboost_cal,2019-12-01,6987.0,7430.168460395278,57,4,2019-08-01
catboost_cal,2020-01-01,7194.0,7083.161006140715,57,5,2019-08-01
catboost_cal,2020-02-01,6848.0,6510.305630010994,57,6,2019-08-01
catboost_cal,2019-10-01,7254.0,7602.427339343298,58,1,2019-09-01
catboost_cal,2019-11-01,6785.0,7501.975587298761,58,2,2019-09-01
catboost_cal,2019-12-01,6987.0,7321.211118911476,58,3,2019-09-01
catboost_cal,2020-01-01,7194.0,7112.758426509836,58,4,2019-09-01
catboost_cal,2020-02-01,6848.0,6461.238074362536,58,5,2019-09-01
catboost_cal,2020-03-01,7324.0,7070.80659490011,58,6,2019-09-01
catboost_cal,2019-11-01,6785.0,7449.614015300798,59,1,2019-10-01
catboost_cal,2019-12-01,6987.0,7383.358361878806,59,2,2019-10-01
catboost_cal,2020-01-01,7194.0,7122.655710977076,59,3,2019-10-01
catboost_cal,2020-02-01,6848.0,6484.5051787183975,59,4,2019-10-01
catboost_cal,2020-03-01,7324.0,7050.198065921537,59,5,2019-10-01
catboost_cal,2020-04-01,5978.0,7034.1066825795315,59,6,2019-10-01
catboost_cal,2019-12-01,6987.0,7267.407047180071,60,1,2019-11-01
catboost_cal,2020-01-01,7194.0,6983.253806749765,60,2,2019-11-01
catboost_cal,2020-02-01,6848.0,6318.284721059552,60,3,2019-11-01
catboost_cal,2020-03-01,7324.0,7033.765824699206,60,4,2019-11-01
catboost_cal,2020-04-01,5978.0,6983.681517679873,60,5,2019-11-01
catboost_cal,2020-05-01,7062.0,7712.290960649756,60,6,2019-11-01
catboost_cal,2020-01-01,7194.0,6833.272406802435,61,1,2019-12-01
catboost_cal,2020-02-01,6848.0,6229.89071217578,61,2,2019-12-01
catboost_cal,2020-03-01,7324.0,6820.093037932866,61,3,2019-12-01
catboost_cal,2020-04-01,5978.0,6884.281685883561,61,4,2019-12-01
catboost_cal,2020-05-01,7062.0,7620.159870577628,61,5,2019-12-01
catboost_cal,2020-06-01,6948.0,8077.206940725489,61,6,2019-12-01
catboost_cal,2020-02-01,6848.0,6232.041051019303,62,1,2020-01-01
catboost_cal,2020-03-01,7324.0,6934.67728407716,62,2,2020-01-01
catboost_cal,2020-04-01,5978.0,7030.422660274179,62,3,2020-01-01
catboost_cal,2020-05-01,7062.0,7710.596925648211,62,4,2020-01-01
catboost_cal,2020-06-01,6948.0,8140.717888718576,62,5,2020-01-01
catboost_cal,2020-07-01,7392.0,8484.778897197242,62,6,2020-01-01
catboost_cal,2020-03-01,7324.0,6992.1440335145235,63,1,2020-02-01
catboost_cal,2020-04-01,5978.0,7131.805344945017,63,2,2020-02-01
catboost_cal,2020-05-01,7062.0,7850.4783794662635,63,3,2020-02-01
catboost_cal,2020-06-01,6948.0,8287.981240814885,63,4,2020-02-01
catboost_cal,2020-07-01,7392.0,8634.930832821863,63,5,2020-02-01
catboost_cal,2020-08-01,7678.0,8222.085219251896,63,6,2020-02-01
catboost_cal,2020-04-01,5978.0,7284.613405642107,64,1,2020-03-01
catboost_cal,2020-05-01,7062.0,7925.181291000492,64,2,2020-03-01
catboost_cal,2020-06-01,6948.0,8453.77639357035,64,3,2020-03-01
catboost_cal,2020-07-01,7392.0,8570.6866430697,64,4,2020-03-01
catboost_cal,2020-08-01,7678.0,7992.692545581658,64,5,2020-03-01
catboost_cal,2020-09-01,7005.0,7558.606887146533,64,6,2020-03-01
catboost_cal,2020-05-01,7062.0,7755.210637847625,65,1,2020-04-01
catboost_cal,2020-06-01,6948.0,8199.820110285327,65,2,2020-04-01
catboost_cal,2020-07-01,7392.0,8288.150745596087,65,3,2020-04-01
catboost_cal,2020-08-01,7678.0,7995.582530835951,65,4,2020-04-01
catboost_cal,2020-09-01,7005.0,7615.424477062613,65,5,2020-04-01
catboost_cal,2020-10-01,7385.0,7172.335616017435,65,6,2020-04-01
catboost_cal,2020-06-01,6948.0,7960.102924427271,66,1,2020-05-01
catboost_cal,2020-07-01,7392.0,8259.265974338432,66,2,2020-05-01
catboost_cal,2020-08-01,7678.0,8105.177099362503,66,3,2020-05-01
catboost_cal,2020-09-01,7005.0,7714.677299278082,66,4,2020-05-01
catboost_cal,2020-10-01,7385.0,7218.574230128587,66,5,2020-05-01
catboost_cal,2020-11-01,6872.0,6918.815992022905,66,6,2020-05-01
catboost_cal,2020-07-01,7392.0,7902.798917920174,67,1,2020-06-01
catboost_cal,2020-08-01,7678.0,7971.894857847928,67,2,2020-06-01
catboost_cal,2020-09-01,7005.0,7729.249006296588,67,3,2020-06-01
catboost_cal,2020-10-01,7385.0,7221.018096086688,67,4,2020-06-01
catboost_cal,2020-11-01,6872.0,6869.985347570291,67,5,2020-06-01
catboost_cal,2020-12-01,6781.0,7049.935360167671,67,6,2020-06-01
catboost_cal,2020-08-01,7678.0,7802.152499387535,68,1,2020-07-01
catboost_cal,2020-09-01,7005.0,7674.149015283185,68,2,2020-07-01
catboost_cal,2020-10-01,7385.0,7315.013989109564,68,3,2020-07-01
catboost_cal,2020-11-01,6872.0,6939.815934770246,68,4,2020-07-01
catboost_cal,2020-12-01,6781.0,7015.497052539162,68,5,2020-07-01
catboost_cal,2021-01-01,6917.0,7108.2538464321915,68,6,2020-07-01
catboost_cal,2020-09-01,7005.0,7621.53777590999,69,1,2020-08-01
catboost_cal,2020-10-01,7385.0,7242.955911013472,69,2,2020-08-01
catboost_cal,2020-11-01,6872.0,6878.14843489866,69,3,2020-08-01
catboost_cal,2020-12-01,6781.0,6943.662746228558,69,4,2020-08-01
catboost_cal,2021-01-01,6917.0,7005.641522027479,69,5,2020-08-01
catboost_cal,2021-02-01,6217.0,6914.474279735095,69,6,2020-08-01
catboost_cal,2020-10-01,7385.0,7050.594620370553,70,1,2020-09-01
catboost_cal,2020-11-01,6872.0,6828.092969199647,70,2,2020-09-01
catboost_cal,2020-12-01,6781.0,7024.145720415708,70,3,2020-09-01
catboost_cal,2021-01-01,6917.0,6950.199546888895,70,4,2020-09-01
catboost_cal,2021-02-01,6217.0,6728.963511573111,70,5,2020-09-01
catboost_cal,2021-03-01,7569.0,6958.528736332062,70,6,2020-09-01
catboost_cal,2020-11-01,6872.0,6904.8855916548555,71,1,2020-10-01
catboost_cal,2020-12-01,6781.0,7049.785198012759,71,2,2020-10-01
catboost_cal,2021-01-01,6917.0,7109.121073057476,71,3,2020-10-01
catboost_cal,2021-02-01,6217.0,6812.253087772628,71,4,2020-10-01
catboost_cal,2021-03-01,7569.0,7031.796889015088,71,5,2020-10-01
catboost_cal,2021-04-01,6917.0,6558.449032672837,71,6,2020-10-01
catboost_cal,2020-12-01,6781.0,6996.464231061169,72,1,2020-11-01
catboost_cal,2021-01-01,6917.0,7135.17064665485,72,2,2020-11-01
catboost_cal,2021-02-01,6217.0,6852.786508659122,72,3,2020-11-01
catboost_cal,2021-03-01,7569.0,6999.428284050874,72,4,2020-11-01
catboost_cal,2021-04-01,6917.0,6532.344792334695,72,5,2020-11-01
catboost_cal,2021-05-01,8253.0,7089.025500672879,72,6,2020-11-01
catboost_cal,2021-01-01,6917.0,6979.749484848243,73,1,2020-12-01
catboost_cal,2021-02-01,6217.0,6855.649536564823,73,2,2020-12-01
catboost_cal,2021-03-01,7569.0,6978.982223113035,73,3,2020-12-01
catboost_cal,2021-04-01,6917.0,6621.68099746316,73,4,2020-12-01
catboost_cal,2021-05-01,8253.0,7201.9707629361465,73,5,2020-12-01
catboost_cal,2021-06-01,8153.0,7379.736292785328,73,6,2020-12-01
catboost_cal,2021-02-01,6217.0,6726.480503174201,74,1,2021-01-01
catboost_cal,2021-03-01,7569.0,6905.993641344015,74,2,2021-01-01
catboost_cal,2021-04-01,6917.0,6490.7587102447715,74,3,2021-01-01
catboost_cal,2021-05-01,8253.0,7150.258501648303,74,4,2021-01-01
catboost_cal,2021-06-01,8153.0,7427.601306963263,74,5,2021-01-01
catboost_cal,2021-07-01,9251.0,7652.007512938486,74,6,2021-01-01
catboost_cal,2021-03-01,7569.0,6917.179493213188,75,1,2021-02-01
catboost_cal,2021-04-01,6917.0,6483.456392462742,75,2,2021-02-01
catboost_cal,2021-05-01,8253.0,7141.197214640946,75,3,2021-02-01
catboost_cal,2021-06-01,8153.0,7432.752591058243,75,4,2021-02-01
catboost_cal,2021-07-01,9251.0,7763.69476405375,75,5,2021-02-01
catboost_cal,2021-08-01,8830.0,7919.616801041356,75,6,2021-02-01
catboost_cal,2021-04-01,6917.0,6584.661582972327,76,1,2021-03-01
catboost_cal,2021-05-01,8253.0,7199.967227881483,76,2,2021-03-01
catboost_cal,2021-06-01,8153.0,7466.929012654364,76,3,2021-03-01
catboost_cal,2021-07-01,9251.0,7753.757477814359,76,4,2021-03-01
catboost_cal,2021-08-01,8830.0,7790.1825090528555,76,5,2021-03-01
catboost_cal,2021-09-01,7512.0,7152.908282937525,76,6,2021-03-01
catboost_cal,2021-05-01,8253.0,7225.731799364214,77,1,2021-04-01
catboost_cal,2021-06-01,8153.0,7515.147652784335,77,2,2021-04-01
catboost_cal,2021-07-01,9251.0,7781.28375561647,77,3,2021-04-01
catboost_cal,2021-08-01,8830.0,7735.775032969115,77,4,2021-04-01
catboost_cal,2021-09-01,7512.0,7257.728938429293,77,5,2021-04-01
catboost_cal,2021-10-01,7656.0,7231.703793434438,77,6,2021-04-01
catboost_cal,2021-06-01,8153.0,7879.218776466327,78,1,2021-05-01
catboost_cal,2021-07-01,9251.0,8077.255144177221,78,2,2021-05-01
catboost_cal,2021-08-01,8830.0,7808.014152907641,78,3,2021-05-01
catboost_cal,2021-09-01,7512.0,7202.854247345766,78,4,2021-05-01
catboost_cal,2021-10-01,7656.0,7284.481486308946,78,5,2021-05-01
catboost_cal,2021-11-01,7603.0,6881.772759923431,78,6,2021-05-01
catboost_cal,2021-07-01,9251.0,8055.728574351238,79,1,2021-06-01
catboost_cal,2021-08-01,8830.0,7885.120632018655,79,2,2021-06-01
catboost_cal,2021-09-01,7512.0,7181.4757369155595,79,3,2021-06-01
catboost_cal,2021-10-01,7656.0,7275.419029457893,79,4,2021-06-01
catboost_cal,2021-11-01,7603.0,6848.16974387924,79,5,2021-06-01
catboost_cal,2021-12-01,8237.0,6866.269424911149,79,6,2021-06-01
catboost_cal,2021-08-01,8830.0,7913.94448060226,80,1,2021-07-01
catboost_cal,2021-09-01,7512.0,7279.454646011503,80,2,2021-07-01
catboost_cal,2021-10-01,7656.0,7347.170243438442,80,3,2021-07-01
catboost_cal,2021-11-01,7603.0,6921.141082979013,80,4,2021-07-01
catboost_cal,2021-12-01,8237.0,6899.500422142364,80,5,2021-07-01
catboost_cal,2022-01-01,9582.0,7074.78157647761,80,6,2021-07-01
catboost_cal,2021-09-01,7512.0,7421.278802579974,81,1,2021-08-01
catboost_cal,2021-10-01,7656.0,7355.101264296339,81,2,2021-08-01
catboost_cal,2021-11-01,7603.0,7080.842010716058,81,3,2021-08-01
catboost_cal,2021-12-01,8237.0,6925.691150911078,81,4,2021-08-01
catboost_cal,2022-01-01,9582.0,7122.8169702238565,81,5,2021-08-01
catboost_cal,2022-02-01,7227.0,6395.889168703556,81,6,2021-08-01
catboost_cal,2021-10-01,7656.0,7351.499268556462,82,1,2021-09-01
catboost_cal,2021-11-01,7603.0,6970.256416655483,82,2,2021-09-01
catboost_cal,2021-12-01,8237.0,7013.365682397078,82,3,2021-09-01
catboost_cal,2022-01-01,9582.0,7134.071011915165,82,4,2021-09-01
catboost_cal,2022-02-01,7227.0,6591.589921892482,82,5,2021-09-01
catboost_cal,2022-03-01,7504.0,7098.657486484502,82,6,2021-09-01
catboost_cal,2021-11-01,7603.0,7140.053583523238,83,1,2021-10-01
catboost_cal,2021-12-01,8237.0,7053.9516220814185,83,2,2021-10-01
catboost_cal,2022-01-01,9582.0,7140.701636687892,83,3,2021-10-01
catboost_cal,2022-02-01,7227.0,6583.735040176054,83,4,2021-10-01
catboost_cal,2022-03-01,7504.0,7194.2854006782645,83,5,2021-10-01
catboost_cal,2022-04-01,7589.0,6512.020367547387,83,6,2021-10-01
catboost_cal,2021-12-01,8237.0,7156.3323846181875,84,1,2021-11-01
catboost_cal,2022-01-01,9582.0,7252.401951602492,84,2,2021-11-01
catboost_cal,2022-02-01,7227.0,6652.149062920989,84,3,2021-11-01
catboost_cal,2022-03-01,7504.0,7129.7597826125875,84,4,2021-11-01
catboost_cal,2022-04-01,7589.0,6500.055649250948,84,5,2021-11-01
catboost_cal,2022-05-01,8846.0,7191.548246307856,84,6,2021-11-01
catboost_cal,2022-01-01,9582.0,7784.6629302093625,85,1,2021-12-01
catboost_cal,2022-02-01,7227.0,7234.213846653134,85,2,2021-12-01
catboost_cal,2022-03-01,7504.0,7271.4232954642475,85,3,2021-12-01
catboost_cal,2022-04-01,7589.0,6599.726814139165,85,4,2021-12-01
catboost_cal,2022-05-01,8846.0,7187.193782743691,85,5,2021-12-01
catboost_cal,2022-06-01,9057.0,7238.363337291996,85,6,2021-12-01
catboost_cal,2022-02-01,7227.0,7827.793034040849,86,1,2022-01-01
catboost_cal,2022-03-01,7504.0,7762.847056008947,86,2,2022-01-01
catboost_cal,2022-04-01,7589.0,7076.726223042751,86,3,2022-01-01
catboost_cal,2022-05-01,8846.0,7412.481156976371,86,4,2022-01-01
catboost_cal,2022-06-01,9057.0,7471.12449553018,86,5,2022-01-01
catboost_cal,2022-07-01,8699.0,8040.109482868111,86,6,2022-01-01
catboost_cal,2022-03-01,7504.0,7279.889056030322,87,1,2022-02-01
catboost_cal,2022-04-01,7589.0,6719.117653285836,87,2,2022-02-01
catboost_cal,2022-05-01,8846.0,7157.203017465366,87,3,2022-02-01
catboost_cal,2022-06-01,9057.0,7330.117181449124,87,4,2022-02-01
catboost_cal,2022-07-01,8699.0,7729.160660114558,87,5,2022-02-01
catboost_cal,2022-08-01,8834.0,7847.05366699757,87,6,2022-02-01
catboost_cal,2022-04-01,7589.0,6738.840656718931,88,1,2022-03-01
catboost_cal,2022-05-01,8846.0,7385.020836706578,88,2,2022-03-01
catboost_cal,2022-06-01,9057.0,7365.832071475228,88,3,2022-03-01
catboost_cal,2022-07-01,8699.0,7715.598528513196,88,4,2022-03-01
catboost_cal,2022-08-01,8834.0,7745.592347641459,88,5,2022-03-01
catboost_cal,2022-09-01,8228.0,7574.561442429212,88,6,2022-03-01
catboost_cal,2022-05-01,8846.0,7732.509832886526,89,1,2022-04-01
catboost_cal,2022-06-01,9057.0,8169.64346731261,89,2,2022-04-01
catboost_cal,2022-07-01,8699.0,8742.97304133422,89,3,2022-04-01
catboost_cal,2022-08-01,8834.0,8258.321666071657,89,4,2022-04-01
catboost_cal,2022-09-01,8228.0,7980.316003576853,89,5,2022-04-01
catboost_cal,2022-10-01,8388.0,7676.629540034153,89,6,2022-04-01
catboost_cal,2022-06-01,9057.0,8598.806705049288,90,1,2022-05-01
catboost_cal,2022-07-01,8699.0,8779.677168148659,90,2,2022-05-01
catboost_cal,2022-08-01,8834.0,8310.690029912526,90,3,2022-05-01
catboost_cal,2022-09-01,8228.0,8067.083475945276,90,4,2022-05-01
catboost_cal,2022-10-01,8388.0,7769.032994815952,90,5,2022-05-01
catboost_cal,2022-11-01,7588.0,8168.1854558893565,90,6,2022-05-01
catboost_cal,2022-07-01,8699.0,8996.407670071047,91,1,2022-06-01
catboost_cal,2022-08-01,8834.0,8329.56854396862,91,2,2022-06-01
catboost_cal,2022-09-01,8228.0,8126.558213580992,91,3,2022-06-01
catboost_cal,2022-10-01,8388.0,7954.112222044774,91,4,2022-06-01
catboost_cal,2022-11-01,7588.0,8333.24030187834,91,5,2022-06-01
catboost_cal,2022-12-01,7850.0,8443.417679722219,91,6,2022-06-01
catboost_cal,2022-08-01,8834.0,8259.246082198872,92,1,2022-07-01
catboost_cal,2022-09-01,8228.0,8091.269041364352,92,2,2022-07-01
catboost_cal,2022-10-01,8388.0,7944.672066521819,92,3,2022-07-01
catboost_cal,2022-11-01,7588.0,8291.653829413157,92,4,2022-07-01
catboost_cal,2022-12-01,7850.0,8401.704284043359,92,5,2022-07-01
catboost_cal,2023-01-01,7563.0,8578.237589448116,92,6,2022-07-01
catboost_cal,2022-09-01,8228.0,8241.945620522092,93,1,2022-08-01
catboost_cal,2022-10-01,8388.0,8190.153952126946,93,2,2022-08-01
catboost_cal,2022-11-01,7588.0,8605.22305617784,93,3,2022-08-01
catboost_cal,2022-12-01,7850.0,8486.94952540859,93,4,2022-08-01
catboost_cal,2023-01-01,7563.0,8782.46578733046,93,5,2022-08-01
catboost_cal,2023-02-01,6551.0,8248.87796010567,93,6,2022-08-01
catboost_cal,2022-10-01,8388.0,8291.140936988118,94,1,2022-09-01
catboost_cal,2022-11-01,7588.0,8622.668449957282,94,2,2022-09-01
catboost_cal,2022-12-01,7850.0,8521.679727656143,94,3,2022-09-01
catboost_cal,2023-01-01,7563.0,8923.112267018583,94,4,2022-09-01
catboost_cal,2023-02-01,6551.0,8236.590232336272,94,5,2022-09-01
catboost_cal,2023-03-01,7507.0,8093.540158287895,94,6,2022-09-01
catboost_cal,2022-11-01,7588.0,8674.313978486205,95,1,2022-10-01
catboost_cal,2022-12-01,7850.0,8463.32634288916,95,2,2022-10-01
catboost_cal,2023-01-01,7563.0,8808.416575430458,95,3,2022-10-01
catboost_cal,2023-02-01,6551.0,8365.67119076055,95,4,2022-10-01
catboost_cal,2023-03-01,7507.0,8218.001208542768,95,5,2022-10-01
catboost_cal,2023-04-01,7745.0,8424.613727625969,95,6,2022-10-01
catboost_cal,2022-12-01,7850.0,8132.138674309727,96,1,2022-11-01
catboost_cal,2023-01-01,7563.0,8496.75071963733,96,2,2022-11-01
catboost_cal,2023-02-01,6551.0,8124.426472740141,96,3,2022-11-01
catboost_cal,2023-03-01,7507.0,7953.636815752696,96,4,2022-11-01
catboost_cal,2023-04-01,7745.0,7962.009588093771,96,5,2022-11-01
catboost_cal,2023-05-01,8600.0,8550.151068651701,96,6,2022-11-01
catboost_cal,2023-01-01,7563.0,8178.261171611107,97,1,2022-12-01
catboost_cal,2023-02-01,6551.0,8165.878423724751,97,2,2022-12-01
catboost_cal,2023-03-01,7507.0,8118.430985508254,97,3,2022-12-01
catboost_cal,2023-04-01,7745.0,8067.357971875897,97,4,2022-12-01
catboost_cal,2023-05-01,8600.0,8463.865982466441,97,5,2022-12-01
catboost_cal,2023-06-01,9151.0,8750.249656152644,97,6,2022-12-01
catboost_cal,2023-02-01,6551.0,7551.716898339325,98,1,2023-01-01
catboost_cal,2023-03-01,7507.0,7583.606637552957,98,2,2023-01-01
catboost_cal,2023-04-01,7745.0,7608.552539293785,98,3,2023-01-01
catboost_cal,2023-05-01,8600.0,8281.86547817041,98,4,2023-01-01
catboost_cal,2023-06-01,9151.0,8757.582390298901,98,5,2023-01-01
catboost_cal,2023-07-01,9183.0,8760.092547052936,98,6,2023-01-01
catboost_cal,2023-03-01,7507.0,7146.944516330648,99,1,2023-02-01
catboost_cal,2023-04-01,7745.0,7071.134685905537,99,2,2023-02-01
catboost_cal,2023-05-01,8600.0,7611.879422806499,99,3,2023-02-01
catboost_cal,2023-06-01,9151.0,8245.388385501828,99,4,2023-02-01
catboost_cal,2023-07-01,9183.0,8578.32665932473,99,5,2023-02-01
catboost_cal,2023-08-01,8297.0,8263.32156995322,99,6,2023-02-01
catboost_cal,2023-04-01,7745.0,7217.304048713131,100,1,2023-03-01
catboost_cal,2023-05-01,8600.0,7854.852187241478,100,2,2023-03-01
catboost_cal,2023-06-01,9151.0,8298.640745331904,100,3,2023-03-01
catboost_cal,2023-07-01,9183.0,8551.728276619446,100,4,2023-03-01
catboost_cal,2023-08-01,8297.0,8447.900179920212,100,5,2023-03-01
catboost_cal,2023-09-01,7823.0,8049.460627814119,100,6,2023-03-01
catboost_cal,2023-05-01,8600.0,8264.794080590671,101,1,2023-04-01
catboost_cal,2023-06-01,9151.0,8681.383323163813,101,2,2023-04-01
catboost_cal,2023-07-01,9183.0,8667.273375758366,101,3,2023-04-01
catboost_cal,2023-08-01,8297.0,8511.985399001178,101,4,2023-04-01
catboost_cal,2023-09-01,7823.0,8045.3929129749185,101,5,2023-04-01
catboost_cal,2023-10-01,7507.0,7997.169286830435,101,6,2023-04-01
catboost_cal,2023-06-01,9151.0,8700.319119410917,102,1,2023-05-01
catboost_cal,2023-07-01,9183.0,8580.77034079216,102,2,2023-05-01
catboost_cal,2023-08-01,8297.0,8475.620829371008,102,3,2023-05-01
catboost_cal,2023-09-01,7823.0,7983.560774662575,102,4,2023-05-01
catboost_cal,2023-10-01,7507.0,7979.802525943845,102,5,2023-05-01
catboost_cal,2023-11-01,8107.0,7766.183086474565,102,6,2023-05-01
catboost_cal,2023-07-01,9183.0,8748.51783001991,103,1,2023-06-01
catboost_cal,2023-08-01,8297.0,8472.618697733174,103,2,2023-06-01
catboost_cal,2023-09-01,7823.0,8080.008953701717,103,3,2023-06-01
catboost_cal,2023-10-01,7507.0,8193.214504199703,103,4,2023-06-01
catboost_cal,2023-11-01,8107.0,8015.458913933345,103,5,2023-06-01
catboost_cal,2023-12-01,7504.0,7814.444127657379,103,6,2023-06-01
catboost_diff12,2015-01-01,7184.0,6170.090423950844,1,1,2014-12-01
catboost_diff12,2015-02-01,5958.0,6417.212661226915,1,2,2014-12-01
catboost_diff12,2015-03-01,6658.0,6485.040788285569,1,3,2014-12-01
catboost_diff12,2015-04-01,7069.0,6597.671731098854,1,4,2014-12-01
catboost_diff12,2015-05-01,8099.0,7485.962143685143,1,5,2014-12-01
catboost_diff12,2015-06-01,7868.0,7427.232673563552,1,6,2014-12-01
catboost_diff12,2015-02-01,5958.0,6446.4447220135335,2,1,2015-01-01
catboost_diff12,2015-03-01,6658.0,6485.808951412205,2,2,2015-01-01
catboost_diff12,2015-04-01,7069.0,6607.093360228088,2,3,2015-01-01
catboost_diff12,2015-05-01,8099.0,7578.972626317359,2,4,2015-01-01
catboost_diff12,2015-06-01,7868.0,7534.367665719019,2,5,2015-01-01
catboost_diff12,2015-07-01,7986.0,7430.871779432191,2,6,2015-01-01
catboost_diff12,2015-03-01,6658.0,6454.21052434336,3,1,2015-02-01
catboost_diff12,2015-04-01,7069.0,6559.55209469436,3,2,2015-02-01
catboost_diff12,2015-05-01,8099.0,7571.107641692079,3,3,2015-02-01
catboost_diff12,2015-06-01,7868.0,7513.396081195133,3,4,2015-02-01
catboost_diff12,2015-07-01,7986.0,7378.400192224358,3,5,2015-02-01
catboost_diff12,2015-08-01,7251.0,7796.307447786622,3,6,2015-02-01
catboost_diff12,2015-04-01,7069.0,6604.638492288259,4,1,2015-03-01
catboost_diff12,2015-05-01,8099.0,7546.161033761548,4,2,2015-03-01
catboost_diff12,2015-06-01,7868.0,7522.907714409209,4,3,2015-03-01
catboost_diff12,2015-07-01,7986.0,7391.653632072728,4,4,2015-03-01
catboost_diff12,2015-08-01,7251.0,7784.087367780172,4,5,2015-03-01
catboost_diff12,2015-09-01,7163.0,6906.90583425093,4,6,2015-03-01
catboost_diff12,2015-05-01,8099.0,7560.053418214436,5,1,2015-04-01
catboost_diff12,2015-06-01,7868.0,7518.992919450742,5,2,2015-04-01
catboost_diff12,2015-07-01,7986.0,7348.585487308422,5,3,2015-04-01
catboost_diff12,2015-08-01,7251.0,7921.371440901082,5,4,2015-04-01
catboost_diff12,2015-09-01,7163.0,7027.235301068462,5,5,2015-04-01
catboost_diff12,2015-10-01,6690.0,7089.4116441604865,5,6,2015-04-01
catboost_diff12,2015-06-01,7868.0,7582.473372128822,6,1,2015-05-01
catboost_diff12,2015-07-01,7986.0,7356.768912669028,6,2,2015-05-01
catboost_diff12,2015-08-01,7251.0,7812.680565324368,6,3,2015-05-01
catboost_diff12,2015-09-01,7163.0,7056.402130315284,6,4,2015-05-01
catboost_diff12,2015-10-01,6690.0,7130.245709170833,6,5,2015-05-01
catboost_diff12,2015-11-01,6392.0,6478.976166759811,6,6,2015-05-01
catboost_diff12,2015-07-01,7986.0,7471.400532197971,7,1,2015-06-01
catboost_diff12,2015-08-01,7251.0,7805.768796373438,7,2,2015-06-01
catboost_diff12,2015-09-01,7163.0,6984.021341696834,7,3,2015-06-01
catboost_diff12,2015-10-01,6690.0,7193.244859098559,7,4,2015-06-01
catboost_diff12,2015-11-01,6392.0,6514.203146777441,7,5,2015-06-01
catboost_diff12,2015-12-01,6753.0,6775.353733730195,7,6,2015-06-01
catboost_diff12,2015-08-01,7251.0,7914.467651803342,8,1,2015-07-01
catboost_diff12,2015-09-01,7163.0,6951.46990969133,8,2,2015-07-01
catboost_diff12,2015-10-01,6690.0,7342.560056972421,8,3,2015-07-01
catboost_diff12,2015-11-01,6392.0,6590.904595206951,8,4,2015-07-01
catboost_diff12,2015-12-01,6753.0,6783.864007873992,8,5,2015-07-01
catboost_diff12,2016-01-01,6753.0,7025.201252104195,8,6,2015-07-01
catboost_diff12,2015-09-01,7163.0,6888.827186462201,9,1,2015-08-01
catboost_diff12,2015-10-01,6690.0,7296.661666160054,9,2,2015-08-01
catboost_diff12,2015-11-01,6392.0,6730.279571839356,9,3,2015-08-01
catboost_diff12,2015-12-01,6753.0,6782.897332698042,9,4,2015-08-01
catboost_diff12,2016-01-01,6753.0,6996.589217764173,9,5,2015-08-01
catboost_diff12,2016-02-01,6385.0,6139.9234116662965,9,6,2015-08-01
catboost_diff12,2015-10-01,6690.0,7324.736690461994,10,1,2015-09-01
catboost_diff12,2015-11-01,6392.0,6590.837955642664,10,2,2015-09-01
catboost_diff12,2015-12-01,6753.0,6831.110294036249,10,3,2015-09-01
catboost_diff12,2016-01-01,6753.0,7016.651985138682,10,4,2015-09-01
catboost_diff12,2016-02-01,6385.0,6068.299351027813,10,5,2015-09-01
catboost_diff12,2016-03-01,7164.0,6537.328536838875,10,6,2015-09-01
catboost_diff12,2015-11-01,6392.0,6549.93629706644,11,1,2015-10-01
catboost_diff12,2015-12-01,6753.0,6789.953197383591,11,2,2015-10-01
catboost_diff12,2016-01-01,6753.0,6864.122050163794,11,3,2015-10-01
catboost_diff12,2016-02-01,6385.0,6040.0141514824245,11,4,2015-10-01
catboost_diff12,2016-03-01,7164.0,6296.112256004648,11,5,2015-10-01
catboost_diff12,2016-04-01,7192.0,6942.3506440481515,11,6,2015-10-01
catboost_diff12,2015-12-01,6753.0,6725.823736261186,12,1,2015-11-01
catboost_diff12,2016-01-01,6753.0,6853.6191654297845,12,2,2015-11-01
catboost_diff12,2016-02-01,6385.0,6050.055796029886,12,3,2015-11-01
catboost_diff12,2016-03-01,7164.0,6350.29360627456,12,4,2015-11-01
catboost_diff12,2016-04-01,7192.0,6940.422064560153,12,5,2015-11-01
catboost_diff12,2016-05-01,7743.0,8106.502633564377,12,6,2015-11-01
catboost_diff12,2016-01-01,6753.0,6860.028875999201,13,1,2015-12-01
catboost_diff12,2016-02-01,6385.0,6055.461061289984,13,2,2015-12-01
catboost_diff12,2016-03-01,7164.0,6332.684165561966,13,3,2015-12-01
catboost_diff12,2016-04-01,7192.0,6910.333803918087,13,4,2015-12-01
catboost_diff12,2016-05-01,7743.0,8084.61904167737,13,5,2015-12-01
catboost_diff12,2016-06-01,8767.0,7663.073957572551,13,6,2015-12-01
catboost_diff12,2016-02-01,6385.0,6074.2141883493805,14,1,2016-01-01
catboost_diff12,2016-03-01,7164.0,6363.526691872796,14,2,2016-01-01
catboost_diff12,2016-04-01,7192.0,6927.863587164154,14,3,2016-01-01
catboost_diff12,2016-05-01,7743.0,8077.478715986245,14,4,2016-01-01
catboost_diff12,2016-06-01,8767.0,7640.9038445483275,14,5,2016-01-01
catboost_diff12,2016-07-01,8479.0,7988.471454540388,14,6,2016-01-01
catboost_diff12,2016-03-01,7164.0,6337.949815192616,15,1,2016-02-01
catboost_diff12,2016-04-01,7192.0,6950.6646327649005,15,2,2016-02-01
catboost_diff12,2016-05-01,7743.0,8120.884882946025,15,3,2016-02-01
catboost_diff12,2016-06-01,8767.0,7774.9523614872205,15,4,2016-02-01
catboost_diff12,2016-07-01,8479.0,7996.419071904203,15,5,2016-02-01
catboost_diff12,2016-08-01,7890.0,7404.790821389358,15,6,2016-02-01
catboost_diff12,2016-04-01,7192.0,6879.3015400405075,16,1,2016-03-01
catboost_diff12,2016-05-01,7743.0,8070.436680761221,16,2,2016-03-01
catboost_diff12,2016-06-01,8767.0,7907.616705173681,16,3,2016-03-01
catboost_diff12,2016-07-01,8479.0,7955.146529064009,16,4,2016-03-01
catboost_diff12,2016-08-01,7890.0,7468.281577476764,16,5,2016-03-01
catboost_diff12,2016-09-01,7317.0,6993.899029404803,16,6,2016-03-01
catboost_diff12,2016-05-01,7743.0,8078.93440937098,17,1,2016-04-01
catboost_diff12,2016-06-01,8767.0,7948.8731818427505,17,2,2016-04-01
catboost_diff12,2016-07-01,8479.0,7967.963400470804,17,3,2016-04-01
catboost_diff12,2016-08-01,7890.0,7600.14570156606,17,4,2016-04-01
catboost_diff12,2016-09-01,7317.0,7053.508966207258,17,5,2016-04-01
catboost_diff12,2016-10-01,7426.0,6747.918791094127,17,6,2016-04-01
catboost_diff12,2016-06-01,8767.0,7878.079441031673,18,1,2016-05-01
catboost_diff12,2016-07-01,8479.0,7950.832134418553,18,2,2016-05-01
catboost_diff12,2016-08-01,7890.0,7453.189120864885,18,3,2016-05-01
catboost_diff12,2016-09-01,7317.0,7045.669884805341,18,4,2016-05-01
catboost_diff12,2016-10-01,7426.0,6704.162215650264,18,5,2016-05-01
catboost_diff12,2016-11-01,6700.0,6759.781824827788,18,6,2016-05-01
catboost_diff12,2016-07-01,8479.0,7973.360046110616,19,1,2016-06-01
catboost_diff12,2016-08-01,7890.0,7301.698025847907,19,2,2016-06-01
catboost_diff12,2016-09-01,7317.0,7136.998836267187,19,3,2016-06-01
catboost_diff12,2016-10-01,7426.0,6553.860580748065,19,4,2016-06-01
catboost_diff12,2016-11-01,6700.0,6596.009307285518,19,5,2016-06-01
catboost_diff12,2016-12-01,6994.0,6970.583631226933,19,6,2016-06-01
catboost_diff12,2016-08-01,7890.0,7268.2211480985825,20,1,2016-07-01
catboost_diff12,2016-09-01,7317.0,7196.219270404679,20,2,2016-07-01
catboost_diff12,2016-10-01,7426.0,6658.78324853783,20,3,2016-07-01
catboost_diff12,2016-11-01,6700.0,6721.822511976666,20,4,2016-07-01
catboost_diff12,2016-12-01,6994.0,7053.860397327173,20,5,2016-07-01
catboost_diff12,2017-01-01,6788.0,6864.051858318483,20,6,2016-07-01
catboost_diff12,2016-09-01,7317.0,7235.014042708643,21,1,2016-08-01
catboost_diff12,2016-10-01,7426.0,6557.160828943691,21,2,2016-08-01
catboost_diff12,2016-11-01,6700.0,6727.260451455554,21,3,2016-08-01
catboost_diff12,2016-12-01,6994.0,7137.425676936579,21,4,2016-08-01
catboost_diff12,2017-01-01,6788.0,6902.767500422287,21,5,2016-08-01
catboost_diff12,2017-02-01,6271.0,6380.088199834612,21,6,2016-08-01
catboost_diff12,2016-10-01,7426.0,6749.265484549237,22,1,2016-09-01
catboost_diff12,2016-11-01,6700.0,6575.325102180261,22,2,2016-09-01
catboost_diff12,2016-12-01,6994.0,7190.374133636956,22,3,2016-09-01
catboost_diff12,2017-01-01,6788.0,6953.809731072004,22,4,2016-09-01
catboost_diff12,2017-02-01,6271.0,6399.631739312222,22,5,2016-09-01
catboost_diff12,2017-03-01,6794.0,7121.650195178139,22,6,2016-09-01
catboost_diff12,2016-11-01,6700.0,6553.2880972190205,23,1,2016-10-01
catboost_diff12,2016-12-01,6994.0,7054.678655208749,23,2,2016-10-01
catboost_diff12,2017-01-01,6788.0,6966.509725752751,23,3,2016-10-01
catboost_diff12,2017-02-01,6271.0,6505.59532443171,23,4,2016-10-01
catboost_diff12,2017-03-01,6794.0,7222.712700930973,23,5,2016-10-01
catboost_diff12,2017-04-01,6884.0,7283.3341740555015,23,6,2016-10-01
catboost_diff12,2016-12-01,6994.0,7101.48135522531,24,1,2016-11-01
catboost_diff12,2017-01-01,6788.0,6963.498044860501,24,2,2016-11-01
catboost_diff12,2017-02-01,6271.0,6571.504977188163,24,3,2016-11-01
catboost_diff12,2017-03-01,6794.0,7217.536225283098,24,4,2016-11-01
catboost_diff12,2017-04-01,6884.0,7185.48300489808,24,5,2016-11-01
catboost_diff12,2017-05-01,7651.0,7590.583583349837,24,6,2016-11-01
catboost_diff12,2017-01-01,6788.0,6996.304057240191,25,1,2016-12-01
catboost_diff12,2017-02-01,6271.0,6487.358761373014,25,2,2016-12-01
catboost_diff12,2017-03-01,6794.0,7124.35350057441,25,3,2016-12-01
catboost_diff12,2017-04-01,6884.0,7280.077011305046,25,4,2016-12-01
catboost_diff12,2017-05-01,7651.0,7586.025695476355,25,5,2016-12-01
catboost_diff12,2017-06-01,8009.0,8559.274704934112,25,6,2016-12-01
catboost_diff12,2017-02-01,6271.0,6466.5298903166495,26,1,2017-01-01
catboost_diff12,2017-03-01,6794.0,7117.2660234640425,26,2,2017-01-01
catboost_diff12,2017-04-01,6884.0,7267.182862336739,26,3,2017-01-01
catboost_diff12,2017-05-01,7651.0,7481.027691264714,26,4,2017-01-01
catboost_diff12,2017-06-01,8009.0,8533.714183953236,26,5,2017-01-01
catboost_diff12,2017-07-01,8694.0,8426.333927484724,26,6,2017-01-01
catboost_diff12,2017-03-01,6794.0,7031.895816403892,27,1,2017-02-01
catboost_diff12,2017-04-01,6884.0,7343.992721009298,27,2,2017-02-01
catboost_diff12,2017-05-01,7651.0,7556.218665106647,27,3,2017-02-01
catboost_diff12,2017-06-01,8009.0,8471.020372926643,27,4,2017-02-01
catboost_diff12,2017-07-01,8694.0,8350.667821993364,27,5,2017-02-01
catboost_diff12,2017-08-01,8130.0,7749.659292991284,27,6,2017-02-01
catboost_diff12,2017-04-01,6884.0,7340.537513051554,28,1,2017-03-01
catboost_diff12,2017-05-01,7651.0,7570.654088790288,28,2,2017-03-01
catboost_diff12,2017-06-01,8009.0,8483.18508589545,28,3,2017-03-01
catboost_diff12,2017-07-01,8694.0,8354.845104639335,28,4,2017-03-01
catboost_diff12,2017-08-01,8130.0,7691.355506597571,28,5,2017-03-01
catboost_diff12,2017-09-01,7446.0,7515.4129019987395,28,6,2017-03-01
catboost_diff12,2017-05-01,7651.0,7450.5213977337635,29,1,2017-04-01
catboost_diff12,2017-06-01,8009.0,8445.729128072064,29,2,2017-04-01
catboost_diff12,2017-07-01,8694.0,8365.683939761237,29,3,2017-04-01
catboost_diff12,2017-08-01,8130.0,7702.693892101877,29,4,2017-04-01
catboost_diff12,2017-09-01,7446.0,7488.418002936514,29,5,2017-04-01
catboost_diff12,2017-10-01,7282.0,7195.3324858859,29,6,2017-04-01
catboost_diff12,2017-06-01,8009.0,8475.246118279252,30,1,2017-05-01
catboost_diff12,2017-07-01,8694.0,8360.958242706081,30,2,2017-05-01
catboost_diff12,2017-08-01,8130.0,7724.162837747575,30,3,2017-05-01
catboost_diff12,2017-09-01,7446.0,7403.4482645687785,30,4,2017-05-01
catboost_diff12,2017-10-01,7282.0,7426.35937120501,30,5,2017-05-01
catboost_diff12,2017-11-01,6830.0,6761.024907271526,30,6,2017-05-01
catboost_diff12,2017-07-01,8694.0,8318.822623370119,31,1,2017-06-01
catboost_diff12,2017-08-01,8130.0,7613.468843646894,31,2,2017-06-01
catboost_diff12,2017-09-01,7446.0,7501.026110504984,31,3,2017-06-01
catboost_diff12,2017-10-01,7282.0,7270.701628698766,31,4,2017-06-01
catboost_diff12,2017-11-01,6830.0,6684.0109183353825,31,5,2017-06-01
catboost_diff12,2017-12-01,6946.0,7364.6384250281135,31,6,2017-06-01
catboost_diff12,2017-08-01,8130.0,7653.015817168958,32,1,2017-07-01
catboost_diff12,2017-09-01,7446.0,7390.990209300082,32,2,2017-07-01
catboost_diff12,2017-10-01,7282.0,7298.067707651146,32,3,2017-07-01
catboost_diff12,2017-11-01,6830.0,6724.794291479082,32,4,2017-07-01
catboost_diff12,2017-12-01,6946.0,7350.621271454895,32,5,2017-07-01
catboost_diff12,2018-01-01,6886.0,6883.036682546474,32,6,2017-07-01
catboost_diff12,2017-09-01,7446.0,7368.8197918330625,33,1,2017-08-01
catboost_diff12,2017-10-01,7282.0,7288.146265607537,33,2,2017-08-01
catboost_diff12,2017-11-01,6830.0,6776.2508034482635,33,3,2017-08-01
catboost_diff12,2017-12-01,6946.0,7405.615218069013,33,4,2017-08-01
catboost_diff12,2018-01-01,6886.0,6949.77518358081,33,5,2017-08-01
catboost_diff12,2018-02-01,5960.0,6403.058226765627,33,6,2017-08-01
catboost_diff12,2017-10-01,7282.0,7305.63330262344,34,1,2017-09-01
catboost_diff12,2017-11-01,6830.0,6708.445199278589,34,2,2017-09-01
catboost_diff12,2017-12-01,6946.0,7370.355862111591,34,3,2017-09-01
catboost_diff12,2018-01-01,6886.0,6869.310519680879,34,4,2017-09-01
catboost_diff12,2018-02-01,5960.0,6328.695616459823,34,5,2017-09-01
catboost_diff12,2018-03-01,6930.0,7039.529320306254,34,6,2017-09-01
catboost_diff12,2017-11-01,6830.0,6782.6325716917745,35,1,2017-10-01
catboost_diff12,2017-12-01,6946.0,7368.961047116785,35,2,2017-10-01
catboost_diff12,2018-01-01,6886.0,6948.024718801246,35,3,2017-10-01
catboost_diff12,2018-02-01,5960.0,6332.361721037169,35,4,2017-10-01
catboost_diff12,2018-03-01,6930.0,7017.870424859773,35,5,2017-10-01
catboost_diff12,2018-04-01,6769.0,7167.108779869976,35,6,2017-10-01
catboost_diff12,2017-12-01,6946.0,7344.473305551653,36,1,2017-11-01
catboost_diff12,2018-01-01,6886.0,6871.745114486256,36,2,2017-11-01
catboost_diff12,2018-02-01,5960.0,6314.969050317289,36,3,2017-11-01
catboost_diff12,2018-03-01,6930.0,7019.494836056761,36,4,2017-11-01
catboost_diff12,2018-04-01,6769.0,7152.1176387303785,36,5,2017-11-01
catboost_diff12,2018-05-01,7511.0,7750.238797144175,36,6,2017-11-01
catboost_diff12,2018-01-01,6886.0,6805.018483940605,37,1,2017-12-01
catboost_diff12,2018-02-01,5960.0,6225.589398716359,37,2,2017-12-01
catboost_diff12,2018-03-01,6930.0,6958.729257053437,37,3,2017-12-01
catboost_diff12,2018-04-01,6769.0,7080.859272835174,37,4,2017-12-01
catboost_diff12,2018-05-01,7511.0,7631.811805306468,37,5,2017-12-01
catboost_diff12,2018-06-01,8057.0,8215.67537717698,37,6,2017-12-01
catboost_diff12,2018-02-01,5960.0,6303.426470051588,38,1,2018-01-01
catboost_diff12,2018-03-01,6930.0,6982.039797570745,38,2,2018-01-01
catboost_diff12,2018-04-01,6769.0,6973.518049944205,38,3,2018-01-01
catboost_diff12,2018-05-01,7511.0,7661.929626839881,38,4,2018-01-01
catboost_diff12,2018-06-01,8057.0,8300.732507778113,38,5,2018-01-01
catboost_diff12,2018-07-01,8175.0,9000.323806384324,38,6,2018-01-01
catboost_diff12,2018-03-01,6930.0,7009.319913714552,39,1,2018-02-01
catboost_diff12,2018-04-01,6769.0,6946.190104229047,39,2,2018-02-01
catboost_diff12,2018-05-01,7511.0,7599.321159002881,39,3,2018-02-01
catboost_diff12,2018-06-01,8057.0,8281.210237183692,39,4,2018-02-01
catboost_diff12,2018-07-01,8175.0,8920.974171064157,39,5,2018-02-01
catboost_diff12,2018-08-01,8328.0,8442.133780943303,39,6,2018-02-01
catboost_diff12,2018-04-01,6769.0,6978.593290663883,40,1,2018-03-01
catboost_diff12,2018-05-01,7511.0,7626.767744123295,40,2,2018-03-01
catboost_diff12,2018-06-01,8057.0,8277.153495792501,40,3,2018-03-01
catboost_diff12,2018-07-01,8175.0,8964.347170846548,40,4,2018-03-01
catboost_diff12,2018-08-01,8328.0,8465.492925670222,40,5,2018-03-01
catboost_diff12,2018-09-01,7325.0,7600.136135741671,40,6,2018-03-01
catboost_diff12,2018-05-01,7511.0,7666.307306665064,41,1,2018-04-01
catboost_diff12,2018-06-01,8057.0,8230.631508244218,41,2,2018-04-01
catboost_diff12,2018-07-01,8175.0,8945.704611342147,41,3,2018-04-01
catboost_diff12,2018-08-01,8328.0,8348.699653771815,41,4,2018-04-01
catboost_diff12,2018-09-01,7325.0,7541.276516956022,41,5,2018-04-01
catboost_diff12,2018-10-01,7202.0,7622.744247421861,41,6,2018-04-01
catboost_diff12,2018-06-01,8057.0,8257.318270892245,42,1,2018-05-01
catboost_diff12,2018-07-01,8175.0,8860.531508939624,42,2,2018-05-01
catboost_diff12,2018-08-01,8328.0,8351.468359576013,42,3,2018-05-01
catboost_diff12,2018-09-01,7325.0,7454.198354366735,42,4,2018-05-01
catboost_diff12,2018-10-01,7202.0,7674.512342619708,42,5,2018-05-01
catboost_diff12,2018-11-01,7161.0,6982.292047971409,42,6,2018-05-01
catboost_diff12,2018-07-01,8175.0,8789.225224744368,43,1,2018-06-01
catboost_diff12,2018-08-01,8328.0,8392.648933199844,43,2,2018-06-01
catboost_diff12,2018-09-01,7325.0,7484.886967087697,43,3,2018-06-01
catboost_diff12,2018-10-01,7202.0,7531.053287273521,43,4,2018-06-01
catboost_diff12,2018-11-01,7161.0,6931.391633130659,43,5,2018-06-01
catboost_diff12,2018-12-01,7409.0,7081.34241010896,43,6,2018-06-01
catboost_diff12,2018-08-01,8328.0,8349.285764104192,44,1,2018-07-01
catboost_diff12,2018-09-01,7325.0,7336.080783037696,44,2,2018-07-01
catboost_diff12,2018-10-01,7202.0,7466.044338898231,44,3,2018-07-01
catboost_diff12,2018-11-01,7161.0,7003.105467736258,44,4,2018-07-01
catboost_diff12,2018-12-01,7409.0,7038.334372050771,44,5,2018-07-01
catboost_diff12,2019-01-01,7117.0,6982.504394132115,44,6,2018-07-01
catboost_diff12,2018-09-01,7325.0,7412.2335355720425,45,1,2018-08-01
catboost_diff12,2018-10-01,7202.0,7412.729818875119,45,2,2018-08-01
catboost_diff12,2018-11-01,7161.0,6979.771063318995,45,3,2018-08-01
catboost_diff12,2018-12-01,7409.0,6925.9728787454815,45,4,2018-08-01
catboost_diff12,2019-01-01,7117.0,7060.5955615490475,45,5,2018-08-01
catboost_diff12,2019-02-01,6307.0,6287.636469466243,45,6,2018-08-01
catboost_diff12,2018-10-01,7202.0,7463.027825875,46,1,2018-09-01
catboost_diff12,2018-11-01,7161.0,6850.221039320788,46,2,2018-09-01
catboost_diff12,2018-12-01,7409.0,6958.747370261574,46,3,2018-09-01
catboost_diff12,2019-01-01,7117.0,7053.580933879563,46,4,2018-09-01
catboost_diff12,2019-02-01,6307.0,6220.4123440499825,46,5,2018-09-01
catboost_diff12,2019-03-01,7067.0,7015.0888319330115,46,6,2018-09-01
catboost_diff12,2018-11-01,7161.0,6849.587452100402,47,1,2018-10-01
catboost_diff12,2018-12-01,7409.0,6915.691689704896,47,2,2018-10-01
catboost_diff12,2019-01-01,7117.0,6981.027784289403,47,3,2018-10-01
catboost_diff12,2019-02-01,6307.0,5947.326895699751,47,4,2018-10-01
catboost_diff12,2019-03-01,7067.0,6858.913387382318,47,5,2018-10-01
catboost_diff12,2019-04-01,7108.0,6853.216818112712,47,6,2018-10-01
catboost_diff12,2018-12-01,7409.0,6951.149881597721,48,1,2018-11-01
catboost_diff12,2019-01-01,7117.0,6955.019225523911,48,2,2018-11-01
catboost_diff12,2019-02-01,6307.0,6025.346210807047,48,3,2018-11-01
catboost_diff12,2019-03-01,7067.0,6998.1331268004105,48,4,2018-11-01
catboost_diff12,2019-04-01,7108.0,6961.117539896262,48,5,2018-11-01
catboost_diff12,2019-05-01,7776.0,7706.353017727748,48,6,2018-11-01
catboost_diff12,2019-01-01,7117.0,7077.632460773831,49,1,2018-12-01
catboost_diff12,2019-02-01,6307.0,6251.229038222563,49,2,2018-12-01
catboost_diff12,2019-03-01,7067.0,7083.7908660197545,49,3,2018-12-01
catboost_diff12,2019-04-01,7108.0,7162.368737850664,49,4,2018-12-01
catboost_diff12,2019-05-01,7776.0,7927.844801263903,49,5,2018-12-01
catboost_diff12,2019-06-01,8274.0,8178.465607694672,49,6,2018-12-01
catboost_diff12,2019-02-01,6307.0,6194.461970081251,50,1,2019-01-01
catboost_diff12,2019-03-01,7067.0,7124.48353702647,50,2,2019-01-01
catboost_diff12,2019-04-01,7108.0,7140.1012088002,50,3,2019-01-01
catboost_diff12,2019-05-01,7776.0,7875.880401249247,50,4,2019-01-01
catboost_diff12,2019-06-01,8274.0,8196.132980206556,50,5,2019-01-01
catboost_diff12,2019-07-01,8919.0,8411.630118780127,50,6,2019-01-01
catboost_diff12,2019-03-01,7067.0,7171.737368923066,51,1,2019-02-01
catboost_diff12,2019-04-01,7108.0,7085.19998078386,51,2,2019-02-01
catboost_diff12,2019-05-01,7776.0,7787.702278270806,51,3,2019-02-01
catboost_diff12,2019-06-01,8274.0,8224.292312641592,51,4,2019-02-01
catboost_diff12,2019-07-01,8919.0,8449.012556426098,51,5,2019-02-01
catboost_diff12,2019-08-01,8180.0,8396.31782459638,51,6,2019-02-01
catboost_diff12,2019-04-01,7108.0,7117.538808229266,52,1,2019-03-01
catboost_diff12,2019-05-01,7776.0,7823.685994978907,52,2,2019-03-01
catboost_diff12,2019-06-01,8274.0,8222.16603019373,52,3,2019-03-01
catboost_diff12,2019-07-01,8919.0,8448.98162036003,52,4,2019-03-01
catboost_diff12,2019-08-01,8180.0,8349.267173740156,52,5,2019-03-01
catboost_diff12,2019-09-01,7664.0,7342.3102320207345,52,6,2019-03-01
catboost_diff12,2019-05-01,7776.0,7851.640170434214,53,1,2019-04-01
catboost_diff12,2019-06-01,8274.0,8180.83799684956,53,2,2019-04-01
catboost_diff12,2019-07-01,8919.0,8254.551356133274,53,3,2019-04-01
catboost_diff12,2019-08-01,8180.0,8234.073803836463,53,4,2019-04-01
catboost_diff12,2019-09-01,7664.0,7292.246684122855,53,5,2019-04-01
catboost_diff12,2019-10-01,7254.0,7328.21449968653,53,6,2019-04-01
catboost_diff12,2019-06-01,8274.0,8166.210335678159,54,1,2019-05-01
catboost_diff12,2019-07-01,8919.0,8200.181967870318,54,2,2019-05-01
catboost_diff12,2019-08-01,8180.0,8285.05856148044,54,3,2019-05-01
catboost_diff12,2019-09-01,7664.0,7200.810738123081,54,4,2019-05-01
catboost_diff12,2019-10-01,7254.0,7375.929670607319,54,5,2019-05-01
catboost_diff12,2019-11-01,6785.0,7168.456906772655,54,6,2019-05-01
catboost_diff12,2019-07-01,8919.0,8451.935213787783,55,1,2019-06-01
catboost_diff12,2019-08-01,8180.0,8402.422477693648,55,2,2019-06-01
catboost_diff12,2019-09-01,7664.0,7296.978002619734,55,3,2019-06-01
catboost_diff12,2019-10-01,7254.0,7351.2790022570825,55,4,2019-06-01
catboost_diff12,2019-11-01,6785.0,7251.780481481848,55,5,2019-06-01
catboost_diff12,2019-12-01,6987.0,7161.641789542977,55,6,2019-06-01
catboost_diff12,2019-08-01,8180.0,8470.043539825929,56,1,2019-07-01
catboost_diff12,2019-09-01,7664.0,7517.196243288199,56,2,2019-07-01
catboost_diff12,2019-10-01,7254.0,7619.567648624464,56,3,2019-07-01
catboost_diff12,2019-11-01,6785.0,7403.034768678314,56,4,2019-07-01
catboost_diff12,2019-12-01,6987.0,7526.447949740002,56,5,2019-07-01
catboost_diff12,2020-01-01,7194.0,7132.886603882376,56,6,2019-07-01
catboost_diff12,2019-09-01,7664.0,7465.7452841847735,57,1,2019-08-01
catboost_diff12,2019-10-01,7254.0,7493.746707320279,57,2,2019-08-01
catboost_diff12,2019-11-01,6785.0,7401.085463917542,57,3,2019-08-01
catboost_diff12,2019-12-01,6987.0,7512.291531769872,57,4,2019-08-01
catboost_diff12,2020-01-01,7194.0,7072.143829123923,57,5,2019-08-01
catboost_diff12,2020-02-01,6848.0,6253.709728701499,57,6,2019-08-01
catboost_diff12,2019-10-01,7254.0,7495.93141790015,58,1,2019-09-01
catboost_diff12,2019-11-01,6785.0,7422.8567100616565,58,2,2019-09-01
catboost_diff12,2019-12-01,6987.0,7565.349481907788,58,3,2019-09-01
catboost_diff12,2020-01-01,7194.0,7347.36911073547,58,4,2019-09-01
catboost_diff12,2020-02-01,6848.0,6286.88943388928,58,5,2019-09-01
catboost_diff12,2020-03-01,7324.0,7045.203898789672,58,6,2019-09-01
catboost_diff12,2019-11-01,6785.0,7191.417482690005,59,1,2019-10-01
catboost_diff12,2019-12-01,6987.0,7274.865868484141,59,2,2019-10-01
catboost_diff12,2020-01-01,7194.0,7131.590468107454,59,3,2019-10-01
catboost_diff12,2020-02-01,6848.0,6167.230141758942,59,4,2019-10-01
catboost_diff12,2020-03-01,7324.0,7030.159589948278,59,5,2019-10-01
catboost_diff12,2020-04-01,5978.0,7053.203567897249,59,6,2019-10-01
catboost_diff12,2019-12-01,6987.0,7361.998770302164,60,1,2019-11-01
catboost_diff12,2020-01-01,7194.0,6882.001211857329,60,2,2019-11-01
catboost_diff12,2020-02-01,6848.0,6235.667365143081,60,3,2019-11-01
catboost_diff12,2020-03-01,7324.0,6946.181774055365,60,4,2019-11-01
catboost_diff12,2020-04-01,5978.0,7227.436094723682,60,5,2019-11-01
catboost_diff12,2020-05-01,7062.0,7872.50462232452,60,6,2019-11-01
catboost_diff12,2020-01-01,7194.0,6961.799305637911,61,1,2019-12-01
catboost_diff12,2020-02-01,6848.0,6114.444108611598,61,2,2019-12-01
catboost_diff12,2020-03-01,7324.0,6957.351948338898,61,3,2019-12-01
catboost_diff12,2020-04-01,5978.0,7115.445567851042,61,4,2019-12-01
catboost_diff12,2020-05-01,7062.0,7964.483094566849,61,5,2019-12-01
catboost_diff12,2020-06-01,6948.0,8482.280334370194,61,6,2019-12-01
catboost_diff12,2020-02-01,6848.0,6101.234811657803,62,1,2020-01-01
catboost_diff12,2020-03-01,7324.0,7015.705385957762,62,2,2020-01-01
catboost_diff12,2020-04-01,5978.0,7187.162299226507,62,3,2020-01-01
catboost_diff12,2020-05-01,7062.0,7919.459345598074,62,4,2020-01-01
catboost_diff12,2020-06-01,6948.0,8359.500393979812,62,5,2020-01-01
catboost_diff12,2020-07-01,7392.0,8604.395509350768,62,6,2020-01-01
catboost_diff12,2020-03-01,7324.0,7085.228452728759,63,1,2020-02-01
catboost_diff12,2020-04-01,5978.0,7336.093001344804,63,2,2020-02-01
catboost_diff12,2020-05-01,7062.0,8072.592380530186,63,3,2020-02-01
catboost_diff12,2020-06-01,6948.0,8485.447851923926,63,4,2020-02-01
catboost_diff12,2020-07-01,7392.0,8805.918964005976,63,5,2020-02-01
catboost_diff12,2020-08-01,7678.0,8423.244830540722,63,6,2020-02-01
catboost_diff12,2020-04-01,5978.0,7498.751652750901,64,1,2020-03-01
catboost_diff12,2020-05-01,7062.0,8049.536844906861,64,2,2020-03-01
catboost_diff12,2020-06-01,6948.0,8516.416439676184,64,3,2020-03-01
catboost_diff12,2020-07-01,7392.0,8763.564531765258,64,4,2020-03-01
catboost_diff12,2020-08-01,7678.0,8576.583672678295,64,5,2020-03-01
catboost_diff12,2020-09-01,7005.0,7844.0507659905925,64,6,2020-03-01
catboost_diff12,2020-05-01,7062.0,8032.218393622862,65,1,2020-04-01
catboost_diff12,2020-06-01,6948.0,8641.882421216727,65,2,2020-04-01
catboost_diff12,2020-07-01,7392.0,8929.454765401279,65,3,2020-04-01
catboost_diff12,2020-08-01,7678.0,8351.833708020098,65,4,2020-04-01
catboost_diff12,2020-09-01,7005.0,7695.416298392005,65,5,2020-04-01
catboost_diff12,2020-10-01,7385.0,7324.331573445195,65,6,2020-04-01
catboost_diff12,2020-06-01,6948.0,8570.340475763162,66,1,2020-05-01
catboost_diff12,2020-07-01,7392.0,8683.428086491605,66,2,2020-05-01
catboost_diff12,2020-08-01,7678.0,8284.971439871017,66,3,2020-05-01
catboost_diff12,2020-09-01,7005.0,7526.597904946189,66,4,2020-05-01
catboost_diff12,2020-10-01,7385.0,7217.694903914909,66,5,2020-05-01
catboost_diff12,2020-11-01,6872.0,6890.343463107905,66,6,2020-05-01
catboost_diff12,2020-07-01,7392.0,8767.065697601483,67,1,2020-06-01
catboost_diff12,2020-08-01,7678.0,8138.513261472056,67,2,2020-06-01
catboost_diff12,2020-09-01,7005.0,7489.286215986519,67,3,2020-06-01
catboost_diff12,2020-10-01,7385.0,7246.963894267404,67,4,2020-06-01
catboost_diff12,2020-11-01,6872.0,6574.34834846406,67,5,2020-06-01
catboost_diff12,2020-12-01,6781.0,6953.875492847085,67,6,2020-06-01
catboost_diff12,2020-08-01,7678.0,7999.750431474212,68,1,2020-07-01
catboost_diff12,2020-09-01,7005.0,7446.162404515782,68,2,2020-07-01
catboost_diff12,2020-10-01,7385.0,7208.447813037268,68,3,2020-07-01
catboost_diff12,2020-11-01,6872.0,6745.447394649565,68,4,2020-07-01
catboost_diff12,2020-12-01,6781.0,7079.364934636341,68,5,2020-07-01
catboost_diff12,2021-01-01,6917.0,7388.002572899586,68,6,2020-07-01
catboost_diff12,2020-09-01,7005.0,7424.487675114942,69,1,2020-08-01
catboost_diff12,2020-10-01,7385.0,7229.912023336079,69,2,2020-08-01
catboost_diff12,2020-11-01,6872.0,6728.457715094929,69,3,2020-08-01
catboost_diff12,2020-12-01,6781.0,7066.969534603922,69,4,2020-08-01
catboost_diff12,2021-01-01,6917.0,7362.591396616975,69,5,2020-08-01
catboost_diff12,2021-02-01,6217.0,6777.264564079227,69,6,2020-08-01
catboost_diff12,2020-10-01,7385.0,7100.162144015703,70,1,2020-09-01
catboost_diff12,2020-11-01,6872.0,6630.569156180133,70,2,2020-09-01
catboost_diff12,2020-12-01,6781.0,7017.963000509622,70,3,2020-09-01
catboost_diff12,2021-01-01,6917.0,7281.513196198877,70,4,2020-09-01
catboost_diff12,2021-02-01,6217.0,6751.634700807543,70,5,2020-09-01
catboost_diff12,2021-03-01,7569.0,7188.564259011798,70,6,2020-09-01
catboost_diff12,2020-11-01,6872.0,6693.520051256311,71,1,2020-10-01
catboost_diff12,2020-12-01,6781.0,7065.173535946047,71,2,2020-10-01
catboost_diff12,2021-01-01,6917.0,7412.093285771305,71,3,2020-10-01
catboost_diff12,2021-02-01,6217.0,6811.455487155635,71,4,2020-10-01
catboost_diff12,2021-03-01,7569.0,7232.870698145275,71,5,2020-10-01
catboost_diff12,2021-04-01,6917.0,6036.752056475742,71,6,2020-10-01
catboost_diff12,2020-12-01,6781.0,7084.906349701512,72,1,2020-11-01
catboost_diff12,2021-01-01,6917.0,7301.48559533222,72,2,2020-11-01
catboost_diff12,2021-02-01,6217.0,6758.566462478229,72,3,2020-11-01
catboost_diff12,2021-03-01,7569.0,7240.614447589104,72,4,2020-11-01
catboost_diff12,2021-04-01,6917.0,6039.640245424057,72,5,2020-11-01
catboost_diff12,2021-05-01,8253.0,7037.05675862868,72,6,2020-11-01
catboost_diff12,2021-01-01,6917.0,7259.464170570623,73,1,2020-12-01
catboost_diff12,2021-02-01,6217.0,6692.140199629862,73,2,2020-12-01
catboost_diff12,2021-03-01,7569.0,7154.405252067041,73,3,2020-12-01
catboost_diff12,2021-04-01,6917.0,5915.860654220325,73,4,2020-12-01
catboost_diff12,2021-05-01,8253.0,6997.572662118323,73,5,2020-12-01
catboost_diff12,2021-06-01,8153.0,7077.802853499639,73,6,2020-12-01
catboost_diff12,2021-02-01,6217.0,6605.35899572867,74,1,2021-01-01
catboost_diff12,2021-03-01,7569.0,7094.807639560413,74,2,2021-01-01
catboost_diff12,2021-04-01,6917.0,5985.743286591316,74,3,2021-01-01
catboost_diff12,2021-05-01,8253.0,7032.429941049916,74,4,2021-01-01
catboost_diff12,2021-06-01,8153.0,7099.258944095709,74,5,2021-01-01
catboost_diff12,2021-07-01,9251.0,7408.524699661614,74,6,2021-01-01
catboost_diff12,2021-03-01,7569.0,7001.108738622534,75,1,2021-02-01
catboost_diff12,2021-04-01,6917.0,5755.19035926071,75,2,2021-02-01
catboost_diff12,2021-05-01,8253.0,6899.673151975288,75,3,2021-02-01
catboost_diff12,2021-06-01,8153.0,7086.304551117088,75,4,2021-02-01
catboost_diff12,2021-07-01,9251.0,7328.228930159274,75,5,2021-02-01
catboost_diff12,2021-08-01,8830.0,7750.278730623225,75,6,2021-02-01
catboost_diff12,2021-04-01,6917.0,5959.407264139367,76,1,2021-03-01
catboost_diff12,2021-05-01,8253.0,7095.431953173546,76,2,2021-03-01
catboost_diff12,2021-06-01,8153.0,7165.65148181876,76,3,2021-03-01
catboost_diff12,2021-07-01,9251.0,7441.931433288248,76,4,2021-03-01
catboost_diff12,2021-08-01,8830.0,7813.560148961511,76,5,2021-03-01
catboost_diff12,2021-09-01,7512.0,7256.507809253597,76,6,2021-03-01
catboost_diff12,2021-05-01,8253.0,7514.053384381271,77,1,2021-04-01
catboost_diff12,2021-06-01,8153.0,7475.5688350223845,77,2,2021-04-01
catboost_diff12,2021-07-01,9251.0,7706.136146338082,77,3,2021-04-01
catboost_diff12,2021-08-01,8830.0,7896.446866327106,77,4,2021-04-01
catboost_diff12,2021-09-01,7512.0,7472.085978854276,77,5,2021-04-01
catboost_diff12,2021-10-01,7656.0,7747.027871939565,77,6,2021-04-01
catboost_diff12,2021-06-01,8153.0,7706.307404257365,78,1,2021-05-01
catboost_diff12,2021-07-01,9251.0,7864.4803493393765,78,2,2021-05-01
catboost_diff12,2021-08-01,8830.0,7944.49580785208,78,3,2021-05-01
catboost_diff12,2021-09-01,7512.0,7484.082827149295,78,4,2021-05-01
catboost_diff12,2021-10-01,7656.0,7749.330961854971,78,5,2021-05-01
catboost_diff12,2021-11-01,7603.0,7301.731715897075,78,6,2021-05-01
catboost_diff12,2021-07-01,9251.0,8076.3926822396215,79,1,2021-06-01
catboost_diff12,2021-08-01,8830.0,8074.880861570355,79,2,2021-06-01
catboost_diff12,2021-09-01,7512.0,7513.951324546777,79,3,2021-06-01
catboost_diff12,2021-10-01,7656.0,7724.393600443412,79,4,2021-06-01
catboost_diff12,2021-11-01,7603.0,7273.611869195243,79,5,2021-06-01
catboost_diff12,2021-12-01,8237.0,7102.722283363379,79,6,2021-06-01
catboost_diff12,2021-08-01,8830.0,8610.025294896252,80,1,2021-07-01
catboost_diff12,2021-09-01,7512.0,7887.870732784408,80,2,2021-07-01
catboost_diff12,2021-10-01,7656.0,8006.8069849789545,80,3,2021-07-01
catboost_diff12,2021-11-01,7603.0,7306.240990430075,80,4,2021-07-01
catboost_diff12,2021-12-01,8237.0,7131.883774680504,80,5,2021-07-01
catboost_diff12,2022-01-01,9582.0,6855.359352340193,80,6,2021-07-01
catboost_diff12,2021-09-01,7512.0,7862.342091800568,81,1,2021-08-01
catboost_diff12,2021-10-01,7656.0,7936.29491181604,81,2,2021-08-01
catboost_diff12,2021-11-01,7603.0,7265.654888754522,81,3,2021-08-01
catboost_diff12,2021-12-01,8237.0,7106.369767655489,81,4,2021-08-01
catboost_diff12,2022-01-01,9582.0,6891.514823494268,81,5,2021-08-01
catboost_diff12,2022-02-01,7227.0,6261.492076411818,81,6,2021-08-01
catboost_diff12,2021-10-01,7656.0,7648.008974653835,82,1,2021-09-01
catboost_diff12,2021-11-01,7603.0,7090.0905105469565,82,2,2021-09-01
catboost_diff12,2021-12-01,8237.0,7031.326487640827,82,3,2021-09-01
catboost_diff12,2022-01-01,9582.0,6996.044221302929,82,4,2021-09-01
catboost_diff12,2022-02-01,7227.0,6322.743666756765,82,5,2021-09-01
catboost_diff12,2022-03-01,7504.0,7323.289501545277,82,6,2021-09-01
catboost_diff12,2021-11-01,7603.0,7087.485598277784,83,1,2021-10-01
catboost_diff12,2021-12-01,8237.0,6944.025727611999,83,2,2021-10-01
catboost_diff12,2022-01-01,9582.0,6970.608756528042,83,3,2021-10-01
catboost_diff12,2022-02-01,7227.0,6277.2140943268405,83,4,2021-10-01
catboost_diff12,2022-03-01,7504.0,7253.720054033987,83,5,2021-10-01
catboost_diff12,2022-04-01,7589.0,6493.075890332545,83,6,2021-10-01
catboost_diff12,2021-12-01,8237.0,7165.425989026646,84,1,2021-11-01
catboost_diff12,2022-01-01,9582.0,7070.754465931973,84,2,2021-11-01
catboost_diff12,2022-02-01,7227.0,6363.464037910213,84,3,2021-11-01
catboost_diff12,2022-03-01,7504.0,7287.669229853436,84,4,2021-11-01
catboost_diff12,2022-04-01,7589.0,6424.734038873581,84,5,2021-11-01
catboost_diff12,2022-05-01,8846.0,7797.197141103957,84,6,2021-11-01
catboost_diff12,2022-01-01,9582.0,7407.272716516176,85,1,2021-12-01
catboost_diff12,2022-02-01,7227.0,6564.548467192923,85,2,2021-12-01
catboost_diff12,2022-03-01,7504.0,7328.079168942805,85,3,2021-12-01
catboost_diff12,2022-04-01,7589.0,6466.428125537618,85,4,2021-12-01
catboost_diff12,2022-05-01,8846.0,7799.856600275819,85,5,2021-12-01
catboost_diff12,2022-06-01,9057.0,7875.373286403004,85,6,2021-12-01
catboost_diff12,2022-02-01,7227.0,7981.19561389305,86,1,2022-01-01
catboost_diff12,2022-03-01,7504.0,8305.663402153257,86,2,2022-01-01
catboost_diff12,2022-04-01,7589.0,6745.413885239282,86,3,2022-01-01
catboost_diff12,2022-05-01,8846.0,7710.91097285431,86,4,2022-01-01
catboost_diff12,2022-06-01,9057.0,7832.280878842157,86,5,2022-01-01
catboost_diff12,2022-07-01,8699.0,9032.37167848714,86,6,2022-01-01
catboost_diff12,2022-03-01,7504.0,7945.565962253367,87,1,2022-02-01
catboost_diff12,2022-04-01,7589.0,6757.953757438847,87,2,2022-02-01
catboost_diff12,2022-05-01,8846.0,7764.024250066323,87,3,2022-02-01
catboost_diff12,2022-06-01,9057.0,7908.255284995623,87,4,2022-02-01
catboost_diff12,2022-07-01,8699.0,9124.767611805995,87,5,2022-02-01
catboost_diff12,2022-08-01,8834.0,8521.255029163996,87,6,2022-02-01
catboost_diff12,2022-04-01,7589.0,6446.106935137137,88,1,2022-03-01
catboost_diff12,2022-05-01,8846.0,7831.329622028022,88,2,2022-03-01
catboost_diff12,2022-06-01,9057.0,7937.421266253164,88,3,2022-03-01
catboost_diff12,2022-07-01,8699.0,9221.424281213807,88,4,2022-03-01
catboost_diff12,2022-08-01,8834.0,8618.090335819179,88,5,2022-03-01
catboost_diff12,2022-09-01,8228.0,7270.003453953223,88,6,2022-03-01
catboost_diff12,2022-05-01,8846.0,8457.744609803145,89,1,2022-04-01
catboost_diff12,2022-06-01,9057.0,8605.598027361693,89,2,2022-04-01
catboost_diff12,2022-07-01,8699.0,9572.922438714151,89,3,2022-04-01
catboost_diff12,2022-08-01,8834.0,9137.276541608726,89,4,2022-04-01
catboost_diff12,2022-09-01,8228.0,7455.8618555487155,89,5,2022-04-01
catboost_diff12,2022-10-01,8388.0,7677.888378149501,89,6,2022-04-01
catboost_diff12,2022-06-01,9057.0,8651.271103021858,90,1,2022-05-01
catboost_diff12,2022-07-01,8699.0,9871.098852483567,90,2,2022-05-01
catboost_diff12,2022-08-01,8834.0,9092.110918050208,90,3,2022-05-01
catboost_diff12,2022-09-01,8228.0,7580.516007948649,90,4,2022-05-01
catboost_diff12,2022-10-01,8388.0,7745.44489500524,90,5,2022-05-01
catboost_diff12,2022-11-01,7588.0,7605.07083028117,90,6,2022-05-01
catboost_diff12,2022-07-01,8699.0,10100.965070081138,91,1,2022-06-01
catboost_diff12,2022-08-01,8834.0,9311.98136807198,91,2,2022-06-01
catboost_diff12,2022-09-01,8228.0,7750.443107794365,91,3,2022-06-01
catboost_diff12,2022-10-01,8388.0,7866.933122398772,91,4,2022-06-01
catboost_diff12,2022-11-01,7588.0,7790.23058370942,91,5,2022-06-01
catboost_diff12,2022-12-01,7850.0,8449.87824372703,91,6,2022-06-01
catboost_diff12,2022-08-01,8834.0,8817.186581850177,92,1,2022-07-01
catboost_diff12,2022-09-01,8228.0,7658.104733781088,92,2,2022-07-01
catboost_diff12,2022-10-01,8388.0,7645.439713955713,92,3,2022-07-01
catboost_diff12,2022-11-01,7588.0,7339.567090525866,92,4,2022-07-01
catboost_diff12,2022-12-01,7850.0,8123.314703083908,92,5,2022-07-01
catboost_diff12,2023-01-01,7563.0,9407.373691188328,92,6,2022-07-01
catboost_diff12,2022-09-01,8228.0,7699.817526516773,93,1,2022-08-01
catboost_diff12,2022-10-01,8388.0,7779.030431895105,93,2,2022-08-01
catboost_diff12,2022-11-01,7588.0,7349.171480042394,93,3,2022-08-01
catboost_diff12,2022-12-01,7850.0,8037.570544397694,93,4,2022-08-01
catboost_diff12,2023-01-01,7563.0,9571.238315049073,93,5,2022-08-01
catboost_diff12,2023-02-01,6551.0,6944.960143835108,93,6,2022-08-01
catboost_diff12,2022-10-01,8388.0,7993.369845527879,94,1,2022-09-01
catboost_diff12,2022-11-01,7588.0,7535.7720016108215,94,2,2022-09-01
catboost_diff12,2022-12-01,7850.0,8124.757906309913,94,3,2022-09-01
catboost_diff12,2023-01-01,7563.0,9654.76622037624,94,4,2022-09-01
catboost_diff12,2023-02-01,6551.0,6988.248918707179,94,5,2022-09-01
catboost_diff12,2023-03-01,7507.0,7487.24755769063,94,6,2022-09-01
catboost_diff12,2022-11-01,7588.0,7500.438941184896,95,1,2022-10-01
catboost_diff12,2022-12-01,7850.0,8046.306336154336,95,2,2022-10-01
catboost_diff12,2023-01-01,7563.0,9803.521781340054,95,3,2022-10-01
catboost_diff12,2023-02-01,6551.0,7093.673605400023,95,4,2022-10-01
catboost_diff12,2023-03-01,7507.0,7459.6999297166185,95,5,2022-10-01
catboost_diff12,2023-04-01,7745.0,7384.375504965913,95,6,2022-10-01
catboost_diff12,2022-12-01,7850.0,8037.502876890528,96,1,2022-11-01
catboost_diff12,2023-01-01,7563.0,9747.469693316585,96,2,2022-11-01
catboost_diff12,2023-02-01,6551.0,7150.893446342104,96,3,2022-11-01
catboost_diff12,2023-03-01,7507.0,7519.609550828365,96,4,2022-11-01
catboost_diff12,2023-04-01,7745.0,7401.68281736156,96,5,2022-11-01
catboost_diff12,2023-05-01,8600.0,8806.73263431672,96,6,2022-11-01
catboost_diff12,2023-01-01,7563.0,9727.099868132547,97,1,2022-12-01
catboost_diff12,2023-02-01,6551.0,7147.084818017174,97,2,2022-12-01
catboost_diff12,2023-03-01,7507.0,7450.190844704894,97,3,2022-12-01
catboost_diff12,2023-04-01,7745.0,7400.38708845821,97,4,2022-12-01
catboost_diff12,2023-05-01,8600.0,8687.408324685835,97,5,2022-12-01
catboost_diff12,2023-06-01,9151.0,9067.697479354427,97,6,2022-12-01
catboost_diff12,2023-02-01,6551.0,6527.715839208837,98,1,2023-01-01
catboost_diff12,2023-03-01,7507.0,7203.023130920442,98,2,2023-01-01
catboost_diff12,2023-04-01,7745.0,7241.799251134062,98,3,2023-01-01
catboost_diff12,2023-05-01,8600.0,8464.58074181873,98,4,2023-01-01
catboost_diff12,2023-06-01,9151.0,9014.14523081753,98,5,2023-01-01
catboost_diff12,2023-07-01,9183.0,8811.25382485411,98,6,2023-01-01
catboost_diff12,2023-03-01,7507.0,7102.084912480198,99,1,2023-02-01
catboost_diff12,2023-04-01,7745.0,7166.471794424752,99,2,2023-02-01
catboost_diff12,2023-05-01,8600.0,8513.586708004113,99,3,2023-02-01
catboost_diff12,2023-06-01,9151.0,8966.318943711349,99,4,2023-02-01
catboost_diff12,2023-07-01,9183.0,8740.924089241818,99,5,2023-02-01
catboost_diff12,2023-08-01,8297.0,8789.732442161407,99,6,2023-02-01
catboost_diff12,2023-04-01,7745.0,7253.380307048713,100,1,2023-03-01
catboost_diff12,2023-05-01,8600.0,8247.444800604788,100,2,2023-03-01
catboost_diff12,2023-06-01,9151.0,8857.797138608026,100,3,2023-03-01
catboost_diff12,2023-07-01,9183.0,8720.084533194662,100,4,2023-03-01
catboost_diff12,2023-08-01,8297.0,8842.128170628765,100,5,2023-03-01
catboost_diff12,2023-09-01,7823.0,7588.947319172208,100,6,2023-03-01
catboost_diff12,2023-05-01,8600.0,8527.844142725235,101,1,2023-04-01
catboost_diff12,2023-06-01,9151.0,8894.76228644162,101,2,2023-04-01
catboost_diff12,2023-07-01,9183.0,8687.242194769866,101,3,2023-04-01
catboost_diff12,2023-08-01,8297.0,8798.24660557895,101,4,2023-04-01
catboost_diff12,2023-09-01,7823.0,7879.297360085791,101,5,2023-04-01
catboost_diff12,2023-10-01,7507.0,8117.492581776918,101,6,2023-04-01
catboost_diff12,2023-06-01,9151.0,8799.733084022888,102,1,2023-05-01
catboost_diff12,2023-07-01,9183.0,8664.264538253743,102,2,2023-05-01
catboost_diff12,2023-08-01,8297.0,8802.488954010456,102,3,2023-05-01
catboost_diff12,2023-09-01,7823.0,7861.544683278644,102,4,2023-05-01
catboost_diff12,2023-10-01,7507.0,8164.1614479216205,102,5,2023-05-01
catboost_diff12,2023-11-01,8107.0,7840.750924030858,102,6,2023-05-01
catboost_diff12,2023-07-01,9183.0,8741.141960977853,103,1,2023-06-01
catboost_diff12,2023-08-01,8297.0,8794.624309896235,103,2,2023-06-01
catboost_diff12,2023-09-01,7823.0,7869.418697339238,103,3,2023-06-01
catboost_diff12,2023-10-01,7507.0,8207.546012778883,103,4,2023-06-01
catboost_diff12,2023-11-01,8107.0,7855.953110615893,103,5,2023-06-01
catboost_diff12,2023-12-01,7504.0,8275.75695221756,103,6,2023-06-01
catboost_full,2015-01-01,7184.0,6351.209404237253,1,1,2014-12-01
catboost_full,2015-02-01,5958.0,6449.619686939039,1,2,2014-12-01
catboost_full,2015-03-01,6658.0,6542.014081769983,1,3,2014-12-01
catboost_full,2015-04-01,7069.0,6607.0581413830405,1,4,2014-12-01
catboost_full,2015-05-01,8099.0,7538.889077474198,1,5,2014-12-01
catboost_full,2015-06-01,7868.0,7552.786513774165,1,6,2014-12-01
catboost_full,2015-02-01,5958.0,6548.811956107006,2,1,2015-01-01
catboost_full,2015-03-01,6658.0,6428.716034622153,2,2,2015-01-01
catboost_full,2015-04-01,7069.0,6536.0323670555335,2,3,2015-01-01
catboost_full,2015-05-01,8099.0,7777.796843067208,2,4,2015-01-01
catboost_full,2015-06-01,7868.0,7653.224598133368,2,5,2015-01-01
catboost_full,2015-07-01,7986.0,7711.958796334968,2,6,2015-01-01
catboost_full,2015-03-01,6658.0,6364.870547121083,3,1,2015-02-01
catboost_full,2015-04-01,7069.0,6437.009478291339,3,2,2015-02-01
catboost_full,2015-05-01,8099.0,7505.900951649162,3,3,2015-02-01
catboost_full,2015-06-01,7868.0,7729.197701628727,3,4,2015-02-01
catboost_full,2015-07-01,7986.0,7378.036296426588,3,5,2015-02-01
catboost_full,2015-08-01,7251.0,7827.1740871221455,3,6,2015-02-01
catboost_full,2015-04-01,7069.0,6475.348093755883,4,1,2015-03-01
catboost_full,2015-05-01,8099.0,7488.716555802736,4,2,2015-03-01
catboost_full,2015-06-01,7868.0,7570.715283220811,4,3,2015-03-01
catboost_full,2015-07-01,7986.0,7623.99608758749,4,4,2015-03-01
catboost_full,2015-08-01,7251.0,7998.099416843745,4,5,2015-03-01
catboost_full,2015-09-01,7163.0,6945.024006190611,4,6,2015-03-01
catboost_full,2015-05-01,8099.0,7737.506750869737,5,1,2015-04-01
catboost_full,2015-06-01,7868.0,7498.929332385826,5,2,2015-04-01
catboost_full,2015-07-01,7986.0,7345.931102296415,5,3,2015-04-01
catboost_full,2015-08-01,7251.0,7924.3507614855935,5,4,2015-04-01
catboost_full,2015-09-01,7163.0,7067.1098818077535,5,5,2015-04-01
catboost_full,2015-10-01,6690.0,7114.2240909243465,5,6,2015-04-01
catboost_full,2015-06-01,7868.0,7623.811621292252,6,1,2015-05-01
catboost_full,2015-07-01,7986.0,7353.311794982251,6,2,2015-05-01
catboost_full,2015-08-01,7251.0,7825.901166758733,6,3,2015-05-01
catboost_full,2015-09-01,7163.0,7091.300706086028,6,4,2015-05-01
catboost_full,2015-10-01,6690.0,7150.083289164978,6,5,2015-05-01
catboost_full,2015-11-01,6392.0,6378.335138571158,6,6,2015-05-01
catboost_full,2015-07-01,7986.0,7497.656133563384,7,1,2015-06-01
catboost_full,2015-08-01,7251.0,7829.019294795777,7,2,2015-06-01
catboost_full,2015-09-01,7163.0,6799.4833863701,7,3,2015-06-01
catboost_full,2015-10-01,6690.0,7175.7566055981715,7,4,2015-06-01
catboost_full,2015-11-01,6392.0,6522.581959872551,7,5,2015-06-01
catboost_full,2015-12-01,6753.0,6780.902517039362,7,6,2015-06-01
catboost_full,2015-08-01,7251.0,7844.7895500254845,8,1,2015-07-01
catboost_full,2015-09-01,7163.0,6893.03622323802,8,2,2015-07-01
catboost_full,2015-10-01,6690.0,7247.664165370435,8,3,2015-07-01
catboost_full,2015-11-01,6392.0,6548.898517680809,8,4,2015-07-01
catboost_full,2015-12-01,6753.0,6767.725354254623,8,5,2015-07-01
catboost_full,2016-01-01,6753.0,7010.825783924084,8,6,2015-07-01
catboost_full,2015-09-01,7163.0,6693.607527894782,9,1,2015-08-01
catboost_full,2015-10-01,6690.0,7131.372305383757,9,2,2015-08-01
catboost_full,2015-11-01,6392.0,6296.664351922256,9,3,2015-08-01
catboost_full,2015-12-01,6753.0,6710.189463587471,9,4,2015-08-01
catboost_full,2016-01-01,6753.0,6838.274052736405,9,5,2015-08-01
catboost_full,2016-02-01,6385.0,6103.247808861668,9,6,2015-08-01
catboost_full,2015-10-01,6690.0,7234.0159072846545,10,1,2015-09-01
catboost_full,2015-11-01,6392.0,6432.582934184397,10,2,2015-09-01
catboost_full,2015-12-01,6753.0,6727.644876504848,10,3,2015-09-01
catboost_full,2016-01-01,6753.0,6925.929881126729,10,4,2015-09-01
catboost_full,2016-02-01,6385.0,6094.528933970437,10,5,2015-09-01
catboost_full,2016-03-01,7164.0,6587.840699264821,10,6,2015-09-01
catboost_full,2015-11-01,6392.0,6415.041819582301,11,1,2015-10-01
catboost_full,2015-12-01,6753.0,6647.730235548051,11,2,2015-10-01
catboost_full,2016-01-01,6753.0,6675.6803080637,11,3,2015-10-01
catboost_full,2016-02-01,6385.0,6047.923977753768,11,4,2015-10-01
catboost_full,2016-03-01,7164.0,6295.117465536791,11,5,2015-10-01
catboost_full,2016-04-01,7192.0,6952.982117002467,11,6,2015-10-01
catboost_full,2015-12-01,6753.0,6628.161088357709,12,1,2015-11-01
catboost_full,2016-01-01,6753.0,6718.535615737502,12,2,2015-11-01
catboost_full,2016-02-01,6385.0,6071.409243575504,12,3,2015-11-01
catboost_full,2016-03-01,7164.0,6237.762849819496,12,4,2015-11-01
catboost_full,2016-04-01,7192.0,6929.473731600735,12,5,2015-11-01
catboost_full,2016-05-01,7743.0,8039.781274226979,12,6,2015-11-01
catboost_full,2016-01-01,6753.0,6797.553086753525,13,1,2015-12-01
catboost_full,2016-02-01,6385.0,6103.075595365711,13,2,2015-12-01
catboost_full,2016-03-01,7164.0,6352.102469073819,13,3,2015-12-01
catboost_full,2016-04-01,7192.0,7010.206966325246,13,4,2015-12-01
catboost_full,2016-05-01,7743.0,8106.326451060701,13,5,2015-12-01
catboost_full,2016-06-01,8767.0,7658.354559782826,13,6,2015-12-01
catboost_full,2016-02-01,6385.0,6105.007056718404,14,1,2016-01-01
catboost_full,2016-03-01,7164.0,6273.1827027049485,14,2,2016-01-01
catboost_full,2016-04-01,7192.0,6990.2462877268335,14,3,2016-01-01
catboost_full,2016-05-01,7743.0,8106.904098911328,14,4,2016-01-01
catboost_full,2016-06-01,8767.0,7670.696923945381,14,5,2016-01-01
catboost_full,2016-07-01,8479.0,8242.1306565839,14,6,2016-01-01
catboost_full,2016-03-01,7164.0,6385.747172607046,15,1,2016-02-01
catboost_full,2016-04-01,7192.0,6973.705682356022,15,2,2016-02-01
catboost_full,2016-05-01,7743.0,8034.945995923011,15,3,2016-02-01
catboost_full,2016-06-01,8767.0,7798.843302882645,15,4,2016-02-01
catboost_full,2016-07-01,8479.0,8149.815214174855,15,5,2016-02-01
catboost_full,2016-08-01,7890.0,7418.93334925201,15,6,2016-02-01
catboost_full,2016-04-01,7192.0,7062.9125601518335,16,1,2016-03-01
catboost_full,2016-05-01,7743.0,8184.592735917717,16,2,2016-03-01
catboost_full,2016-06-01,8767.0,7745.108136209575,16,3,2016-03-01
catboost_full,2016-07-01,8479.0,8218.915632704406,16,4,2016-03-01
catboost_full,2016-08-01,7890.0,7601.366901704367,16,5,2016-03-01
catboost_full,2016-09-01,7317.0,7145.506884981169,16,6,2016-03-01
catboost_full,2016-05-01,7743.0,8126.357148428862,17,1,2016-04-01
catboost_full,2016-06-01,8767.0,7713.765246217232,17,2,2016-04-01
catboost_full,2016-07-01,8479.0,7995.417810652483,17,3,2016-04-01
catboost_full,2016-08-01,7890.0,7661.771680347476,17,4,2016-04-01
catboost_full,2016-09-01,7317.0,7080.2002152501045,17,5,2016-04-01
catboost_full,2016-10-01,7426.0,6867.057358029103,17,6,2016-04-01
catboost_full,2016-06-01,8767.0,7668.9957713175745,18,1,2016-05-01
catboost_full,2016-07-01,8479.0,7975.926724838417,18,2,2016-05-01
catboost_full,2016-08-01,7890.0,7410.758736748085,18,3,2016-05-01
catboost_full,2016-09-01,7317.0,7075.275468306833,18,4,2016-05-01
catboost_full,2016-10-01,7426.0,6754.086713770361,18,5,2016-05-01
catboost_full,2016-11-01,6700.0,6776.905165575079,18,6,2016-05-01
catboost_full,2016-07-01,8479.0,7948.324876889524,19,1,2016-06-01
catboost_full,2016-08-01,7890.0,7469.111170828606,19,2,2016-06-01
catboost_full,2016-09-01,7317.0,7207.949315163388,19,3,2016-06-01
catboost_full,2016-10-01,7426.0,6814.105303204565,19,4,2016-06-01
catboost_full,2016-11-01,6700.0,6727.948490847814,19,5,2016-06-01
catboost_full,2016-12-01,6994.0,6975.977039526501,19,6,2016-06-01
catboost_full,2016-08-01,7890.0,7515.433795661891,20,1,2016-07-01
catboost_full,2016-09-01,7317.0,7301.361408004581,20,2,2016-07-01
catboost_full,2016-10-01,7426.0,6742.886130331265,20,3,2016-07-01
catboost_full,2016-11-01,6700.0,6731.776499565982,20,4,2016-07-01
catboost_full,2016-12-01,6994.0,6970.6349320156605,20,5,2016-07-01
catboost_full,2017-01-01,6788.0,6815.685333425268,20,6,2016-07-01
catboost_full,2016-09-01,7317.0,7230.81607276405,21,1,2016-08-01
catboost_full,2016-10-01,7426.0,6657.260812492317,21,2,2016-08-01
catboost_full,2016-11-01,6700.0,6453.726414783919,21,3,2016-08-01
catboost_full,2016-12-01,6994.0,7052.920389067513,21,4,2016-08-01
catboost_full,2017-01-01,6788.0,6879.7315856705345,21,5,2016-08-01
catboost_full,2017-02-01,6271.0,6472.369922769869,21,6,2016-08-01
catboost_full,2016-10-01,7426.0,6708.46378749742,22,1,2016-09-01
catboost_full,2016-11-01,6700.0,6447.169191735858,22,2,2016-09-01
catboost_full,2016-12-01,6994.0,7018.583699299753,22,3,2016-09-01
catboost_full,2017-01-01,6788.0,6860.408200261791,22,4,2016-09-01
catboost_full,2017-02-01,6271.0,6442.175100550569,22,5,2016-09-01
catboost_full,2017-03-01,6794.0,7110.65247941745,22,6,2016-09-01
catboost_full,2016-11-01,6700.0,6332.0029340287565,23,1,2016-10-01
catboost_full,2016-12-01,6994.0,6846.483293081247,23,2,2016-10-01
catboost_full,2017-01-01,6788.0,6839.551453373739,23,3,2016-10-01
catboost_full,2017-02-01,6271.0,6534.114952199905,23,4,2016-10-01
catboost_full,2017-03-01,6794.0,7158.585261243628,23,5,2016-10-01
catboost_full,2017-04-01,6884.0,7258.898366958194,23,6,2016-10-01
catboost_full,2016-12-01,6994.0,6929.328764206466,24,1,2016-11-01
catboost_full,2017-01-01,6788.0,6890.771300675859,24,2,2016-11-01
catboost_full,2017-02-01,6271.0,6415.203676123687,24,3,2016-11-01
catboost_full,2017-03-01,6794.0,7103.554533518788,24,4,2016-11-01
catboost_full,2017-04-01,6884.0,7337.056455714435,24,5,2016-11-01
catboost_full,2017-05-01,7651.0,7696.360225644481,24,6,2016-11-01
catboost_full,2017-01-01,6788.0,6998.263687818709,25,1,2016-12-01
catboost_full,2017-02-01,6271.0,6401.032788462599,25,2,2016-12-01
catboost_full,2017-03-01,6794.0,7219.541955308211,25,3,2016-12-01
catboost_full,2017-04-01,6884.0,7472.136909777597,25,4,2016-12-01
catboost_full,2017-05-01,7651.0,7678.642517027688,25,5,2016-12-01
catboost_full,2017-06-01,8009.0,8587.972145466489,25,6,2016-12-01
catboost_full,2017-02-01,6271.0,6538.934100741445,26,1,2017-01-01
catboost_full,2017-03-01,6794.0,7374.985582078094,26,2,2017-01-01
catboost_full,2017-04-01,6884.0,7512.424534222234,26,3,2017-01-01
catboost_full,2017-05-01,7651.0,7607.826371224468,26,4,2017-01-01
catboost_full,2017-06-01,8009.0,8657.381985506792,26,5,2017-01-01
catboost_full,2017-07-01,8694.0,8461.06237259759,26,6,2017-01-01
catboost_full,2017-03-01,6794.0,7149.957189526227,27,1,2017-02-01
catboost_full,2017-04-01,6884.0,7422.644806934133,27,2,2017-02-01
catboost_full,2017-05-01,7651.0,7467.3091082818955,27,3,2017-02-01
catboost_full,2017-06-01,8009.0,8576.67577004529,27,4,2017-02-01
catboost_full,2017-07-01,8694.0,8401.945545995783,27,5,2017-02-01
catboost_full,2017-08-01,8130.0,7933.0670121745225,27,6,2017-02-01
catboost_full,2017-04-01,6884.0,7190.657693553716,28,1,2017-03-01
catboost_full,2017-05-01,7651.0,7473.547058257655,28,2,2017-03-01
catboost_full,2017-06-01,8009.0,8596.249888768516,28,3,2017-03-01
catboost_full,2017-07-01,8694.0,8363.846283685745,28,4,2017-03-01
catboost_full,2017-08-01,8130.0,7775.893377456833,28,5,2017-03-01
catboost_full,2017-09-01,7446.0,7677.20224953123,28,6,2017-03-01
catboost_full,2017-05-01,7651.0,7448.432151796414,29,1,2017-04-01
catboost_full,2017-06-01,8009.0,8638.161214377811,29,2,2017-04-01
catboost_full,2017-07-01,8694.0,8513.69595399773,29,3,2017-04-01
catboost_full,2017-08-01,8130.0,7651.124023865803,29,4,2017-04-01
catboost_full,2017-09-01,7446.0,7521.928215660168,29,5,2017-04-01
catboost_full,2017-10-01,7282.0,7287.477209998585,29,6,2017-04-01
catboost_full,2017-06-01,8009.0,8485.8246586939,30,1,2017-05-01
catboost_full,2017-07-01,8694.0,8399.564953825131,30,2,2017-05-01
catboost_full,2017-08-01,8130.0,7725.17918087046,30,3,2017-05-01
catboost_full,2017-09-01,7446.0,7500.056986620535,30,4,2017-05-01
catboost_full,2017-10-01,7282.0,7379.5588385753235,30,5,2017-05-01
catboost_full,2017-11-01,6830.0,6723.870384214343,30,6,2017-05-01
catboost_full,2017-07-01,8694.0,8217.203559228743,31,1,2017-06-01
catboost_full,2017-08-01,8130.0,7631.816476692664,31,2,2017-06-01
catboost_full,2017-09-01,7446.0,7422.902433921903,31,3,2017-06-01
catboost_full,2017-10-01,7282.0,7321.71787778078,31,4,2017-06-01
catboost_full,2017-11-01,6830.0,6598.160069544173,31,5,2017-06-01
catboost_full,2017-12-01,6946.0,7325.221829400936,31,6,2017-06-01
catboost_full,2017-08-01,8130.0,7600.028803067956,32,1,2017-07-01
catboost_full,2017-09-01,7446.0,7390.112619346222,32,2,2017-07-01
catboost_full,2017-10-01,7282.0,7293.223904831474,32,3,2017-07-01
catboost_full,2017-11-01,6830.0,6646.860317800125,32,4,2017-07-01
catboost_full,2017-12-01,6946.0,7294.28770304211,32,5,2017-07-01
catboost_full,2018-01-01,6886.0,6779.368150444721,32,6,2017-07-01
catboost_full,2017-09-01,7446.0,7405.089806705508,33,1,2017-08-01
catboost_full,2017-10-01,7282.0,7469.375043099835,33,2,2017-08-01
catboost_full,2017-11-01,6830.0,6787.584591593668,33,3,2017-08-01
catboost_full,2017-12-01,6946.0,7400.55008272188,33,4,2017-08-01
catboost_full,2018-01-01,6886.0,6996.841179053821,33,5,2017-08-01
catboost_full,2018-02-01,5960.0,6472.129742353527,33,6,2017-08-01
catboost_full,2017-10-01,7282.0,7507.2193166516,34,1,2017-09-01
catboost_full,2017-11-01,6830.0,6785.613727386624,34,2,2017-09-01
catboost_full,2017-12-01,6946.0,7352.477004701229,34,3,2017-09-01
catboost_full,2018-01-01,6886.0,7040.6436898577895,34,4,2017-09-01
catboost_full,2018-02-01,5960.0,6519.410004948271,34,5,2017-09-01
catboost_full,2018-03-01,6930.0,7046.449404140544,34,6,2017-09-01
catboost_full,2017-11-01,6830.0,6742.445344575955,35,1,2017-10-01
catboost_full,2017-12-01,6946.0,7254.218336385766,35,2,2017-10-01
catboost_full,2018-01-01,6886.0,6895.020993658101,35,3,2017-10-01
catboost_full,2018-02-01,5960.0,6491.819150082249,35,4,2017-10-01
catboost_full,2018-03-01,6930.0,6999.746831389781,35,5,2017-10-01
catboost_full,2018-04-01,6769.0,7134.543395884592,35,6,2017-10-01
catboost_full,2017-12-01,6946.0,7206.314522552261,36,1,2017-11-01
catboost_full,2018-01-01,6886.0,6854.731301673209,36,2,2017-11-01
catboost_full,2018-02-01,5960.0,6525.823080039328,36,3,2017-11-01
catboost_full,2018-03-01,6930.0,7127.68940885117,36,4,2017-11-01
catboost_full,2018-04-01,6769.0,7091.466111099536,36,5,2017-11-01
catboost_full,2018-05-01,7511.0,7805.592168203089,36,6,2017-11-01
catboost_full,2018-01-01,6886.0,6811.291356240011,37,1,2017-12-01
catboost_full,2018-02-01,5960.0,6523.695960136186,37,2,2017-12-01
catboost_full,2018-03-01,6930.0,7049.858351850443,37,3,2017-12-01
catboost_full,2018-04-01,6769.0,7149.391413278093,37,4,2017-12-01
catboost_full,2018-05-01,7511.0,7838.222308396651,37,5,2017-12-01
catboost_full,2018-06-01,8057.0,8256.65792825572,37,6,2017-12-01
catboost_full,2018-02-01,5960.0,6538.03814164026,38,1,2018-01-01
catboost_full,2018-03-01,6930.0,7069.492334276734,38,2,2018-01-01
catboost_full,2018-04-01,6769.0,7159.261501176759,38,3,2018-01-01
catboost_full,2018-05-01,7511.0,7826.751957733035,38,4,2018-01-01
catboost_full,2018-06-01,8057.0,8313.883329173621,38,5,2018-01-01
catboost_full,2018-07-01,8175.0,8864.863310026316,38,6,2018-01-01
catboost_full,2018-03-01,6930.0,6866.925826295988,39,1,2018-02-01
catboost_full,2018-04-01,6769.0,6980.9001623054055,39,2,2018-02-01
catboost_full,2018-05-01,7511.0,7712.999315137964,39,3,2018-02-01
catboost_full,2018-06-01,8057.0,8286.846243261687,39,4,2018-02-01
catboost_full,2018-07-01,8175.0,8946.791959405296,39,5,2018-02-01
catboost_full,2018-08-01,8328.0,8309.07066934062,39,6,2018-02-01
catboost_full,2018-04-01,6769.0,6941.20638957401,40,1,2018-03-01
catboost_full,2018-05-01,7511.0,7693.610300672775,40,2,2018-03-01
catboost_full,2018-06-01,8057.0,8254.520236785505,40,3,2018-03-01
catboost_full,2018-07-01,8175.0,8914.14755313168,40,4,2018-03-01
catboost_full,2018-08-01,8328.0,8390.976496069175,40,5,2018-03-01
catboost_full,2018-09-01,7325.0,7425.696050174347,40,6,2018-03-01
catboost_full,2018-05-01,7511.0,7652.216220715335,41,1,2018-04-01
catboost_full,2018-06-01,8057.0,8141.059341986037,41,2,2018-04-01
catboost_full,2018-07-01,8175.0,8863.485965989708,41,3,2018-04-01
catboost_full,2018-08-01,8328.0,8332.30802345583,41,4,2018-04-01
catboost_full,2018-09-01,7325.0,7519.470871593591,41,5,2018-04-01
catboost_full,2018-10-01,7202.0,7624.2534078010685,41,6,2018-04-01
catboost_full,2018-06-01,8057.0,8208.174103258058,42,1,2018-05-01
catboost_full,2018-07-01,8175.0,8754.722410888924,42,2,2018-05-01
catboost_full,2018-08-01,8328.0,8322.208013146166,42,3,2018-05-01
catboost_full,2018-09-01,7325.0,7488.982290947553,42,4,2018-05-01
catboost_full,2018-10-01,7202.0,7591.543608323274,42,5,2018-05-01
catboost_full,2018-11-01,7161.0,7003.047413864271,42,6,2018-05-01
catboost_full,2018-07-01,8175.0,8794.958854010796,43,1,2018-06-01
catboost_full,2018-08-01,8328.0,8315.701665607965,43,2,2018-06-01
catboost_full,2018-09-01,7325.0,7487.306171581479,43,3,2018-06-01
catboost_full,2018-10-01,7202.0,7588.863025420902,43,4,2018-06-01
catboost_full,2018-11-01,7161.0,7011.33589947622,43,5,2018-06-01
catboost_full,2018-12-01,7409.0,7091.371116428827,43,6,2018-06-01
catboost_full,2018-08-01,8328.0,8283.378904452315,44,1,2018-07-01
catboost_full,2018-09-01,7325.0,7233.798865455165,44,2,2018-07-01
catboost_full,2018-10-01,7202.0,7398.73264548228,44,3,2018-07-01
catboost_full,2018-11-01,7161.0,6833.428149860255,44,4,2018-07-01
catboost_full,2018-12-01,7409.0,6815.237183964743,44,5,2018-07-01
catboost_full,2019-01-01,7117.0,7018.3281937739575,44,6,2018-07-01
catboost_full,2018-09-01,7325.0,7241.477745064605,45,1,2018-08-01
catboost_full,2018-10-01,7202.0,7390.946703234976,45,2,2018-08-01
catboost_full,2018-11-01,7161.0,6848.690683017073,45,3,2018-08-01
catboost_full,2018-12-01,7409.0,6810.947547378738,45,4,2018-08-01
catboost_full,2019-01-01,7117.0,7026.9718252507155,45,5,2018-08-01
catboost_full,2019-02-01,6307.0,6046.640855900626,45,6,2018-08-01
catboost_full,2018-10-01,7202.0,7420.513388770532,46,1,2018-09-01
catboost_full,2018-11-01,7161.0,6998.455665458278,46,2,2018-09-01
catboost_full,2018-12-01,7409.0,6940.007001596448,46,3,2018-09-01
catboost_full,2019-01-01,7117.0,6991.88130432474,46,4,2018-09-01
catboost_full,2019-02-01,6307.0,6113.199964657113,46,5,2018-09-01
catboost_full,2019-03-01,7067.0,6862.001206393396,46,6,2018-09-01
catboost_full,2018-11-01,7161.0,6882.223221758282,47,1,2018-10-01
catboost_full,2018-12-01,7409.0,6766.824618216707,47,2,2018-10-01
catboost_full,2019-01-01,7117.0,7025.706634790109,47,3,2018-10-01
catboost_full,2019-02-01,6307.0,6007.96386339678,47,4,2018-10-01
catboost_full,2019-03-01,7067.0,6844.887221220045,47,5,2018-10-01
catboost_full,2019-04-01,7108.0,6926.960427205069,47,6,2018-10-01
catboost_full,2018-12-01,7409.0,6952.799446753096,48,1,2018-11-01
catboost_full,2019-01-01,7117.0,7093.579082821053,48,2,2018-11-01
catboost_full,2019-02-01,6307.0,6159.17107756282,48,3,2018-11-01
catboost_full,2019-03-01,7067.0,7058.327865816904,48,4,2018-11-01
catboost_full,2019-04-01,7108.0,6862.750223865396,48,5,2018-11-01
catboost_full,2019-05-01,7776.0,7572.335581360819,48,6,2018-11-01
catboost_full,2019-01-01,7117.0,7045.462742710364,49,1,2018-12-01
catboost_full,2019-02-01,6307.0,6212.309899765889,49,2,2018-12-01
catboost_full,2019-03-01,7067.0,7071.130626872857,49,3,2018-12-01
catboost_full,2019-04-01,7108.0,6951.292984673366,49,4,2018-12-01
catboost_full,2019-05-01,7776.0,7606.800279789277,49,5,2018-12-01
catboost_full,2019-06-01,8274.0,8023.4631237891035,49,6,2018-12-01
catboost_full,2019-02-01,6307.0,6111.968331014415,50,1,2019-01-01
catboost_full,2019-03-01,7067.0,7083.1604431656715,50,2,2019-01-01
catboost_full,2019-04-01,7108.0,7065.663364703269,50,3,2019-01-01
catboost_full,2019-05-01,7776.0,7672.513677369209,50,4,2019-01-01
catboost_full,2019-06-01,8274.0,8022.062085082421,50,5,2019-01-01
catboost_full,2019-07-01,8919.0,8294.354100085062,50,6,2019-01-01
catboost_full,2019-03-01,7067.0,7124.375190867135,51,1,2019-02-01
catboost_full,2019-04-01,7108.0,7048.397700257667,51,2,2019-02-01
catboost_full,2019-05-01,7776.0,7799.499712278499,51,3,2019-02-01
catboost_full,2019-06-01,8274.0,8241.592622069318,51,4,2019-02-01
catboost_full,2019-07-01,8919.0,8251.763098202307,51,5,2019-02-01
catboost_full,2019-08-01,8180.0,8188.353145099045,51,6,2019-02-01
catboost_full,2019-04-01,7108.0,7018.144997282622,52,1,2019-03-01
catboost_full,2019-05-01,7776.0,7715.167201240127,52,2,2019-03-01
catboost_full,2019-06-01,8274.0,8123.187223204772,52,3,2019-03-01
catboost_full,2019-07-01,8919.0,8119.837745712675,52,4,2019-03-01
catboost_full,2019-08-01,8180.0,8291.121024716042,52,5,2019-03-01
catboost_full,2019-09-01,7664.0,7328.987399234232,52,6,2019-03-01
catboost_full,2019-05-01,7776.0,7850.853354688614,53,1,2019-04-01
catboost_full,2019-06-01,8274.0,8342.389418863666,53,2,2019-04-01
catboost_full,2019-07-01,8919.0,8294.718381227252,53,3,2019-04-01
catboost_full,2019-08-01,8180.0,8331.727054352508,53,4,2019-04-01
catboost_full,2019-09-01,7664.0,7409.059233391059,53,5,2019-04-01
catboost_full,2019-10-01,7254.0,7304.667077973408,53,6,2019-04-01
catboost_full,2019-06-01,8274.0,8190.416086155187,54,1,2019-05-01
catboost_full,2019-07-01,8919.0,8275.143644357197,54,2,2019-05-01
catboost_full,2019-08-01,8180.0,8181.130912048635,54,3,2019-05-01
catboost_full,2019-09-01,7664.0,7349.715616859809,54,4,2019-05-01
catboost_full,2019-10-01,7254.0,7341.072800762898,54,5,2019-05-01
catboost_full,2019-11-01,6785.0,7142.730893912138,54,6,2019-05-01
catboost_full,2019-07-01,8919.0,8254.069119100264,55,1,2019-06-01
catboost_full,2019-08-01,8180.0,8184.567008062404,55,2,2019-06-01
catboost_full,2019-09-01,7664.0,7348.714661051776,55,3,2019-06-01
catboost_full,2019-10-01,7254.0,7361.994630924343,55,4,2019-06-01
catboost_full,2019-11-01,6785.0,7177.375689944871,55,5,2019-06-01
catboost_full,2019-12-01,6987.0,7209.070549826899,55,6,2019-06-01
catboost_full,2019-08-01,8180.0,8326.450695593712,56,1,2019-07-01
catboost_full,2019-09-01,7664.0,7313.029532816423,56,2,2019-07-01
catboost_full,2019-10-01,7254.0,7285.938993147986,56,3,2019-07-01
catboost_full,2019-11-01,6785.0,7101.990068393875,56,4,2019-07-01
catboost_full,2019-12-01,6987.0,7229.940799811401,56,5,2019-07-01
catboost_full,2020-01-01,7194.0,7136.220315367253,56,6,2019-07-01
catboost_full,2019-09-01,7664.0,7368.9858524213105,57,1,2019-08-01
catboost_full,2019-10-01,7254.0,7277.193160204859,57,2,2019-08-01
catboost_full,2019-11-01,6785.0,7008.148107022082,57,3,2019-08-01
catboost_full,2019-12-01,6987.0,7182.458056541485,57,4,2019-08-01
catboost_full,2020-01-01,7194.0,7061.909249900565,57,5,2019-08-01
catboost_full,2020-02-01,6848.0,6206.978765111964,57,6,2019-08-01
catboost_full,2019-10-01,7254.0,7445.567624987634,58,1,2019-09-01
catboost_full,2019-11-01,6785.0,7211.877059539977,58,2,2019-09-01
catboost_full,2019-12-01,6987.0,7240.300705851626,58,3,2019-09-01
catboost_full,2020-01-01,7194.0,7233.283532191755,58,4,2019-09-01
catboost_full,2020-02-01,6848.0,6140.56944189155,58,5,2019-09-01
catboost_full,2020-03-01,7324.0,7116.366420405768,58,6,2019-09-01
catboost_full,2019-11-01,6785.0,7087.531550777756,59,1,2019-10-01
catboost_full,2019-12-01,6987.0,7257.662626218045,59,2,2019-10-01
catboost_full,2020-01-01,7194.0,7171.413731298939,59,3,2019-10-01
catboost_full,2020-02-01,6848.0,6252.359123726874,59,4,2019-10-01
catboost_full,2020-03-01,7324.0,6990.358279269674,59,5,2019-10-01
catboost_full,2020-04-01,5978.0,7194.38952897021,59,6,2019-10-01
catboost_full,2019-12-01,6987.0,7335.45365006641,60,1,2019-11-01
catboost_full,2020-01-01,7194.0,6945.846169196323,60,2,2019-11-01
catboost_full,2020-02-01,6848.0,6413.931499851385,60,3,2019-11-01
catboost_full,2020-03-01,7324.0,7073.923942342696,60,4,2019-11-01
catboost_full,2020-04-01,5978.0,7076.169544136594,60,5,2019-11-01
catboost_full,2020-05-01,7062.0,7999.367678596474,60,6,2019-11-01
catboost_full,2020-01-01,7194.0,7025.544486608334,61,1,2019-12-01
catboost_full,2020-02-01,6848.0,6280.625733003545,61,2,2019-12-01
catboost_full,2020-03-01,7324.0,7028.980684325342,61,3,2019-12-01
catboost_full,2020-04-01,5978.0,7239.810018538153,61,4,2019-12-01
catboost_full,2020-05-01,7062.0,7784.3300223590995,61,5,2019-12-01
catboost_full,2020-06-01,6948.0,8295.530182043618,61,6,2019-12-01
catboost_full,2020-02-01,6848.0,6241.238903483194,62,1,2020-01-01
catboost_full,2020-03-01,7324.0,6940.767889802666,62,2,2020-01-01
catboost_full,2020-04-01,5978.0,7343.048833613033,62,3,2020-01-01
catboost_full,2020-05-01,7062.0,8038.704346410663,62,4,2020-01-01
catboost_full,2020-06-01,6948.0,8501.635572374174,62,5,2020-01-01
catboost_full,2020-07-01,7392.0,8819.807337184428,62,6,2020-01-01
catboost_full,2020-03-01,7324.0,7295.849596431751,63,1,2020-02-01
catboost_full,2020-04-01,5978.0,7446.275649062477,63,2,2020-02-01
catboost_full,2020-05-01,7062.0,8111.869457433442,63,3,2020-02-01
catboost_full,2020-06-01,6948.0,8567.68623164494,63,4,2020-02-01
catboost_full,2020-07-01,7392.0,8961.323181043746,63,5,2020-02-01
catboost_full,2020-08-01,7678.0,8567.729709982996,63,6,2020-02-01
catboost_full,2020-04-01,5978.0,7484.261914519727,64,1,2020-03-01
catboost_full,2020-05-01,7062.0,8172.698603823825,64,2,2020-03-01
catboost_full,2020-06-01,6948.0,8546.800721322226,64,3,2020-03-01
catboost_full,2020-07-01,7392.0,8905.425019185828,64,4,2020-03-01
catboost_full,2020-08-01,7678.0,8634.73818846617,64,5,2020-03-01
catboost_full,2020-09-01,7005.0,7887.921740848607,64,6,2020-03-01
catboost_full,2020-05-01,7062.0,8077.740919777739,65,1,2020-04-01
catboost_full,2020-06-01,6948.0,8616.808671378476,65,2,2020-04-01
catboost_full,2020-07-01,7392.0,9019.691850229081,65,3,2020-04-01
catboost_full,2020-08-01,7678.0,8480.953429734349,65,4,2020-04-01
catboost_full,2020-09-01,7005.0,7667.559941043928,65,5,2020-04-01
catboost_full,2020-10-01,7385.0,7340.391684125105,65,6,2020-04-01
catboost_full,2020-06-01,6948.0,8450.403668335746,66,1,2020-05-01
catboost_full,2020-07-01,7392.0,8881.102117180433,66,2,2020-05-01
catboost_full,2020-08-01,7678.0,8278.26007643405,66,3,2020-05-01
catboost_full,2020-09-01,7005.0,7626.864524848406,66,4,2020-05-01
catboost_full,2020-10-01,7385.0,7253.341179743684,66,5,2020-05-01
catboost_full,2020-11-01,6872.0,6970.527589035584,66,6,2020-05-01
catboost_full,2020-07-01,7392.0,8676.977038216906,67,1,2020-06-01
catboost_full,2020-08-01,7678.0,8002.172646961406,67,2,2020-06-01
catboost_full,2020-09-01,7005.0,7511.183709626353,67,3,2020-06-01
catboost_full,2020-10-01,7385.0,7337.257076766675,67,4,2020-06-01
catboost_full,2020-11-01,6872.0,6749.183078743651,67,5,2020-06-01
catboost_full,2020-12-01,6781.0,7035.362567144553,67,6,2020-06-01
catboost_full,2020-08-01,7678.0,7753.766904785319,68,1,2020-07-01
catboost_full,2020-09-01,7005.0,7034.595789347219,68,2,2020-07-01
catboost_full,2020-10-01,7385.0,6873.790558392328,68,3,2020-07-01
catboost_full,2020-11-01,6872.0,6588.142632519584,68,4,2020-07-01
catboost_full,2020-12-01,6781.0,6870.660616141096,68,5,2020-07-01
catboost_full,2021-01-01,6917.0,7247.431259392644,68,6,2020-07-01
catboost_full,2020-09-01,7005.0,7144.4701216664525,69,1,2020-08-01
catboost_full,2020-10-01,7385.0,7002.478423901677,69,2,2020-08-01
catboost_full,2020-11-01,6872.0,6782.304143850348,69,3,2020-08-01
catboost_full,2020-12-01,6781.0,7015.1108712010655,69,4,2020-08-01
catboost_full,2021-01-01,6917.0,7324.0779643350825,69,5,2020-08-01
catboost_full,2021-02-01,6217.0,6853.272356374047,69,6,2020-08-01
catboost_full,2020-10-01,7385.0,6915.863227679993,70,1,2020-09-01
catboost_full,2020-11-01,6872.0,6619.487308245743,70,2,2020-09-01
catboost_full,2020-12-01,6781.0,6921.963075528683,70,3,2020-09-01
catboost_full,2021-01-01,6917.0,7330.4811249718,70,4,2020-09-01
catboost_full,2021-02-01,6217.0,6760.188192888676,70,5,2020-09-01
catboost_full,2021-03-01,7569.0,7245.002694689794,70,6,2020-09-01
catboost_full,2020-11-01,6872.0,6718.392363969839,71,1,2020-10-01
catboost_full,2020-12-01,6781.0,6984.885605502843,71,2,2020-10-01
catboost_full,2021-01-01,6917.0,7228.760952661973,71,3,2020-10-01
catboost_full,2021-02-01,6217.0,6724.025299829658,71,4,2020-10-01
catboost_full,2021-03-01,7569.0,7176.707340071962,71,5,2020-10-01
catboost_full,2021-04-01,6917.0,5876.50598100496,71,6,2020-10-01
catboost_full,2020-12-01,6781.0,7071.868013564795,72,1,2020-11-01
catboost_full,2021-01-01,6917.0,7547.200971948182,72,2,2020-11-01
catboost_full,2021-02-01,6217.0,6758.894697979565,72,3,2020-11-01
catboost_full,2021-03-01,7569.0,7347.330995627537,72,4,2020-11-01
catboost_full,2021-04-01,6917.0,6163.568918015129,72,5,2020-11-01
catboost_full,2021-05-01,8253.0,7234.482096193636,72,6,2020-11-01
catboost_full,2021-01-01,6917.0,7274.830087887727,73,1,2020-12-01
catboost_full,2021-02-01,6217.0,6562.202257485853,73,2,2020-12-01
catboost_full,2021-03-01,7569.0,7205.004677928581,73,3,2020-12-01
catboost_full,2021-04-01,6917.0,5923.780743474186,73,4,2020-12-01
catboost_full,2021-05-01,8253.0,6926.00125367137,73,5,2020-12-01
catboost_full,2021-06-01,8153.0,7171.886173151672,73,6,2020-12-01
catboost_full,2021-02-01,6217.0,6485.994624096378,74,1,2021-01-01
catboost_full,2021-03-01,7569.0,7040.292721438429,74,2,2021-01-01
catboost_full,2021-04-01,6917.0,6013.454827097068,74,3,2021-01-01
catboost_full,2021-05-01,8253.0,6957.048459732131,74,4,2021-01-01
catboost_full,2021-06-01,8153.0,6996.240831605282,74,5,2021-01-01
catboost_full,2021-07-01,9251.0,7280.054988986922,74,6,2021-01-01
catboost_full,2021-03-01,7569.0,6949.548717369117,75,1,2021-02-01
catboost_full,2021-04-01,6917.0,5848.336970857599,75,2,2021-02-01
catboost_full,2021-05-01,8253.0,6942.585808739278,75,3,2021-02-01
catboost_full,2021-06-01,8153.0,6981.070232637767,75,4,2021-02-01
catboost_full,2021-07-01,9251.0,7253.111296090543,75,5,2021-02-01
catboost_full,2021-08-01,8830.0,7596.300927914796,75,6,2021-02-01
catboost_full,2021-04-01,6917.0,6014.250982365763,76,1,2021-03-01
catboost_full,2021-05-01,8253.0,7045.132846714228,76,2,2021-03-01
catboost_full,2021-06-01,8153.0,7129.587519969677,76,3,2021-03-01
catboost_full,2021-07-01,9251.0,7445.346365876771,76,4,2021-03-01
catboost_full,2021-08-01,8830.0,7664.916395686664,76,5,2021-03-01
catboost_full,2021-09-01,7512.0,7131.491213964005,76,6,2021-03-01
catboost_full,2021-05-01,8253.0,7436.606718963468,77,1,2021-04-01
catboost_full,2021-06-01,8153.0,7261.809303752232,77,2,2021-04-01
catboost_full,2021-07-01,9251.0,7684.236318905869,77,3,2021-04-01
catboost_full,2021-08-01,8830.0,7928.264297157564,77,4,2021-04-01
catboost_full,2021-09-01,7512.0,7592.419519778567,77,5,2021-04-01
catboost_full,2021-10-01,7656.0,7610.848039660163,77,6,2021-04-01
catboost_full,2021-06-01,8153.0,7583.769770372952,78,1,2021-05-01
catboost_full,2021-07-01,9251.0,7839.750569387712,78,2,2021-05-01
catboost_full,2021-08-01,8830.0,8076.292469306026,78,3,2021-05-01
catboost_full,2021-09-01,7512.0,7404.707225461707,78,4,2021-05-01
catboost_full,2021-10-01,7656.0,7597.270745873776,78,5,2021-05-01
catboost_full,2021-11-01,7603.0,7069.088327359113,78,6,2021-05-01
catboost_full,2021-07-01,9251.0,8058.157554130012,79,1,2021-06-01
catboost_full,2021-08-01,8830.0,8104.632328200638,79,2,2021-06-01
catboost_full,2021-09-01,7512.0,7366.1868189881925,79,3,2021-06-01
catboost_full,2021-10-01,7656.0,7443.886001075937,79,4,2021-06-01
catboost_full,2021-11-01,7603.0,7072.781315046001,79,5,2021-06-01
catboost_full,2021-12-01,8237.0,6994.388519518103,79,6,2021-06-01
catboost_full,2021-08-01,8830.0,8386.20119751068,80,1,2021-07-01
catboost_full,2021-09-01,7512.0,7610.71095667439,80,2,2021-07-01
catboost_full,2021-10-01,7656.0,7769.312564887943,80,3,2021-07-01
catboost_full,2021-11-01,7603.0,7104.169470754696,80,4,2021-07-01
catboost_full,2021-12-01,8237.0,6994.770076844498,80,5,2021-07-01
catboost_full,2022-01-01,9582.0,6874.01423936856,80,6,2021-07-01
catboost_full,2021-09-01,7512.0,7900.505917909886,81,1,2021-08-01
catboost_full,2021-10-01,7656.0,7936.488843848825,81,2,2021-08-01
catboost_full,2021-11-01,7603.0,7377.948428446753,81,3,2021-08-01
catboost_full,2021-12-01,8237.0,7223.10567125396,81,4,2021-08-01
catboost_full,2022-01-01,9582.0,6863.882259929918,81,5,2021-08-01
catboost_full,2022-02-01,7227.0,6260.9409417317775,81,6,2021-08-01
catboost_full,2021-10-01,7656.0,7815.648165797937,82,1,2021-09-01
catboost_full,2021-11-01,7603.0,7355.594257148117,82,2,2021-09-01
catboost_full,2021-12-01,8237.0,7002.424662252077,82,3,2021-09-01
catboost_full,2022-01-01,9582.0,6964.130447263864,82,4,2021-09-01
catboost_full,2022-02-01,7227.0,6394.462109011227,82,5,2021-09-01
catboost_full,2022-03-01,7504.0,7248.057605309447,82,6,2021-09-01
catboost_full,2021-11-01,7603.0,7350.025424905724,83,1,2021-10-01
catboost_full,2021-12-01,8237.0,6975.0618766951975,83,2,2021-10-01
catboost_full,2022-01-01,9582.0,6903.669719416405,83,3,2021-10-01
catboost_full,2022-02-01,7227.0,6242.5490205360975,83,4,2021-10-01
catboost_full,2022-03-01,7504.0,7203.554181655393,83,5,2021-10-01
catboost_full,2022-04-01,7589.0,6298.07328877655,83,6,2021-10-01
catboost_full,2021-12-01,8237.0,6985.214099083718,84,1,2021-11-01
catboost_full,2022-01-01,9582.0,7022.314082572204,84,2,2021-11-01
catboost_full,2022-02-01,7227.0,6299.45027483177,84,3,2021-11-01
catboost_full,2022-03-01,7504.0,7344.516551086061,84,4,2021-11-01
catboost_full,2022-04-01,7589.0,6364.721239874367,84,5,2021-11-01
catboost_full,2022-05-01,8846.0,7703.951985072101,84,6,2021-11-01
catboost_full,2022-01-01,9582.0,7632.432516656704,85,1,2021-12-01
catboost_full,2022-02-01,7227.0,6728.1407233521,85,2,2021-12-01
catboost_full,2022-03-01,7504.0,7613.873786775806,85,3,2021-12-01
catboost_full,2022-04-01,7589.0,6546.496774901659,85,4,2021-12-01
catboost_full,2022-05-01,8846.0,7780.7973492655055,85,5,2021-12-01
catboost_full,2022-06-01,9057.0,7664.896706833704,85,6,2021-12-01
catboost_full,2022-02-01,7227.0,7978.283707704611,86,1,2022-01-01
catboost_full,2022-03-01,7504.0,8663.22312362415,86,2,2022-01-01
catboost_full,2022-04-01,7589.0,7446.318114956223,86,3,2022-01-01
catboost_full,2022-05-01,8846.0,8602.854252553445,86,4,2022-01-01
catboost_full,2022-06-01,9057.0,8394.12626987875,86,5,2022-01-01
catboost_full,2022-07-01,8699.0,9482.35723568821,86,6,2022-01-01
catboost_full,2022-03-01,7504.0,8095.456362488148,87,1,2022-02-01
catboost_full,2022-04-01,7589.0,7180.804872459454,87,2,2022-02-01
catboost_full,2022-05-01,8846.0,8225.285666321348,87,3,2022-02-01
catboost_full,2022-06-01,9057.0,8115.762673991672,87,4,2022-02-01
catboost_full,2022-07-01,8699.0,9364.697882420982,87,5,2022-02-01
catboost_full,2022-08-01,8834.0,8668.484438571637,87,6,2022-02-01
catboost_full,2022-04-01,7589.0,6633.977552439949,88,1,2022-03-01
catboost_full,2022-05-01,8846.0,8068.447554767117,88,2,2022-03-01
catboost_full,2022-06-01,9057.0,7886.800014397336,88,3,2022-03-01
catboost_full,2022-07-01,8699.0,9232.325838606796,88,4,2022-03-01
catboost_full,2022-08-01,8834.0,8561.806772463648,88,5,2022-03-01
catboost_full,2022-09-01,8228.0,7209.899001887174,88,6,2022-03-01
catboost_full,2022-05-01,8846.0,8627.986590990133,89,1,2022-04-01
catboost_full,2022-06-01,9057.0,8479.909891340285,89,2,2022-04-01
catboost_full,2022-07-01,8699.0,9731.057503751708,89,3,2022-04-01
catboost_full,2022-08-01,8834.0,8633.158571820684,89,4,2022-04-01
catboost_full,2022-09-01,8228.0,7348.114903026494,89,5,2022-04-01
catboost_full,2022-10-01,8388.0,7584.677915499682,89,6,2022-04-01
catboost_full,2022-06-01,9057.0,8364.552011563183,90,1,2022-05-01
catboost_full,2022-07-01,8699.0,9654.533438626095,90,2,2022-05-01
catboost_full,2022-08-01,8834.0,8852.417321698425,90,3,2022-05-01
catboost_full,2022-09-01,8228.0,7403.513106659732,90,4,2022-05-01
catboost_full,2022-10-01,8388.0,7613.47615760529,90,5,2022-05-01
catboost_full,2022-11-01,7588.0,7445.3762172012175,90,6,2022-05-01
catboost_full,2022-07-01,8699.0,10137.071655665677,91,1,2022-06-01
catboost_full,2022-08-01,8834.0,9063.297219988743,91,2,2022-06-01
catboost_full,2022-09-01,8228.0,7663.901770708901,91,3,2022-06-01
catboost_full,2022-10-01,8388.0,7849.311994041204,91,4,2022-06-01
catboost_full,2022-11-01,7588.0,7599.221364167871,91,5,2022-06-01
catboost_full,2022-12-01,7850.0,8080.2984115753325,91,6,2022-06-01
catboost_full,2022-08-01,8834.0,9038.058722105041,92,1,2022-07-01
catboost_full,2022-09-01,8228.0,7703.513699120548,92,2,2022-07-01
catboost_full,2022-10-01,8388.0,7874.781737710009,92,3,2022-07-01
catboost_full,2022-11-01,7588.0,7407.181660447377,92,4,2022-07-01
catboost_full,2022-12-01,7850.0,8036.5963908593385,92,5,2022-07-01
catboost_full,2023-01-01,7563.0,9271.229541533989,92,6,2022-07-01
catboost_full,2022-09-01,8228.0,7560.987492161848,93,1,2022-08-01
catboost_full,2022-10-01,8388.0,7581.024523173766,93,2,2022-08-01
catboost_full,2022-11-01,7588.0,7219.716662423249,93,3,2022-08-01
catboost_full,2022-12-01,7850.0,7852.081587393356,93,4,2022-08-01
catboost_full,2023-01-01,7563.0,9254.818278295003,93,5,2022-08-01
catboost_full,2023-02-01,6551.0,7018.629165663077,93,6,2022-08-01
catboost_full,2022-10-01,8388.0,8008.461996379888,94,1,2022-09-01
catboost_full,2022-11-01,7588.0,7447.111493769475,94,2,2022-09-01
catboost_full,2022-12-01,7850.0,8212.629617106893,94,3,2022-09-01
catboost_full,2023-01-01,7563.0,9401.395709446357,94,4,2022-09-01
catboost_full,2023-02-01,6551.0,6759.629868914819,94,5,2022-09-01
catboost_full,2023-03-01,7507.0,7362.816569875947,94,6,2022-09-01
catboost_full,2022-11-01,7588.0,7639.952653763435,95,1,2022-10-01
catboost_full,2022-12-01,7850.0,8216.085756772722,95,2,2022-10-01
catboost_full,2023-01-01,7563.0,9603.681945826804,95,3,2022-10-01
catboost_full,2023-02-01,6551.0,6994.198392509934,95,4,2022-10-01
catboost_full,2023-03-01,7507.0,7366.282805471878,95,5,2022-10-01
catboost_full,2023-04-01,7745.0,7195.166044450743,95,6,2022-10-01
catboost_full,2022-12-01,7850.0,8211.739236523468,96,1,2022-11-01
catboost_full,2023-01-01,7563.0,9599.946778100913,96,2,2022-11-01
catboost_full,2023-02-01,6551.0,7035.007529089226,96,3,2022-11-01
catboost_full,2023-03-01,7507.0,7355.861787132497,96,4,2022-11-01
catboost_full,2023-04-01,7745.0,7166.673795329793,96,5,2022-11-01
catboost_full,2023-05-01,8600.0,8700.633153107052,96,6,2022-11-01
catboost_full,2023-01-01,7563.0,9638.649382257707,97,1,2022-12-01
catboost_full,2023-02-01,6551.0,6906.5394437778305,97,2,2022-12-01
catboost_full,2023-03-01,7507.0,7413.343121535664,97,3,2022-12-01
catboost_full,2023-04-01,7745.0,7279.190099162946,97,4,2022-12-01
catboost_full,2023-05-01,8600.0,8513.24487965645,97,5,2022-12-01
catboost_full,2023-06-01,9151.0,8792.120911888971,97,6,2022-12-01
catboost_full,2023-02-01,6551.0,6573.874880239165,98,1,2023-01-01
catboost_full,2023-03-01,7507.0,7211.709080916526,98,2,2023-01-01
catboost_full,2023-04-01,7745.0,7205.30664614699,98,3,2023-01-01
catboost_full,2023-05-01,8600.0,8499.988847951257,98,4,2023-01-01
catboost_full,2023-06-01,9151.0,8862.888144632121,98,5,2023-01-01
catboost_full,2023-07-01,9183.0,8477.821315234869,98,6,2023-01-01
catboost_full,2023-03-01,7507.0,7076.601843367451,99,1,2023-02-01
catboost_full,2023-04-01,7745.0,7263.456127762031,99,2,2023-02-01
catboost_full,2023-05-01,8600.0,8403.24100446839,99,3,2023-02-01
catboost_full,2023-06-01,9151.0,8942.903276833487,99,4,2023-02-01
catboost_full,2023-07-01,9183.0,8713.186120621882,99,5,2023-02-01
catboost_full,2023-08-01,8297.0,8815.08147078171,99,6,2023-02-01
catboost_full,2023-04-01,7745.0,7341.979818837502,100,1,2023-03-01
catboost_full,2023-05-01,8600.0,8298.481834784097,100,2,2023-03-01
catboost_full,2023-06-01,9151.0,8807.662542082628,100,3,2023-03-01
catboost_full,2023-07-01,9183.0,8611.268372806364,100,4,2023-03-01
catboost_full,2023-08-01,8297.0,8763.645514943517,100,5,2023-03-01
catboost_full,2023-09-01,7823.0,7649.783544480028,100,6,2023-03-01
catboost_full,2023-05-01,8600.0,8650.266307865839,101,1,2023-04-01
catboost_full,2023-06-01,9151.0,8731.41009942855,101,2,2023-04-01
catboost_full,2023-07-01,9183.0,8638.347494811414,101,3,2023-04-01
catboost_full,2023-08-01,8297.0,8709.220796473008,101,4,2023-04-01
catboost_full,2023-09-01,7823.0,7864.00197102514,101,5,2023-04-01
catboost_full,2023-10-01,7507.0,8132.532872604979,101,6,2023-04-01
catboost_full,2023-06-01,9151.0,8767.040357753562,102,1,2023-05-01
catboost_full,2023-07-01,9183.0,8707.840167485958,102,2,2023-05-01
catboost_full,2023-08-01,8297.0,8889.499798200397,102,3,2023-05-01
catboost_full,2023-09-01,7823.0,7949.605634664697,102,4,2023-05-01
catboost_full,2023-10-01,7507.0,8201.440189071673,102,5,2023-05-01
catboost_full,2023-11-01,8107.0,7761.434438867215,102,6,2023-05-01
catboost_full,2023-07-01,9183.0,8678.9831873057,103,1,2023-06-01
catboost_full,2023-08-01,8297.0,8731.30852840994,103,2,2023-06-01
catboost_full,2023-09-01,7823.0,7746.795306252824,103,3,2023-06-01
catboost_full,2023-10-01,7507.0,8192.8829884637,103,4,2023-06-01
catboost_full,2023-11-01,8107.0,7846.2990784424555,103,5,2023-06-01
catboost_full,2023-12-01,7504.0,8072.9408554915835,103,6,2023-06-01
catboost_direct,2015-01-01,7184.0,6300.887784060944,1,1,2014-12-01
catboost_direct,2015-02-01,5958.0,6586.082810792101,1,2,2014-12-01
catboost_direct,2015-03-01,6658.0,6437.5953177779065,1,3,2014-12-01
catboost_direct,2015-04-01,7069.0,6447.855443098327,1,4,2014-12-01
catboost_direct,2015-05-01,8099.0,7553.706159943339,1,5,2014-12-01
catboost_direct,2015-06-01,7868.0,7442.795377917348,1,6,2014-12-01
catboost_direct,2015-02-01,5958.0,6460.427056451306,2,1,2015-01-01
catboost_direct,2015-03-01,6658.0,6491.555920273246,2,2,2015-01-01
catboost_direct,2015-04-01,7069.0,6534.869150115314,2,3,2015-01-01
catboost_direct,2015-05-01,8099.0,7484.522878101395,2,4,2015-01-01
catboost_direct,2015-06-01,7868.0,7458.700598212007,2,5,2015-01-01
catboost_direct,2015-07-01,7986.0,7459.407279309415,2,6,2015-01-01
catboost_direct,2015-03-01,6658.0,6519.423497336932,3,1,2015-02-01
catboost_direct,2015-04-01,7069.0,6530.392336428889,3,2,2015-02-01
catboost_direct,2015-05-01,8099.0,7480.380956112614,3,3,2015-02-01
catboost_direct,2015-06-01,7868.0,7479.68926613815,3,4,2015-02-01
catboost_direct,2015-07-01,7986.0,7474.221233318678,3,5,2015-02-01
catboost_direct,2015-08-01,7251.0,7641.648570302332,3,6,2015-02-01
catboost_direct,2015-04-01,7069.0,6694.526074924605,4,1,2015-03-01
catboost_direct,2015-05-01,8099.0,7533.290711897392,4,2,2015-03-01
catboost_direct,2015-06-01,7868.0,7543.169789701373,4,3,2015-03-01
catboost_direct,2015-07-01,7986.0,7558.327790222265,4,4,2015-03-01
catboost_direct,2015-08-01,7251.0,7775.57242502754,4,5,2015-03-01
catboost_direct,2015-09-01,7163.0,6896.313608044777,4,6,2015-03-01
catboost_direct,2015-05-01,8099.0,7527.638535512275,5,1,2015-04-01
catboost_direct,2015-06-01,7868.0,7470.4177181165105,5,2,2015-04-01
catboost_direct,2015-07-01,7986.0,7578.9594598113745,5,3,2015-04-01
catboost_direct,2015-08-01,7251.0,7793.636101384754,5,4,2015-04-01
catboost_direct,2015-09-01,7163.0,6872.57194475157,5,5,2015-04-01
catboost_direct,2015-10-01,6690.0,7055.677809043516,5,6,2015-04-01
catboost_direct,2015-06-01,7868.0,7440.337059326263,6,1,2015-05-01
catboost_direct,2015-07-01,7986.0,7580.010548770792,6,2,2015-05-01
catboost_direct,2015-08-01,7251.0,7886.630493756,6,3,2015-05-01
catboost_direct,2015-09-01,7163.0,6941.063828220015,6,4,2015-05-01
catboost_direct,2015-10-01,6690.0,7090.880142466622,6,5,2015-05-01
catboost_direct,2015-11-01,6392.0,6454.260146813243,6,6,2015-05-01
catboost_direct,2015-07-01,7986.0,7413.342168739524,7,1,2015-06-01
catboost_direct,2015-08-01,7251.0,7851.342708439816,7,2,2015-06-01
catboost_direct,2015-09-01,7163.0,6985.619425420103,7,3,2015-06-01
catboost_direct,2015-10-01,6690.0,7116.373824367245,7,4,2015-06-01
catboost_direct,2015-11-01,6392.0,6452.411439275728,7,5,2015-06-01
catboost_direct,2015-12-01,6753.0,6870.0330157695325,7,6,2015-06-01
catboost_direct,2015-08-01,7251.0,7832.100319205692,8,1,2015-07-01
catboost_direct,2015-09-01,7163.0,6828.932805149701,8,2,2015-07-01
catboost_direct,2015-10-01,6690.0,7115.58420958211,8,3,2015-07-01
catboost_direct,2015-11-01,6392.0,6453.782224820827,8,4,2015-07-01
catboost_direct,2015-12-01,6753.0,6791.57171880944,8,5,2015-07-01
catboost_direct,2016-01-01,6753.0,7227.458526136009,8,6,2015-07-01
catboost_direct,2015-09-01,7163.0,6865.565270851263,9,1,2015-08-01
catboost_direct,2015-10-01,6690.0,7125.644292802024,9,2,2015-08-01
catboost_direct,2015-11-01,6392.0,6543.897700899541,9,3,2015-08-01
catboost_direct,2015-12-01,6753.0,6870.574781640873,9,4,2015-08-01
catboost_direct,2016-01-01,6753.0,6994.537704850374,9,5,2015-08-01
catboost_direct,2016-02-01,6385.0,6189.4871378708185,9,6,2015-08-01
catboost_direct,2015-10-01,6690.0,7207.082671564361,10,1,2015-09-01
catboost_direct,2015-11-01,6392.0,6517.712120482216,10,2,2015-09-01
catboost_direct,2015-12-01,6753.0,6808.504851027731,10,3,2015-09-01
catboost_direct,2016-01-01,6753.0,7052.04950658263,10,4,2015-09-01
catboost_direct,2016-02-01,6385.0,6059.689857939144,10,5,2015-09-01
catboost_direct,2016-03-01,7164.0,6661.568099690199,10,6,2015-09-01
catboost_direct,2015-11-01,6392.0,6595.34220003883,11,1,2015-10-01
catboost_direct,2015-12-01,6753.0,6838.677463690481,11,2,2015-10-01
catboost_direct,2016-01-01,6753.0,6996.490042070542,11,3,2015-10-01
catboost_direct,2016-02-01,6385.0,6071.925006939716,11,4,2015-10-01
catboost_direct,2016-03-01,7164.0,6479.84103055157,11,5,2015-10-01
catboost_direct,2016-04-01,7192.0,7135.82289690651,11,6,2015-10-01
catboost_direct,2015-12-01,6753.0,6834.646732341555,12,1,2015-11-01
catboost_direct,2016-01-01,6753.0,6980.269176311177,12,2,2015-11-01
catboost_direct,2016-02-01,6385.0,6010.197842667183,12,3,2015-11-01
catboost_direct,2016-03-01,7164.0,6553.396581957969,12,4,2015-11-01
catboost_direct,2016-04-01,7192.0,7168.99033939272,12,5,2015-11-01
catboost_direct,2016-05-01,7743.0,8248.259397870304,12,6,2015-11-01
catboost_direct,2016-01-01,6753.0,6879.348981604657,13,1,2015-12-01
catboost_direct,2016-02-01,6385.0,6107.031500483241,13,2,2015-12-01
catboost_direct,2016-03-01,7164.0,6395.422787943503,13,3,2015-12-01
catboost_direct,2016-04-01,7192.0,7061.139253653555,13,4,2015-12-01
catboost_direct,2016-05-01,7743.0,8252.306393138886,13,5,2015-12-01
catboost_direct,2016-06-01,8767.0,7898.914092382351,13,6,2015-12-01
catboost_direct,2016-02-01,6385.0,6000.534296936106,14,1,2016-01-01
catboost_direct,2016-03-01,7164.0,6465.450163543563,14,2,2016-01-01
catboost_direct,2016-04-01,7192.0,7004.670902838783,14,3,2016-01-01
catboost_direct,2016-05-01,7743.0,8303.778496997036,14,4,2016-01-01
catboost_direct,2016-06-01,8767.0,7871.815341274176,14,5,2016-01-01
catboost_direct,2016-07-01,8479.0,8183.690838851597,14,6,2016-01-01
catboost_direct,2016-03-01,7164.0,6366.910605107245,15,1,2016-02-01
catboost_direct,2016-04-01,7192.0,6993.7320327421885,15,2,2016-02-01
catboost_direct,2016-05-01,7743.0,8264.549856723157,15,3,2016-02-01
catboost_direct,2016-06-01,8767.0,7853.197407625854,15,4,2016-02-01
catboost_direct,2016-07-01,8479.0,8258.449555215828,15,5,2016-02-01
catboost_direct,2016-08-01,7890.0,7523.685230983626,15,6,2016-02-01
catboost_direct,2016-04-01,7192.0,6961.369067797416,16,1,2016-03-01
catboost_direct,2016-05-01,7743.0,8160.172584663499,16,2,2016-03-01
catboost_direct,2016-06-01,8767.0,7897.492004320344,16,3,2016-03-01
catboost_direct,2016-07-01,8479.0,8234.648497599952,16,4,2016-03-01
catboost_direct,2016-08-01,7890.0,7488.221870896321,16,5,2016-03-01
catboost_direct,2016-09-01,7317.0,7285.121980589508,16,6,2016-03-01
catboost_direct,2016-05-01,7743.0,8068.0620566451325,17,1,2016-04-01
catboost_direct,2016-06-01,8767.0,7820.295925724544,17,2,2016-04-01
catboost_direct,2016-07-01,8479.0,8232.194797316504,17,3,2016-04-01
catboost_direct,2016-08-01,7890.0,7523.430731609573,17,4,2016-04-01
catboost_direct,2016-09-01,7317.0,7136.117037412358,17,5,2016-04-01
catboost_direct,2016-10-01,7426.0,6894.765058076466,17,6,2016-04-01
catboost_direct,2016-06-01,8767.0,7750.8499186260005,18,1,2016-05-01
catboost_direct,2016-07-01,8479.0,8023.448897523789,18,2,2016-05-01
catboost_direct,2016-08-01,7890.0,7550.84586752969,18,3,2016-05-01
catboost_direct,2016-09-01,7317.0,7111.501708962741,18,4,2016-05-01
catboost_direct,2016-10-01,7426.0,6929.263495288151,18,5,2016-05-01
catboost_direct,2016-11-01,6700.0,6546.162923308115,18,6,2016-05-01
catboost_direct,2016-07-01,8479.0,8030.006826338119,19,1,2016-06-01
catboost_direct,2016-08-01,7890.0,7476.730008951042,19,2,2016-06-01
catboost_direct,2016-09-01,7317.0,7196.3785705993305,19,3,2016-06-01
catboost_direct,2016-10-01,7426.0,6899.898146513079,19,4,2016-06-01
catboost_direct,2016-11-01,6700.0,6626.2894924155125,19,5,2016-06-01
catboost_direct,2016-12-01,6994.0,6934.887975481446,19,6,2016-06-01
catboost_direct,2016-08-01,7890.0,7436.699905848703,20,1,2016-07-01
catboost_direct,2016-09-01,7317.0,7125.970794498649,20,2,2016-07-01
catboost_direct,2016-10-01,7426.0,6761.57772925828,20,3,2016-07-01
catboost_direct,2016-11-01,6700.0,6601.463378461893,20,4,2016-07-01
catboost_direct,2016-12-01,6994.0,6964.531312670814,20,5,2016-07-01
catboost_direct,2017-01-01,6788.0,7007.07650296483,20,6,2016-07-01
catboost_direct,2016-09-01,7317.0,7120.121734353464,21,1,2016-08-01
catboost_direct,2016-10-01,7426.0,6731.938939843777,21,2,2016-08-01
catboost_direct,2016-11-01,6700.0,6545.7195803934965,21,3,2016-08-01
catboost_direct,2016-12-01,6994.0,7032.907728316207,21,4,2016-08-01
catboost_direct,2017-01-01,6788.0,6930.231678759326,21,5,2016-08-01
catboost_direct,2017-02-01,6271.0,6403.406006627092,21,6,2016-08-01
catboost_direct,2016-10-01,7426.0,6592.952105581563,22,1,2016-09-01
catboost_direct,2016-11-01,6700.0,6486.902343997901,22,2,2016-09-01
catboost_direct,2016-12-01,6994.0,7015.422478897085,22,3,2016-09-01
catboost_direct,2017-01-01,6788.0,6796.165665140487,22,4,2016-09-01
catboost_direct,2017-02-01,6271.0,6422.853577694328,22,5,2016-09-01
catboost_direct,2017-03-01,6794.0,7101.817502716681,22,6,2016-09-01
catboost_direct,2016-11-01,6700.0,6553.311328588769,23,1,2016-10-01
catboost_direct,2016-12-01,6994.0,7068.139702230941,23,2,2016-10-01
catboost_direct,2017-01-01,6788.0,7040.262458502333,23,3,2016-10-01
catboost_direct,2017-02-01,6271.0,6479.99074871659,23,4,2016-10-01
catboost_direct,2017-03-01,6794.0,7090.424118551032,23,5,2016-10-01
catboost_direct,2017-04-01,6884.0,7415.624614903188,23,6,2016-10-01
catboost_direct,2016-12-01,6994.0,7053.30746260598,24,1,2016-11-01
catboost_direct,2017-01-01,6788.0,7008.205687433199,24,2,2016-11-01
catboost_direct,2017-02-01,6271.0,6409.402131705192,24,3,2016-11-01
catboost_direct,2017-03-01,6794.0,7119.902694215993,24,4,2016-11-01
catboost_direct,2017-04-01,6884.0,7390.412906409006,24,5,2016-11-01
catboost_direct,2017-05-01,7651.0,7834.629271103402,24,6,2016-11-01
catboost_direct,2017-01-01,6788.0,7096.840499643034,25,1,2016-12-01
catboost_direct,2017-02-01,6271.0,6400.898461614407,25,2,2016-12-01
catboost_direct,2017-03-01,6794.0,7133.487613858481,25,3,2016-12-01
catboost_direct,2017-04-01,6884.0,7495.976209599909,25,4,2016-12-01
catboost_direct,2017-05-01,7651.0,7746.839661636675,25,5,2016-12-01
catboost_direct,2017-06-01,8009.0,8690.52228886834,25,6,2016-12-01
catboost_direct,2017-02-01,6271.0,6425.1479102227495,26,1,2017-01-01
catboost_direct,2017-03-01,6794.0,7152.201572795706,26,2,2017-01-01
catboost_direct,2017-04-01,6884.0,7414.703337807574,26,3,2017-01-01
catboost_direct,2017-05-01,7651.0,7826.373221221156,26,4,2017-01-01
catboost_direct,2017-06-01,8009.0,8659.021569148244,26,5,2017-01-01
catboost_direct,2017-07-01,8694.0,8558.948721606454,26,6,2017-01-01
catboost_direct,2017-03-01,6794.0,7225.587431263861,27,1,2017-02-01
catboost_direct,2017-04-01,6884.0,7359.702852968404,27,2,2017-02-01
catboost_direct,2017-05-01,7651.0,7724.758475042949,27,3,2017-02-01
catboost_direct,2017-06-01,8009.0,8622.034734128341,27,4,2017-02-01
catboost_direct,2017-07-01,8694.0,8455.820339196942,27,5,2017-02-01
catboost_direct,2017-08-01,8130.0,7980.987963960983,27,6,2017-02-01
catboost_direct,2017-04-01,6884.0,7340.380085030692,28,1,2017-03-01
catboost_direct,2017-05-01,7651.0,7551.549568007932,28,2,2017-03-01
catboost_direct,2017-06-01,8009.0,8474.673157776302,28,3,2017-03-01
catboost_direct,2017-07-01,8694.0,8426.150051273931,28,4,2017-03-01
catboost_direct,2017-08-01,8130.0,8023.500087393002,28,5,2017-03-01
catboost_direct,2017-09-01,7446.0,7393.369753928933,28,6,2017-03-01
catboost_direct,2017-05-01,7651.0,7504.997376925757,29,1,2017-04-01
catboost_direct,2017-06-01,8009.0,8468.667062030585,29,2,2017-04-01
catboost_direct,2017-07-01,8694.0,8301.03848230577,29,3,2017-04-01
catboost_direct,2017-08-01,8130.0,8004.932190601296,29,4,2017-04-01
catboost_direct,2017-09-01,7446.0,7628.479913923533,29,5,2017-04-01
catboost_direct,2017-10-01,7282.0,7606.181875949309,29,6,2017-04-01
catboost_direct,2017-06-01,8009.0,8372.316301757812,30,1,2017-05-01
catboost_direct,2017-07-01,8694.0,8384.658976214087,30,2,2017-05-01
catboost_direct,2017-08-01,8130.0,8062.793585799623,30,3,2017-05-01
catboost_direct,2017-09-01,7446.0,7604.0340909088745,30,4,2017-05-01
catboost_direct,2017-10-01,7282.0,7590.118956252356,30,5,2017-05-01
catboost_direct,2017-11-01,6830.0,6964.883800936379,30,6,2017-05-01
catboost_direct,2017-07-01,8694.0,8426.10212529437,31,1,2017-06-01
catboost_direct,2017-08-01,8130.0,7942.350630018329,31,2,2017-06-01
catboost_direct,2017-09-01,7446.0,7625.193457903355,31,3,2017-06-01
catboost_direct,2017-10-01,7282.0,7520.044891940159,31,4,2017-06-01
catboost_direct,2017-11-01,6830.0,6822.484247768387,31,5,2017-06-01
catboost_direct,2017-12-01,6946.0,7352.991898092679,31,6,2017-06-01
catboost_direct,2017-08-01,8130.0,7740.226892683651,32,1,2017-07-01
catboost_direct,2017-09-01,7446.0,7460.881192412852,32,2,2017-07-01
catboost_direct,2017-10-01,7282.0,7574.663196959305,32,3,2017-07-01
catboost_direct,2017-11-01,6830.0,6760.0462274302145,32,4,2017-07-01
catboost_direct,2017-12-01,6946.0,7463.715272653721,32,5,2017-07-01
catboost_direct,2018-01-01,6886.0,7116.689647164929,32,6,2017-07-01
catboost_direct,2017-09-01,7446.0,7459.071007392493,33,1,2017-08-01
catboost_direct,2017-10-01,7282.0,7410.496560329749,33,2,2017-08-01
catboost_direct,2017-11-01,6830.0,6743.216461931657,33,3,2017-08-01
catboost_direct,2017-12-01,6946.0,7465.7274456830655,33,4,2017-08-01
catboost_direct,2018-01-01,6886.0,7164.046973198063,33,5,2017-08-01
catboost_direct,2018-02-01,5960.0,6503.45713908495,33,6,2017-08-01
catboost_direct,2017-10-01,7282.0,7480.102018053791,34,1,2017-09-01
catboost_direct,2017-11-01,6830.0,6717.72995353132,34,2,2017-09-01
catboost_direct,2017-12-01,6946.0,7473.1934749243765,34,3,2017-09-01
catboost_direct,2018-01-01,6886.0,7040.510552725149,34,4,2017-09-01
catboost_direct,2018-02-01,5960.0,6651.196123872882,34,5,2017-09-01
catboost_direct,2018-03-01,6930.0,7182.560216213756,34,6,2017-09-01
catboost_direct,2017-11-01,6830.0,6790.0742428739095,35,1,2017-10-01
catboost_direct,2017-12-01,6946.0,7333.196497684645,35,2,2017-10-01
catboost_direct,2018-01-01,6886.0,6897.734672175224,35,3,2017-10-01
catboost_direct,2018-02-01,5960.0,6481.884404876943,35,4,2017-10-01
catboost_direct,2018-03-01,6930.0,7091.027763392233,35,5,2017-10-01
catboost_direct,2018-04-01,6769.0,7117.052345340332,35,6,2017-10-01
catboost_direct,2017-12-01,6946.0,7307.33740516429,36,1,2017-11-01
catboost_direct,2018-01-01,6886.0,6879.399044979938,36,2,2017-11-01
catboost_direct,2018-02-01,5960.0,6536.875467212635,36,3,2017-11-01
catboost_direct,2018-03-01,6930.0,6998.925119321784,36,4,2017-11-01
catboost_direct,2018-04-01,6769.0,7111.546117736752,36,5,2017-11-01
catboost_direct,2018-05-01,7511.0,7711.718924499828,36,6,2017-11-01
catboost_direct,2018-01-01,6886.0,6880.739378907711,37,1,2017-12-01
catboost_direct,2018-02-01,5960.0,6415.292809790529,37,2,2017-12-01
catboost_direct,2018-03-01,6930.0,6943.15759008838,37,3,2017-12-01
catboost_direct,2018-04-01,6769.0,6979.657994862088,37,4,2017-12-01
catboost_direct,2018-05-01,7511.0,7743.053607123916,37,5,2017-12-01
catboost_direct,2018-06-01,8057.0,8098.194173098832,37,6,2017-12-01
catboost_direct,2018-02-01,5960.0,6336.7146787748825,38,1,2018-01-01
catboost_direct,2018-03-01,6930.0,6944.964450761299,38,2,2018-01-01
catboost_direct,2018-04-01,6769.0,7117.5373985783035,38,3,2018-01-01
catboost_direct,2018-05-01,7511.0,7687.072212592108,38,4,2018-01-01
catboost_direct,2018-06-01,8057.0,8129.953701431463,38,5,2018-01-01
catboost_direct,2018-07-01,8175.0,8651.3782309146,38,6,2018-01-01
catboost_direct,2018-03-01,6930.0,6895.360044520075,39,1,2018-02-01
catboost_direct,2018-04-01,6769.0,7046.512364101832,39,2,2018-02-01
catboost_direct,2018-05-01,7511.0,7589.17194543567,39,3,2018-02-01
catboost_direct,2018-06-01,8057.0,8011.4799578009615,39,4,2018-02-01
catboost_direct,2018-07-01,8175.0,8653.754058308985,39,5,2018-02-01
catboost_direct,2018-08-01,8328.0,8534.834185819136,39,6,2018-02-01
catboost_direct,2018-04-01,6769.0,6978.647550150618,40,1,2018-03-01
catboost_direct,2018-05-01,7511.0,7579.581123143406,40,2,2018-03-01
catboost_direct,2018-06-01,8057.0,8095.1949138421905,40,3,2018-03-01
catboost_direct,2018-07-01,8175.0,8686.04731931025,40,4,2018-03-01
catboost_direct,2018-08-01,8328.0,8580.354319211709,40,5,2018-03-01
catboost_direct,2018-09-01,7325.0,7564.964870445508,40,6,2018-03-01
catboost_direct,2018-05-01,7511.0,7675.945971034226,41,1,2018-04-01
catboost_direct,2018-06-01,8057.0,8225.542117486779,41,2,2018-04-01
catboost_direct,2018-07-01,8175.0,8722.109747960161,41,3,2018-04-01
catboost_direct,2018-08-01,8328.0,8558.514227713516,41,4,2018-04-01
catboost_direct,2018-09-01,7325.0,7496.193820312775,41,5,2018-04-01
catboost_direct,2018-10-01,7202.0,7600.142085621054,41,6,2018-04-01
catboost_direct,2018-06-01,8057.0,8129.075711616017,42,1,2018-05-01
catboost_direct,2018-07-01,8175.0,8828.623623132687,42,2,2018-05-01
catboost_direct,2018-08-01,8328.0,8468.726609271705,42,3,2018-05-01
catboost_direct,2018-09-01,7325.0,7551.746682775159,42,4,2018-05-01
catboost_direct,2018-10-01,7202.0,7614.195684762544,42,5,2018-05-01
catboost_direct,2018-11-01,7161.0,6926.688135461621,42,6,2018-05-01
catboost_direct,2018-07-01,8175.0,8766.373096363472,43,1,2018-06-01
catboost_direct,2018-08-01,8328.0,8450.240906966419,43,2,2018-06-01
catboost_direct,2018-09-01,7325.0,7481.743216979509,43,3,2018-06-01
catboost_direct,2018-10-01,7202.0,7613.01418625825,43,4,2018-06-01
catboost_direct,2018-11-01,7161.0,6954.751428529046,43,5,2018-06-01
catboost_direct,2018-12-01,7409.0,7088.086244229755,43,6,2018-06-01
catboost_direct,2018-08-01,8328.0,8428.30907926416,44,1,2018-07-01
catboost_direct,2018-09-01,7325.0,7370.57615674673,44,2,2018-07-01
catboost_direct,2018-10-01,7202.0,7587.828614331975,44,3,2018-07-01
catboost_direct,2018-11-01,7161.0,7038.252254478314,44,4,2018-07-01
catboost_direct,2018-12-01,7409.0,7081.908432398281,44,5,2018-07-01
catboost_direct,2019-01-01,7117.0,7039.865110800385,44,6,2018-07-01
catboost_direct,2018-09-01,7325.0,7365.62342337054,45,1,2018-08-01
catboost_direct,2018-10-01,7202.0,7542.659030381202,45,2,2018-08-01
catboost_direct,2018-11-01,7161.0,6994.965120778755,45,3,2018-08-01
catboost_direct,2018-12-01,7409.0,6961.11270908507,45,4,2018-08-01
catboost_direct,2019-01-01,7117.0,7102.793235815612,45,5,2018-08-01
catboost_direct,2019-02-01,6307.0,6197.331006552063,45,6,2018-08-01
catboost_direct,2018-10-01,7202.0,7551.13031352445,46,1,2018-09-01
catboost_direct,2018-11-01,7161.0,7005.040170175171,46,2,2018-09-01
catboost_direct,2018-12-01,7409.0,6997.387699103801,46,3,2018-09-01
catboost_direct,2019-01-01,7117.0,7099.229147210606,46,4,2018-09-01
catboost_direct,2019-02-01,6307.0,6193.15352368686,46,5,2018-09-01
catboost_direct,2019-03-01,7067.0,6882.638954973444,46,6,2018-09-01
catboost_direct,2018-11-01,7161.0,6881.066955735441,47,1,2018-10-01
catboost_direct,2018-12-01,7409.0,7139.268286823446,47,2,2018-10-01
catboost_direct,2019-01-01,7117.0,7017.693149807681,47,3,2018-10-01
catboost_direct,2019-02-01,6307.0,6061.982047239949,47,4,2018-10-01
catboost_direct,2019-03-01,7067.0,6942.020758945836,47,5,2018-10-01
catboost_direct,2019-04-01,7108.0,6931.33712920154,47,6,2018-10-01
catboost_direct,2018-12-01,7409.0,7142.653184439124,48,1,2018-11-01
catboost_direct,2019-01-01,7117.0,7039.850515688645,48,2,2018-11-01
catboost_direct,2019-02-01,6307.0,6136.660555625502,48,3,2018-11-01
catboost_direct,2019-03-01,7067.0,6953.255241697486,48,4,2018-11-01
catboost_direct,2019-04-01,7108.0,6907.041673565244,48,5,2018-11-01
catboost_direct,2019-05-01,7776.0,7750.329148118253,48,6,2018-11-01
catboost_direct,2019-01-01,7117.0,7022.427361532113,49,1,2018-12-01
catboost_direct,2019-02-01,6307.0,6136.722391129038,49,2,2018-12-01
catboost_direct,2019-03-01,7067.0,7096.7310907268575,49,3,2018-12-01
catboost_direct,2019-04-01,7108.0,7003.077200564249,49,4,2018-12-01
catboost_direct,2019-05-01,7776.0,7773.651218731925,49,5,2018-12-01
catboost_direct,2019-06-01,8274.0,7964.89827039555,49,6,2018-12-01
catboost_direct,2019-02-01,6307.0,6352.0766929271,50,1,2019-01-01
catboost_direct,2019-03-01,7067.0,7052.296508493847,50,2,2019-01-01
catboost_direct,2019-04-01,7108.0,7069.376956877693,50,3,2019-01-01
catboost_direct,2019-05-01,7776.0,7765.266527406645,50,4,2019-01-01
catboost_direct,2019-06-01,8274.0,8052.149364984648,50,5,2019-01-01
catboost_direct,2019-07-01,8919.0,8188.963957299991,50,6,2019-01-01
catboost_direct,2019-03-01,7067.0,7002.368351518888,51,1,2019-02-01
catboost_direct,2019-04-01,7108.0,7116.305737743837,51,2,2019-02-01
catboost_direct,2019-05-01,7776.0,7844.882499771863,51,3,2019-02-01
catboost_direct,2019-06-01,8274.0,8076.66817941404,51,4,2019-02-01
catboost_direct,2019-07-01,8919.0,8237.79622393849,51,5,2019-02-01
catboost_direct,2019-08-01,8180.0,8163.027168211328,51,6,2019-02-01
catboost_direct,2019-04-01,7108.0,7091.326596405937,52,1,2019-03-01
catboost_direct,2019-05-01,7776.0,7702.9868741860155,52,2,2019-03-01
catboost_direct,2019-06-01,8274.0,8061.031821269781,52,3,2019-03-01
catboost_direct,2019-07-01,8919.0,8206.074241217353,52,4,2019-03-01
catboost_direct,2019-08-01,8180.0,8140.415875584503,52,5,2019-03-01
catboost_direct,2019-09-01,7664.0,7460.828947046782,52,6,2019-03-01
catboost_direct,2019-05-01,7776.0,7742.569191530338,53,1,2019-04-01
catboost_direct,2019-06-01,8274.0,8144.8262977139275,53,2,2019-04-01
catboost_direct,2019-07-01,8919.0,8206.937654025933,53,3,2019-04-01
catboost_direct,2019-08-01,8180.0,8220.27157716568,53,4,2019-04-01
catboost_direct,2019-09-01,7664.0,7417.69623722463,53,5,2019-04-01
catboost_direct,2019-10-01,7254.0,7271.867576533753,53,6,2019-04-01
catboost_direct,2019-06-01,8274.0,8205.24994852697,54,1,2019-05-01
catboost_direct,2019-07-01,8919.0,8169.036489283755,54,2,2019-05-01
catboost_direct,2019-08-01,8180.0,8197.274353691026,54,3,2019-05-01
catboost_direct,2019-09-01,7664.0,7449.140607994665,54,4,2019-05-01
catboost_direct,2019-10-01,7254.0,7299.866944369583,54,5,2019-05-01
catboost_direct,2019-11-01,6785.0,6988.382527679087,54,6,2019-05-01
catboost_direct,2019-07-01,8919.0,8343.243031980097,55,1,2019-06-01
catboost_direct,2019-08-01,8180.0,8221.65454628115,55,2,2019-06-01
catboost_direct,2019-09-01,7664.0,7346.985565563587,55,3,2019-06-01
catboost_direct,2019-10-01,7254.0,7355.241032461889,55,4,2019-06-01
catboost_direct,2019-11-01,6785.0,7091.735118684625,55,5,2019-06-01
catboost_direct,2019-12-01,6987.0,7376.746025292943,55,6,2019-06-01
catboost_direct,2019-08-01,8180.0,8418.571544613345,56,1,2019-07-01
catboost_direct,2019-09-01,7664.0,7494.342714027006,56,2,2019-07-01
catboost_direct,2019-10-01,7254.0,7498.84756755593,56,3,2019-07-01
catboost_direct,2019-11-01,6785.0,7079.580522849855,56,4,2019-07-01
catboost_direct,2019-12-01,6987.0,7391.5173157626805,56,5,2019-07-01
catboost_direct,2020-01-01,7194.0,7182.673802051748,56,6,2019-07-01
catboost_direct,2019-09-01,7664.0,7379.808161142915,57,1,2019-08-01
catboost_direct,2019-10-01,7254.0,7497.220119337336,57,2,2019-08-01
catboost_direct,2019-11-01,6785.0,7157.795407589862,57,3,2019-08-01
catboost_direct,2019-12-01,6987.0,7385.964441379647,57,4,2019-08-01
catboost_direct,2020-01-01,7194.0,7262.148417288527,57,5,2019-08-01
catboost_direct,2020-02-01,6848.0,6269.355198887939,57,6,2019-08-01
catboost_direct,2019-10-01,7254.0,7528.1119637980655,58,1,2019-09-01
catboost_direct,2019-11-01,6785.0,7185.449816117643,58,2,2019-09-01
catboost_direct,2019-12-01,6987.0,7427.015938022625,58,3,2019-09-01
catboost_direct,2020-01-01,7194.0,7305.969465448053,58,4,2019-09-01
catboost_direct,2020-02-01,6848.0,6435.318873906132,58,5,2019-09-01
catboost_direct,2020-03-01,7324.0,7197.811954886622,58,6,2019-09-01
catboost_direct,2019-11-01,6785.0,7122.471944877655,59,1,2019-10-01
catboost_direct,2019-12-01,6987.0,7458.855022306817,59,2,2019-10-01
catboost_direct,2020-01-01,7194.0,7290.556358172305,59,3,2019-10-01
catboost_direct,2020-02-01,6848.0,6319.074641053313,59,4,2019-10-01
catboost_direct,2020-03-01,7324.0,7231.064881661586,59,5,2019-10-01
catboost_direct,2020-04-01,5978.0,7233.797997974085,59,6,2019-10-01
catboost_direct,2019-12-01,6987.0,7467.908824274821,60,1,2019-11-01
catboost_direct,2020-01-01,7194.0,7129.171214583074,60,2,2019-11-01
catboost_direct,2020-02-01,6848.0,6345.749811094763,60,3,2019-11-01
catboost_direct,2020-03-01,7324.0,7142.3745176191305,60,4,2019-11-01
catboost_direct,2020-04-01,5978.0,7344.104398752308,60,5,2019-11-01
catboost_direct,2020-05-01,7062.0,7982.515714701253,60,6,2019-11-01
catboost_direct,2020-01-01,7194.0,7167.341857842276,61,1,2019-12-01
catboost_direct,2020-02-01,6848.0,6391.746529043786,61,2,2019-12-01
catboost_direct,2020-03-01,7324.0,7096.653282750134,61,3,2019-12-01
catboost_direct,2020-04-01,5978.0,7348.169540125989,61,4,2019-12-01
catboost_direct,2020-05-01,7062.0,8042.140217696907,61,5,2019-12-01
catboost_direct,2020-06-01,6948.0,8434.79929452239,61,6,2019-12-01
catboost_direct,2020-02-01,6848.0,6188.871255838153,62,1,2020-01-01
catboost_direct,2020-03-01,7324.0,7105.048000337783,62,2,2020-01-01
catboost_direct,2020-04-01,5978.0,7274.751080854036,62,3,2020-01-01
catboost_direct,2020-05-01,7062.0,7924.475073221031,62,4,2020-01-01
catboost_direct,2020-06-01,6948.0,8464.265031736108,62,5,2020-01-01
catboost_direct,2020-07-01,7392.0,8871.428877714623,62,6,2020-01-01
catboost_direct,2020-03-01,7324.0,7174.048986743176,63,1,2020-02-01
catboost_direct,2020-04-01,5978.0,7376.47502575896,63,2,2020-02-01
catboost_direct,2020-05-01,7062.0,8004.182328973029,63,3,2020-02-01
catboost_direct,2020-06-01,6948.0,8540.826433530736,63,4,2020-02-01
catboost_direct,2020-07-01,7392.0,8882.394828693534,63,5,2020-02-01
catboost_direct,2020-08-01,7678.0,8546.697745177724,63,6,2020-02-01
catboost_direct,2020-04-01,5978.0,7474.1816433608465,64,1,2020-03-01
catboost_direct,2020-05-01,7062.0,7961.640683337091,64,2,2020-03-01
catboost_direct,2020-06-01,6948.0,8544.343463771676,64,3,2020-03-01
catboost_direct,2020-07-01,7392.0,8924.65794418126,64,4,2020-03-01
catboost_direct,2020-08-01,7678.0,8553.650007590211,64,5,2020-03-01
catboost_direct,2020-09-01,7005.0,7852.18175216642,64,6,2020-03-01
catboost_direct,2020-05-01,7062.0,8053.730707352399,65,1,2020-04-01
catboost_direct,2020-06-01,6948.0,8584.00058463654,65,2,2020-04-01
catboost_direct,2020-07-01,7392.0,8821.87922305105,65,3,2020-04-01
catboost_direct,2020-08-01,7678.0,8415.946269007729,65,4,2020-04-01
catboost_direct,2020-09-01,7005.0,7840.468201277222,65,5,2020-04-01
catboost_direct,2020-10-01,7385.0,7392.39051095564,65,6,2020-04-01
catboost_direct,2020-06-01,6948.0,8634.132324238466,66,1,2020-05-01
catboost_direct,2020-07-01,7392.0,8832.39343061385,66,2,2020-05-01
catboost_direct,2020-08-01,7678.0,8386.218724539558,66,3,2020-05-01
catboost_direct,2020-09-01,7005.0,7905.04418847493,66,4,2020-05-01
catboost_direct,2020-10-01,7385.0,7469.887787669723,66,5,2020-05-01
catboost_direct,2020-11-01,6872.0,6967.738491637135,66,6,2020-05-01
catboost_direct,2020-07-01,7392.0,8780.730253561842,67,1,2020-06-01
catboost_direct,2020-08-01,7678.0,8433.28583155411,67,2,2020-06-01
catboost_direct,2020-09-01,7005.0,7883.80570426501,67,3,2020-06-01
catboost_direct,2020-10-01,7385.0,7349.556038146815,67,4,2020-06-01
catboost_direct,2020-11-01,6872.0,6976.950837238675,67,5,2020-06-01
catboost_direct,2020-12-01,6781.0,7031.399888803637,67,6,2020-06-01
catboost_direct,2020-08-01,7678.0,8289.106023154098,68,1,2020-07-01
catboost_direct,2020-09-01,7005.0,7618.669117840918,68,2,2020-07-01
catboost_direct,2020-10-01,7385.0,7369.732471259169,68,3,2020-07-01
catboost_direct,2020-11-01,6872.0,7006.123742206915,68,4,2020-07-01
catboost_direct,2020-12-01,6781.0,7009.2359118937375,68,5,2020-07-01
catboost_direct,2021-01-01,6917.0,7326.5793742351,68,6,2020-07-01
catboost_direct,2020-09-01,7005.0,7502.408897156066,69,1,2020-08-01
catboost_direct,2020-10-01,7385.0,7328.297596321093,69,2,2020-08-01
catboost_direct,2020-11-01,6872.0,6860.81029552208,69,3,2020-08-01
catboost_direct,2020-12-01,6781.0,6983.500968141585,69,4,2020-08-01
catboost_direct,2021-01-01,6917.0,7324.0805324672,69,5,2020-08-01
catboost_direct,2021-02-01,6217.0,6406.710588782915,69,6,2020-08-01
catboost_direct,2020-10-01,7385.0,7190.288549208997,70,1,2020-09-01
catboost_direct,2020-11-01,6872.0,6707.3298697855325,70,2,2020-09-01
catboost_direct,2020-12-01,6781.0,7003.616408139536,70,3,2020-09-01
catboost_direct,2021-01-01,6917.0,7271.698431261531,70,4,2020-09-01
catboost_direct,2021-02-01,6217.0,6588.062929321109,70,5,2020-09-01
catboost_direct,2021-03-01,7569.0,7012.64544873685,70,6,2020-09-01
catboost_direct,2020-11-01,6872.0,6726.044691313912,71,1,2020-10-01
catboost_direct,2020-12-01,6781.0,7010.488510223743,71,2,2020-10-01
catboost_direct,2021-01-01,6917.0,7328.113341974702,71,3,2020-10-01
catboost_direct,2021-02-01,6217.0,6543.36168912901,71,4,2020-10-01
catboost_direct,2021-03-01,7569.0,7096.566304714372,71,5,2020-10-01
catboost_direct,2021-04-01,6917.0,6061.088629912985,71,6,2020-10-01
catboost_direct,2020-12-01,6781.0,7041.667137150123,72,1,2020-11-01
catboost_direct,2021-01-01,6917.0,7209.296679183521,72,2,2020-11-01
catboost_direct,2021-02-01,6217.0,6620.448183858959,72,3,2020-11-01
catboost_direct,2021-03-01,7569.0,7027.87285927947,72,4,2020-11-01
catboost_direct,2021-04-01,6917.0,6040.4137730287375,72,5,2020-11-01
catboost_direct,2021-05-01,8253.0,7238.249826784471,72,6,2020-11-01
catboost_direct,2021-01-01,6917.0,7479.285799371931,73,1,2020-12-01
catboost_direct,2021-02-01,6217.0,6507.36148844106,73,2,2020-12-01
catboost_direct,2021-03-01,7569.0,6964.067562625718,73,3,2020-12-01
catboost_direct,2021-04-01,6917.0,6011.902554605874,73,4,2020-12-01
catboost_direct,2021-05-01,8253.0,7153.525413534365,73,5,2020-12-01
catboost_direct,2021-06-01,8153.0,7283.964742287815,73,6,2020-12-01
catboost_direct,2021-02-01,6217.0,6748.009568355748,74,1,2021-01-01
catboost_direct,2021-03-01,7569.0,7140.6298412038805,74,2,2021-01-01
catboost_direct,2021-04-01,6917.0,6028.598234238937,74,3,2021-01-01
catboost_direct,2021-05-01,8253.0,7143.557450280151,74,4,2021-01-01
catboost_direct,2021-06-01,8153.0,7169.36635586465,74,5,2021-01-01
catboost_direct,2021-07-01,9251.0,7543.552266966927,74,6,2021-01-01
catboost_direct,2021-03-01,7569.0,7160.882778096836,75,1,2021-02-01
catboost_direct,2021-04-01,6917.0,5722.237578700244,75,2,2021-02-01
catboost_direct,2021-05-01,8253.0,6928.149029007378,75,3,2021-02-01
catboost_direct,2021-06-01,8153.0,7121.607340910604,75,4,2021-02-01
catboost_direct,2021-07-01,9251.0,7396.935616059222,75,5,2021-02-01
catboost_direct,2021-08-01,8830.0,7783.426128165004,75,6,2021-02-01
catboost_direct,2021-04-01,6917.0,5946.020668071005,76,1,2021-03-01
catboost_direct,2021-05-01,8253.0,7032.632795104651,76,2,2021-03-01
catboost_direct,2021-06-01,8153.0,7240.415867319706,76,3,2021-03-01
catboost_direct,2021-07-01,9251.0,7526.368256331592,76,4,2021-03-01
catboost_direct,2021-08-01,8830.0,7766.649475754876,76,5,2021-03-01
catboost_direct,2021-09-01,7512.0,7186.630710793257,76,6,2021-03-01
catboost_direct,2021-05-01,8253.0,7307.241825717163,77,1,2021-04-01
catboost_direct,2021-06-01,8153.0,7051.973395084452,77,2,2021-04-01
catboost_direct,2021-07-01,9251.0,7655.229433179356,77,3,2021-04-01
catboost_direct,2021-08-01,8830.0,7723.929870334023,77,4,2021-04-01
catboost_direct,2021-09-01,7512.0,7209.047103029707,77,5,2021-04-01
catboost_direct,2021-10-01,7656.0,7550.928753039799,77,6,2021-04-01
catboost_direct,2021-06-01,8153.0,7335.178994165611,78,1,2021-05-01
catboost_direct,2021-07-01,9251.0,7551.83061470619,78,2,2021-05-01
catboost_direct,2021-08-01,8830.0,7840.289656903782,78,3,2021-05-01
catboost_direct,2021-09-01,7512.0,7342.969092397488,78,4,2021-05-01
catboost_direct,2021-10-01,7656.0,7502.697658350829,78,5,2021-05-01
catboost_direct,2021-11-01,7603.0,7230.11189529345,78,6,2021-05-01
catboost_direct,2021-07-01,9251.0,7778.893106916358,79,1,2021-06-01
catboost_direct,2021-08-01,8830.0,7781.052363896233,79,2,2021-06-01
catboost_direct,2021-09-01,7512.0,7437.233412066123,79,3,2021-06-01
catboost_direct,2021-10-01,7656.0,7534.712674988264,79,4,2021-06-01
catboost_direct,2021-11-01,7603.0,7230.9170581822955,79,5,2021-06-01
catboost_direct,2021-12-01,8237.0,7108.901954856633,79,6,2021-06-01
catboost_direct,2021-08-01,8830.0,8082.818078994263,80,1,2021-07-01
catboost_direct,2021-09-01,7512.0,7480.567519392649,80,2,2021-07-01
catboost_direct,2021-10-01,7656.0,7602.966750013951,80,3,2021-07-01
catboost_direct,2021-11-01,7603.0,7269.505578330061,80,4,2021-07-01
catboost_direct,2021-12-01,8237.0,7060.577896678378,80,5,2021-07-01
catboost_direct,2022-01-01,9582.0,7026.491444498953,80,6,2021-07-01
catboost_direct,2021-09-01,7512.0,7579.767256296042,81,1,2021-08-01
catboost_direct,2021-10-01,7656.0,7669.305968434911,81,2,2021-08-01
catboost_direct,2021-11-01,7603.0,7370.363007032401,81,3,2021-08-01
catboost_direct,2021-12-01,8237.0,7026.565520369299,81,4,2021-08-01
catboost_direct,2022-01-01,9582.0,7026.30174067135,81,5,2021-08-01
catboost_direct,2022-02-01,7227.0,6509.1038289796015,81,6,2021-08-01
catboost_direct,2021-10-01,7656.0,7692.504763672616,82,1,2021-09-01
catboost_direct,2021-11-01,7603.0,7181.868492090458,82,2,2021-09-01
catboost_direct,2021-12-01,8237.0,7099.90406787624,82,3,2021-09-01
catboost_direct,2022-01-01,9582.0,7014.759684682238,82,4,2021-09-01
catboost_direct,2022-02-01,7227.0,6485.9667250289085,82,5,2021-09-01
catboost_direct,2022-03-01,7504.0,7384.01345763755,82,6,2021-09-01
catboost_direct,2021-11-01,7603.0,7114.461120878606,83,1,2021-10-01
catboost_direct,2021-12-01,8237.0,7040.884147311099,83,2,2021-10-01
catboost_direct,2022-01-01,9582.0,6941.290319480423,83,3,2021-10-01
catboost_direct,2022-02-01,7227.0,6484.291861479145,83,4,2021-10-01
catboost_direct,2022-03-01,7504.0,7316.5946329405215,83,5,2021-10-01
catboost_direct,2022-04-01,7589.0,6523.548831568486,83,6,2021-10-01
catboost_direct,2021-12-01,8237.0,7027.633652220584,84,1,2021-11-01
catboost_direct,2022-01-01,9582.0,6924.5002083867475,84,2,2021-11-01
catboost_direct,2022-02-01,7227.0,6436.491026626757,84,3,2021-11-01
catboost_direct,2022-03-01,7504.0,7317.24336812128,84,4,2021-11-01
catboost_direct,2022-04-01,7589.0,6541.504779979062,84,5,2021-11-01
catboost_direct,2022-05-01,8846.0,7774.536086086764,84,6,2021-11-01
catboost_direct,2022-01-01,9582.0,7180.401565338836,85,1,2021-12-01
catboost_direct,2022-02-01,7227.0,6388.3717592964385,85,2,2021-12-01
catboost_direct,2022-03-01,7504.0,7193.357958684881,85,3,2021-12-01
catboost_direct,2022-04-01,7589.0,6476.672553433338,85,4,2021-12-01
catboost_direct,2022-05-01,8846.0,7849.377354824003,85,5,2021-12-01
catboost_direct,2022-06-01,9057.0,8246.892852391826,85,6,2021-12-01
catboost_direct,2022-02-01,7227.0,6637.61983880933,86,1,2022-01-01
catboost_direct,2022-03-01,7504.0,7351.6501031028065,86,2,2022-01-01
catboost_direct,2022-04-01,7589.0,6682.389626572182,86,3,2022-01-01
catboost_direct,2022-05-01,8846.0,7862.684080671627,86,4,2022-01-01
catboost_direct,2022-06-01,9057.0,8219.317041399963,86,5,2022-01-01
catboost_direct,2022-07-01,8699.0,9606.643943469715,86,6,2022-01-01
catboost_direct,2022-03-01,7504.0,7465.890878558326,87,1,2022-02-01
catboost_direct,2022-04-01,7589.0,6611.471622281177,87,2,2022-02-01
catboost_direct,2022-05-01,8846.0,7812.426056624581,87,3,2022-02-01
catboost_direct,2022-06-01,9057.0,8209.92625838293,87,4,2022-02-01
catboost_direct,2022-07-01,8699.0,9570.431625643558,87,5,2022-02-01
catboost_direct,2022-08-01,8834.0,9251.643159404426,87,6,2022-02-01
catboost_direct,2022-04-01,7589.0,6513.512536835236,88,1,2022-03-01
catboost_direct,2022-05-01,8846.0,7898.58947221485,88,2,2022-03-01
catboost_direct,2022-06-01,9057.0,8266.41711483724,88,3,2022-03-01
catboost_direct,2022-07-01,8699.0,9523.187286907352,88,4,2022-03-01
catboost_direct,2022-08-01,8834.0,9240.09914093957,88,5,2022-03-01
catboost_direct,2022-09-01,8228.0,7901.786342108139,88,6,2022-03-01
catboost_direct,2022-05-01,8846.0,7799.481968630884,89,1,2022-04-01
catboost_direct,2022-06-01,9057.0,8089.822168083541,89,2,2022-04-01
catboost_direct,2022-07-01,8699.0,9656.034935150139,89,3,2022-04-01
catboost_direct,2022-08-01,8834.0,9338.830978069693,89,4,2022-04-01
catboost_direct,2022-09-01,8228.0,7705.054628728745,89,5,2022-04-01
catboost_direct,2022-10-01,8388.0,8020.762165852796,89,6,2022-04-01
catboost_direct,2022-06-01,9057.0,8040.978688020797,90,1,2022-05-01
catboost_direct,2022-07-01,8699.0,9471.851759166602,90,2,2022-05-01
catboost_direct,2022-08-01,8834.0,9239.720902931196,90,3,2022-05-01
catboost_direct,2022-09-01,8228.0,7871.593778201333,90,4,2022-05-01
catboost_direct,2022-10-01,8388.0,7893.99874199277,90,5,2022-05-01
catboost_direct,2022-11-01,7588.0,7852.164214299351,90,6,2022-05-01
catboost_direct,2022-07-01,8699.0,9604.650583580531,91,1,2022-06-01
catboost_direct,2022-08-01,8834.0,9257.807913263672,91,2,2022-06-01
catboost_direct,2022-09-01,8228.0,7879.313308933264,91,3,2022-06-01
catboost_direct,2022-10-01,8388.0,7973.306979070162,91,4,2022-06-01
catboost_direct,2022-11-01,7588.0,7787.403395678114,91,5,2022-06-01
catboost_direct,2022-12-01,7850.0,8551.094776738933,91,6,2022-06-01
catboost_direct,2022-08-01,8834.0,8797.486665396369,92,1,2022-07-01
catboost_direct,2022-09-01,8228.0,7503.0074895915195,92,2,2022-07-01
catboost_direct,2022-10-01,8388.0,7960.154198164552,92,3,2022-07-01
catboost_direct,2022-11-01,7588.0,7753.357062763408,92,4,2022-07-01
catboost_direct,2022-12-01,7850.0,8365.78719278919,92,5,2022-07-01
catboost_direct,2023-01-01,7563.0,9832.581085233816,92,6,2022-07-01
catboost_direct,2022-09-01,8228.0,7427.377889508746,93,1,2022-08-01
catboost_direct,2022-10-01,8388.0,7727.123055978607,93,2,2022-08-01
catboost_direct,2022-11-01,7588.0,7746.548378830189,93,3,2022-08-01
catboost_direct,2022-12-01,7850.0,8243.877686132153,93,4,2022-08-01
catboost_direct,2023-01-01,7563.0,9688.651841693729,93,5,2022-08-01
catboost_direct,2023-02-01,6551.0,7026.602635072673,93,6,2022-08-01
catboost_direct,2022-10-01,8388.0,7934.944155803247,94,1,2022-09-01
catboost_direct,2022-11-01,7588.0,7686.319869417997,94,2,2022-09-01
catboost_direct,2022-12-01,7850.0,8327.71799237628,94,3,2022-09-01
catboost_direct,2023-01-01,7563.0,9862.577071772015,94,4,2022-09-01
catboost_direct,2023-02-01,6551.0,7198.922806395669,94,5,2022-09-01
catboost_direct,2023-03-01,7507.0,7680.638854737051,94,6,2022-09-01
catboost_direct,2022-11-01,7588.0,7581.779540343226,95,1,2022-10-01
catboost_direct,2022-12-01,7850.0,8475.356702894194,95,2,2022-10-01
catboost_direct,2023-01-01,7563.0,9781.419745745086,95,3,2022-10-01
catboost_direct,2023-02-01,6551.0,7211.8120367699785,95,4,2022-10-01
catboost_direct,2023-03-01,7507.0,7643.449241020433,95,5,2022-10-01
catboost_direct,2023-04-01,7745.0,7574.484106459648,95,6,2022-10-01
catboost_direct,2022-12-01,7850.0,8276.33992295555,96,1,2022-11-01
catboost_direct,2023-01-01,7563.0,9683.944352167671,96,2,2022-11-01
catboost_direct,2023-02-01,6551.0,7275.927983136132,96,3,2022-11-01
catboost_direct,2023-03-01,7507.0,7758.393708725283,96,4,2022-11-01
catboost_direct,2023-04-01,7745.0,7627.334534020985,96,5,2022-11-01
catboost_direct,2023-05-01,8600.0,9028.391611796038,96,6,2022-11-01
catboost_direct,2023-01-01,7563.0,9578.853175043107,97,1,2022-12-01
catboost_direct,2023-02-01,6551.0,7103.913165320519,97,2,2022-12-01
catboost_direct,2023-03-01,7507.0,7651.888674858445,97,3,2022-12-01
catboost_direct,2023-04-01,7745.0,7658.3553533524455,97,4,2022-12-01
catboost_direct,2023-05-01,8600.0,8767.16070189683,97,5,2022-12-01
catboost_direct,2023-06-01,9151.0,9269.24532364559,97,6,2022-12-01
catboost_direct,2023-02-01,6551.0,6703.700626200173,98,1,2023-01-01
catboost_direct,2023-03-01,7507.0,7243.680697805485,98,2,2023-01-01
catboost_direct,2023-04-01,7745.0,7204.439076906629,98,3,2023-01-01
catboost_direct,2023-05-01,8600.0,8670.273554860027,98,4,2023-01-01
catboost_direct,2023-06-01,9151.0,9081.033835405857,98,5,2023-01-01
catboost_direct,2023-07-01,9183.0,8844.756900587563,98,6,2023-01-01
catboost_direct,2023-03-01,7507.0,7085.8843394499845,99,1,2023-02-01
catboost_direct,2023-04-01,7745.0,7160.693540960726,99,2,2023-02-01
catboost_direct,2023-05-01,8600.0,8783.71670302724,99,3,2023-02-01
catboost_direct,2023-06-01,9151.0,9312.245285133067,99,4,2023-02-01
catboost_direct,2023-07-01,9183.0,8731.89212759786,99,5,2023-02-01
catboost_direct,2023-08-01,8297.0,8722.149820037806,99,6,2023-02-01
catboost_direct,2023-04-01,7745.0,7410.616070404735,100,1,2023-03-01
catboost_direct,2023-05-01,8600.0,8870.372021988378,100,2,2023-03-01
catboost_direct,2023-06-01,9151.0,9117.132088746956,100,3,2023-03-01
catboost_direct,2023-07-01,9183.0,8717.772674510275,100,4,2023-03-01
catboost_direct,2023-08-01,8297.0,8765.588972012089,100,5,2023-03-01
catboost_direct,2023-09-01,7823.0,7809.619858042036,100,6,2023-03-01
catboost_direct,2023-05-01,8600.0,8667.030882902593,101,1,2023-04-01
catboost_direct,2023-06-01,9151.0,9050.973668262575,101,2,2023-04-01
catboost_direct,2023-07-01,9183.0,8756.812541658172,101,3,2023-04-01
catboost_direct,2023-08-01,8297.0,8834.335004113456,101,4,2023-04-01
catboost_direct,2023-09-01,7823.0,7886.10767575473,101,5,2023-04-01
catboost_direct,2023-10-01,7507.0,8243.545820081867,101,6,2023-04-01
catboost_direct,2023-06-01,9151.0,9062.84837933855,102,1,2023-05-01
catboost_direct,2023-07-01,9183.0,8714.854380553392,102,2,2023-05-01
catboost_direct,2023-08-01,8297.0,8830.949326974553,102,3,2023-05-01
catboost_direct,2023-09-01,7823.0,7911.096234221845,102,4,2023-05-01
catboost_direct,2023-10-01,7507.0,8233.14402473612,102,5,2023-05-01
catboost_direct,2023-11-01,8107.0,7842.420554743854,102,6,2023-05-01
catboost_direct,2023-07-01,9183.0,8746.167882888692,103,1,2023-06-01
catboost_direct,2023-08-01,8297.0,8763.947391073052,103,2,2023-06-01
catboost_direct,2023-09-01,7823.0,7712.370270434107,103,3,2023-06-01
catboost_direct,2023-10-01,7507.0,8328.152145850021,103,4,2023-06-01
catboost_direct,2023-11-01,8107.0,7851.283274147589,103,5,2023-06-01
catboost_direct,2023-12-01,7504.0,8561.916974732736,103,6,2023-06-01
