model,date,y_true,y_pred,window,horizon,train_end
sarima_slide60,2015-01-01,7184.0,6487.787468985783,1,1,2014-12-01
sarima_slide60,2015-02-01,5958.0,6225.908196659557,1,2,2014-12-01
sarima_slide60,2015-03-01,6658.0,6486.16379192088,1,3,2014-12-01
sarima_slide60,2015-04-01,7069.0,6494.618875283324,1,4,2014-12-01
sarima_slide60,2015-05-01,8099.0,7380.472721494108,1,5,2014-12-01
sarima_slide60,2015-06-01,7868.0,7661.1473181174915,1,6,2014-12-01
sarima_slide60,2015-02-01,5958.0,6293.620389003935,2,1,2015-01-01
sarima_slide60,2015-03-01,6658.0,6629.963097651941,2,2,2015-01-01
sarima_slide60,2015-04-01,7069.0,6628.775808997431,2,3,2015-01-01
sarima_slide60,2015-05-01,8099.0,7524.874135563662,2,4,2015-01-01
sarima_slide60,2015-06-01,7868.0,7787.552846771981,2,5,2015-01-01
sarima_slide60,2015-07-01,7986.0,8059.392222605124,2,6,2015-01-01
sarima_slide60,2015-03-01,6658.0,6578.65831590379,3,1,2015-02-01
sarima_slide60,2015-04-01,7069.0,6539.7835286452855,3,2,2015-02-01
sarima_slide60,2015-05-01,8099.0,7431.913588120214,3,3,2015-02-01
sarima_slide60,2015-06-01,7868.0,7712.11080011124,3,4,2015-02-01
sarima_slide60,2015-07-01,7986.0,7978.03236516898,3,5,2015-02-01
sarima_slide60,2015-08-01,7251.0,7662.709325826257,3,6,2015-02-01
sarima_slide60,2015-04-01,7069.0,6479.94046995031,4,1,2015-03-01
sarima_slide60,2015-05-01,8099.0,7384.36840546087,4,2,2015-03-01
sarima_slide60,2015-06-01,7868.0,7662.8767549715185,4,3,2015-03-01
sarima_slide60,2015-07-01,7986.0,7929.386705630384,4,4,2015-03-01
sarima_slide60,2015-08-01,7251.0,7614.384697307841,4,5,2015-03-01
sarima_slide60,2015-09-01,7163.0,7060.914014280899,4,6,2015-03-01
sarima_slide60,2015-05-01,8099.0,7566.148557575199,5,1,2015-04-01
sarima_slide60,2015-06-01,7868.0,7865.418005477583,5,2,2015-04-01
sarima_slide60,2015-07-01,7986.0,8130.379041879653,5,3,2015-04-01
sarima_slide60,2015-08-01,7251.0,7876.701672168352,5,4,2015-04-01
sarima_slide60,2015-09-01,7163.0,7269.873739720206,5,5,2015-04-01
sarima_slide60,2015-10-01,6690.0,7264.757801322824,5,6,2015-04-01
sarima_slide60,2015-06-01,7868.0,7895.684361202402,6,1,2015-05-01
sarima_slide60,2015-07-01,7986.0,8229.303278735888,6,2,2015-05-01
sarima_slide60,2015-08-01,7251.0,8087.450539562949,6,3,2015-05-01
sarima_slide60,2015-09-01,7163.0,7394.607941747332,6,4,2015-05-01
sarima_slide60,2015-10-01,6690.0,7487.425248458017,6,5,2015-05-01
sarima_slide60,2015-11-01,6392.0,6826.190355437164,6,6,2015-05-01
sarima_slide60,2015-07-01,7986.0,8284.352557373732,7,1,2015-06-01
sarima_slide60,2015-08-01,7251.0,7970.802241619284,7,2,2015-06-01
sarima_slide60,2015-09-01,7163.0,7417.434886543446,7,3,2015-06-01
sarima_slide60,2015-10-01,6690.0,7357.000178907669,7,4,2015-06-01
sarima_slide60,2015-11-01,6392.0,6846.850140720688,7,5,2015-06-01
sarima_slide60,2015-12-01,6753.0,7112.251616174271,7,6,2015-06-01
sarima_slide60,2015-08-01,7251.0,7940.363609578269,8,1,2015-07-01
sarima_slide60,2015-09-01,7163.0,7257.064501879671,8,2,2015-07-01
sarima_slide60,2015-10-01,6690.0,7321.500295951794,8,3,2015-07-01
sarima_slide60,2015-11-01,6392.0,6684.846900466453,8,4,2015-07-01
sarima_slide60,2015-12-01,6753.0,7018.655837801912,8,5,2015-07-01
sarima_slide60,2016-01-01,6753.0,7131.511079318912,8,6,2015-07-01
sarima_slide60,2015-09-01,7163.0,6996.56066019213,9,1,2015-08-01
sarima_slide60,2015-10-01,6690.0,7101.076355547717,9,2,2015-08-01
sarima_slide60,2015-11-01,6392.0,6462.853858323973,9,3,2015-08-01
sarima_slide60,2015-12-01,6753.0,6799.198686213851,9,4,2015-08-01
sarima_slide60,2016-01-01,6753.0,6919.762948173752,9,5,2015-08-01
sarima_slide60,2016-02-01,6385.0,6273.215796963773,9,6,2015-08-01
sarima_slide60,2015-10-01,6690.0,7118.194461788065,10,1,2015-09-01
sarima_slide60,2015-11-01,6392.0,6503.786708363685,10,2,2015-09-01
sarima_slide60,2015-12-01,6753.0,6819.001293270763,10,3,2015-09-01
sarima_slide60,2016-01-01,6753.0,6887.297205053031,10,4,2015-09-01
sarima_slide60,2016-02-01,6385.0,6304.938427177665,10,5,2015-09-01
sarima_slide60,2016-03-01,7164.0,6670.187737591489,10,6,2015-09-01
sarima_slide60,2015-11-01,6392.0,6476.383478657668,11,1,2015-10-01
sarima_slide60,2015-12-01,6753.0,6804.368802720647,11,2,2015-10-01
sarima_slide60,2016-01-01,6753.0,6875.516358998691,11,3,2015-10-01
sarima_slide60,2016-02-01,6385.0,6290.628217175187,11,4,2015-10-01
sarima_slide60,2016-03-01,7164.0,6655.813428733041,11,5,2015-10-01
sarima_slide60,2016-04-01,7192.0,6804.773131051601,11,6,2015-10-01
sarima_slide60,2015-12-01,6753.0,6834.346466128125,12,1,2015-11-01
sarima_slide60,2016-01-01,6753.0,6812.347177146639,12,2,2015-11-01
sarima_slide60,2016-02-01,6385.0,6332.850119779479,12,3,2015-11-01
sarima_slide60,2016-03-01,7164.0,6689.309670531326,12,4,2015-11-01
sarima_slide60,2016-04-01,7192.0,6730.445374303341,12,5,2015-11-01
sarima_slide60,2016-05-01,7743.0,7698.975743483044,12,6,2015-11-01
sarima_slide60,2016-01-01,6753.0,6852.81136188875,13,1,2015-12-01
sarima_slide60,2016-02-01,6385.0,6323.4477261425445,13,2,2015-12-01
sarima_slide60,2016-03-01,7164.0,6681.129277278815,13,3,2015-12-01
sarima_slide60,2016-04-01,7192.0,6779.047560698224,13,4,2015-12-01
sarima_slide60,2016-05-01,7743.0,7767.747261243594,13,5,2015-12-01
sarima_slide60,2016-06-01,8767.0,7830.311032077232,13,6,2015-12-01
sarima_slide60,2016-02-01,6385.0,6296.977715315425,14,1,2016-01-01
sarima_slide60,2016-03-01,7164.0,6687.620828752563,14,2,2016-01-01
sarima_slide60,2016-04-01,7192.0,6889.071306778744,14,3,2016-01-01
sarima_slide60,2016-05-01,7743.0,7910.752472350708,14,4,2016-01-01
sarima_slide60,2016-06-01,8767.0,7837.510756106952,14,5,2016-01-01
sarima_slide60,2016-07-01,8479.0,8059.687066354174,14,6,2016-01-01
sarima_slide60,2016-03-01,7164.0,6692.183613444219,15,1,2016-02-01
sarima_slide60,2016-04-01,7192.0,6844.827996634067,15,2,2016-02-01
sarima_slide60,2016-05-01,7743.0,7852.365037309272,15,3,2016-02-01
sarima_slide60,2016-06-01,8767.0,7838.389823269608,15,4,2016-02-01
sarima_slide60,2016-07-01,8479.0,8094.308262372589,15,5,2016-02-01
sarima_slide60,2016-08-01,7890.0,7631.762199722965,15,6,2016-02-01
sarima_slide60,2016-04-01,7192.0,6945.830323922934,16,1,2016-03-01
sarima_slide60,2016-05-01,7743.0,7939.276225757008,16,2,2016-03-01
sarima_slide60,2016-06-01,8767.0,7873.197076916797,16,3,2016-03-01
sarima_slide60,2016-07-01,8479.0,8100.72034561052,16,4,2016-03-01
sarima_slide60,2016-08-01,7890.0,7644.262154507962,16,5,2016-03-01
sarima_slide60,2016-09-01,7317.0,7242.697624755033,16,6,2016-03-01
sarima_slide60,2016-05-01,7743.0,8010.346079492976,17,1,2016-04-01
sarima_slide60,2016-06-01,8767.0,7885.529600908872,17,2,2016-04-01
sarima_slide60,2016-07-01,8479.0,8083.968637847212,17,3,2016-04-01
sarima_slide60,2016-08-01,7890.0,7623.058860243516,17,4,2016-04-01
sarima_slide60,2016-09-01,7317.0,7248.613956167529,17,5,2016-04-01
sarima_slide60,2016-10-01,7426.0,7047.18037810018,17,6,2016-04-01
sarima_slide60,2016-06-01,8767.0,7858.877775603013,18,1,2016-05-01
sarima_slide60,2016-07-01,8479.0,8080.712252247175,18,2,2016-05-01
sarima_slide60,2016-08-01,7890.0,7623.711491955908,18,3,2016-05-01
sarima_slide60,2016-09-01,7317.0,7235.226568218728,18,4,2016-05-01
sarima_slide60,2016-10-01,7426.0,7046.651182344238,18,5,2016-05-01
sarima_slide60,2016-11-01,6700.0,6561.017231815766,18,6,2016-05-01
sarima_slide60,2016-07-01,8479.0,8144.658879522909,19,1,2016-06-01
sarima_slide60,2016-08-01,7890.0,7643.405906204495,19,2,2016-06-01
sarima_slide60,2016-09-01,7317.0,7286.0487704956595,19,3,2016-06-01
sarima_slide60,2016-10-01,7426.0,7067.934786160998,19,4,2016-06-01
sarima_slide60,2016-11-01,6700.0,6602.88776154708,19,5,2016-06-01
sarima_slide60,2016-12-01,6994.0,6964.445649796915,19,6,2016-06-01
sarima_slide60,2016-08-01,7890.0,7850.5774083383985,20,1,2016-07-01
sarima_slide60,2016-09-01,7317.0,7372.381182661681,20,2,2016-07-01
sarima_slide60,2016-10-01,7426.0,7226.615797353127,20,3,2016-07-01
sarima_slide60,2016-11-01,6700.0,6707.690479387155,20,4,2016-07-01
sarima_slide60,2016-12-01,6994.0,7056.551312060836,20,5,2016-07-01
sarima_slide60,2017-01-01,6788.0,7052.056189921151,20,6,2016-07-01
sarima_slide60,2016-09-01,7317.0,7362.4092079829425,21,1,2016-08-01
sarima_slide60,2016-10-01,7426.0,7176.407808725198,21,2,2016-08-01
sarima_slide60,2016-11-01,6700.0,6675.329766249135,21,3,2016-08-01
sarima_slide60,2016-12-01,6994.0,7030.648636812299,21,4,2016-08-01
sarima_slide60,2017-01-01,6788.0,7072.935776267362,21,5,2016-08-01
sarima_slide60,2017-02-01,6271.0,6584.671548521335,21,6,2016-08-01
sarima_slide60,2016-10-01,7426.0,7223.071766692293,22,1,2016-09-01
sarima_slide60,2016-11-01,6700.0,6707.652710173462,22,2,2016-09-01
sarima_slide60,2016-12-01,6994.0,7057.76214974794,22,3,2016-09-01
sarima_slide60,2017-01-01,6788.0,7064.73057031389,22,4,2016-09-01
sarima_slide60,2017-02-01,6271.0,6612.39606408165,22,5,2016-09-01
sarima_slide60,2017-03-01,6794.0,7083.538882695661,22,6,2016-09-01
sarima_slide60,2016-11-01,6700.0,6756.667870031621,23,1,2016-10-01
sarima_slide60,2016-12-01,6994.0,7083.628109732408,23,2,2016-10-01
sarima_slide60,2017-01-01,6788.0,7071.979543722657,23,3,2016-10-01
sarima_slide60,2017-02-01,6271.0,6636.926211782938,23,4,2016-10-01
sarima_slide60,2017-03-01,6794.0,7083.445836701279,23,5,2016-10-01
sarima_slide60,2017-04-01,6884.0,7213.327586069878,23,6,2016-10-01
sarima_slide60,2016-12-01,6994.0,7115.331870914236,24,1,2016-11-01
sarima_slide60,2017-01-01,6788.0,7073.225707642359,24,2,2016-11-01
sarima_slide60,2017-02-01,6271.0,6669.913813171655,24,3,2016-11-01
sarima_slide60,2017-03-01,6794.0,7075.773399320169,24,4,2016-11-01
sarima_slide60,2017-04-01,6884.0,7201.987548416277,24,5,2016-11-01
sarima_slide60,2017-05-01,7651.0,8100.038753887769,24,6,2016-11-01
sarima_slide60,2017-01-01,6788.0,7074.878585925044,25,1,2016-12-01
sarima_slide60,2017-02-01,6271.0,6700.916478519325,25,2,2016-12-01
sarima_slide60,2017-03-01,6794.0,7074.360542912768,25,3,2016-12-01
sarima_slide60,2017-04-01,6884.0,7195.300700746604,25,4,2016-12-01
sarima_slide60,2017-05-01,7651.0,8113.0503349903165,25,5,2016-12-01
sarima_slide60,2017-06-01,8009.0,8275.524436997206,25,6,2016-12-01
sarima_slide60,2017-02-01,6271.0,6619.102466424515,26,1,2017-01-01
sarima_slide60,2017-03-01,6794.0,7072.994138548054,26,2,2017-01-01
sarima_slide60,2017-04-01,6884.0,7203.772457506353,26,3,2017-01-01
sarima_slide60,2017-05-01,7651.0,8086.85765214789,26,4,2017-01-01
sarima_slide60,2017-06-01,8009.0,8327.512494443628,26,5,2017-01-01
sarima_slide60,2017-07-01,8694.0,8497.254294579972,26,6,2017-01-01
sarima_slide60,2017-03-01,6794.0,6996.721889809292,27,1,2017-02-01
sarima_slide60,2017-04-01,6884.0,7150.592298003991,27,2,2017-02-01
sarima_slide60,2017-05-01,7651.0,8076.405934276591,27,3,2017-02-01
sarima_slide60,2017-06-01,8009.0,8231.582032336617,27,4,2017-02-01
sarima_slide60,2017-07-01,8694.0,8504.340595787324,27,5,2017-02-01
sarima_slide60,2017-08-01,8130.0,8018.465352663572,27,6,2017-02-01
sarima_slide60,2017-04-01,6884.0,7144.469474701806,28,1,2017-03-01
sarima_slide60,2017-05-01,7651.0,8071.169219318072,28,2,2017-03-01
sarima_slide60,2017-06-01,8009.0,8271.815586428791,28,3,2017-03-01
sarima_slide60,2017-07-01,8694.0,8493.823546749445,28,4,2017-03-01
sarima_slide60,2017-08-01,8130.0,8006.770173726782,28,5,2017-03-01
sarima_slide60,2017-09-01,7446.0,7527.476985849836,28,6,2017-03-01
sarima_slide60,2017-05-01,7651.0,7997.235434367526,29,1,2017-04-01
sarima_slide60,2017-06-01,8009.0,8179.777147573464,29,2,2017-04-01
sarima_slide60,2017-07-01,8694.0,8457.517449890207,29,3,2017-04-01
sarima_slide60,2017-08-01,8130.0,7972.179067766796,29,4,2017-04-01
sarima_slide60,2017-09-01,7446.0,7492.630208514535,29,5,2017-04-01
sarima_slide60,2017-10-01,7282.0,7423.345101602226,29,6,2017-04-01
sarima_slide60,2017-06-01,8009.0,8123.556642332594,30,1,2017-05-01
sarima_slide60,2017-07-01,8694.0,8436.751604720122,30,2,2017-05-01
sarima_slide60,2017-08-01,8130.0,7959.127892157488,30,3,2017-05-01
sarima_slide60,2017-09-01,7446.0,7481.445029434784,30,4,2017-05-01
sarima_slide60,2017-10-01,7282.0,7413.08130488356,30,5,2017-05-01
sarima_slide60,2017-11-01,6830.0,6815.179603655443,30,6,2017-05-01
sarima_slide60,2017-07-01,8694.0,8131.813935674006,31,1,2017-06-01
sarima_slide60,2017-08-01,8130.0,7621.601141271916,31,2,2017-06-01
sarima_slide60,2017-09-01,7446.0,7143.516015209459,31,3,2017-06-01
sarima_slide60,2017-10-01,7282.0,7093.7490448344615,31,4,2017-06-01
sarima_slide60,2017-11-01,6830.0,6490.179426086028,31,5,2017-06-01
sarima_slide60,2017-12-01,6946.0,6824.479017670804,31,6,2017-06-01
sarima_slide60,2017-08-01,8130.0,8138.626703694364,32,1,2017-07-01
sarima_slide60,2017-09-01,7446.0,7572.138163443133,32,2,2017-07-01
sarima_slide60,2017-10-01,7282.0,7480.691694662162,32,3,2017-07-01
sarima_slide60,2017-11-01,6830.0,6871.021823783657,32,4,2017-07-01
sarima_slide60,2017-12-01,6946.0,7214.472353584139,32,5,2017-07-01
sarima_slide60,2018-01-01,6886.0,7175.519577441561,32,6,2017-07-01
sarima_slide60,2017-09-01,7446.0,7552.59761405352,33,1,2017-08-01
sarima_slide60,2017-10-01,7282.0,7449.727429278286,33,2,2017-08-01
sarima_slide60,2017-11-01,6830.0,6840.550663532178,33,3,2017-08-01
sarima_slide60,2017-12-01,6946.0,7189.255917944699,33,4,2017-08-01
sarima_slide60,2018-01-01,6886.0,7151.549891471427,33,5,2017-08-01
sarima_slide60,2018-02-01,5960.0,6692.833103622232,33,6,2017-08-01
sarima_slide60,2017-10-01,7282.0,7450.326191786262,34,1,2017-09-01
sarima_slide60,2017-11-01,6830.0,6840.999418830252,34,2,2017-09-01
sarima_slide60,2017-12-01,6946.0,7189.403626095991,34,3,2017-09-01
sarima_slide60,2018-01-01,6886.0,7151.762242141975,34,4,2017-09-01
sarima_slide60,2018-02-01,5960.0,6693.459888624469,34,5,2017-09-01
sarima_slide60,2018-03-01,6930.0,7125.137154382333,34,6,2017-09-01
sarima_slide60,2017-11-01,6830.0,6826.439723164547,35,1,2017-10-01
sarima_slide60,2017-12-01,6946.0,7184.356883748656,35,2,2017-10-01
sarima_slide60,2018-01-01,6886.0,7149.215173607025,35,3,2017-10-01
sarima_slide60,2018-02-01,5960.0,6691.718489616435,35,4,2017-10-01
sarima_slide60,2018-03-01,6930.0,7123.49766512335,35,5,2017-10-01
sarima_slide60,2018-04-01,6769.0,7294.966499360029,35,6,2017-10-01
sarima_slide60,2017-12-01,6946.0,7197.417690858205,36,1,2017-11-01
sarima_slide60,2018-01-01,6886.0,7147.7142077832,36,2,2017-11-01
sarima_slide60,2018-02-01,5960.0,6686.918239987942,36,3,2017-11-01
sarima_slide60,2018-03-01,6930.0,7117.715675604589,36,4,2017-11-01
sarima_slide60,2018-04-01,6769.0,7289.284145672382,36,5,2017-11-01
sarima_slide60,2018-05-01,7511.0,8114.526110258604,36,6,2017-11-01
sarima_slide60,2018-01-01,6886.0,7126.114040493322,37,1,2017-12-01
sarima_slide60,2018-02-01,5960.0,6687.6381487522485,37,2,2017-12-01
sarima_slide60,2018-03-01,6930.0,7125.576576146948,37,3,2017-12-01
sarima_slide60,2018-04-01,6769.0,7298.225885350246,37,4,2017-12-01
sarima_slide60,2018-05-01,7511.0,8124.131463830046,37,5,2017-12-01
sarima_slide60,2018-06-01,8057.0,8339.249881790696,37,6,2017-12-01
sarima_slide60,2018-02-01,5960.0,6617.975027134144,38,1,2018-01-01
sarima_slide60,2018-03-01,6930.0,7084.033235757807,38,2,2018-01-01
sarima_slide60,2018-04-01,6769.0,7264.732645985164,38,3,2018-01-01
sarima_slide60,2018-05-01,7511.0,8092.378078295257,38,4,2018-01-01
sarima_slide60,2018-06-01,8057.0,8308.463659736975,38,5,2018-01-01
sarima_slide60,2018-07-01,8175.0,8552.463835968174,38,6,2018-01-01
sarima_slide60,2018-03-01,6930.0,6869.506394995574,39,1,2018-02-01
sarima_slide60,2018-04-01,6769.0,7162.133928138359,39,2,2018-02-01
sarima_slide60,2018-05-01,7511.0,8025.524412783733,39,3,2018-02-01
sarima_slide60,2018-06-01,8057.0,8252.610330549205,39,4,2018-02-01
sarima_slide60,2018-07-01,8175.0,8500.397595812594,39,5,2018-02-01
sarima_slide60,2018-08-01,8328.0,8133.572367781557,39,6,2018-02-01
sarima_slide60,2018-04-01,6769.0,7185.219747946577,40,1,2018-03-01
sarima_slide60,2018-05-01,7511.0,7998.212461746639,40,2,2018-03-01
sarima_slide60,2018-06-01,8057.0,8315.499806892407,40,3,2018-03-01
sarima_slide60,2018-07-01,8175.0,8581.51181952081,40,4,2018-03-01
sarima_slide60,2018-08-01,8328.0,8133.197510514094,40,5,2018-03-01
sarima_slide60,2018-09-01,7325.0,7551.407573643249,40,6,2018-03-01
sarima_slide60,2018-05-01,7511.0,7872.139213863255,41,1,2018-04-01
sarima_slide60,2018-06-01,8057.0,8286.322574303813,41,2,2018-04-01
sarima_slide60,2018-07-01,8175.0,8585.14201580403,41,3,2018-04-01
sarima_slide60,2018-08-01,8328.0,8123.332074323501,41,4,2018-04-01
sarima_slide60,2018-09-01,7325.0,7542.964917661786,41,5,2018-04-01
sarima_slide60,2018-10-01,7202.0,7450.420082920428,41,6,2018-04-01
sarima_slide60,2018-06-01,8057.0,8041.892701625103,42,1,2018-05-01
sarima_slide60,2018-07-01,8175.0,8351.599821990036,42,2,2018-05-01
sarima_slide60,2018-08-01,8328.0,8008.337882531163,42,3,2018-05-01
sarima_slide60,2018-09-01,7325.0,7432.519744951704,42,4,2018-05-01
sarima_slide60,2018-10-01,7202.0,7356.355600215146,42,5,2018-05-01
sarima_slide60,2018-11-01,7161.0,6802.638710107784,42,6,2018-05-01
sarima_slide60,2018-07-01,8175.0,8444.31966433078,43,1,2018-06-01
sarima_slide60,2018-08-01,8328.0,7967.353695434662,43,2,2018-06-01
sarima_slide60,2018-09-01,7325.0,7386.094689129415,43,3,2018-06-01
sarima_slide60,2018-10-01,7202.0,7289.972396626574,43,4,2018-06-01
sarima_slide60,2018-11-01,7161.0,6756.35537377004,43,5,2018-06-01
sarima_slide60,2018-12-01,7409.0,6985.698003764621,43,6,2018-06-01
sarima_slide60,2018-08-01,8328.0,7866.1368117021075,44,1,2018-07-01
sarima_slide60,2018-09-01,7325.0,7293.806255503942,44,2,2018-07-01
sarima_slide60,2018-10-01,7202.0,7190.472904944068,44,3,2018-07-01
sarima_slide60,2018-11-01,7161.0,6673.005350581087,44,4,2018-07-01
sarima_slide60,2018-12-01,7409.0,6869.722237836296,44,5,2018-07-01
sarima_slide60,2019-01-01,7117.0,6801.504320905053,44,6,2018-07-01
sarima_slide60,2018-09-01,7325.0,7482.522751720721,45,1,2018-08-01
sarima_slide60,2018-10-01,7202.0,7321.91943593999,45,2,2018-08-01
sarima_slide60,2018-11-01,7161.0,6782.105687770645,45,3,2018-08-01
sarima_slide60,2018-12-01,7409.0,6997.346286528191,45,4,2018-08-01
sarima_slide60,2019-01-01,7117.0,6944.418402070483,45,5,2018-08-01
sarima_slide60,2019-02-01,6307.0,6223.325614455339,45,6,2018-08-01
sarima_slide60,2018-10-01,7202.0,7262.848178412151,46,1,2018-09-01
sarima_slide60,2018-11-01,7161.0,6743.005627794881,46,2,2018-09-01
sarima_slide60,2018-12-01,7409.0,6948.474226078546,46,3,2018-09-01
sarima_slide60,2019-01-01,7117.0,6885.852389980529,46,4,2018-09-01
sarima_slide60,2019-02-01,6307.0,6139.607369123814,46,5,2018-09-01
sarima_slide60,2019-03-01,7067.0,6925.217952143537,46,6,2018-09-01
sarima_slide60,2018-11-01,7161.0,6734.277398287181,47,1,2018-10-01
sarima_slide60,2018-12-01,7409.0,6961.13851430267,47,2,2018-10-01
sarima_slide60,2019-01-01,7117.0,6914.540491696637,47,3,2018-10-01
sarima_slide60,2019-02-01,6307.0,6205.312956856201,47,4,2018-10-01
sarima_slide60,2019-03-01,7067.0,6942.35175113998,47,5,2018-10-01
sarima_slide60,2019-04-01,7108.0,6927.949638897284,47,6,2018-10-01
sarima_slide60,2018-12-01,7409.0,7066.3149090296,48,1,2018-11-01
sarima_slide60,2019-01-01,7117.0,6967.705005537217,48,2,2018-11-01
sarima_slide60,2019-02-01,6307.0,6222.030269868303,48,3,2018-11-01
sarima_slide60,2019-03-01,7067.0,7000.908918161793,48,4,2018-11-01
sarima_slide60,2019-04-01,7108.0,6962.475881448328,48,5,2018-11-01
sarima_slide60,2019-05-01,7776.0,7718.242126743095,48,6,2018-11-01
sarima_slide60,2019-01-01,7117.0,7114.386762120232,49,1,2018-12-01
sarima_slide60,2019-02-01,6307.0,6328.6468319177575,49,2,2018-12-01
sarima_slide60,2019-03-01,7067.0,7078.138308493123,49,3,2018-12-01
sarima_slide60,2019-04-01,7108.0,7047.130539454655,49,4,2018-12-01
sarima_slide60,2019-05-01,7776.0,7806.905237691285,49,5,2018-12-01
sarima_slide60,2019-06-01,8274.0,8286.864701925371,49,6,2018-12-01
sarima_slide60,2019-02-01,6307.0,6397.724662993753,50,1,2019-01-01
sarima_slide60,2019-03-01,7067.0,7100.4151429397125,50,2,2019-01-01
sarima_slide60,2019-04-01,7108.0,7098.19145245683,50,3,2019-01-01
sarima_slide60,2019-05-01,7776.0,7874.312483795887,50,4,2019-01-01
sarima_slide60,2019-06-01,8274.0,8323.77219988795,50,5,2019-01-01
sarima_slide60,2019-07-01,8919.0,8513.57428090156,50,6,2019-01-01
sarima_slide60,2019-03-01,7067.0,7191.073632377415,51,1,2019-02-01
sarima_slide60,2019-04-01,7108.0,7170.47301657011,51,2,2019-02-01
sarima_slide60,2019-05-01,7776.0,7940.657181943486,51,3,2019-02-01
sarima_slide60,2019-06-01,8274.0,8404.957428566402,51,4,2019-02-01
sarima_slide60,2019-07-01,8919.0,8601.878680535605,51,5,2019-02-01
sarima_slide60,2019-08-01,8180.0,8398.711504798348,51,6,2019-02-01
sarima_slide60,2019-04-01,7108.0,7107.996566072548,52,1,2019-03-01
sarima_slide60,2019-05-01,7776.0,7862.570077743993,52,2,2019-03-01
sarima_slide60,2019-06-01,8274.0,8347.598753133972,52,3,2019-03-01
sarima_slide60,2019-07-01,8919.0,8553.86557194398,52,4,2019-03-01
sarima_slide60,2019-08-01,8180.0,8383.98654941884,52,5,2019-03-01
sarima_slide60,2019-09-01,7664.0,7577.491250884771,52,6,2019-03-01
sarima_slide60,2019-05-01,7776.0,7893.904218988331,53,1,2019-04-01
sarima_slide60,2019-06-01,8274.0,8352.776797908675,53,2,2019-04-01
sarima_slide60,2019-07-01,8919.0,8546.172710208555,53,3,2019-04-01
sarima_slide60,2019-08-01,8180.0,8334.054142645737,53,4,2019-04-01
sarima_slide60,2019-09-01,7664.0,7569.537731156204,53,5,2019-04-01
sarima_slide60,2019-10-01,7254.0,7466.086794407938,53,6,2019-04-01
sarima_slide60,2019-06-01,8274.0,8336.72303559587,54,1,2019-05-01
sarima_slide60,2019-07-01,8919.0,8459.627730038692,54,2,2019-05-01
sarima_slide60,2019-08-01,8180.0,8152.164449509346,54,3,2019-05-01
sarima_slide60,2019-09-01,7664.0,7525.317944883343,54,4,2019-05-01
sarima_slide60,2019-10-01,7254.0,7455.751142230029,54,5,2019-05-01
sarima_slide60,2019-11-01,6785.0,7004.108220990512,54,6,2019-05-01
sarima_slide60,2019-07-01,8919.0,8471.044393019127,55,1,2019-06-01
sarima_slide60,2019-08-01,8180.0,8167.759771954947,55,2,2019-06-01
sarima_slide60,2019-09-01,7664.0,7533.866560186074,55,3,2019-06-01
sarima_slide60,2019-10-01,7254.0,7462.581684046013,55,4,2019-06-01
sarima_slide60,2019-11-01,6785.0,7017.912953074287,55,5,2019-06-01
sarima_slide60,2019-12-01,6987.0,7293.646453877519,55,6,2019-06-01
sarima_slide60,2019-08-01,8180.0,8491.348334901139,56,1,2019-07-01
sarima_slide60,2019-09-01,7664.0,7699.835756540623,56,2,2019-07-01
sarima_slide60,2019-10-01,7254.0,7587.891321875916,56,3,2019-07-01
sarima_slide60,2019-11-01,6785.0,7320.486627330616,56,4,2019-07-01
sarima_slide60,2019-12-01,6987.0,7552.717442750847,56,5,2019-07-01
sarima_slide60,2020-01-01,7194.0,7373.711778322147,56,6,2019-07-01
sarima_slide60,2019-09-01,7664.0,7470.892131551937,57,1,2019-08-01
sarima_slide60,2019-10-01,7254.0,7384.667587884229,57,2,2019-08-01
sarima_slide60,2019-11-01,6785.0,7128.2196713468,57,3,2019-08-01
sarima_slide60,2019-12-01,6987.0,7362.678926963489,57,4,2019-08-01
sarima_slide60,2020-01-01,7194.0,7182.8381048338415,57,5,2019-08-01
sarima_slide60,2020-02-01,6848.0,6391.794467629951,57,6,2019-08-01
sarima_slide60,2019-10-01,7254.0,7458.516064049211,58,1,2019-09-01
sarima_slide60,2019-11-01,6785.0,7067.7944746965895,58,2,2019-09-01
sarima_slide60,2019-12-01,6987.0,7303.276293002369,58,3,2019-09-01
sarima_slide60,2020-01-01,7194.0,7182.119482019909,58,4,2019-09-01
sarima_slide60,2020-02-01,6848.0,6408.63660995576,58,5,2019-09-01
sarima_slide60,2020-03-01,7324.0,7172.389232920802,58,6,2019-09-01
sarima_slide60,2019-11-01,6785.0,7039.56199797006,59,1,2019-10-01
sarima_slide60,2019-12-01,6987.0,7304.42176456678,59,2,2019-10-01
sarima_slide60,2020-01-01,7194.0,7178.955679990483,59,3,2019-10-01
sarima_slide60,2020-02-01,6848.0,6405.433495452439,59,4,2019-10-01
sarima_slide60,2020-03-01,7324.0,7175.520100717983,59,5,2019-10-01
sarima_slide60,2020-04-01,5978.0,7203.356440914387,59,6,2019-10-01
sarima_slide60,2019-12-01,6987.0,7197.702235227982,60,1,2019-11-01
sarima_slide60,2020-01-01,7194.0,7138.495189976002,60,2,2019-11-01
sarima_slide60,2020-02-01,6848.0,6385.602917473343,60,3,2019-11-01
sarima_slide60,2020-03-01,7324.0,7152.276137874597,60,4,2019-11-01
sarima_slide60,2020-04-01,5978.0,7194.901811960984,60,5,2019-11-01
sarima_slide60,2020-05-01,7062.0,7918.040819848104,60,6,2019-11-01
sarima_slide60,2020-01-01,7194.0,7068.685548930733,61,1,2019-12-01
sarima_slide60,2020-02-01,6848.0,6351.1093738560885,61,2,2019-12-01
sarima_slide60,2020-03-01,7324.0,7121.149384192859,61,3,2019-12-01
sarima_slide60,2020-04-01,5978.0,7179.519128959817,61,4,2019-12-01
sarima_slide60,2020-05-01,7062.0,7909.96161846312,61,5,2019-12-01
sarima_slide60,2020-06-01,6948.0,8374.463376222197,61,6,2019-12-01
sarima_slide60,2020-02-01,6848.0,6460.685538334604,62,1,2020-01-01
sarima_slide60,2020-03-01,7324.0,7196.323210457985,62,2,2020-01-01
sarima_slide60,2020-04-01,5978.0,7224.898939893885,62,3,2020-01-01
sarima_slide60,2020-05-01,7062.0,7942.788440628659,62,4,2020-01-01
sarima_slide60,2020-06-01,6948.0,8415.057961880322,62,5,2020-01-01
sarima_slide60,2020-07-01,7392.0,8764.916393430802,62,6,2020-01-01
sarima_slide60,2020-03-01,7324.0,7409.044047450691,63,1,2020-02-01
sarima_slide60,2020-04-01,5978.0,7393.596709649179,63,2,2020-02-01
sarima_slide60,2020-05-01,7062.0,8093.045940341862,63,3,2020-02-01
sarima_slide60,2020-06-01,6948.0,8509.59686806266,63,4,2020-02-01
sarima_slide60,2020-07-01,7392.0,8753.370475951806,63,5,2020-02-01
sarima_slide60,2020-08-01,7678.0,8261.221021846502,63,6,2020-02-01
sarima_slide60,2020-04-01,5978.0,7341.817977216409,64,1,2020-03-01
sarima_slide60,2020-05-01,7062.0,8044.099596880525,64,2,2020-03-01
sarima_slide60,2020-06-01,6948.0,8469.351961392835,64,3,2020-03-01
sarima_slide60,2020-07-01,7392.0,8726.789981161939,64,4,2020-03-01
sarima_slide60,2020-08-01,7678.0,8238.604700944836,64,5,2020-03-01
sarima_slide60,2020-09-01,7005.0,7662.654575300565,64,6,2020-03-01
sarima_slide60,2020-05-01,7062.0,7583.381804408633,65,1,2020-04-01
sarima_slide60,2020-06-01,6948.0,8157.611622834032,65,2,2020-04-01
sarima_slide60,2020-07-01,7392.0,8559.246154580214,65,3,2020-04-01
sarima_slide60,2020-08-01,7678.0,8087.980220840829,65,4,2020-04-01
sarima_slide60,2020-09-01,7005.0,7450.262514302302,65,5,2020-04-01
sarima_slide60,2020-10-01,7385.0,7192.411561865539,65,6,2020-04-01
sarima_slide60,2020-06-01,6948.0,7824.263237338905,66,1,2020-05-01
sarima_slide60,2020-07-01,7392.0,8289.338741302188,66,2,2020-05-01
sarima_slide60,2020-08-01,7678.0,7816.610137169433,66,3,2020-05-01
sarima_slide60,2020-09-01,7005.0,7173.565359322921,66,4,2020-05-01
sarima_slide60,2020-10-01,7385.0,6900.7018217505865,66,5,2020-05-01
sarima_slide60,2020-11-01,6872.0,6532.860855750088,66,6,2020-05-01
sarima_slide60,2020-07-01,7392.0,7666.729077463538,67,1,2020-06-01
sarima_slide60,2020-08-01,7678.0,7031.532059936843,67,2,2020-06-01
sarima_slide60,2020-09-01,7005.0,6536.798613914012,67,3,2020-06-01
sarima_slide60,2020-10-01,7385.0,6262.311624167037,67,4,2020-06-01
sarima_slide60,2020-11-01,6872.0,5909.9429555217785,67,5,2020-06-01
sarima_slide60,2020-12-01,6781.0,6125.679844328089,67,6,2020-06-01
sarima_slide60,2020-08-01,7678.0,7006.443401179911,68,1,2020-07-01
sarima_slide60,2020-09-01,7005.0,6363.706398280337,68,2,2020-07-01
sarima_slide60,2020-10-01,7385.0,6096.452838521,68,3,2020-07-01
sarima_slide60,2020-11-01,6872.0,5728.520833076427,68,4,2020-07-01
sarima_slide60,2020-12-01,6781.0,5944.821614623767,68,5,2020-07-01
sarima_slide60,2021-01-01,6917.0,5946.680494238211,68,6,2020-07-01
sarima_slide60,2020-09-01,7005.0,6804.557081193362,69,1,2020-08-01
sarima_slide60,2020-10-01,7385.0,6498.696382781067,69,2,2020-08-01
sarima_slide60,2020-11-01,6872.0,6128.430293796263,69,3,2020-08-01
sarima_slide60,2020-12-01,6781.0,6340.727841240155,69,4,2020-08-01
sarima_slide60,2021-01-01,6917.0,6369.829262118356,69,5,2020-08-01
sarima_slide60,2021-02-01,6217.0,5839.149972106276,69,6,2020-08-01
sarima_slide60,2020-10-01,7385.0,6687.870154699715,70,1,2020-09-01
sarima_slide60,2020-11-01,6872.0,6296.681324663859,70,2,2020-09-01
sarima_slide60,2020-12-01,6781.0,6503.565488651952,70,3,2020-09-01
sarima_slide60,2021-01-01,6917.0,6518.34257252152,70,4,2020-09-01
sarima_slide60,2021-02-01,6217.0,5976.01085729827,70,5,2020-09-01
sarima_slide60,2021-03-01,7569.0,6595.011212281852,70,6,2020-09-01
sarima_slide60,2020-11-01,6872.0,6920.119499904392,71,1,2020-10-01
sarima_slide60,2020-12-01,6781.0,7171.287960152921,71,2,2020-10-01
sarima_slide60,2021-01-01,6917.0,7141.176826154506,71,3,2020-10-01
sarima_slide60,2021-02-01,6217.0,6572.153749513803,71,4,2020-10-01
sarima_slide60,2021-03-01,7569.0,7224.394566494868,71,5,2020-10-01
sarima_slide60,2021-04-01,6917.0,6701.495653915162,71,6,2020-10-01
sarima_slide60,2020-12-01,6781.0,7070.78320710528,72,1,2020-11-01
sarima_slide60,2021-01-01,6917.0,7049.151330069605,72,2,2020-11-01
sarima_slide60,2021-02-01,6217.0,6480.97566107723,72,3,2020-11-01
sarima_slide60,2021-03-01,7569.0,7104.305507226824,72,4,2020-11-01
sarima_slide60,2021-04-01,6917.0,6450.887231560728,72,5,2020-11-01
sarima_slide60,2021-05-01,8253.0,7324.148333109152,72,6,2020-11-01
sarima_slide60,2021-01-01,6917.0,6885.127516919369,73,1,2020-12-01
sarima_slide60,2021-02-01,6217.0,6373.60538279984,73,2,2020-12-01
sarima_slide60,2021-03-01,7569.0,7043.141672700666,73,3,2020-12-01
sarima_slide60,2021-04-01,6917.0,6457.376886523872,73,4,2020-12-01
sarima_slide60,2021-05-01,8253.0,7330.8081434741725,73,5,2020-12-01
sarima_slide60,2021-06-01,8153.0,7587.5949024870115,73,6,2020-12-01
sarima_slide60,2021-02-01,6217.0,6417.276749028166,74,1,2021-01-01
sarima_slide60,2021-03-01,7569.0,7062.9060065259055,74,2,2021-01-01
sarima_slide60,2021-04-01,6917.0,6407.51483106987,74,3,2021-01-01
sarima_slide60,2021-05-01,8253.0,7295.13636187362,74,4,2021-01-01
sarima_slide60,2021-06-01,8153.0,7514.813020447436,74,5,2021-01-01
sarima_slide60,2021-07-01,9251.0,7948.999426483625,74,6,2021-01-01
sarima_slide60,2021-03-01,7569.0,6958.5553813045935,75,1,2021-02-01
sarima_slide60,2021-04-01,6917.0,6417.613123090428,75,2,2021-02-01
sarima_slide60,2021-05-01,8253.0,7289.857618946567,75,3,2021-02-01
sarima_slide60,2021-06-01,8153.0,7567.717990328144,75,4,2021-02-01
sarima_slide60,2021-07-01,9251.0,7986.120364916678,75,5,2021-02-01
sarima_slide60,2021-08-01,8830.0,7851.355414717231,75,6,2021-02-01
sarima_slide60,2021-04-01,6917.0,6601.46771111763,76,1,2021-03-01
sarima_slide60,2021-05-01,8253.0,7404.806136538013,76,2,2021-03-01
sarima_slide60,2021-06-01,8153.0,7502.786483855128,76,3,2021-03-01
sarima_slide60,2021-07-01,9251.0,7922.146531469479,76,4,2021-03-01
sarima_slide60,2021-08-01,8830.0,7863.16412468532,76,5,2021-03-01
sarima_slide60,2021-09-01,7512.0,7188.087550467917,76,6,2021-03-01
sarima_slide60,2021-05-01,8253.0,7665.993472873994,77,1,2021-04-01
sarima_slide60,2021-06-01,8153.0,7886.8158505699375,77,2,2021-04-01
sarima_slide60,2021-07-01,9251.0,8219.978150176332,77,3,2021-04-01
sarima_slide60,2021-08-01,8830.0,8008.694406349949,77,4,2021-04-01
sarima_slide60,2021-09-01,7512.0,7314.520240040969,77,5,2021-04-01
sarima_slide60,2021-10-01,7656.0,7310.154203050698,77,6,2021-04-01
sarima_slide60,2021-06-01,8153.0,8162.440270499464,78,1,2021-05-01
sarima_slide60,2021-07-01,9251.0,8376.811617687383,78,2,2021-05-01
sarima_slide60,2021-08-01,8830.0,8140.954619795827,78,3,2021-05-01
sarima_slide60,2021-09-01,7512.0,7396.451999258429,78,4,2021-05-01
sarima_slide60,2021-10-01,7656.0,7401.828654655144,78,5,2021-05-01
sarima_slide60,2021-11-01,7603.0,6935.195806509137,78,6,2021-05-01
sarima_slide60,2021-07-01,9251.0,8838.791699443862,79,1,2021-06-01
sarima_slide60,2021-08-01,8830.0,8605.19820347706,79,2,2021-06-01
sarima_slide60,2021-09-01,7512.0,7941.903578069786,79,3,2021-06-01
sarima_slide60,2021-10-01,7656.0,7934.876945083202,79,4,2021-06-01
sarima_slide60,2021-11-01,7603.0,7504.14706639551,79,5,2021-06-01
sarima_slide60,2021-12-01,8237.0,7611.186507960441,79,6,2021-06-01
sarima_slide60,2021-08-01,8830.0,9001.878219898,80,1,2021-07-01
sarima_slide60,2021-09-01,7512.0,8419.910431806067,80,2,2021-07-01
sarima_slide60,2021-10-01,7656.0,8353.898617469666,80,3,2021-07-01
sarima_slide60,2021-11-01,7603.0,7946.199701518816,80,4,2021-07-01
sarima_slide60,2021-12-01,8237.0,8057.886997826272,80,5,2021-07-01
sarima_slide60,2022-01-01,9582.0,8055.594172311164,80,6,2021-07-01
sarima_slide60,2021-09-01,7512.0,8331.520923037186,81,1,2021-08-01
sarima_slide60,2021-10-01,7656.0,8278.594620524153,81,2,2021-08-01
sarima_slide60,2021-11-01,7603.0,7862.552239412864,81,3,2021-08-01
sarima_slide60,2021-12-01,8237.0,7976.96751882379,81,4,2021-08-01
sarima_slide60,2022-01-01,9582.0,7974.442046157148,81,5,2021-08-01
sarima_slide60,2022-02-01,7227.0,7334.882675127626,81,6,2021-08-01
sarima_slide60,2021-10-01,7656.0,7548.92852405728,82,1,2021-09-01
sarima_slide60,2021-11-01,7603.0,7092.250588727625,82,2,2021-09-01
sarima_slide60,2021-12-01,8237.0,7183.629401592195,82,3,2021-09-01
sarima_slide60,2022-01-01,9582.0,7186.054979369971,82,4,2021-09-01
sarima_slide60,2022-02-01,7227.0,6542.1797971825,82,5,2021-09-01
sarima_slide60,2022-03-01,7504.0,7421.800244497553,82,6,2021-09-01
sarima_slide60,2021-11-01,7603.0,7244.586343127797,83,1,2021-10-01
sarima_slide60,2021-12-01,8237.0,7285.952991892701,83,2,2021-10-01
sarima_slide60,2022-01-01,9582.0,7297.164306932701,83,3,2021-10-01
sarima_slide60,2022-02-01,7227.0,6642.849845903633,83,4,2021-10-01
sarima_slide60,2022-03-01,7504.0,7560.606385220047,83,5,2021-10-01
sarima_slide60,2022-04-01,7589.0,6941.005076113172,83,6,2021-10-01
sarima_slide60,2021-12-01,8237.0,7697.928514569136,84,1,2021-11-01
sarima_slide60,2022-01-01,9582.0,7684.088857202308,84,2,2021-11-01
sarima_slide60,2022-02-01,7227.0,7036.667264054933,84,3,2021-11-01
sarima_slide60,2022-03-01,7504.0,7922.255556589475,84,4,2021-11-01
sarima_slide60,2022-04-01,7589.0,7373.297098761088,84,5,2021-11-01
sarima_slide60,2022-05-01,8846.0,8385.440266187736,84,6,2021-11-01
sarima_slide60,2022-01-01,9582.0,8181.598154497673,85,1,2021-12-01
sarima_slide60,2022-02-01,7227.0,7460.796349251549,85,2,2021-12-01
sarima_slide60,2022-03-01,7504.0,8300.173268210909,85,3,2021-12-01
sarima_slide60,2022-04-01,7589.0,7748.788121683121,85,4,2021-12-01
sarima_slide60,2022-05-01,8846.0,8739.877487640266,85,5,2021-12-01
sarima_slide60,2022-06-01,9057.0,8879.306855647714,85,6,2021-12-01
sarima_slide60,2022-02-01,7227.0,8887.914102139597,86,1,2022-01-01
sarima_slide60,2022-03-01,7504.0,9950.729250267652,86,2,2022-01-01
sarima_slide60,2022-04-01,7589.0,9216.55480610886,86,3,2022-01-01
sarima_slide60,2022-05-01,8846.0,10404.112406833823,86,4,2022-01-01
sarima_slide60,2022-06-01,9057.0,10361.87480289097,86,5,2022-01-01
sarima_slide60,2022-07-01,8699.0,11220.029580265482,86,6,2022-01-01
sarima_slide60,2022-03-01,7504.0,8347.379515014685,87,1,2022-02-01
sarima_slide60,2022-04-01,7589.0,7725.848640182245,87,2,2022-02-01
sarima_slide60,2022-05-01,8846.0,8852.998915020575,87,3,2022-02-01
sarima_slide60,2022-06-01,9057.0,8906.314799444328,87,4,2022-02-01
sarima_slide60,2022-07-01,8699.0,9688.141439361489,87,5,2022-02-01
sarima_slide60,2022-08-01,8834.0,9442.245897460183,87,6,2022-02-01
sarima_slide60,2022-04-01,7589.0,6888.369742019798,88,1,2022-03-01
sarima_slide60,2022-05-01,8846.0,8080.928862140672,88,2,2022-03-01
sarima_slide60,2022-06-01,9057.0,8114.876449290916,88,3,2022-03-01
sarima_slide60,2022-07-01,8699.0,8958.2485827727,88,4,2022-03-01
sarima_slide60,2022-08-01,8834.0,8715.609391350217,88,5,2022-03-01
sarima_slide60,2022-09-01,8228.0,7688.797040825816,88,6,2022-03-01
sarima_slide60,2022-05-01,8846.0,8689.168064622727,89,1,2022-04-01
sarima_slide60,2022-06-01,9057.0,8849.996001275653,89,2,2022-04-01
sarima_slide60,2022-07-01,8699.0,9476.86194375354,89,3,2022-04-01
sarima_slide60,2022-08-01,8834.0,9228.232492185452,89,4,2022-04-01
sarima_slide60,2022-09-01,8228.0,8364.250617644442,89,5,2022-04-01
sarima_slide60,2022-10-01,8388.0,8364.939425021681,89,6,2022-04-01
sarima_slide60,2022-06-01,9057.0,8863.025118883597,90,1,2022-05-01
sarima_slide60,2022-07-01,8699.0,9627.373251599623,90,2,2022-05-01
sarima_slide60,2022-08-01,8834.0,9360.931321443644,90,3,2022-05-01
sarima_slide60,2022-09-01,8228.0,8343.866765109302,90,4,2022-05-01
sarima_slide60,2022-10-01,8388.0,8445.711059407438,90,5,2022-05-01
sarima_slide60,2022-11-01,7588.0,8209.842253746363,90,6,2022-05-01
sarima_slide60,2022-07-01,8699.0,9762.33442869184,91,1,2022-06-01
sarima_slide60,2022-08-01,8834.0,9467.888522335305,91,2,2022-06-01
sarima_slide60,2022-09-01,8228.0,8549.468640659634,91,3,2022-06-01
sarima_slide60,2022-10-01,8388.0,8568.817563744273,91,4,2022-06-01
sarima_slide60,2022-11-01,7588.0,8288.531414907884,91,5,2022-06-01
sarima_slide60,2022-12-01,7850.0,8554.777297920893,91,6,2022-06-01
sarima_slide60,2022-08-01,8834.0,8836.074661514584,92,1,2022-07-01
sarima_slide60,2022-09-01,8228.0,7996.369235868073,92,2,2022-07-01
sarima_slide60,2022-10-01,8388.0,8135.193765686102,92,3,2022-07-01
sarima_slide60,2022-11-01,7588.0,7912.459194022863,92,4,2022-07-01
sarima_slide60,2022-12-01,7850.0,8244.369886380375,92,5,2022-07-01
sarima_slide60,2023-01-01,7563.0,8886.553950256113,92,6,2022-07-01
sarima_slide60,2022-09-01,8228.0,8094.892105092794,93,1,2022-08-01
sarima_slide60,2022-10-01,8388.0,8199.680076285933,93,2,2022-08-01
sarima_slide60,2022-11-01,7588.0,7957.833830789445,93,3,2022-08-01
sarima_slide60,2022-12-01,7850.0,8268.12644810685,93,4,2022-08-01
sarima_slide60,2023-01-01,7563.0,8856.943303829636,93,5,2022-08-01
sarima_slide60,2023-02-01,6551.0,7510.13903648982,93,6,2022-08-01
sarima_slide60,2022-10-01,8388.0,8414.706139876256,94,1,2022-09-01
sarima_slide60,2022-11-01,7588.0,8103.515317284515,94,2,2022-09-01
sarima_slide60,2022-12-01,7850.0,8316.111430774417,94,3,2022-09-01
sarima_slide60,2023-01-01,7563.0,8598.049688541052,94,4,2022-09-01
sarima_slide60,2023-02-01,6551.0,7578.602012808485,94,5,2022-09-01
sarima_slide60,2023-03-01,7507.0,8309.495107968094,94,6,2022-09-01
sarima_slide60,2022-11-01,7588.0,8193.196070720776,95,1,2022-10-01
sarima_slide60,2022-12-01,7850.0,8432.6402306288,95,2,2022-10-01
sarima_slide60,2023-01-01,7563.0,8902.046227013356,95,3,2022-10-01
sarima_slide60,2023-02-01,6551.0,7666.01064460317,95,4,2022-10-01
sarima_slide60,2023-03-01,7507.0,8358.721733804176,95,5,2022-10-01
sarima_slide60,2023-04-01,7745.0,7998.71525946579,95,6,2022-10-01
sarima_slide60,2022-12-01,7850.0,8167.710195244275,96,1,2022-11-01
sarima_slide60,2023-01-01,7563.0,8471.472973787118,96,2,2022-11-01
sarima_slide60,2023-02-01,6551.0,7490.526436987753,96,3,2022-11-01
sarima_slide60,2023-03-01,7507.0,8229.171442522156,96,4,2022-11-01
sarima_slide60,2023-04-01,7745.0,7850.204745946858,96,5,2022-11-01
sarima_slide60,2023-05-01,8600.0,8840.178398938355,96,6,2022-11-01
sarima_slide60,2023-01-01,7563.0,8435.049958459493,97,1,2022-12-01
sarima_slide60,2023-02-01,6551.0,7471.170043772469,97,2,2022-12-01
sarima_slide60,2023-03-01,7507.0,8220.402113567885,97,3,2022-12-01
sarima_slide60,2023-04-01,7745.0,7840.69081216211,97,4,2022-12-01
sarima_slide60,2023-05-01,8600.0,8828.246785380166,97,5,2022-12-01
sarima_slide60,2023-06-01,9151.0,9036.595668760649,97,6,2022-12-01
sarima_slide60,2023-02-01,6551.0,6798.866059772354,98,1,2023-01-01
sarima_slide60,2023-03-01,7507.0,7675.425154048318,98,2,2023-01-01
sarima_slide60,2023-04-01,7745.0,7421.420056634992,98,3,2023-01-01
sarima_slide60,2023-05-01,8600.0,8571.767743225952,98,4,2023-01-01
sarima_slide60,2023-06-01,9151.0,8780.310479061689,98,5,2023-01-01
sarima_slide60,2023-07-01,9183.0,9130.874052913045,98,6,2023-01-01
sarima_slide60,2023-03-01,7507.0,7633.516483392598,99,1,2023-02-01
sarima_slide60,2023-04-01,7745.0,7334.857428364106,99,2,2023-02-01
sarima_slide60,2023-05-01,8600.0,8354.640034664766,99,3,2023-02-01
sarima_slide60,2023-06-01,9151.0,8579.073616002042,99,4,2023-02-01
sarima_slide60,2023-07-01,9183.0,8962.735122905642,99,5,2023-02-01
sarima_slide60,2023-08-01,8297.0,8850.586686535835,99,6,2023-02-01
sarima_slide60,2023-04-01,7745.0,7377.724407589336,100,1,2023-03-01
sarima_slide60,2023-05-01,8600.0,8374.38963378008,100,2,2023-03-01
sarima_slide60,2023-06-01,9151.0,8589.313048312926,100,3,2023-03-01
sarima_slide60,2023-07-01,9183.0,8968.289854139506,100,4,2023-03-01
sarima_slide60,2023-08-01,8297.0,8854.174321509556,100,5,2023-03-01
sarima_slide60,2023-09-01,7823.0,8059.719698014002,100,6,2023-03-01
sarima_slide60,2023-05-01,8600.0,8906.648762897728,101,1,2023-04-01
sarima_slide60,2023-06-01,9151.0,9043.54199449826,101,2,2023-04-01
sarima_slide60,2023-07-01,9183.0,9374.557678404864,101,3,2023-04-01
sarima_slide60,2023-08-01,8297.0,9230.393588462575,101,4,2023-04-01
sarima_slide60,2023-09-01,7823.0,8414.766351307342,101,5,2023-04-01
sarima_slide60,2023-10-01,7507.0,8422.917018881328,101,6,2023-04-01
sarima_slide60,2023-06-01,9151.0,8930.77314565029,102,1,2023-05-01
sarima_slide60,2023-07-01,9183.0,9253.731146069777,102,2,2023-05-01
sarima_slide60,2023-08-01,8297.0,9141.974442615025,102,3,2023-05-01
sarima_slide60,2023-09-01,7823.0,8331.785439869458,102,4,2023-05-01
sarima_slide60,2023-10-01,7507.0,8382.443357590191,102,5,2023-05-01
sarima_slide60,2023-11-01,8107.0,7974.419849231057,102,6,2023-05-01
sarima_slide60,2023-07-01,9183.0,9603.73326966213,103,1,2023-06-01
sarima_slide60,2023-08-01,8297.0,9419.105692929988,103,2,2023-06-01
sarima_slide60,2023-09-01,7823.0,8554.913027969935,103,3,2023-06-01
sarima_slide60,2023-10-01,7507.0,8579.40101662954,103,4,2023-06-01
sarima_slide60,2023-11-01,8107.0,8137.649848308438,103,5,2023-06-01
sarima_slide60,2023-12-01,7504.0,8379.365602206079,103,6,2023-06-01
prophet_slide60,2015-01-01,7184.0,6475.526921658475,1,1,2014-12-01
prophet_slide60,2015-02-01,5958.0,6149.96906552468,1,2,2014-12-01
prophet_slide60,2015-03-01,6658.0,6534.807743739336,1,3,2014-12-01
prophet_slide60,2015-04-01,7069.0,6449.27591128713,1,4,2014-12-01
prophet_slide60,2015-05-01,8099.0,7208.730462542862,1,5,2014-12-01
prophet_slide60,2015-06-01,7868.0,7888.102746803634,1,6,2014-12-01
prophet_slide60,2015-02-01,5958.0,6201.559549401592,2,1,2015-01-01
prophet_slide60,2015-03-01,6658.0,6575.284425839292,2,2,2015-01-01
prophet_slide60,2015-04-01,7069.0,6501.408966749021,2,3,2015-01-01
prophet_slide60,2015-05-01,8099.0,7270.071573243007,2,4,2015-01-01
prophet_slide60,2015-06-01,7868.0,7955.509776294748,2,5,2015-01-01
prophet_slide60,2015-07-01,7986.0,7742.818104421715,2,6,2015-01-01
prophet_slide60,2015-03-01,6658.0,6551.68186288649,3,1,2015-02-01
prophet_slide60,2015-04-01,7069.0,6469.908838002165,3,2,2015-02-01
prophet_slide60,2015-05-01,8099.0,7231.180889615204,3,3,2015-02-01
prophet_slide60,2015-06-01,7868.0,7911.479007476004,3,4,2015-02-01
prophet_slide60,2015-07-01,7986.0,7694.099549018369,3,5,2015-02-01
prophet_slide60,2015-08-01,7251.0,7689.422070472281,3,6,2015-02-01
prophet_slide60,2015-04-01,7069.0,6475.86950937673,4,1,2015-03-01
prophet_slide60,2015-05-01,8099.0,7243.211464281397,4,2,2015-03-01
prophet_slide60,2015-06-01,7868.0,7928.287961887843,4,3,2015-03-01
prophet_slide60,2015-07-01,7986.0,7716.852464633727,4,4,2015-03-01
prophet_slide60,2015-08-01,7251.0,7714.107636790281,4,5,2015-03-01
prophet_slide60,2015-09-01,7163.0,7015.664626095199,4,6,2015-03-01
prophet_slide60,2015-05-01,8099.0,7265.404582355316,5,1,2015-04-01
prophet_slide60,2015-06-01,7868.0,7958.076651093536,5,2,2015-04-01
prophet_slide60,2015-07-01,7986.0,7757.692899896183,5,3,2015-04-01
prophet_slide60,2015-08-01,7251.0,7766.525263921784,5,4,2015-04-01
prophet_slide60,2015-09-01,7163.0,7077.781122662561,5,5,2015-04-01
prophet_slide60,2015-10-01,6690.0,7063.482758602586,5,6,2015-04-01
prophet_slide60,2015-06-01,7868.0,7975.23387020684,6,1,2015-05-01
prophet_slide60,2015-07-01,7986.0,7789.319607124425,6,2,2015-05-01
prophet_slide60,2015-08-01,7251.0,7815.74204787097,6,3,2015-05-01
prophet_slide60,2015-09-01,7163.0,7144.848984140992,6,4,2015-05-01
prophet_slide60,2015-10-01,6690.0,7144.361743850237,6,5,2015-05-01
prophet_slide60,2015-11-01,6392.0,6750.163670974933,6,6,2015-05-01
prophet_slide60,2015-07-01,7986.0,7788.42482650775,7,1,2015-06-01
prophet_slide60,2015-08-01,7251.0,7815.181138168271,7,2,2015-06-01
prophet_slide60,2015-09-01,7163.0,7143.616804788845,7,3,2015-06-01
prophet_slide60,2015-10-01,6690.0,7142.86527300502,7,4,2015-06-01
prophet_slide60,2015-11-01,6392.0,6748.17080464348,7,5,2015-06-01
prophet_slide60,2015-12-01,6753.0,6873.555999079075,7,6,2015-06-01
prophet_slide60,2015-08-01,7251.0,7795.158362256258,8,1,2015-07-01
prophet_slide60,2015-09-01,7163.0,7131.100661843288,8,2,2015-07-01
prophet_slide60,2015-10-01,6690.0,7136.402202013682,8,3,2015-07-01
prophet_slide60,2015-11-01,6392.0,6748.117201375881,8,4,2015-07-01
prophet_slide60,2015-12-01,6753.0,6879.656883246206,8,5,2015-07-01
prophet_slide60,2016-01-01,6753.0,6929.97836563283,8,6,2015-07-01
prophet_slide60,2015-09-01,7163.0,7116.674525038548,9,1,2015-08-01
prophet_slide60,2015-10-01,6690.0,7114.845225846075,9,2,2015-08-01
prophet_slide60,2015-11-01,6392.0,6715.285760694921,9,3,2015-08-01
prophet_slide60,2015-12-01,6753.0,6835.666067693821,9,4,2015-08-01
prophet_slide60,2016-01-01,6753.0,6873.474229235166,9,5,2015-08-01
prophet_slide60,2016-02-01,6385.0,6204.88181279575,9,6,2015-08-01
prophet_slide60,2015-10-01,6690.0,7125.811616245187,10,1,2015-09-01
prophet_slide60,2015-11-01,6392.0,6725.223660445247,10,2,2015-09-01
prophet_slide60,2015-12-01,6753.0,6842.932865237223,10,3,2015-09-01
prophet_slide60,2016-01-01,6753.0,6878.007018084077,10,4,2015-09-01
prophet_slide60,2016-02-01,6385.0,6206.748556761507,10,5,2015-09-01
prophet_slide60,2016-03-01,7164.0,6710.168648037925,10,6,2015-09-01
prophet_slide60,2015-11-01,6392.0,6704.222440454655,11,1,2015-10-01
prophet_slide60,2015-12-01,6753.0,6818.342354438517,11,2,2015-10-01
prophet_slide60,2016-01-01,6753.0,6847.620917994436,11,3,2015-10-01
prophet_slide60,2016-02-01,6385.0,6168.466137522849,11,4,2015-10-01
prophet_slide60,2016-03-01,7164.0,6680.262046423311,11,5,2015-10-01
prophet_slide60,2016-04-01,7192.0,6673.104545554577,11,6,2015-10-01
prophet_slide60,2015-12-01,6753.0,6837.183269352514,12,1,2015-11-01
prophet_slide60,2016-01-01,6753.0,6850.563157022738,12,2,2015-11-01
prophet_slide60,2016-02-01,6385.0,6150.273502926448,12,3,2015-11-01
prophet_slide60,2016-03-01,7164.0,6658.3533888397415,12,4,2015-11-01
prophet_slide60,2016-04-01,7192.0,6656.142449773204,12,5,2015-11-01
prophet_slide60,2016-05-01,7743.0,7716.2267008208,12,6,2015-11-01
prophet_slide60,2016-01-01,6753.0,6854.463249674173,13,1,2015-12-01
prophet_slide60,2016-02-01,6385.0,6150.563410579464,13,2,2015-12-01
prophet_slide60,2016-03-01,7164.0,6652.980642908526,13,3,2015-12-01
prophet_slide60,2016-04-01,7192.0,6653.161313747644,13,4,2015-12-01
prophet_slide60,2016-05-01,7743.0,7714.580992268706,13,5,2015-12-01
prophet_slide60,2016-06-01,8767.0,7587.5312018751265,13,6,2015-12-01
prophet_slide60,2016-02-01,6385.0,6176.415827956719,14,1,2016-01-01
prophet_slide60,2016-03-01,7164.0,6658.678136992343,14,2,2016-01-01
prophet_slide60,2016-04-01,7192.0,6661.77612808396,14,3,2016-01-01
prophet_slide60,2016-05-01,7743.0,7725.318653436019,14,4,2016-01-01
prophet_slide60,2016-06-01,8767.0,7599.516958523034,14,5,2016-01-01
prophet_slide60,2016-07-01,8479.0,8394.410646781613,14,6,2016-01-01
prophet_slide60,2016-03-01,7164.0,6686.441989431613,15,1,2016-02-01
prophet_slide60,2016-04-01,7192.0,6684.559699238525,15,2,2016-02-01
prophet_slide60,2016-05-01,7743.0,7742.526023244329,15,3,2016-02-01
prophet_slide60,2016-06-01,8767.0,7611.661482965129,15,4,2016-02-01
prophet_slide60,2016-07-01,8479.0,8402.188174576979,15,5,2016-02-01
prophet_slide60,2016-08-01,7890.0,7685.824394511639,15,6,2016-02-01
prophet_slide60,2016-04-01,7192.0,6657.640666741088,16,1,2016-03-01
prophet_slide60,2016-05-01,7743.0,7736.330549709724,16,2,2016-03-01
prophet_slide60,2016-06-01,8767.0,7631.598126890894,16,3,2016-03-01
prophet_slide60,2016-07-01,8479.0,8447.240667066919,16,4,2016-03-01
prophet_slide60,2016-08-01,7890.0,7748.216059023234,16,5,2016-03-01
prophet_slide60,2016-09-01,7317.0,7232.534135032601,16,6,2016-03-01
prophet_slide60,2016-05-01,7743.0,7730.410095614715,17,1,2016-04-01
prophet_slide60,2016-06-01,8767.0,7632.052515377936,17,2,2016-04-01
prophet_slide60,2016-07-01,8479.0,8456.06254028951,17,3,2016-04-01
prophet_slide60,2016-08-01,7890.0,7765.154333910992,17,4,2016-04-01
prophet_slide60,2016-09-01,7317.0,7255.48187977173,17,5,2016-04-01
prophet_slide60,2016-10-01,7426.0,7217.415332491338,17,6,2016-04-01
prophet_slide60,2016-06-01,8767.0,7656.57751378215,18,1,2016-05-01
prophet_slide60,2016-07-01,8479.0,8472.355756978413,18,2,2016-05-01
prophet_slide60,2016-08-01,7890.0,7769.99448051969,18,3,2016-05-01
prophet_slide60,2016-09-01,7317.0,7249.587825978174,18,4,2016-05-01
prophet_slide60,2016-10-01,7426.0,7203.100709871019,18,5,2016-05-01
prophet_slide60,2016-11-01,6700.0,6468.608341085279,18,6,2016-05-01
prophet_slide60,2016-07-01,8479.0,8515.651804566936,19,1,2016-06-01
prophet_slide60,2016-08-01,7890.0,7840.873647427501,19,2,2016-06-01
prophet_slide60,2016-09-01,7317.0,7352.613159226406,19,3,2016-06-01
prophet_slide60,2016-10-01,7426.0,7347.407842837428,19,4,2016-06-01
prophet_slide60,2016-11-01,6700.0,6652.415307059138,19,5,2016-06-01
prophet_slide60,2016-12-01,6994.0,7134.496911684004,19,6,2016-06-01
prophet_slide60,2016-08-01,7890.0,7789.427019729719,20,1,2016-07-01
prophet_slide60,2016-09-01,7317.0,7311.735317747528,20,2,2016-07-01
prophet_slide60,2016-10-01,7426.0,7320.880181664866,20,3,2016-07-01
prophet_slide60,2016-11-01,6700.0,6638.566046547299,20,4,2016-07-01
prophet_slide60,2016-12-01,6994.0,7126.213641870268,20,5,2016-07-01
prophet_slide60,2017-01-01,6788.0,7010.268991025989,20,6,2016-07-01
prophet_slide60,2016-09-01,7317.0,7328.973430814725,21,1,2016-08-01
prophet_slide60,2016-10-01,7426.0,7338.43512624668,21,2,2016-08-01
prophet_slide60,2016-11-01,6700.0,6658.381300345621,21,3,2016-08-01
prophet_slide60,2016-12-01,6994.0,7150.51416752475,21,4,2016-08-01
prophet_slide60,2017-01-01,6788.0,7040.23389525669,21,5,2016-08-01
prophet_slide60,2017-02-01,6271.0,6764.64942273907,21,6,2016-08-01
prophet_slide60,2016-10-01,7426.0,7332.43873026073,22,1,2016-09-01
prophet_slide60,2016-11-01,6700.0,6653.571592820674,22,2,2016-09-01
prophet_slide60,2016-12-01,6994.0,7145.970071277421,22,3,2016-09-01
prophet_slide60,2017-01-01,6788.0,7035.399987526615,22,4,2016-09-01
prophet_slide60,2017-02-01,6271.0,6758.291813080879,22,5,2016-09-01
prophet_slide60,2017-03-01,6794.0,7070.131207041281,22,6,2016-09-01
prophet_slide60,2016-11-01,6700.0,6650.178886313913,23,1,2016-10-01
prophet_slide60,2016-12-01,6994.0,7146.095948549328,23,2,2016-10-01
prophet_slide60,2017-01-01,6788.0,7041.060544435188,23,3,2016-10-01
prophet_slide60,2017-02-01,6271.0,6769.703426766878,23,4,2016-10-01
prophet_slide60,2017-03-01,6794.0,7081.794952421631,23,5,2016-10-01
prophet_slide60,2017-04-01,6884.0,7166.702555941579,23,6,2016-10-01
prophet_slide60,2016-12-01,6994.0,7143.013071285012,24,1,2016-11-01
prophet_slide60,2017-01-01,6788.0,7042.159542102679,24,2,2016-11-01
prophet_slide60,2017-02-01,6271.0,6774.780995524528,24,3,2016-11-01
prophet_slide60,2017-03-01,6794.0,7100.977695083987,24,4,2016-11-01
prophet_slide60,2017-04-01,6884.0,7186.556515142838,24,5,2016-11-01
prophet_slide60,2017-05-01,7651.0,8111.625718838519,24,6,2016-11-01
prophet_slide60,2017-01-01,6788.0,6993.70981159867,25,1,2016-12-01
prophet_slide60,2017-02-01,6271.0,6721.213741656965,25,2,2016-12-01
prophet_slide60,2017-03-01,6794.0,7060.997905484391,25,3,2016-12-01
prophet_slide60,2017-04-01,6884.0,7143.004548259871,25,4,2016-12-01
prophet_slide60,2017-05-01,7651.0,8064.519864485788,25,5,2016-12-01
prophet_slide60,2017-06-01,8009.0,8258.49049673784,25,6,2016-12-01
prophet_slide60,2017-02-01,6271.0,6749.0832654523365,26,1,2017-01-01
prophet_slide60,2017-03-01,6794.0,7049.203513789045,26,2,2017-01-01
prophet_slide60,2017-04-01,6884.0,7130.519755172437,26,3,2017-01-01
prophet_slide60,2017-05-01,7651.0,8051.696498248062,26,4,2017-01-01
prophet_slide60,2017-06-01,8009.0,8245.86406122009,26,5,2017-01-01
prophet_slide60,2017-07-01,8694.0,8536.81484458973,26,6,2017-01-01
prophet_slide60,2017-03-01,6794.0,7026.405822241765,27,1,2017-02-01
prophet_slide60,2017-04-01,6884.0,7104.953702390319,27,2,2017-02-01
prophet_slide60,2017-05-01,7651.0,8023.775004416508,27,3,2017-02-01
prophet_slide60,2017-06-01,8009.0,8215.891521894951,27,4,2017-02-01
prophet_slide60,2017-07-01,8694.0,8505.526947131042,27,5,2017-02-01
prophet_slide60,2017-08-01,8130.0,7978.906156757049,27,6,2017-02-01
prophet_slide60,2017-04-01,6884.0,7074.745567697116,28,1,2017-03-01
prophet_slide60,2017-05-01,7651.0,7993.129159365724,28,2,2017-03-01
prophet_slide60,2017-06-01,8009.0,8186.077008178703,28,3,2017-03-01
prophet_slide60,2017-07-01,8694.0,8475.905058585766,28,4,2017-03-01
prophet_slide60,2017-08-01,8130.0,7950.097309190132,28,5,2017-03-01
prophet_slide60,2017-09-01,7446.0,7461.685134604526,28,6,2017-03-01
prophet_slide60,2017-05-01,7651.0,7957.757632374596,29,1,2017-04-01
prophet_slide60,2017-06-01,8009.0,8152.003339957872,29,2,2017-04-01
prophet_slide60,2017-07-01,8694.0,8443.54909084144,29,3,2017-04-01
prophet_slide60,2017-08-01,8130.0,7918.345256868095,29,4,2017-04-01
prophet_slide60,2017-09-01,7446.0,7430.16676946357,29,5,2017-04-01
prophet_slide60,2017-10-01,7282.0,7390.1208375213955,29,6,2017-04-01
prophet_slide60,2017-06-01,8009.0,8153.644475465924,30,1,2017-05-01
prophet_slide60,2017-07-01,8694.0,8443.695059489908,30,2,2017-05-01
prophet_slide60,2017-08-01,8130.0,7917.731851087424,30,3,2017-05-01
prophet_slide60,2017-09-01,7446.0,7428.808946119801,30,4,2017-05-01
prophet_slide60,2017-10-01,7282.0,7387.798057244704,30,5,2017-05-01
prophet_slide60,2017-11-01,6830.0,6763.662223370374,30,6,2017-05-01
prophet_slide60,2017-07-01,8694.0,8414.917346427204,31,1,2017-06-01
prophet_slide60,2017-08-01,8130.0,7889.595020099602,31,2,2017-06-01
prophet_slide60,2017-09-01,7446.0,7401.23390317913,31,3,2017-06-01
prophet_slide60,2017-10-01,7282.0,7361.107241119782,31,4,2017-06-01
prophet_slide60,2017-11-01,6830.0,6737.008669257242,31,5,2017-06-01
prophet_slide60,2017-12-01,6946.0,7108.242290121172,31,6,2017-06-01
prophet_slide60,2017-08-01,8130.0,7929.809308626791,32,1,2017-07-01
prophet_slide60,2017-09-01,7446.0,7440.027143563426,32,2,2017-07-01
prophet_slide60,2017-10-01,7282.0,7398.933676797886,32,3,2017-07-01
prophet_slide60,2017-11-01,6830.0,6773.752865716524,32,4,2017-07-01
prophet_slide60,2017-12-01,6946.0,7144.989779674897,32,5,2017-07-01
prophet_slide60,2018-01-01,6886.0,7083.549975217521,32,6,2017-07-01
prophet_slide60,2017-09-01,7446.0,7425.380786672361,33,1,2017-08-01
prophet_slide60,2017-10-01,7282.0,7384.833764157823,33,2,2017-08-01
prophet_slide60,2017-11-01,6830.0,6760.816950176426,33,3,2017-08-01
prophet_slide60,2017-12-01,6946.0,7132.84132017492,33,4,2017-08-01
prophet_slide60,2018-01-01,6886.0,7072.711581909637,33,5,2017-08-01
prophet_slide60,2018-02-01,5960.0,6625.813491606397,33,6,2017-08-01
prophet_slide60,2017-10-01,7282.0,7403.612566702334,34,1,2017-09-01
prophet_slide60,2017-11-01,6830.0,6779.178783518145,34,2,2017-09-01
prophet_slide60,2017-12-01,6946.0,7150.523747163757,34,3,2017-09-01
prophet_slide60,2018-01-01,6886.0,7089.31283766711,34,4,2017-09-01
prophet_slide60,2018-02-01,5960.0,6642.904401883898,34,5,2017-09-01
prophet_slide60,2018-03-01,6930.0,6996.111222824876,34,6,2017-09-01
prophet_slide60,2017-11-01,6830.0,6773.719610480661,35,1,2017-10-01
prophet_slide60,2017-12-01,6946.0,7144.972699331511,35,2,2017-10-01
prophet_slide60,2018-01-01,6886.0,7083.621905767403,35,3,2017-10-01
prophet_slide60,2018-02-01,5960.0,6637.057747652447,35,4,2017-10-01
prophet_slide60,2018-03-01,6930.0,6990.155845218471,35,5,2017-10-01
prophet_slide60,2018-04-01,6769.0,7231.08770513168,35,6,2017-10-01
prophet_slide60,2017-12-01,6946.0,7145.790348902892,36,1,2017-11-01
prophet_slide60,2018-01-01,6886.0,7084.5146229405,36,2,2017-11-01
prophet_slide60,2018-02-01,5960.0,6638.00513338537,36,3,2017-11-01
prophet_slide60,2018-03-01,6930.0,6991.22864626541,36,4,2017-11-01
prophet_slide60,2018-04-01,6769.0,7231.937535038824,36,5,2017-11-01
prophet_slide60,2018-05-01,7511.0,8219.370965734854,36,6,2017-11-01
prophet_slide60,2018-01-01,6886.0,7084.37618947471,37,1,2017-12-01
prophet_slide60,2018-02-01,5960.0,6637.16135048646,37,2,2017-12-01
prophet_slide60,2018-03-01,6930.0,6986.440996053132,37,3,2017-12-01
prophet_slide60,2018-04-01,6769.0,7229.451462301114,37,4,2017-12-01
prophet_slide60,2018-05-01,7511.0,8218.272519003654,37,5,2017-12-01
prophet_slide60,2018-06-01,8057.0,8230.957516537736,37,6,2017-12-01
prophet_slide60,2018-02-01,5960.0,6619.030413522468,38,1,2018-01-01
prophet_slide60,2018-03-01,6930.0,6970.225470639718,38,2,2018-01-01
prophet_slide60,2018-04-01,6769.0,7211.961400860077,38,3,2018-01-01
prophet_slide60,2018-05-01,7511.0,8197.718637859742,38,4,2018-01-01
prophet_slide60,2018-06-01,8057.0,8212.345302969801,38,5,2018-01-01
prophet_slide60,2018-07-01,8175.0,8482.717284707864,38,6,2018-01-01
prophet_slide60,2018-03-01,6930.0,6873.705815807407,39,1,2018-02-01
prophet_slide60,2018-04-01,6769.0,7109.243302173292,39,2,2018-02-01
prophet_slide60,2018-05-01,7511.0,8092.738655555168,39,3,2018-02-01
prophet_slide60,2018-06-01,8057.0,8102.0395404392275,39,4,2018-02-01
prophet_slide60,2018-07-01,8175.0,8369.904122102034,39,5,2018-02-01
prophet_slide60,2018-08-01,8328.0,8000.823382626301,39,6,2018-02-01
prophet_slide60,2018-04-01,6769.0,7110.7738645931,40,1,2018-03-01
prophet_slide60,2018-05-01,7511.0,8095.193218400938,40,2,2018-03-01
prophet_slide60,2018-06-01,8057.0,8102.486977608711,40,3,2018-03-01
prophet_slide60,2018-07-01,8175.0,8370.541557024471,40,4,2018-03-01
prophet_slide60,2018-08-01,8328.0,8002.156107206206,40,5,2018-03-01
prophet_slide60,2018-09-01,7325.0,7491.213515926463,40,6,2018-03-01
prophet_slide60,2018-05-01,7511.0,8051.098676947523,41,1,2018-04-01
prophet_slide60,2018-06-01,8057.0,8055.147074725205,41,2,2018-04-01
prophet_slide60,2018-07-01,8175.0,8319.8719966473,41,3,2018-04-01
prophet_slide60,2018-08-01,8328.0,7948.287313142828,41,4,2018-04-01
prophet_slide60,2018-09-01,7325.0,7434.163372162928,41,5,2018-04-01
prophet_slide60,2018-10-01,7202.0,7270.690299062462,41,6,2018-04-01
prophet_slide60,2018-06-01,8057.0,7994.027774654528,42,1,2018-05-01
prophet_slide60,2018-07-01,8175.0,8255.908696342249,42,2,2018-05-01
prophet_slide60,2018-08-01,8328.0,7881.141712939378,42,3,2018-05-01
prophet_slide60,2018-09-01,7325.0,7363.967945794652,42,4,2018-05-01
prophet_slide60,2018-10-01,7202.0,7197.923577966237,42,5,2018-05-01
prophet_slide60,2018-11-01,7161.0,6649.2517067509625,42,6,2018-05-01
prophet_slide60,2018-07-01,8175.0,8241.447957978902,43,1,2018-06-01
prophet_slide60,2018-08-01,8328.0,7863.154148908797,43,2,2018-06-01
prophet_slide60,2018-09-01,7325.0,7341.777403517897,43,3,2018-06-01
prophet_slide60,2018-10-01,7202.0,7171.794982021711,43,4,2018-06-01
prophet_slide60,2018-11-01,7161.0,6621.136522268998,43,5,2018-06-01
prophet_slide60,2018-12-01,7409.0,6895.05121441852,43,6,2018-06-01
prophet_slide60,2018-08-01,8328.0,7867.958228637977,44,1,2018-07-01
prophet_slide60,2018-09-01,7325.0,7348.783511056542,44,2,2018-07-01
prophet_slide60,2018-10-01,7202.0,7180.743396440607,44,3,2018-07-01
prophet_slide60,2018-11-01,7161.0,6630.874279132069,44,4,2018-07-01
prophet_slide60,2018-12-01,7409.0,6904.361126012762,44,5,2018-07-01
prophet_slide60,2019-01-01,7117.0,6965.552221600422,44,6,2018-07-01
prophet_slide60,2018-09-01,7325.0,7402.27997056545,45,1,2018-08-01
prophet_slide60,2018-10-01,7202.0,7237.100602654978,45,2,2018-08-01
prophet_slide60,2018-11-01,7161.0,6691.76576175715,45,3,2018-08-01
prophet_slide60,2018-12-01,7409.0,6970.191196803116,45,4,2018-08-01
prophet_slide60,2019-01-01,7117.0,7036.033331038538,45,5,2018-08-01
prophet_slide60,2019-02-01,6307.0,6394.838595980028,45,6,2018-08-01
prophet_slide60,2018-10-01,7202.0,7233.205781233073,46,1,2018-09-01
prophet_slide60,2018-11-01,7161.0,6687.494077713522,46,2,2018-09-01
prophet_slide60,2018-12-01,7409.0,6965.163627577683,46,3,2018-09-01
prophet_slide60,2019-01-01,7117.0,7029.374604485848,46,4,2018-09-01
prophet_slide60,2019-02-01,6307.0,6385.659500879783,46,5,2018-09-01
prophet_slide60,2019-03-01,7067.0,6765.278527143294,46,6,2018-09-01
prophet_slide60,2018-11-01,7161.0,6680.266114122449,47,1,2018-10-01
prophet_slide60,2018-12-01,7409.0,6957.979479528853,47,2,2018-10-01
prophet_slide60,2019-01-01,7117.0,7022.449156782141,47,3,2018-10-01
prophet_slide60,2019-02-01,6307.0,6378.741932784516,47,4,2018-10-01
prophet_slide60,2019-03-01,7067.0,6758.074477899668,47,5,2018-10-01
prophet_slide60,2019-04-01,7108.0,6979.244428699256,47,6,2018-10-01
prophet_slide60,2018-12-01,7409.0,7007.695728478832,48,1,2018-11-01
prophet_slide60,2019-01-01,7117.0,7075.731670706256,48,2,2018-11-01
prophet_slide60,2019-02-01,6307.0,6436.375775524615,48,3,2018-11-01
prophet_slide60,2019-03-01,7067.0,6813.68291521758,48,4,2018-11-01
prophet_slide60,2019-04-01,7108.0,7043.818928617257,48,5,2018-11-01
prophet_slide60,2019-05-01,7776.0,8186.72283650325,48,6,2018-11-01
prophet_slide60,2019-01-01,7117.0,7119.126174928226,49,1,2018-12-01
prophet_slide60,2019-02-01,6307.0,6483.577410426458,49,2,2018-12-01
prophet_slide60,2019-03-01,7067.0,6854.326723462919,49,3,2018-12-01
prophet_slide60,2019-04-01,7108.0,7094.594482310545,49,4,2018-12-01
prophet_slide60,2019-05-01,7776.0,8244.932192702154,49,5,2018-12-01
prophet_slide60,2019-06-01,8274.0,8079.521908428447,49,6,2018-12-01
prophet_slide60,2019-02-01,6307.0,6479.529513504477,50,1,2019-01-01
prophet_slide60,2019-03-01,7067.0,6848.699306135572,50,2,2019-01-01
prophet_slide60,2019-04-01,7108.0,7088.646986198131,50,3,2019-01-01
prophet_slide60,2019-05-01,7776.0,8238.299831027627,50,4,2019-01-01
prophet_slide60,2019-06-01,8274.0,8073.660557809975,50,5,2019-01-01
prophet_slide60,2019-07-01,8919.0,8300.946459065204,50,6,2019-01-01
prophet_slide60,2019-03-01,7067.0,6834.807222366425,51,1,2019-02-01
prophet_slide60,2019-04-01,7108.0,7072.52871238069,51,2,2019-02-01
prophet_slide60,2019-05-01,7776.0,8221.607866915809,51,3,2019-02-01
prophet_slide60,2019-06-01,8274.0,8056.298444699167,51,4,2019-02-01
prophet_slide60,2019-07-01,8919.0,8285.417067281787,51,5,2019-02-01
prophet_slide60,2019-08-01,8180.0,8068.907945566575,51,6,2019-02-01
prophet_slide60,2019-04-01,7108.0,7066.863662043441,52,1,2019-03-01
prophet_slide60,2019-05-01,7776.0,8222.551055837106,52,2,2019-03-01
prophet_slide60,2019-06-01,8274.0,8066.697315951664,52,3,2019-03-01
prophet_slide60,2019-07-01,8919.0,8300.507449430646,52,4,2019-03-01
prophet_slide60,2019-08-01,8180.0,8086.553693335023,52,5,2019-03-01
prophet_slide60,2019-09-01,7664.0,7550.506532049395,52,6,2019-03-01
prophet_slide60,2019-05-01,7776.0,8222.964200029095,53,1,2019-04-01
prophet_slide60,2019-06-01,8274.0,8069.419399379385,53,2,2019-04-01
prophet_slide60,2019-07-01,8919.0,8308.049600031864,53,3,2019-04-01
prophet_slide60,2019-08-01,8180.0,8097.416290552117,53,4,2019-04-01
prophet_slide60,2019-09-01,7664.0,7564.553806945908,53,5,2019-04-01
prophet_slide60,2019-10-01,7254.0,7266.615664428067,53,6,2019-04-01
prophet_slide60,2019-06-01,8274.0,8052.082363161416,54,1,2019-05-01
prophet_slide60,2019-07-01,8919.0,8281.451264616388,54,2,2019-05-01
prophet_slide60,2019-08-01,8180.0,8060.445182523312,54,3,2019-05-01
prophet_slide60,2019-09-01,7664.0,7517.450301776314,54,4,2019-05-01
prophet_slide60,2019-10-01,7254.0,7212.221037846687,54,5,2019-05-01
prophet_slide60,2019-11-01,6785.0,6851.038280686156,54,6,2019-05-01
prophet_slide60,2019-07-01,8919.0,8276.662832858725,55,1,2019-06-01
prophet_slide60,2019-08-01,8180.0,8062.073778883514,55,2,2019-06-01
prophet_slide60,2019-09-01,7664.0,7525.981331398971,55,3,2019-06-01
prophet_slide60,2019-10-01,7254.0,7226.843435065661,55,4,2019-06-01
prophet_slide60,2019-11-01,6785.0,6870.709350638796,55,5,2019-06-01
prophet_slide60,2019-12-01,6987.0,7138.528089029395,55,6,2019-06-01
prophet_slide60,2019-08-01,8180.0,8060.470265710562,56,1,2019-07-01
prophet_slide60,2019-09-01,7664.0,7537.974492790314,56,2,2019-07-01
prophet_slide60,2019-10-01,7254.0,7254.793591704066,56,3,2019-07-01
prophet_slide60,2019-11-01,6785.0,6915.609724737458,56,4,2019-07-01
prophet_slide60,2019-12-01,6987.0,7198.770644372509,56,5,2019-07-01
prophet_slide60,2020-01-01,7194.0,7242.409496678424,56,6,2019-07-01
prophet_slide60,2019-09-01,7664.0,7539.207480838403,57,1,2019-08-01
prophet_slide60,2019-10-01,7254.0,7258.096492752633,57,2,2019-08-01
prophet_slide60,2019-11-01,6785.0,6921.641318297148,57,3,2019-08-01
prophet_slide60,2019-12-01,6987.0,7208.427335759921,57,4,2019-08-01
prophet_slide60,2020-01-01,7194.0,7255.854602997443,57,5,2019-08-01
prophet_slide60,2020-02-01,6848.0,6481.0490649598805,57,6,2019-08-01
prophet_slide60,2019-10-01,7254.0,7230.422174643651,58,1,2019-09-01
prophet_slide60,2019-11-01,6785.0,6900.380728753416,58,2,2019-09-01
prophet_slide60,2019-12-01,6987.0,7191.997074561611,58,3,2019-09-01
prophet_slide60,2020-01-01,7194.0,7244.051445755978,58,4,2019-09-01
prophet_slide60,2020-02-01,6848.0,6472.169509939711,58,5,2019-09-01
prophet_slide60,2020-03-01,7324.0,7326.248536594874,58,6,2019-09-01
prophet_slide60,2019-11-01,6785.0,6916.737731270437,59,1,2019-10-01
prophet_slide60,2019-12-01,6987.0,7207.230611602087,59,2,2019-10-01
prophet_slide60,2020-01-01,7194.0,7258.459554029117,59,3,2019-10-01
prophet_slide60,2020-02-01,6848.0,6487.0005114581,59,4,2019-10-01
prophet_slide60,2020-03-01,7324.0,7342.208298480809,59,5,2019-10-01
prophet_slide60,2020-04-01,5978.0,7270.72889497401,59,6,2019-10-01
prophet_slide60,2019-12-01,6987.0,7188.719840041715,60,1,2019-11-01
prophet_slide60,2020-01-01,7194.0,7238.858392232993,60,2,2019-11-01
prophet_slide60,2020-02-01,6848.0,6464.783678690578,60,3,2019-11-01
prophet_slide60,2020-03-01,7324.0,7316.61126095609,60,4,2019-11-01
prophet_slide60,2020-04-01,5978.0,7248.611961757748,60,5,2019-11-01
prophet_slide60,2020-05-01,7062.0,7787.901999257962,60,6,2019-11-01
prophet_slide60,2020-01-01,7194.0,7229.512510303685,61,1,2019-12-01
prophet_slide60,2020-02-01,6848.0,6452.747505035424,61,2,2019-12-01
prophet_slide60,2020-03-01,7324.0,7291.964475865612,61,3,2019-12-01
prophet_slide60,2020-04-01,5978.0,7230.475807909384,61,4,2019-12-01
prophet_slide60,2020-05-01,7062.0,7773.947020548362,61,5,2019-12-01
prophet_slide60,2020-06-01,6948.0,8608.115860027257,61,6,2019-12-01
prophet_slide60,2020-02-01,6848.0,6481.970948053207,62,1,2020-01-01
prophet_slide60,2020-03-01,7324.0,7307.258858872419,62,2,2020-01-01
prophet_slide60,2020-04-01,5978.0,7246.791805842986,62,3,2020-01-01
prophet_slide60,2020-05-01,7062.0,7790.78697367588,62,4,2020-01-01
prophet_slide60,2020-06-01,6948.0,8625.410674551995,62,5,2020-01-01
prophet_slide60,2020-07-01,7392.0,8603.90014782153,62,6,2020-01-01
prophet_slide60,2020-03-01,7324.0,7358.366782755001,63,1,2020-02-01
prophet_slide60,2020-04-01,5978.0,7289.273943595993,63,2,2020-02-01
prophet_slide60,2020-05-01,7062.0,7823.416267711472,63,3,2020-02-01
prophet_slide60,2020-06-01,6948.0,8647.078377139094,63,4,2020-02-01
prophet_slide60,2020-07-01,7392.0,8621.295267392283,63,5,2020-02-01
prophet_slide60,2020-08-01,7678.0,8180.235474443174,63,6,2020-02-01
prophet_slide60,2020-04-01,5978.0,7288.323135626959,64,1,2020-03-01
prophet_slide60,2020-05-01,7062.0,7822.007524916546,64,2,2020-03-01
prophet_slide60,2020-06-01,6948.0,8646.584803445472,64,3,2020-03-01
prophet_slide60,2020-07-01,7392.0,8620.416648738757,64,4,2020-03-01
prophet_slide60,2020-08-01,7678.0,8179.382435866115,64,5,2020-03-01
prophet_slide60,2020-09-01,7005.0,7439.771202346285,64,6,2020-03-01
prophet_slide60,2020-05-01,7062.0,7817.630900661038,65,1,2020-04-01
prophet_slide60,2020-06-01,6948.0,8626.877755286603,65,2,2020-04-01
prophet_slide60,2020-07-01,7392.0,8579.672790088804,65,3,2020-04-01
prophet_slide60,2020-08-01,7678.0,8115.856665173435,65,4,2020-04-01
prophet_slide60,2020-09-01,7005.0,7359.232480562427,65,5,2020-04-01
prophet_slide60,2020-10-01,7385.0,7476.605853790132,65,6,2020-04-01
prophet_slide60,2020-06-01,6948.0,8464.218916177344,66,1,2020-05-01
prophet_slide60,2020-07-01,7392.0,8433.007186407433,66,2,2020-05-01
prophet_slide60,2020-08-01,7678.0,7978.105366572798,66,3,2020-05-01
prophet_slide60,2020-09-01,7005.0,7227.949197330263,66,4,2020-05-01
prophet_slide60,2020-10-01,7385.0,7337.266328695826,66,5,2020-05-01
prophet_slide60,2020-11-01,6872.0,6783.147080637169,66,6,2020-05-01
prophet_slide60,2020-07-01,7392.0,8112.617204938447,67,1,2020-06-01
prophet_slide60,2020-08-01,7678.0,7624.733439034471,67,2,2020-06-01
prophet_slide60,2020-09-01,7005.0,6850.101055147337,67,3,2020-06-01
prophet_slide60,2020-10-01,7385.0,6928.104385622414,67,4,2020-06-01
prophet_slide60,2020-11-01,6872.0,6331.8767863518015,67,5,2020-06-01
prophet_slide60,2020-12-01,6781.0,6541.855268805293,67,6,2020-06-01
prophet_slide60,2020-08-01,7678.0,7464.746740991222,68,1,2020-07-01
prophet_slide60,2020-09-01,7005.0,6654.468553624616,68,2,2020-07-01
prophet_slide60,2020-10-01,7385.0,6696.935879829814,68,3,2020-07-01
prophet_slide60,2020-11-01,6872.0,6065.224888365021,68,4,2020-07-01
prophet_slide60,2020-12-01,6781.0,6244.291135011618,68,5,2020-07-01
prophet_slide60,2021-01-01,6917.0,5962.0910670105095,68,6,2020-07-01
prophet_slide60,2020-09-01,7005.0,6784.013655354925,69,1,2020-08-01
prophet_slide60,2020-10-01,7385.0,6824.480577627885,69,2,2020-08-01
prophet_slide60,2020-11-01,6872.0,6177.599579182632,69,3,2020-08-01
prophet_slide60,2020-12-01,6781.0,6349.391757338205,69,4,2020-08-01
prophet_slide60,2021-01-01,6917.0,6067.555037070238,69,5,2020-08-01
prophet_slide60,2021-02-01,6217.0,5251.288584479525,69,6,2020-08-01
prophet_slide60,2020-10-01,7385.0,6837.585727523123,70,1,2020-09-01
prophet_slide60,2020-11-01,6872.0,6191.017857311176,70,2,2020-09-01
prophet_slide60,2020-12-01,6781.0,6363.098187405578,70,3,2020-09-01
prophet_slide60,2021-01-01,6917.0,6088.59296682545,70,4,2020-09-01
prophet_slide60,2021-02-01,6217.0,5282.297350207613,70,5,2020-09-01
prophet_slide60,2021-03-01,7569.0,6308.415889072119,70,6,2020-09-01
prophet_slide60,2020-11-01,6872.0,6304.154577235132,71,1,2020-10-01
prophet_slide60,2020-12-01,6781.0,6483.45425739409,71,2,2020-10-01
prophet_slide60,2021-01-01,6917.0,6224.198959483549,71,3,2020-10-01
prophet_slide60,2021-02-01,6217.0,5441.258575048902,71,4,2020-10-01
prophet_slide60,2021-03-01,7569.0,6458.520534380841,71,5,2020-10-01
prophet_slide60,2021-04-01,6917.0,6111.743379394461,71,6,2020-10-01
prophet_slide60,2020-12-01,6781.0,6600.767528078438,72,1,2020-11-01
prophet_slide60,2021-01-01,6917.0,6348.443218282568,72,2,2020-11-01
prophet_slide60,2021-02-01,6217.0,5581.090195371629,72,3,2020-11-01
prophet_slide60,2021-03-01,7569.0,6596.396547012482,72,4,2020-11-01
prophet_slide60,2021-04-01,6917.0,6260.078149195432,72,5,2020-11-01
prophet_slide60,2021-05-01,8253.0,7011.862202844602,72,6,2020-11-01
prophet_slide60,2021-01-01,6917.0,6382.623036091258,73,1,2020-12-01
prophet_slide60,2021-02-01,6217.0,5620.46801084691,73,2,2020-12-01
prophet_slide60,2021-03-01,7569.0,6611.297830717366,73,3,2020-12-01
prophet_slide60,2021-04-01,6917.0,6276.310270078941,73,4,2020-12-01
prophet_slide60,2021-05-01,8253.0,7030.163809807854,73,5,2020-12-01
prophet_slide60,2021-06-01,8153.0,7465.534704189813,73,6,2020-12-01
prophet_slide60,2021-02-01,6217.0,5731.237720107846,74,1,2021-01-01
prophet_slide60,2021-03-01,7569.0,6702.134961355245,74,2,2021-01-01
prophet_slide60,2021-04-01,6917.0,6374.970577494465,74,3,2021-01-01
prophet_slide60,2021-05-01,8253.0,7136.573924073293,74,4,2021-01-01
prophet_slide60,2021-06-01,8153.0,7580.022198413656,74,5,2021-01-01
prophet_slide60,2021-07-01,9251.0,7859.4014663128655,74,6,2021-01-01
prophet_slide60,2021-03-01,7569.0,6770.218968571757,75,1,2021-02-01
prophet_slide60,2021-04-01,6917.0,6448.93196122368,75,2,2021-02-01
prophet_slide60,2021-05-01,8253.0,7215.494927888991,75,3,2021-02-01
prophet_slide60,2021-06-01,8153.0,7665.853082108218,75,4,2021-02-01
prophet_slide60,2021-07-01,9251.0,7951.536707816157,75,5,2021-02-01
prophet_slide60,2021-08-01,8830.0,7672.337290635223,75,6,2021-02-01
prophet_slide60,2021-04-01,6917.0,6557.067228743312,76,1,2021-03-01
prophet_slide60,2021-05-01,8253.0,7333.768838918292,76,2,2021-03-01
prophet_slide60,2021-06-01,8153.0,7792.483662529348,76,3,2021-03-01
prophet_slide60,2021-07-01,9251.0,8085.727929488915,76,4,2021-03-01
prophet_slide60,2021-08-01,8830.0,7813.39551026703,76,5,2021-03-01
prophet_slide60,2021-09-01,7512.0,7121.933547607543,76,6,2021-03-01
prophet_slide60,2021-05-01,8253.0,7398.239484804298,77,1,2021-04-01
prophet_slide60,2021-06-01,8153.0,7856.162644574157,77,2,2021-04-01
prophet_slide60,2021-07-01,9251.0,8148.633547936076,77,3,2021-04-01
prophet_slide60,2021-08-01,8830.0,7875.794098253849,77,4,2021-04-01
prophet_slide60,2021-09-01,7512.0,7184.23609833842,77,5,2021-04-01
prophet_slide60,2021-10-01,7656.0,7174.238593713816,77,6,2021-04-01
prophet_slide60,2021-06-01,8153.0,7919.636206224644,78,1,2021-05-01
prophet_slide60,2021-07-01,9251.0,8213.54229054784,78,2,2021-05-01
prophet_slide60,2021-08-01,8830.0,7942.262555507887,78,3,2021-05-01
prophet_slide60,2021-09-01,7512.0,7252.323276930249,78,4,2021-05-01
prophet_slide60,2021-10-01,7656.0,7243.919316892607,78,5,2021-05-01
prophet_slide60,2021-11-01,7603.0,6775.407385107094,78,6,2021-05-01
prophet_slide60,2021-07-01,9251.0,8290.023184604315,79,1,2021-06-01
prophet_slide60,2021-08-01,8830.0,8015.280234643755,79,2,2021-06-01
prophet_slide60,2021-09-01,7512.0,7322.407542648794,79,3,2021-06-01
prophet_slide60,2021-10-01,7656.0,7311.354403247048,79,4,2021-06-01
prophet_slide60,2021-11-01,7603.0,6841.059725482307,79,5,2021-06-01
prophet_slide60,2021-12-01,8237.0,6983.110401076841,79,6,2021-06-01
prophet_slide60,2021-08-01,8830.0,8421.690692586668,80,1,2021-07-01
prophet_slide60,2021-09-01,7512.0,7762.557081571789,80,2,2021-07-01
prophet_slide60,2021-10-01,7656.0,7784.457310516572,80,3,2021-07-01
prophet_slide60,2021-11-01,7603.0,7347.362766826357,80,4,2021-07-01
prophet_slide60,2021-12-01,8237.0,7519.938922591866,80,5,2021-07-01
prophet_slide60,2022-01-01,9582.0,7501.935311122028,80,6,2021-07-01
prophet_slide60,2021-09-01,7512.0,8088.005219468426,81,1,2021-08-01
prophet_slide60,2021-10-01,7656.0,8142.590715984337,81,2,2021-08-01
prophet_slide60,2021-11-01,7603.0,7740.043571366725,81,3,2021-08-01
prophet_slide60,2021-12-01,8237.0,7946.601358370608,81,4,2021-08-01
prophet_slide60,2022-01-01,9582.0,7963.184442408006,81,5,2021-08-01
prophet_slide60,2022-02-01,7227.0,7364.39043423509,81,6,2021-08-01
prophet_slide60,2021-10-01,7656.0,7924.952264440791,82,1,2021-09-01
prophet_slide60,2021-11-01,7603.0,7502.662211643377,82,2,2021-09-01
prophet_slide60,2021-12-01,8237.0,7689.723265246897,82,3,2021-09-01
prophet_slide60,2022-01-01,9582.0,7686.265074256356,82,4,2021-09-01
prophet_slide60,2022-02-01,7227.0,7067.7729625147,82,5,2021-09-01
prophet_slide60,2022-03-01,7504.0,7777.976899401239,82,6,2021-09-01
prophet_slide60,2021-11-01,7603.0,7407.811307958299,83,1,2021-10-01
prophet_slide60,2021-12-01,8237.0,7591.770801418987,83,2,2021-10-01
prophet_slide60,2022-01-01,9582.0,7585.682991635628,83,3,2021-10-01
prophet_slide60,2022-02-01,7227.0,6965.132785290586,83,4,2021-10-01
prophet_slide60,2022-03-01,7504.0,7673.456463821212,83,5,2021-10-01
prophet_slide60,2022-04-01,7589.0,7532.242259324861,83,6,2021-10-01
prophet_slide60,2021-12-01,8237.0,7623.588366925893,84,1,2021-11-01
prophet_slide60,2022-01-01,9582.0,7618.425301625863,84,2,2021-11-01
prophet_slide60,2022-02-01,7227.0,6998.364105813724,84,3,2021-11-01
prophet_slide60,2022-03-01,7504.0,7706.023958342606,84,4,2021-11-01
prophet_slide60,2022-04-01,7589.0,7566.677033729534,84,5,2021-11-01
prophet_slide60,2022-05-01,8846.0,8426.341934926497,84,6,2021-11-01
prophet_slide60,2022-01-01,9582.0,7742.065142697894,85,1,2021-12-01
prophet_slide60,2022-02-01,7227.0,7131.684423159858,85,2,2021-12-01
prophet_slide60,2022-03-01,7504.0,7850.118939240185,85,3,2021-12-01
prophet_slide60,2022-04-01,7589.0,7718.589939011661,85,4,2021-12-01
prophet_slide60,2022-05-01,8846.0,8578.199247818544,85,5,2021-12-01
prophet_slide60,2022-06-01,9057.0,9010.354001829828,85,6,2021-12-01
prophet_slide60,2022-02-01,7227.0,7301.541503517489,86,1,2022-01-01
prophet_slide60,2022-03-01,7504.0,8048.26586967,86,2,2022-01-01
prophet_slide60,2022-04-01,7589.0,7918.79454408083,86,3,2022-01-01
prophet_slide60,2022-05-01,8846.0,8780.536713837138,86,4,2022-01-01
prophet_slide60,2022-06-01,9057.0,9210.401488951878,86,5,2022-01-01
prophet_slide60,2022-07-01,8699.0,9855.38365909142,86,6,2022-01-01
prophet_slide60,2022-03-01,7504.0,8058.885985439969,87,1,2022-02-01
prophet_slide60,2022-04-01,7589.0,7929.003164234806,87,2,2022-02-01
prophet_slide60,2022-05-01,8846.0,8791.638649792463,87,3,2022-02-01
prophet_slide60,2022-06-01,9057.0,9223.715907692447,87,4,2022-02-01
prophet_slide60,2022-07-01,8699.0,9871.636738877503,87,5,2022-02-01
prophet_slide60,2022-08-01,8834.0,9584.454485289298,87,6,2022-02-01
prophet_slide60,2022-04-01,7589.0,7830.598022362424,88,1,2022-03-01
prophet_slide60,2022-05-01,8846.0,8686.497365306861,88,2,2022-03-01
prophet_slide60,2022-06-01,9057.0,9109.423386564242,88,3,2022-03-01
prophet_slide60,2022-07-01,8699.0,9747.850296177065,88,4,2022-03-01
prophet_slide60,2022-08-01,8834.0,9451.361444080116,88,5,2022-03-01
prophet_slide60,2022-09-01,8228.0,8737.51578851848,88,6,2022-03-01
prophet_slide60,2022-05-01,8846.0,8629.659573534176,89,1,2022-04-01
prophet_slide60,2022-06-01,9057.0,9046.80916844474,89,2,2022-04-01
prophet_slide60,2022-07-01,8699.0,9678.679626903337,89,3,2022-04-01
prophet_slide60,2022-08-01,8834.0,9375.036720988212,89,4,2022-04-01
prophet_slide60,2022-09-01,8228.0,8651.15205994609,89,5,2022-04-01
prophet_slide60,2022-10-01,8388.0,8557.677306055666,89,6,2022-04-01
prophet_slide60,2022-06-01,9057.0,9094.596567485278,90,1,2022-05-01
prophet_slide60,2022-07-01,8699.0,9732.109434496026,90,2,2022-05-01
prophet_slide60,2022-08-01,8834.0,9434.769633103042,90,3,2022-05-01
prophet_slide60,2022-09-01,8228.0,8720.266034173217,90,4,2022-05-01
prophet_slide60,2022-10-01,8388.0,8632.54237409019,90,5,2022-05-01
prophet_slide60,2022-11-01,7588.0,8433.458114341134,90,6,2022-05-01
prophet_slide60,2022-07-01,8699.0,9708.559390547236,91,1,2022-06-01
prophet_slide60,2022-08-01,8834.0,9405.11266764234,91,2,2022-06-01
prophet_slide60,2022-09-01,8228.0,8684.035202042325,91,3,2022-06-01
prophet_slide60,2022-10-01,8388.0,8592.5679963152,91,4,2022-06-01
prophet_slide60,2022-11-01,7588.0,8390.819528750857,91,5,2022-06-01
prophet_slide60,2022-12-01,7850.0,8720.476694124083,91,6,2022-06-01
prophet_slide60,2022-08-01,8834.0,9265.721428248911,92,1,2022-07-01
prophet_slide60,2022-09-01,8228.0,8537.662136162691,92,2,2022-07-01
prophet_slide60,2022-10-01,8388.0,8439.687152757388,92,3,2022-07-01
prophet_slide60,2022-11-01,7588.0,8229.123444887166,92,4,2022-07-01
prophet_slide60,2022-12-01,7850.0,8547.973774848382,92,5,2022-07-01
prophet_slide60,2023-01-01,7563.0,8794.529582025238,92,6,2022-07-01
prophet_slide60,2022-09-01,8228.0,8460.351627532777,93,1,2022-08-01
prophet_slide60,2022-10-01,8388.0,8357.702318956013,93,2,2022-08-01
prophet_slide60,2022-11-01,7588.0,8142.456329556072,93,3,2022-08-01
prophet_slide60,2022-12-01,7850.0,8457.287798238343,93,4,2022-08-01
prophet_slide60,2023-01-01,7563.0,8700.457152791536,93,5,2022-08-01
prophet_slide60,2023-02-01,6551.0,7832.379205467544,93,6,2022-08-01
prophet_slide60,2022-10-01,8388.0,8354.804003346771,94,1,2022-09-01
prophet_slide60,2022-11-01,7588.0,8139.318930122765,94,2,2022-09-01
prophet_slide60,2022-12-01,7850.0,8452.033752918223,94,3,2022-09-01
prophet_slide60,2023-01-01,7563.0,8690.818027985832,94,4,2022-09-01
prophet_slide60,2023-02-01,6551.0,7817.437219857697,94,5,2022-09-01
prophet_slide60,2023-03-01,7507.0,8043.488775778372,94,6,2022-09-01
prophet_slide60,2022-11-01,7588.0,8120.306760916974,95,1,2022-10-01
prophet_slide60,2022-12-01,7850.0,8433.57837661576,95,2,2022-10-01
prophet_slide60,2023-01-01,7563.0,8674.470925378695,95,3,2022-10-01
prophet_slide60,2023-02-01,6551.0,7803.430959172429,95,4,2022-10-01
prophet_slide60,2023-03-01,7507.0,8020.624764305157,95,5,2022-10-01
prophet_slide60,2023-04-01,7745.0,8269.591692359103,95,6,2022-10-01
prophet_slide60,2022-12-01,7850.0,8358.308761298056,96,1,2022-11-01
prophet_slide60,2023-01-01,7563.0,8595.996452151292,96,2,2022-11-01
prophet_slide60,2023-02-01,6551.0,7720.484784354488,96,3,2022-11-01
prophet_slide60,2023-03-01,7507.0,7935.8707383491665,96,4,2022-11-01
prophet_slide60,2023-04-01,7745.0,8175.061990984444,96,5,2022-11-01
prophet_slide60,2023-05-01,8600.0,8936.220286697691,96,6,2022-11-01
prophet_slide60,2023-01-01,7563.0,8564.586124215028,97,1,2022-12-01
prophet_slide60,2023-02-01,6551.0,7683.90409640308,97,2,2022-12-01
prophet_slide60,2023-03-01,7507.0,7913.801138145818,97,3,2022-12-01
prophet_slide60,2023-04-01,7745.0,8138.163721990222,97,4,2022-12-01
prophet_slide60,2023-05-01,8600.0,8892.580717121447,97,5,2022-12-01
prophet_slide60,2023-06-01,9151.0,9432.410571854454,97,6,2022-12-01
prophet_slide60,2023-02-01,6551.0,7571.751864048075,98,1,2023-01-01
prophet_slide60,2023-03-01,7507.0,7815.6514202724275,98,2,2023-01-01
prophet_slide60,2023-04-01,7745.0,8015.500547992456,98,3,2023-01-01
prophet_slide60,2023-05-01,8600.0,8749.46005732808,98,4,2023-01-01
prophet_slide60,2023-06-01,9151.0,9273.742905076091,98,5,2023-01-01
prophet_slide60,2023-07-01,9183.0,9564.293316285928,98,6,2023-01-01
prophet_slide60,2023-03-01,7507.0,7764.891570729158,99,1,2023-02-01
prophet_slide60,2023-04-01,7745.0,7933.367965622448,99,2,2023-02-01
prophet_slide60,2023-05-01,8600.0,8644.09083966079,99,3,2023-02-01
prophet_slide60,2023-06-01,9151.0,9150.411150135718,99,4,2023-02-01
prophet_slide60,2023-07-01,9183.0,9424.567688945675,99,5,2023-02-01
prophet_slide60,2023-08-01,8297.0,9127.715836169213,99,6,2023-02-01
prophet_slide60,2023-04-01,7745.0,7915.997470623227,100,1,2023-03-01
prophet_slide60,2023-05-01,8600.0,8622.550810685058,100,2,2023-03-01
prophet_slide60,2023-06-01,9151.0,9122.62757885372,100,3,2023-03-01
prophet_slide60,2023-07-01,9183.0,9396.5580263005,100,4,2023-03-01
prophet_slide60,2023-08-01,8297.0,9092.455908540258,100,5,2023-03-01
prophet_slide60,2023-09-01,7823.0,8536.56865382881,100,6,2023-03-01
prophet_slide60,2023-05-01,8600.0,8624.369539280207,101,1,2023-04-01
prophet_slide60,2023-06-01,9151.0,9122.441848862814,101,2,2023-04-01
prophet_slide60,2023-07-01,9183.0,9387.962052422716,101,3,2023-04-01
prophet_slide60,2023-08-01,8297.0,9083.922550236965,101,4,2023-04-01
prophet_slide60,2023-09-01,7823.0,8528.960131174606,101,5,2023-04-01
prophet_slide60,2023-10-01,7507.0,8384.57236174552,101,6,2023-04-01
prophet_slide60,2023-06-01,9151.0,9105.289356448116,102,1,2023-05-01
prophet_slide60,2023-07-01,9183.0,9378.52289637499,102,2,2023-05-01
prophet_slide60,2023-08-01,8297.0,9072.630688247931,102,3,2023-05-01
prophet_slide60,2023-09-01,7823.0,8515.872691271155,102,4,2023-05-01
prophet_slide60,2023-10-01,7507.0,8369.85353163967,102,5,2023-05-01
prophet_slide60,2023-11-01,8107.0,8113.541210135532,102,6,2023-05-01
prophet_slide60,2023-07-01,9183.0,9379.644266166177,103,1,2023-06-01
prophet_slide60,2023-08-01,8297.0,9073.910288681018,103,2,2023-06-01
prophet_slide60,2023-09-01,7823.0,8517.827596154448,103,3,2023-06-01
prophet_slide60,2023-10-01,7507.0,8372.405780699839,103,4,2023-06-01
prophet_slide60,2023-11-01,8107.0,8116.94986816389,103,5,2023-06-01
prophet_slide60,2023-12-01,7504.0,8538.077590992023,103,6,2023-06-01
timesfm_slide60,2015-01-01,7184.0,6496.42333984375,1,1,2014-12-01
timesfm_slide60,2015-02-01,5958.0,6256.396484375,1,2,2014-12-01
timesfm_slide60,2015-03-01,6658.0,6413.01708984375,1,3,2014-12-01
timesfm_slide60,2015-04-01,7069.0,6573.40576171875,1,4,2014-12-01
timesfm_slide60,2015-05-01,8099.0,7187.89013671875,1,5,2014-12-01
timesfm_slide60,2015-06-01,7868.0,7574.8544921875,1,6,2014-12-01
timesfm_slide60,2015-02-01,5958.0,6386.64794921875,2,1,2015-01-01
timesfm_slide60,2015-03-01,6658.0,6491.95947265625,2,2,2015-01-01
timesfm_slide60,2015-04-01,7069.0,6639.58447265625,2,3,2015-01-01
timesfm_slide60,2015-05-01,8099.0,7278.98486328125,2,4,2015-01-01
timesfm_slide60,2015-06-01,7868.0,7648.33056640625,2,5,2015-01-01
timesfm_slide60,2015-07-01,7986.0,7824.3955078125,2,6,2015-01-01
timesfm_slide60,2015-03-01,6658.0,6333.26318359375,3,1,2015-02-01
timesfm_slide60,2015-04-01,7069.0,6569.47705078125,3,2,2015-02-01
timesfm_slide60,2015-05-01,8099.0,7209.87109375,3,3,2015-02-01
timesfm_slide60,2015-06-01,7868.0,7578.6162109375,3,4,2015-02-01
timesfm_slide60,2015-07-01,7986.0,7736.06005859375,3,5,2015-02-01
timesfm_slide60,2015-08-01,7251.0,7427.93212890625,3,6,2015-02-01
timesfm_slide60,2015-04-01,7069.0,6590.80517578125,4,1,2015-03-01
timesfm_slide60,2015-05-01,8099.0,7222.69873046875,4,2,2015-03-01
timesfm_slide60,2015-06-01,7868.0,7600.41796875,4,3,2015-03-01
timesfm_slide60,2015-07-01,7986.0,7780.46728515625,4,4,2015-03-01
timesfm_slide60,2015-08-01,7251.0,7482.89013671875,4,5,2015-03-01
timesfm_slide60,2015-09-01,7163.0,7062.30810546875,4,6,2015-03-01
timesfm_slide60,2015-05-01,8099.0,7363.701171875,5,1,2015-04-01
timesfm_slide60,2015-06-01,7868.0,7651.2783203125,5,2,2015-04-01
timesfm_slide60,2015-07-01,7986.0,7851.95654296875,5,3,2015-04-01
timesfm_slide60,2015-08-01,7251.0,7541.4892578125,5,4,2015-04-01
timesfm_slide60,2015-09-01,7163.0,7138.7919921875,5,5,2015-04-01
timesfm_slide60,2015-10-01,6690.0,6950.6142578125,5,6,2015-04-01
timesfm_slide60,2015-06-01,7868.0,7903.810546875,6,1,2015-05-01
timesfm_slide60,2015-07-01,7986.0,8091.85986328125,6,2,2015-05-01
timesfm_slide60,2015-08-01,7251.0,7773.96044921875,6,3,2015-05-01
timesfm_slide60,2015-09-01,7163.0,7279.84423828125,6,4,2015-05-01
timesfm_slide60,2015-10-01,6690.0,7042.52099609375,6,5,2015-05-01
timesfm_slide60,2015-11-01,6392.0,6680.74169921875,6,6,2015-05-01
timesfm_slide60,2015-07-01,7986.0,8057.80029296875,7,1,2015-06-01
timesfm_slide60,2015-08-01,7251.0,7741.32568359375,7,2,2015-06-01
timesfm_slide60,2015-09-01,7163.0,7327.95947265625,7,3,2015-06-01
timesfm_slide60,2015-10-01,6690.0,7051.673828125,7,4,2015-06-01
timesfm_slide60,2015-11-01,6392.0,6737.6298828125,7,5,2015-06-01
timesfm_slide60,2015-12-01,6753.0,6806.3017578125,7,6,2015-06-01
timesfm_slide60,2015-08-01,7251.0,7718.34521484375,8,1,2015-07-01
timesfm_slide60,2015-09-01,7163.0,7227.06884765625,8,2,2015-07-01
timesfm_slide60,2015-10-01,6690.0,7001.59375,8,3,2015-07-01
timesfm_slide60,2015-11-01,6392.0,6611.61865234375,8,4,2015-07-01
timesfm_slide60,2015-12-01,6753.0,6725.4599609375,8,5,2015-07-01
timesfm_slide60,2016-01-01,6753.0,6751.185546875,8,6,2015-07-01
timesfm_slide60,2015-09-01,7163.0,7141.27294921875,9,1,2015-08-01
timesfm_slide60,2015-10-01,6690.0,6924.98095703125,9,2,2015-08-01
timesfm_slide60,2015-11-01,6392.0,6647.939453125,9,3,2015-08-01
timesfm_slide60,2015-12-01,6753.0,6750.32470703125,9,4,2015-08-01
timesfm_slide60,2016-01-01,6753.0,6737.35888671875,9,5,2015-08-01
timesfm_slide60,2016-02-01,6385.0,6488.3564453125,9,6,2015-08-01
timesfm_slide60,2015-10-01,6690.0,6947.3427734375,10,1,2015-09-01
timesfm_slide60,2015-11-01,6392.0,6618.20556640625,10,2,2015-09-01
timesfm_slide60,2015-12-01,6753.0,6805.4189453125,10,3,2015-09-01
timesfm_slide60,2016-01-01,6753.0,6731.0322265625,10,4,2015-09-01
timesfm_slide60,2016-02-01,6385.0,6496.5546875,10,5,2015-09-01
timesfm_slide60,2016-03-01,7164.0,6596.69677734375,10,6,2015-09-01
timesfm_slide60,2015-11-01,6392.0,6539.53466796875,11,1,2015-10-01
timesfm_slide60,2015-12-01,6753.0,6651.77880859375,11,2,2015-10-01
timesfm_slide60,2016-01-01,6753.0,6603.10205078125,11,3,2015-10-01
timesfm_slide60,2016-02-01,6385.0,6404.95068359375,11,4,2015-10-01
timesfm_slide60,2016-03-01,7164.0,6499.4365234375,11,5,2015-10-01
timesfm_slide60,2016-04-01,7192.0,6869.08837890625,11,6,2015-10-01
timesfm_slide60,2015-12-01,6753.0,6629.82470703125,12,1,2015-11-01
timesfm_slide60,2016-01-01,6753.0,6591.79248046875,12,2,2015-11-01
timesfm_slide60,2016-02-01,6385.0,6430.478515625,12,3,2015-11-01
timesfm_slide60,2016-03-01,7164.0,6538.74658203125,12,4,2015-11-01
timesfm_slide60,2016-04-01,7192.0,6859.9296875,12,5,2015-11-01
timesfm_slide60,2016-05-01,7743.0,7475.412109375,12,6,2015-11-01
timesfm_slide60,2016-01-01,6753.0,6628.98779296875,13,1,2015-12-01
timesfm_slide60,2016-02-01,6385.0,6382.09228515625,13,2,2015-12-01
timesfm_slide60,2016-03-01,7164.0,6520.6865234375,13,3,2015-12-01
timesfm_slide60,2016-04-01,7192.0,6881.4013671875,13,4,2015-12-01
timesfm_slide60,2016-05-01,7743.0,7499.7998046875,13,5,2015-12-01
timesfm_slide60,2016-06-01,8767.0,7785.16552734375,13,6,2015-12-01
timesfm_slide60,2016-02-01,6385.0,6453.8818359375,14,1,2016-01-01
timesfm_slide60,2016-03-01,7164.0,6592.16943359375,14,2,2016-01-01
timesfm_slide60,2016-04-01,7192.0,6949.31591796875,14,3,2016-01-01
timesfm_slide60,2016-05-01,7743.0,7638.5283203125,14,4,2016-01-01
timesfm_slide60,2016-06-01,8767.0,7850.85498046875,14,5,2016-01-01
timesfm_slide60,2016-07-01,8479.0,7988.42138671875,14,6,2016-01-01
timesfm_slide60,2016-03-01,7164.0,6517.85400390625,15,1,2016-02-01
timesfm_slide60,2016-04-01,7192.0,6873.55908203125,15,2,2016-02-01
timesfm_slide60,2016-05-01,7743.0,7557.8505859375,15,3,2016-02-01
timesfm_slide60,2016-06-01,8767.0,7850.580078125,15,4,2016-02-01
timesfm_slide60,2016-07-01,8479.0,7979.27001953125,15,5,2016-02-01
timesfm_slide60,2016-08-01,7890.0,7505.9462890625,15,6,2016-02-01
timesfm_slide60,2016-04-01,7192.0,7088.11865234375,16,1,2016-03-01
timesfm_slide60,2016-05-01,7743.0,7656.4580078125,16,2,2016-03-01
timesfm_slide60,2016-06-01,8767.0,7883.6279296875,16,3,2016-03-01
timesfm_slide60,2016-07-01,8479.0,8017.572265625,16,4,2016-03-01
timesfm_slide60,2016-08-01,7890.0,7577.08056640625,16,5,2016-03-01
timesfm_slide60,2016-09-01,7317.0,7225.08935546875,16,6,2016-03-01
timesfm_slide60,2016-05-01,7743.0,7656.86669921875,17,1,2016-04-01
timesfm_slide60,2016-06-01,8767.0,7952.78466796875,17,2,2016-04-01
timesfm_slide60,2016-07-01,8479.0,8042.43212890625,17,3,2016-04-01
timesfm_slide60,2016-08-01,7890.0,7620.34521484375,17,4,2016-04-01
timesfm_slide60,2016-09-01,7317.0,7237.8427734375,17,5,2016-04-01
timesfm_slide60,2016-10-01,7426.0,6929.0107421875,17,6,2016-04-01
timesfm_slide60,2016-06-01,8767.0,7968.291015625,18,1,2016-05-01
timesfm_slide60,2016-07-01,8479.0,8083.84033203125,18,2,2016-05-01
timesfm_slide60,2016-08-01,7890.0,7655.126953125,18,3,2016-05-01
timesfm_slide60,2016-09-01,7317.0,7219.25,18,4,2016-05-01
timesfm_slide60,2016-10-01,7426.0,6933.46826171875,18,5,2016-05-01
timesfm_slide60,2016-11-01,6700.0,6688.533203125,18,6,2016-05-01
timesfm_slide60,2016-07-01,8479.0,8356.880859375,19,1,2016-06-01
timesfm_slide60,2016-08-01,7890.0,7770.35791015625,19,2,2016-06-01
timesfm_slide60,2016-09-01,7317.0,7340.1533203125,19,3,2016-06-01
timesfm_slide60,2016-10-01,7426.0,7044.84228515625,19,4,2016-06-01
timesfm_slide60,2016-11-01,6700.0,6770.32177734375,19,5,2016-06-01
timesfm_slide60,2016-12-01,6994.0,6939.2392578125,19,6,2016-06-01
timesfm_slide60,2016-08-01,7890.0,7929.8505859375,20,1,2016-07-01
timesfm_slide60,2016-09-01,7317.0,7421.1708984375,20,2,2016-07-01
timesfm_slide60,2016-10-01,7426.0,7081.5517578125,20,3,2016-07-01
timesfm_slide60,2016-11-01,6700.0,6755.80322265625,20,4,2016-07-01
timesfm_slide60,2016-12-01,6994.0,7016.2705078125,20,5,2016-07-01
timesfm_slide60,2017-01-01,6788.0,6992.31103515625,20,6,2016-07-01
timesfm_slide60,2016-09-01,7317.0,7421.39111328125,21,1,2016-08-01
timesfm_slide60,2016-10-01,7426.0,7076.0126953125,21,2,2016-08-01
timesfm_slide60,2016-11-01,6700.0,6801.7412109375,21,3,2016-08-01
timesfm_slide60,2016-12-01,6994.0,6975.33056640625,21,4,2016-08-01
timesfm_slide60,2017-01-01,6788.0,6972.330078125,21,5,2016-08-01
timesfm_slide60,2017-02-01,6271.0,6751.3525390625,21,6,2016-08-01
timesfm_slide60,2016-10-01,7426.0,7039.91357421875,22,1,2016-09-01
timesfm_slide60,2016-11-01,6700.0,6768.56103515625,22,2,2016-09-01
timesfm_slide60,2016-12-01,6994.0,7036.24072265625,22,3,2016-09-01
timesfm_slide60,2017-01-01,6788.0,6992.0078125,22,4,2016-09-01
timesfm_slide60,2017-02-01,6271.0,6822.9765625,22,5,2016-09-01
timesfm_slide60,2017-03-01,6794.0,6930.5908203125,22,6,2016-09-01
timesfm_slide60,2016-11-01,6700.0,6873.7294921875,23,1,2016-10-01
timesfm_slide60,2016-12-01,6994.0,7075.51708984375,23,2,2016-10-01
timesfm_slide60,2017-01-01,6788.0,7108.24658203125,23,3,2016-10-01
timesfm_slide60,2017-02-01,6271.0,6927.33984375,23,4,2016-10-01
timesfm_slide60,2017-03-01,6794.0,7033.62841796875,23,5,2016-10-01
timesfm_slide60,2017-04-01,6884.0,7393.38134765625,23,6,2016-10-01
timesfm_slide60,2016-12-01,6994.0,6886.2470703125,24,1,2016-11-01
timesfm_slide60,2017-01-01,6788.0,6977.2333984375,24,2,2016-11-01
timesfm_slide60,2017-02-01,6271.0,6817.705078125,24,3,2016-11-01
timesfm_slide60,2017-03-01,6794.0,6994.435546875,24,4,2016-11-01
timesfm_slide60,2017-04-01,6884.0,7382.03515625,24,5,2016-11-01
timesfm_slide60,2017-05-01,7651.0,8015.21240234375,24,6,2016-11-01
timesfm_slide60,2017-01-01,6788.0,6949.67333984375,25,1,2016-12-01
timesfm_slide60,2017-02-01,6271.0,6744.23291015625,25,2,2016-12-01
timesfm_slide60,2017-03-01,6794.0,6965.6201171875,25,3,2016-12-01
timesfm_slide60,2017-04-01,6884.0,7298.955078125,25,4,2016-12-01
timesfm_slide60,2017-05-01,7651.0,8015.56201171875,25,5,2016-12-01
timesfm_slide60,2017-06-01,8009.0,8344.6015625,25,6,2016-12-01
timesfm_slide60,2017-02-01,6271.0,6713.5771484375,26,1,2017-01-01
timesfm_slide60,2017-03-01,6794.0,6963.34423828125,26,2,2017-01-01
timesfm_slide60,2017-04-01,6884.0,7334.365234375,26,3,2017-01-01
timesfm_slide60,2017-05-01,7651.0,8024.18408203125,26,4,2017-01-01
timesfm_slide60,2017-06-01,8009.0,8262.265625,26,5,2017-01-01
timesfm_slide60,2017-07-01,8694.0,8270.42578125,26,6,2017-01-01
timesfm_slide60,2017-03-01,6794.0,6661.802734375,27,1,2017-02-01
timesfm_slide60,2017-04-01,6884.0,7127.22216796875,27,2,2017-02-01
timesfm_slide60,2017-05-01,7651.0,7934.21875,27,3,2017-02-01
timesfm_slide60,2017-06-01,8009.0,8233.896484375,27,4,2017-02-01
timesfm_slide60,2017-07-01,8694.0,8299.298828125,27,5,2017-02-01
timesfm_slide60,2017-08-01,8130.0,7833.3583984375,27,6,2017-02-01
timesfm_slide60,2017-04-01,6884.0,7173.626953125,28,1,2017-03-01
timesfm_slide60,2017-05-01,7651.0,7875.72509765625,28,2,2017-03-01
timesfm_slide60,2017-06-01,8009.0,8163.0400390625,28,3,2017-03-01
timesfm_slide60,2017-07-01,8694.0,8211.57421875,28,4,2017-03-01
timesfm_slide60,2017-08-01,8130.0,7765.59326171875,28,5,2017-03-01
timesfm_slide60,2017-09-01,7446.0,7380.556640625,28,6,2017-03-01
timesfm_slide60,2017-05-01,7651.0,7742.49462890625,29,1,2017-04-01
timesfm_slide60,2017-06-01,8009.0,8084.6767578125,29,2,2017-04-01
timesfm_slide60,2017-07-01,8694.0,8149.27734375,29,3,2017-04-01
timesfm_slide60,2017-08-01,8130.0,7720.763671875,29,4,2017-04-01
timesfm_slide60,2017-09-01,7446.0,7308.47314453125,29,5,2017-04-01
timesfm_slide60,2017-10-01,7282.0,7038.58642578125,29,6,2017-04-01
timesfm_slide60,2017-06-01,8009.0,7962.65185546875,30,1,2017-05-01
timesfm_slide60,2017-07-01,8694.0,8055.072265625,30,2,2017-05-01
timesfm_slide60,2017-08-01,8130.0,7629.3515625,30,3,2017-05-01
timesfm_slide60,2017-09-01,7446.0,7224.4677734375,30,4,2017-05-01
timesfm_slide60,2017-10-01,7282.0,6995.4013671875,30,5,2017-05-01
timesfm_slide60,2017-11-01,6830.0,6683.99853515625,30,6,2017-05-01
timesfm_slide60,2017-07-01,8694.0,8127.0048828125,31,1,2017-06-01
timesfm_slide60,2017-08-01,8130.0,7720.26953125,31,2,2017-06-01
timesfm_slide60,2017-09-01,7446.0,7292.76025390625,31,3,2017-06-01
timesfm_slide60,2017-10-01,7282.0,7057.701171875,31,4,2017-06-01
timesfm_slide60,2017-11-01,6830.0,6762.94189453125,31,5,2017-06-01
timesfm_slide60,2017-12-01,6946.0,6973.15673828125,31,6,2017-06-01
timesfm_slide60,2017-08-01,8130.0,7954.1513671875,32,1,2017-07-01
timesfm_slide60,2017-09-01,7446.0,7374.5,32,2,2017-07-01
timesfm_slide60,2017-10-01,7282.0,7089.44677734375,32,3,2017-07-01
timesfm_slide60,2017-11-01,6830.0,6717.14990234375,32,4,2017-07-01
timesfm_slide60,2017-12-01,6946.0,6949.95361328125,32,5,2017-07-01
timesfm_slide60,2018-01-01,6886.0,6864.74365234375,32,6,2017-07-01
timesfm_slide60,2017-09-01,7446.0,7520.19970703125,33,1,2017-08-01
timesfm_slide60,2017-10-01,7282.0,7177.96240234375,33,2,2017-08-01
timesfm_slide60,2017-11-01,6830.0,6794.37744140625,33,3,2017-08-01
timesfm_slide60,2017-12-01,6946.0,7032.27783203125,33,4,2017-08-01
timesfm_slide60,2018-01-01,6886.0,6952.4697265625,33,5,2017-08-01
timesfm_slide60,2018-02-01,5960.0,6662.38330078125,33,6,2017-08-01
timesfm_slide60,2017-10-01,7282.0,7151.68896484375,34,1,2017-09-01
timesfm_slide60,2017-11-01,6830.0,6760.9619140625,34,2,2017-09-01
timesfm_slide60,2017-12-01,6946.0,7006.359375,34,3,2017-09-01
timesfm_slide60,2018-01-01,6886.0,6881.29052734375,34,4,2017-09-01
timesfm_slide60,2018-02-01,5960.0,6672.7021484375,34,5,2017-09-01
timesfm_slide60,2018-03-01,6930.0,6845.267578125,34,6,2017-09-01
timesfm_slide60,2017-11-01,6830.0,6843.93359375,35,1,2017-10-01
timesfm_slide60,2017-12-01,6946.0,6988.45556640625,35,2,2017-10-01
timesfm_slide60,2018-01-01,6886.0,6919.63818359375,35,3,2017-10-01
timesfm_slide60,2018-02-01,5960.0,6695.4853515625,35,4,2017-10-01
timesfm_slide60,2018-03-01,6930.0,6893.05615234375,35,5,2017-10-01
timesfm_slide60,2018-04-01,6769.0,7206.9365234375,35,6,2017-10-01
timesfm_slide60,2017-12-01,6946.0,6940.97412109375,36,1,2017-11-01
timesfm_slide60,2018-01-01,6886.0,6854.09033203125,36,2,2017-11-01
timesfm_slide60,2018-02-01,5960.0,6711.28271484375,36,3,2017-11-01
timesfm_slide60,2018-03-01,6930.0,6950.22412109375,36,4,2017-11-01
timesfm_slide60,2018-04-01,6769.0,7243.7666015625,36,5,2017-11-01
timesfm_slide60,2018-05-01,7511.0,7956.189453125,36,6,2017-11-01
timesfm_slide60,2018-01-01,6886.0,6877.68994140625,37,1,2017-12-01
timesfm_slide60,2018-02-01,5960.0,6650.03857421875,37,2,2017-12-01
timesfm_slide60,2018-03-01,6930.0,6898.4423828125,37,3,2017-12-01
timesfm_slide60,2018-04-01,6769.0,7197.87744140625,37,4,2017-12-01
timesfm_slide60,2018-05-01,7511.0,7879.076171875,37,5,2017-12-01
timesfm_slide60,2018-06-01,8057.0,8285.7119140625,37,6,2017-12-01
timesfm_slide60,2018-02-01,5960.0,6626.748046875,38,1,2018-01-01
timesfm_slide60,2018-03-01,6930.0,6900.76220703125,38,2,2018-01-01
timesfm_slide60,2018-04-01,6769.0,7166.8388671875,38,3,2018-01-01
timesfm_slide60,2018-05-01,7511.0,7905.1396484375,38,4,2018-01-01
timesfm_slide60,2018-06-01,8057.0,8228.21484375,38,5,2018-01-01
timesfm_slide60,2018-07-01,8175.0,8386.056640625,38,6,2018-01-01
timesfm_slide60,2018-03-01,6930.0,6592.8125,39,1,2018-02-01
timesfm_slide60,2018-04-01,6769.0,6945.2548828125,39,2,2018-02-01
timesfm_slide60,2018-05-01,7511.0,7735.681640625,39,3,2018-02-01
timesfm_slide60,2018-06-01,8057.0,8072.53857421875,39,4,2018-02-01
timesfm_slide60,2018-07-01,8175.0,8194.5234375,39,5,2018-02-01
timesfm_slide60,2018-08-01,8328.0,7836.78955078125,39,6,2018-02-01
timesfm_slide60,2018-04-01,6769.0,7113.0087890625,40,1,2018-03-01
timesfm_slide60,2018-05-01,7511.0,7835.3818359375,40,2,2018-03-01
timesfm_slide60,2018-06-01,8057.0,8176.525390625,40,3,2018-03-01
timesfm_slide60,2018-07-01,8175.0,8319.71875,40,4,2018-03-01
timesfm_slide60,2018-08-01,8328.0,7953.1015625,40,5,2018-03-01
timesfm_slide60,2018-09-01,7325.0,7479.681640625,40,6,2018-03-01
timesfm_slide60,2018-05-01,7511.0,7677.89208984375,41,1,2018-04-01
timesfm_slide60,2018-06-01,8057.0,8128.740234375,41,2,2018-04-01
timesfm_slide60,2018-07-01,8175.0,8275.056640625,41,3,2018-04-01
timesfm_slide60,2018-08-01,8328.0,7914.7900390625,41,4,2018-04-01
timesfm_slide60,2018-09-01,7325.0,7397.26171875,41,5,2018-04-01
timesfm_slide60,2018-10-01,7202.0,7101.62109375,41,6,2018-04-01
timesfm_slide60,2018-06-01,8057.0,8053.53125,42,1,2018-05-01
timesfm_slide60,2018-07-01,8175.0,8208.701171875,42,2,2018-05-01
timesfm_slide60,2018-08-01,8328.0,7883.28466796875,42,3,2018-05-01
timesfm_slide60,2018-09-01,7325.0,7356.8408203125,42,4,2018-05-01
timesfm_slide60,2018-10-01,7202.0,7053.7568359375,42,5,2018-05-01
timesfm_slide60,2018-11-01,7161.0,6727.78857421875,42,6,2018-05-01
timesfm_slide60,2018-07-01,8175.0,8175.833984375,43,1,2018-06-01
timesfm_slide60,2018-08-01,8328.0,7791.025390625,43,2,2018-06-01
timesfm_slide60,2018-09-01,7325.0,7337.65478515625,43,3,2018-06-01
timesfm_slide60,2018-10-01,7202.0,7021.72216796875,43,4,2018-06-01
timesfm_slide60,2018-11-01,7161.0,6734.556640625,43,5,2018-06-01
timesfm_slide60,2018-12-01,7409.0,6858.34326171875,43,6,2018-06-01
timesfm_slide60,2018-08-01,8328.0,7836.3955078125,44,1,2018-07-01
timesfm_slide60,2018-09-01,7325.0,7306.87255859375,44,2,2018-07-01
timesfm_slide60,2018-10-01,7202.0,7018.02001953125,44,3,2018-07-01
timesfm_slide60,2018-11-01,7161.0,6736.2421875,44,4,2018-07-01
timesfm_slide60,2018-12-01,7409.0,6846.90869140625,44,5,2018-07-01
timesfm_slide60,2019-01-01,7117.0,6768.71826171875,44,6,2018-07-01
timesfm_slide60,2018-09-01,7325.0,7593.11962890625,45,1,2018-08-01
timesfm_slide60,2018-10-01,7202.0,7199.19873046875,45,2,2018-08-01
timesfm_slide60,2018-11-01,7161.0,6861.96875,45,3,2018-08-01
timesfm_slide60,2018-12-01,7409.0,6977.00732421875,45,4,2018-08-01
timesfm_slide60,2019-01-01,7117.0,6927.60986328125,45,5,2018-08-01
timesfm_slide60,2019-02-01,6307.0,6547.7490234375,45,6,2018-08-01
timesfm_slide60,2018-10-01,7202.0,7195.75048828125,46,1,2018-09-01
timesfm_slide60,2018-11-01,7161.0,6810.576171875,46,2,2018-09-01
timesfm_slide60,2018-12-01,7409.0,6904.29833984375,46,3,2018-09-01
timesfm_slide60,2019-01-01,7117.0,6855.58544921875,46,4,2018-09-01
timesfm_slide60,2019-02-01,6307.0,6522.16064453125,46,5,2018-09-01
timesfm_slide60,2019-03-01,7067.0,6817.408203125,46,6,2018-09-01
timesfm_slide60,2018-11-01,7161.0,6838.2763671875,47,1,2018-10-01
timesfm_slide60,2018-12-01,7409.0,6882.95068359375,47,2,2018-10-01
timesfm_slide60,2019-01-01,7117.0,6831.79443359375,47,3,2018-10-01
timesfm_slide60,2019-02-01,6307.0,6500.08251953125,47,4,2018-10-01
timesfm_slide60,2019-03-01,7067.0,6803.2451171875,47,5,2018-10-01
timesfm_slide60,2019-04-01,7108.0,7106.197265625,47,6,2018-10-01
timesfm_slide60,2018-12-01,7409.0,7072.0849609375,48,1,2018-11-01
timesfm_slide60,2019-01-01,7117.0,6921.24951171875,48,2,2018-11-01
timesfm_slide60,2019-02-01,6307.0,6621.73974609375,48,3,2018-11-01
timesfm_slide60,2019-03-01,7067.0,6888.36767578125,48,4,2018-11-01
timesfm_slide60,2019-04-01,7108.0,7204.521484375,48,5,2018-11-01
timesfm_slide60,2019-05-01,7776.0,7830.37451171875,48,6,2018-11-01
timesfm_slide60,2019-01-01,7117.0,7118.93798828125,49,1,2018-12-01
timesfm_slide60,2019-02-01,6307.0,6669.984375,49,2,2018-12-01
timesfm_slide60,2019-03-01,7067.0,7026.69921875,49,3,2018-12-01
timesfm_slide60,2019-04-01,7108.0,7266.87060546875,49,4,2018-12-01
timesfm_slide60,2019-05-01,7776.0,7920.306640625,49,5,2018-12-01
timesfm_slide60,2019-06-01,8274.0,8338.271484375,49,6,2018-12-01
timesfm_slide60,2019-02-01,6307.0,6634.0849609375,50,1,2019-01-01
timesfm_slide60,2019-03-01,7067.0,6990.85693359375,50,2,2019-01-01
timesfm_slide60,2019-04-01,7108.0,7241.8671875,50,3,2019-01-01
timesfm_slide60,2019-05-01,7776.0,7914.80126953125,50,4,2019-01-01
timesfm_slide60,2019-06-01,8274.0,8331.181640625,50,5,2019-01-01
timesfm_slide60,2019-07-01,8919.0,8459.3701171875,50,6,2019-01-01
timesfm_slide60,2019-03-01,7067.0,6896.875,51,1,2019-02-01
timesfm_slide60,2019-04-01,7108.0,7231.951171875,51,2,2019-02-01
timesfm_slide60,2019-05-01,7776.0,7879.9287109375,51,3,2019-02-01
timesfm_slide60,2019-06-01,8274.0,8286.171875,51,4,2019-02-01
timesfm_slide60,2019-07-01,8919.0,8404.419921875,51,5,2019-02-01
timesfm_slide60,2019-08-01,8180.0,8112.85791015625,51,6,2019-02-01
timesfm_slide60,2019-04-01,7108.0,7207.373046875,52,1,2019-03-01
timesfm_slide60,2019-05-01,7776.0,7848.3076171875,52,2,2019-03-01
timesfm_slide60,2019-06-01,8274.0,8258.76171875,52,3,2019-03-01
timesfm_slide60,2019-07-01,8919.0,8421.58984375,52,4,2019-03-01
timesfm_slide60,2019-08-01,8180.0,8101.70654296875,52,5,2019-03-01
timesfm_slide60,2019-09-01,7664.0,7623.201171875,52,6,2019-03-01
timesfm_slide60,2019-05-01,7776.0,7781.22021484375,53,1,2019-04-01
timesfm_slide60,2019-06-01,8274.0,8260.869140625,53,2,2019-04-01
timesfm_slide60,2019-07-01,8919.0,8414.080078125,53,3,2019-04-01
timesfm_slide60,2019-08-01,8180.0,8097.9326171875,53,4,2019-04-01
timesfm_slide60,2019-09-01,7664.0,7588.98876953125,53,5,2019-04-01
timesfm_slide60,2019-10-01,7254.0,7338.63037109375,53,6,2019-04-01
timesfm_slide60,2019-06-01,8274.0,8242.7587890625,54,1,2019-05-01
timesfm_slide60,2019-07-01,8919.0,8418.884765625,54,2,2019-05-01
timesfm_slide60,2019-08-01,8180.0,8110.73974609375,54,3,2019-05-01
timesfm_slide60,2019-09-01,7664.0,7564.03564453125,54,4,2019-05-01
timesfm_slide60,2019-10-01,7254.0,7287.85302734375,54,5,2019-05-01
timesfm_slide60,2019-11-01,6785.0,7041.55322265625,54,6,2019-05-01
timesfm_slide60,2019-07-01,8919.0,8415.701171875,55,1,2019-06-01
timesfm_slide60,2019-08-01,8180.0,8139.15478515625,55,2,2019-06-01
timesfm_slide60,2019-09-01,7664.0,7590.47802734375,55,3,2019-06-01
timesfm_slide60,2019-10-01,7254.0,7309.6103515625,55,4,2019-06-01
timesfm_slide60,2019-11-01,6785.0,7115.19091796875,55,5,2019-06-01
timesfm_slide60,2019-12-01,6987.0,7253.677734375,55,6,2019-06-01
timesfm_slide60,2019-08-01,8180.0,8318.4189453125,56,1,2019-07-01
timesfm_slide60,2019-09-01,7664.0,7699.44287109375,56,2,2019-07-01
timesfm_slide60,2019-10-01,7254.0,7483.10791015625,56,3,2019-07-01
timesfm_slide60,2019-11-01,6785.0,7202.466796875,56,4,2019-07-01
timesfm_slide60,2019-12-01,6987.0,7306.0068359375,56,5,2019-07-01
timesfm_slide60,2020-01-01,7194.0,7129.52587890625,56,6,2019-07-01
timesfm_slide60,2019-09-01,7664.0,7659.20947265625,57,1,2019-08-01
timesfm_slide60,2019-10-01,7254.0,7451.02587890625,57,2,2019-08-01
timesfm_slide60,2019-11-01,6785.0,7201.5263671875,57,3,2019-08-01
timesfm_slide60,2019-12-01,6987.0,7281.99365234375,57,4,2019-08-01
timesfm_slide60,2020-01-01,7194.0,7175.931640625,57,5,2019-08-01
timesfm_slide60,2020-02-01,6848.0,6705.8525390625,57,6,2019-08-01
timesfm_slide60,2019-10-01,7254.0,7417.13037109375,58,1,2019-09-01
timesfm_slide60,2019-11-01,6785.0,7142.41943359375,58,2,2019-09-01
timesfm_slide60,2019-12-01,6987.0,7272.03564453125,58,3,2019-09-01
timesfm_slide60,2020-01-01,7194.0,7113.20361328125,58,4,2019-09-01
timesfm_slide60,2020-02-01,6848.0,6699.3642578125,58,5,2019-09-01
timesfm_slide60,2020-03-01,7324.0,7066.10302734375,58,6,2019-09-01
timesfm_slide60,2019-11-01,6785.0,7082.17578125,59,1,2019-10-01
timesfm_slide60,2019-12-01,6987.0,7224.32568359375,59,2,2019-10-01
timesfm_slide60,2020-01-01,7194.0,7105.18994140625,59,3,2019-10-01
timesfm_slide60,2020-02-01,6848.0,6698.17333984375,59,4,2019-10-01
timesfm_slide60,2020-03-01,7324.0,7075.05810546875,59,5,2019-10-01
timesfm_slide60,2020-04-01,5978.0,7356.33203125,59,6,2019-10-01
timesfm_slide60,2019-12-01,6987.0,7022.126953125,60,1,2019-11-01
timesfm_slide60,2020-01-01,7194.0,6945.10302734375,60,2,2019-11-01
timesfm_slide60,2020-02-01,6848.0,6569.44580078125,60,3,2019-11-01
timesfm_slide60,2020-03-01,7324.0,6981.26806640625,60,4,2019-11-01
timesfm_slide60,2020-04-01,5978.0,7320.05615234375,60,5,2019-11-01
timesfm_slide60,2020-05-01,7062.0,7866.0185546875,60,6,2019-11-01
timesfm_slide60,2020-01-01,7194.0,6881.8837890625,61,1,2019-12-01
timesfm_slide60,2020-02-01,6848.0,6490.94482421875,61,2,2019-12-01
timesfm_slide60,2020-03-01,7324.0,6909.818359375,61,3,2019-12-01
timesfm_slide60,2020-04-01,5978.0,7223.3974609375,61,4,2019-12-01
timesfm_slide60,2020-05-01,7062.0,7799.38330078125,61,5,2019-12-01
timesfm_slide60,2020-06-01,6948.0,8325.5703125,61,6,2019-12-01
timesfm_slide60,2020-02-01,6848.0,6593.529296875,62,1,2020-01-01
timesfm_slide60,2020-03-01,7324.0,7064.0751953125,62,2,2020-01-01
timesfm_slide60,2020-04-01,5978.0,7280.36572265625,62,3,2020-01-01
timesfm_slide60,2020-05-01,7062.0,7878.935546875,62,4,2020-01-01
timesfm_slide60,2020-06-01,6948.0,8380.4296875,62,5,2020-01-01
timesfm_slide60,2020-07-01,7392.0,8621.609375,62,6,2020-01-01
timesfm_slide60,2020-03-01,7324.0,7033.314453125,63,1,2020-02-01
timesfm_slide60,2020-04-01,5978.0,7328.69775390625,63,2,2020-02-01
timesfm_slide60,2020-05-01,7062.0,7906.9345703125,63,3,2020-02-01
timesfm_slide60,2020-06-01,6948.0,8435.3876953125,63,4,2020-02-01
timesfm_slide60,2020-07-01,7392.0,8645.0712890625,63,5,2020-02-01
timesfm_slide60,2020-08-01,7678.0,8218.923828125,63,6,2020-02-01
timesfm_slide60,2020-04-01,5978.0,7352.58984375,64,1,2020-03-01
timesfm_slide60,2020-05-01,7062.0,7895.38037109375,64,2,2020-03-01
timesfm_slide60,2020-06-01,6948.0,8404.7265625,64,3,2020-03-01
timesfm_slide60,2020-07-01,7392.0,8628.5576171875,64,4,2020-03-01
timesfm_slide60,2020-08-01,7678.0,8222.7568359375,64,5,2020-03-01
timesfm_slide60,2020-09-01,7005.0,7691.0576171875,64,6,2020-03-01
timesfm_slide60,2020-05-01,7062.0,7566.26416015625,65,1,2020-04-01
timesfm_slide60,2020-06-01,6948.0,8162.19287109375,65,2,2020-04-01
timesfm_slide60,2020-07-01,7392.0,8408.2158203125,65,3,2020-04-01
timesfm_slide60,2020-08-01,7678.0,8068.400390625,65,4,2020-04-01
timesfm_slide60,2020-09-01,7005.0,7513.4013671875,65,5,2020-04-01
timesfm_slide60,2020-10-01,7385.0,7214.65283203125,65,6,2020-04-01
timesfm_slide60,2020-06-01,6948.0,8030.75390625,66,1,2020-05-01
timesfm_slide60,2020-07-01,7392.0,8288.64453125,66,2,2020-05-01
timesfm_slide60,2020-08-01,7678.0,7958.072265625,66,3,2020-05-01
timesfm_slide60,2020-09-01,7005.0,7445.64306640625,66,4,2020-05-01
timesfm_slide60,2020-10-01,7385.0,7116.30029296875,66,5,2020-05-01
timesfm_slide60,2020-11-01,6872.0,6886.380859375,66,6,2020-05-01
timesfm_slide60,2020-07-01,7392.0,7807.0478515625,67,1,2020-06-01
timesfm_slide60,2020-08-01,7678.0,7561.07958984375,67,2,2020-06-01
timesfm_slide60,2020-09-01,7005.0,7088.02294921875,67,3,2020-06-01
timesfm_slide60,2020-10-01,7385.0,6798.73291015625,67,4,2020-06-01
timesfm_slide60,2020-11-01,6872.0,6587.7158203125,67,5,2020-06-01
timesfm_slide60,2020-12-01,6781.0,6721.53857421875,67,6,2020-06-01
timesfm_slide60,2020-08-01,7678.0,7356.39501953125,68,1,2020-07-01
timesfm_slide60,2020-09-01,7005.0,6927.001953125,68,2,2020-07-01
timesfm_slide60,2020-10-01,7385.0,6727.16015625,68,3,2020-07-01
timesfm_slide60,2020-11-01,6872.0,6514.5224609375,68,4,2020-07-01
timesfm_slide60,2020-12-01,6781.0,6572.24560546875,68,5,2020-07-01
timesfm_slide60,2021-01-01,6917.0,6530.38232421875,68,6,2020-07-01
timesfm_slide60,2020-09-01,7005.0,7068.9462890625,69,1,2020-08-01
timesfm_slide60,2020-10-01,7385.0,6820.84814453125,69,2,2020-08-01
timesfm_slide60,2020-11-01,6872.0,6653.12939453125,69,3,2020-08-01
timesfm_slide60,2020-12-01,6781.0,6717.0703125,69,4,2020-08-01
timesfm_slide60,2021-01-01,6917.0,6646.51806640625,69,5,2020-08-01
timesfm_slide60,2021-02-01,6217.0,6384.70361328125,69,6,2020-08-01
timesfm_slide60,2020-10-01,7385.0,6836.28173828125,70,1,2020-09-01
timesfm_slide60,2020-11-01,6872.0,6616.205078125,70,2,2020-09-01
timesfm_slide60,2020-12-01,6781.0,6739.9619140625,70,3,2020-09-01
timesfm_slide60,2021-01-01,6917.0,6692.6767578125,70,4,2020-09-01
timesfm_slide60,2021-02-01,6217.0,6386.68115234375,70,5,2020-09-01
timesfm_slide60,2021-03-01,7569.0,6655.9443359375,70,6,2020-09-01
timesfm_slide60,2020-11-01,6872.0,6820.7763671875,71,1,2020-10-01
timesfm_slide60,2020-12-01,6781.0,6870.0859375,71,2,2020-10-01
timesfm_slide60,2021-01-01,6917.0,6814.16455078125,71,3,2020-10-01
timesfm_slide60,2021-02-01,6217.0,6464.34326171875,71,4,2020-10-01
timesfm_slide60,2021-03-01,7569.0,6763.20166015625,71,5,2020-10-01
timesfm_slide60,2021-04-01,6917.0,6708.86376953125,71,6,2020-10-01
timesfm_slide60,2020-12-01,6781.0,6903.8515625,72,1,2020-11-01
timesfm_slide60,2021-01-01,6917.0,6758.720703125,72,2,2020-11-01
timesfm_slide60,2021-02-01,6217.0,6439.408203125,72,3,2020-11-01
timesfm_slide60,2021-03-01,7569.0,6744.75244140625,72,4,2020-11-01
timesfm_slide60,2021-04-01,6917.0,6703.49951171875,72,5,2020-11-01
timesfm_slide60,2021-05-01,8253.0,7198.416015625,72,6,2020-11-01
timesfm_slide60,2021-01-01,6917.0,6690.25048828125,73,1,2020-12-01
timesfm_slide60,2021-02-01,6217.0,6329.2431640625,73,2,2020-12-01
timesfm_slide60,2021-03-01,7569.0,6701.98583984375,73,3,2020-12-01
timesfm_slide60,2021-04-01,6917.0,6611.23876953125,73,4,2020-12-01
timesfm_slide60,2021-05-01,8253.0,7163.125,73,5,2020-12-01
timesfm_slide60,2021-06-01,8153.0,7527.14208984375,73,6,2020-12-01
timesfm_slide60,2021-02-01,6217.0,6399.43896484375,74,1,2021-01-01
timesfm_slide60,2021-03-01,7569.0,6764.8369140625,74,2,2021-01-01
timesfm_slide60,2021-04-01,6917.0,6705.439453125,74,3,2021-01-01
timesfm_slide60,2021-05-01,8253.0,7227.8037109375,74,4,2021-01-01
timesfm_slide60,2021-06-01,8153.0,7653.1220703125,74,5,2021-01-01
timesfm_slide60,2021-07-01,9251.0,7938.47314453125,74,6,2021-01-01
timesfm_slide60,2021-03-01,7569.0,6665.59375,75,1,2021-02-01
timesfm_slide60,2021-04-01,6917.0,6673.6484375,75,2,2021-02-01
timesfm_slide60,2021-05-01,8253.0,7163.8603515625,75,3,2021-02-01
timesfm_slide60,2021-06-01,8153.0,7549.67431640625,75,4,2021-02-01
timesfm_slide60,2021-07-01,9251.0,7856.40234375,75,5,2021-02-01
timesfm_slide60,2021-08-01,8830.0,7662.71044921875,75,6,2021-02-01
timesfm_slide60,2021-04-01,6917.0,6962.53173828125,76,1,2021-03-01
timesfm_slide60,2021-05-01,8253.0,7491.16455078125,76,2,2021-03-01
timesfm_slide60,2021-06-01,8153.0,7867.7724609375,76,3,2021-03-01
timesfm_slide60,2021-07-01,9251.0,8117.4404296875,76,4,2021-03-01
timesfm_slide60,2021-08-01,8830.0,7922.47509765625,76,5,2021-03-01
timesfm_slide60,2021-09-01,7512.0,7437.25341796875,76,6,2021-03-01
timesfm_slide60,2021-05-01,8253.0,7524.97509765625,77,1,2021-04-01
timesfm_slide60,2021-06-01,8153.0,7912.0703125,77,2,2021-04-01
timesfm_slide60,2021-07-01,9251.0,8189.97265625,77,3,2021-04-01
timesfm_slide60,2021-08-01,8830.0,8019.93310546875,77,4,2021-04-01
timesfm_slide60,2021-09-01,7512.0,7530.1650390625,77,5,2021-04-01
timesfm_slide60,2021-10-01,7656.0,7375.7509765625,77,6,2021-04-01
timesfm_slide60,2021-06-01,8153.0,8200.3037109375,78,1,2021-05-01
timesfm_slide60,2021-07-01,9251.0,8451.625,78,2,2021-05-01
timesfm_slide60,2021-08-01,8830.0,8207.6142578125,78,3,2021-05-01
timesfm_slide60,2021-09-01,7512.0,7650.9697265625,78,4,2021-05-01
timesfm_slide60,2021-10-01,7656.0,7485.07666015625,78,5,2021-05-01
timesfm_slide60,2021-11-01,7603.0,7178.94140625,78,6,2021-05-01
timesfm_slide60,2021-07-01,9251.0,8537.1015625,79,1,2021-06-01
timesfm_slide60,2021-08-01,8830.0,8277.939453125,79,2,2021-06-01
timesfm_slide60,2021-09-01,7512.0,7682.82421875,79,3,2021-06-01
timesfm_slide60,2021-10-01,7656.0,7644.0107421875,79,4,2021-06-01
timesfm_slide60,2021-11-01,7603.0,7335.6796875,79,5,2021-06-01
timesfm_slide60,2021-12-01,8237.0,7464.3408203125,79,6,2021-06-01
timesfm_slide60,2021-08-01,8830.0,8625.9443359375,80,1,2021-07-01
timesfm_slide60,2021-09-01,7512.0,7897.9716796875,80,2,2021-07-01
timesfm_slide60,2021-10-01,7656.0,7787.33642578125,80,3,2021-07-01
timesfm_slide60,2021-11-01,7603.0,7430.03515625,80,4,2021-07-01
timesfm_slide60,2021-12-01,8237.0,7499.75634765625,80,5,2021-07-01
timesfm_slide60,2022-01-01,9582.0,7447.54345703125,80,6,2021-07-01
timesfm_slide60,2021-09-01,7512.0,8099.3544921875,81,1,2021-08-01
timesfm_slide60,2021-10-01,7656.0,7980.669921875,81,2,2021-08-01
timesfm_slide60,2021-11-01,7603.0,7524.033203125,81,3,2021-08-01
timesfm_slide60,2021-12-01,8237.0,7657.04638671875,81,4,2021-08-01
timesfm_slide60,2022-01-01,9582.0,7652.25390625,81,5,2021-08-01
timesfm_slide60,2022-02-01,7227.0,7158.0107421875,81,6,2021-08-01
timesfm_slide60,2021-10-01,7656.0,7634.0517578125,82,1,2021-09-01
timesfm_slide60,2021-11-01,7603.0,7230.66845703125,82,2,2021-09-01
timesfm_slide60,2021-12-01,8237.0,7358.345703125,82,3,2021-09-01
timesfm_slide60,2022-01-01,9582.0,7359.279296875,82,4,2021-09-01
timesfm_slide60,2022-02-01,7227.0,6886.81982421875,82,5,2021-09-01
timesfm_slide60,2022-03-01,7504.0,7463.61376953125,82,6,2021-09-01
timesfm_slide60,2021-11-01,7603.0,7198.62548828125,83,1,2021-10-01
timesfm_slide60,2021-12-01,8237.0,7360.19873046875,83,2,2021-10-01
timesfm_slide60,2022-01-01,9582.0,7285.74365234375,83,3,2021-10-01
timesfm_slide60,2022-02-01,7227.0,6798.1767578125,83,4,2021-10-01
timesfm_slide60,2022-03-01,7504.0,7444.50390625,83,5,2021-10-01
timesfm_slide60,2022-04-01,7589.0,7226.34814453125,83,6,2021-10-01
timesfm_slide60,2021-12-01,8237.0,7570.4716796875,84,1,2021-11-01
timesfm_slide60,2022-01-01,9582.0,7547.18310546875,84,2,2021-11-01
timesfm_slide60,2022-02-01,7227.0,7000.82568359375,84,3,2021-11-01
timesfm_slide60,2022-03-01,7504.0,7641.59814453125,84,4,2021-11-01
timesfm_slide60,2022-04-01,7589.0,7417.373046875,84,5,2021-11-01
timesfm_slide60,2022-05-01,8846.0,8102.6650390625,84,6,2021-11-01
timesfm_slide60,2022-01-01,9582.0,7942.2607421875,85,1,2021-12-01
timesfm_slide60,2022-02-01,7227.0,7404.48046875,85,2,2021-12-01
timesfm_slide60,2022-03-01,7504.0,7965.06884765625,85,3,2021-12-01
timesfm_slide60,2022-04-01,7589.0,7665.603515625,85,4,2021-12-01
timesfm_slide60,2022-05-01,8846.0,8385.21875,85,5,2021-12-01
timesfm_slide60,2022-06-01,9057.0,8614.291015625,85,6,2021-12-01
timesfm_slide60,2022-02-01,7227.0,8148.64794921875,86,1,2022-01-01
timesfm_slide60,2022-03-01,7504.0,8642.4638671875,86,2,2022-01-01
timesfm_slide60,2022-04-01,7589.0,8135.64306640625,86,3,2022-01-01
timesfm_slide60,2022-05-01,8846.0,8806.046875,86,4,2022-01-01
timesfm_slide60,2022-06-01,9057.0,9076.2529296875,86,5,2022-01-01
timesfm_slide60,2022-07-01,8699.0,9383.345703125,86,6,2022-01-01
timesfm_slide60,2022-03-01,7504.0,7912.88818359375,87,1,2022-02-01
timesfm_slide60,2022-04-01,7589.0,7641.89453125,87,2,2022-02-01
timesfm_slide60,2022-05-01,8846.0,8331.265625,87,3,2022-02-01
timesfm_slide60,2022-06-01,9057.0,8729.876953125,87,4,2022-02-01
timesfm_slide60,2022-07-01,8699.0,9146.7587890625,87,5,2022-02-01
timesfm_slide60,2022-08-01,8834.0,8927.52734375,87,6,2022-02-01
timesfm_slide60,2022-04-01,7589.0,7335.658203125,88,1,2022-03-01
timesfm_slide60,2022-05-01,8846.0,8178.0166015625,88,2,2022-03-01
timesfm_slide60,2022-06-01,9057.0,8535.458984375,88,3,2022-03-01
timesfm_slide60,2022-07-01,8699.0,9037.17578125,88,4,2022-03-01
timesfm_slide60,2022-08-01,8834.0,8791.6796875,88,5,2022-03-01
timesfm_slide60,2022-09-01,8228.0,8099.11328125,88,6,2022-03-01
timesfm_slide60,2022-05-01,8846.0,8090.8828125,89,1,2022-04-01
timesfm_slide60,2022-06-01,9057.0,8475.1484375,89,2,2022-04-01
timesfm_slide60,2022-07-01,8699.0,8808.3623046875,89,3,2022-04-01
timesfm_slide60,2022-08-01,8834.0,8677.45703125,89,4,2022-04-01
timesfm_slide60,2022-09-01,8228.0,7986.00439453125,89,5,2022-04-01
timesfm_slide60,2022-10-01,8388.0,7774.58447265625,89,6,2022-04-01
timesfm_slide60,2022-06-01,9057.0,8781.9619140625,90,1,2022-05-01
timesfm_slide60,2022-07-01,8699.0,9182.9208984375,90,2,2022-05-01
timesfm_slide60,2022-08-01,8834.0,8822.060546875,90,3,2022-05-01
timesfm_slide60,2022-09-01,8228.0,8164.56494140625,90,4,2022-05-01
timesfm_slide60,2022-10-01,8388.0,8004.16650390625,90,5,2022-05-01
timesfm_slide60,2022-11-01,7588.0,7772.375,90,6,2022-05-01
timesfm_slide60,2022-07-01,8699.0,9178.849609375,91,1,2022-06-01
timesfm_slide60,2022-08-01,8834.0,8896.330078125,91,2,2022-06-01
timesfm_slide60,2022-09-01,8228.0,8213.859375,91,3,2022-06-01
timesfm_slide60,2022-10-01,8388.0,8074.46826171875,91,4,2022-06-01
timesfm_slide60,2022-11-01,7588.0,7970.42333984375,91,5,2022-06-01
timesfm_slide60,2022-12-01,7850.0,7995.49658203125,91,6,2022-06-01
timesfm_slide60,2022-08-01,8834.0,8584.4228515625,92,1,2022-07-01
timesfm_slide60,2022-09-01,8228.0,7959.9384765625,92,2,2022-07-01
timesfm_slide60,2022-10-01,8388.0,7762.7119140625,92,3,2022-07-01
timesfm_slide60,2022-11-01,7588.0,7702.43603515625,92,4,2022-07-01
timesfm_slide60,2022-12-01,7850.0,7778.3466796875,92,5,2022-07-01
timesfm_slide60,2023-01-01,7563.0,7901.91455078125,92,6,2022-07-01
timesfm_slide60,2022-09-01,8228.0,8115.58203125,93,1,2022-08-01
timesfm_slide60,2022-10-01,8388.0,7893.72119140625,93,2,2022-08-01
timesfm_slide60,2022-11-01,7588.0,7770.49072265625,93,3,2022-08-01
timesfm_slide60,2022-12-01,7850.0,7934.2216796875,93,4,2022-08-01
timesfm_slide60,2023-01-01,7563.0,8067.29541015625,93,5,2022-08-01
timesfm_slide60,2023-02-01,6551.0,7347.419921875,93,6,2022-08-01
timesfm_slide60,2022-10-01,8388.0,8032.93505859375,94,1,2022-09-01
timesfm_slide60,2022-11-01,7588.0,7949.48388671875,94,2,2022-09-01
timesfm_slide60,2022-12-01,7850.0,8061.779296875,94,3,2022-09-01
timesfm_slide60,2023-01-01,7563.0,8136.8505859375,94,4,2022-09-01
timesfm_slide60,2023-02-01,6551.0,7483.51904296875,94,5,2022-09-01
timesfm_slide60,2023-03-01,7507.0,7746.89990234375,94,6,2022-09-01
timesfm_slide60,2022-11-01,7588.0,8036.076171875,95,1,2022-10-01
timesfm_slide60,2022-12-01,7850.0,8099.39111328125,95,2,2022-10-01
timesfm_slide60,2023-01-01,7563.0,8216.6943359375,95,3,2022-10-01
timesfm_slide60,2023-02-01,6551.0,7593.5771484375,95,4,2022-10-01
timesfm_slide60,2023-03-01,7507.0,7917.6826171875,95,5,2022-10-01
timesfm_slide60,2023-04-01,7745.0,7821.5615234375,95,6,2022-10-01
timesfm_slide60,2022-12-01,7850.0,7865.2666015625,96,1,2022-11-01
timesfm_slide60,2023-01-01,7563.0,8076.9853515625,96,2,2022-11-01
timesfm_slide60,2023-02-01,6551.0,7446.7216796875,96,3,2022-11-01
timesfm_slide60,2023-03-01,7507.0,7817.06884765625,96,4,2022-11-01
timesfm_slide60,2023-04-01,7745.0,7745.54296875,96,5,2022-11-01
timesfm_slide60,2023-05-01,8600.0,8259.306640625,96,6,2022-11-01
timesfm_slide60,2023-01-01,7563.0,8030.25732421875,97,1,2022-12-01
timesfm_slide60,2023-02-01,6551.0,7439.51953125,97,2,2022-12-01
timesfm_slide60,2023-03-01,7507.0,7777.4765625,97,3,2022-12-01
timesfm_slide60,2023-04-01,7745.0,7617.59326171875,97,4,2022-12-01
timesfm_slide60,2023-05-01,8600.0,8179.310546875,97,5,2022-12-01
timesfm_slide60,2023-06-01,9151.0,8381.0517578125,97,6,2022-12-01
timesfm_slide60,2023-02-01,6551.0,7207.48193359375,98,1,2023-01-01
timesfm_slide60,2023-03-01,7507.0,7564.22021484375,98,2,2023-01-01
timesfm_slide60,2023-04-01,7745.0,7517.4345703125,98,3,2023-01-01
timesfm_slide60,2023-05-01,8600.0,8105.27783203125,98,4,2023-01-01
timesfm_slide60,2023-06-01,9151.0,8305.953125,98,5,2023-01-01
timesfm_slide60,2023-07-01,9183.0,8548.8232421875,98,6,2023-01-01
timesfm_slide60,2023-03-01,7507.0,7255.18212890625,99,1,2023-02-01
timesfm_slide60,2023-04-01,7745.0,7246.8125,99,2,2023-02-01
timesfm_slide60,2023-05-01,8600.0,7933.26513671875,99,3,2023-02-01
timesfm_slide60,2023-06-01,9151.0,8252.662109375,99,4,2023-02-01
timesfm_slide60,2023-07-01,9183.0,8387.193359375,99,5,2023-02-01
timesfm_slide60,2023-08-01,8297.0,8128.962890625,99,6,2023-02-01
timesfm_slide60,2023-04-01,7745.0,7349.85546875,100,1,2023-03-01
timesfm_slide60,2023-05-01,8600.0,7963.45166015625,100,2,2023-03-01
timesfm_slide60,2023-06-01,9151.0,8239.1357421875,100,3,2023-03-01
timesfm_slide60,2023-07-01,9183.0,8516.92578125,100,4,2023-03-01
timesfm_slide60,2023-08-01,8297.0,8321.1474609375,100,5,2023-03-01
timesfm_slide60,2023-09-01,7823.0,7711.62353515625,100,6,2023-03-01
timesfm_slide60,2023-05-01,8600.0,8171.572265625,101,1,2023-04-01
timesfm_slide60,2023-06-01,9151.0,8399.18359375,101,2,2023-04-01
timesfm_slide60,2023-07-01,9183.0,8727.466796875,101,3,2023-04-01
timesfm_slide60,2023-08-01,8297.0,8509.203125,101,4,2023-04-01
timesfm_slide60,2023-09-01,7823.0,7929.31298828125,101,5,2023-04-01
timesfm_slide60,2023-10-01,7507.0,7723.41455078125,101,6,2023-04-01
timesfm_slide60,2023-06-01,9151.0,8656.662109375,102,1,2023-05-01
timesfm_slide60,2023-07-01,9183.0,8842.595703125,102,2,2023-05-01
timesfm_slide60,2023-08-01,8297.0,8685.8369140625,102,3,2023-05-01
timesfm_slide60,2023-09-01,7823.0,8048.34033203125,102,4,2023-05-01
timesfm_slide60,2023-10-01,7507.0,7835.6435546875,102,5,2023-05-01
timesfm_slide60,2023-11-01,8107.0,7593.9775390625,102,6,2023-05-01
timesfm_slide60,2023-07-01,9183.0,9083.3330078125,103,1,2023-06-01
timesfm_slide60,2023-08-01,8297.0,8756.595703125,103,2,2023-06-01
timesfm_slide60,2023-09-01,7823.0,8283.361328125,103,3,2023-06-01
timesfm_slide60,2023-10-01,7507.0,8110.185546875,103,4,2023-06-01
timesfm_slide60,2023-11-01,8107.0,7900.51708984375,103,5,2023-06-01
timesfm_slide60,2023-12-01,7504.0,7931.36572265625,103,6,2023-06-01
xgboost_slide60,2015-01-01,7184.0,6132.45556640625,1,1,2014-12-01
xgboost_slide60,2015-02-01,5958.0,6369.744140625,1,2,2014-12-01
xgboost_slide60,2015-03-01,6658.0,6208.55322265625,1,3,2014-12-01
xgboost_slide60,2015-04-01,7069.0,6056.65234375,1,4,2014-12-01
xgboost_slide60,2015-05-01,8099.0,7363.56982421875,1,5,2014-12-01
xgboost_slide60,2015-06-01,7868.0,7537.5830078125,1,6,2014-12-01
xgboost_slide60,2015-02-01,5958.0,6713.818359375,2,1,2015-01-01
xgboost_slide60,2015-03-01,6658.0,6388.447265625,2,2,2015-01-01
xgboost_slide60,2015-04-01,7069.0,6340.56201171875,2,3,2015-01-01
xgboost_slide60,2015-05-01,8099.0,7317.69873046875,2,4,2015-01-01
xgboost_slide60,2015-06-01,7868.0,7376.24951171875,2,5,2015-01-01
xgboost_slide60,2015-07-01,7986.0,7614.416015625,2,6,2015-01-01
xgboost_slide60,2015-03-01,6658.0,6591.91748046875,3,1,2015-02-01
xgboost_slide60,2015-04-01,7069.0,6514.34423828125,3,2,2015-02-01
xgboost_slide60,2015-05-01,8099.0,7130.89208984375,3,3,2015-02-01
xgboost_slide60,2015-06-01,7868.0,7410.1689453125,3,4,2015-02-01
xgboost_slide60,2015-07-01,7986.0,7867.0263671875,3,5,2015-02-01
xgboost_slide60,2015-08-01,7251.0,7597.5595703125,3,6,2015-02-01
xgboost_slide60,2015-04-01,7069.0,6406.4638671875,4,1,2015-03-01
xgboost_slide60,2015-05-01,8099.0,7204.16455078125,4,2,2015-03-01
xgboost_slide60,2015-06-01,7868.0,7357.95947265625,4,3,2015-03-01
xgboost_slide60,2015-07-01,7986.0,7829.572265625,4,4,2015-03-01
xgboost_slide60,2015-08-01,7251.0,7536.43994140625,4,5,2015-03-01
xgboost_slide60,2015-09-01,7163.0,7124.25390625,4,6,2015-03-01
xgboost_slide60,2015-05-01,8099.0,7212.30908203125,5,1,2015-04-01
xgboost_slide60,2015-06-01,7868.0,7540.89599609375,5,2,2015-04-01
xgboost_slide60,2015-07-01,7986.0,7595.23876953125,5,3,2015-04-01
xgboost_slide60,2015-08-01,7251.0,7421.17431640625,5,4,2015-04-01
xgboost_slide60,2015-09-01,7163.0,6929.005859375,5,5,2015-04-01
xgboost_slide60,2015-10-01,6690.0,7299.7138671875,5,6,2015-04-01
xgboost_slide60,2015-06-01,7868.0,7875.2734375,6,1,2015-05-01
xgboost_slide60,2015-07-01,7986.0,7307.94921875,6,2,2015-05-01
xgboost_slide60,2015-08-01,7251.0,7537.1630859375,6,3,2015-05-01
xgboost_slide60,2015-09-01,7163.0,6837.546875,6,4,2015-05-01
xgboost_slide60,2015-10-01,6690.0,7357.54638671875,6,5,2015-05-01
xgboost_slide60,2015-11-01,6392.0,6610.0107421875,6,6,2015-05-01
xgboost_slide60,2015-07-01,7986.0,7337.9033203125,7,1,2015-06-01
xgboost_slide60,2015-08-01,7251.0,7514.91064453125,7,2,2015-06-01
xgboost_slide60,2015-09-01,7163.0,6797.16748046875,7,3,2015-06-01
xgboost_slide60,2015-10-01,6690.0,7276.6201171875,7,4,2015-06-01
xgboost_slide60,2015-11-01,6392.0,6529.14111328125,7,5,2015-06-01
xgboost_slide60,2015-12-01,6753.0,6811.03125,7,6,2015-06-01
xgboost_slide60,2015-08-01,7251.0,7641.20361328125,8,1,2015-07-01
xgboost_slide60,2015-09-01,7163.0,6875.0107421875,8,2,2015-07-01
xgboost_slide60,2015-10-01,6690.0,7394.482421875,8,3,2015-07-01
xgboost_slide60,2015-11-01,6392.0,6439.46875,8,4,2015-07-01
xgboost_slide60,2015-12-01,6753.0,6819.84765625,8,5,2015-07-01
xgboost_slide60,2016-01-01,6753.0,7012.099609375,8,6,2015-07-01
xgboost_slide60,2015-09-01,7163.0,6843.99169921875,9,1,2015-08-01
xgboost_slide60,2015-10-01,6690.0,7216.2666015625,9,2,2015-08-01
xgboost_slide60,2015-11-01,6392.0,6509.69580078125,9,3,2015-08-01
xgboost_slide60,2015-12-01,6753.0,6948.880859375,9,4,2015-08-01
xgboost_slide60,2016-01-01,6753.0,7295.30615234375,9,5,2015-08-01
xgboost_slide60,2016-02-01,6385.0,6643.279296875,9,6,2015-08-01
xgboost_slide60,2015-10-01,6690.0,7301.0068359375,10,1,2015-09-01
xgboost_slide60,2015-11-01,6392.0,6516.4453125,10,2,2015-09-01
xgboost_slide60,2015-12-01,6753.0,6920.3046875,10,3,2015-09-01
xgboost_slide60,2016-01-01,6753.0,7226.6416015625,10,4,2015-09-01
xgboost_slide60,2016-02-01,6385.0,6613.2705078125,10,5,2015-09-01
xgboost_slide60,2016-03-01,7164.0,6889.107421875,10,6,2015-09-01
xgboost_slide60,2015-11-01,6392.0,6434.1220703125,11,1,2015-10-01
xgboost_slide60,2015-12-01,6753.0,6861.52880859375,11,2,2015-10-01
xgboost_slide60,2016-01-01,6753.0,6960.91015625,11,3,2015-10-01
xgboost_slide60,2016-02-01,6385.0,6488.93896484375,11,4,2015-10-01
xgboost_slide60,2016-03-01,7164.0,6818.95068359375,11,5,2015-10-01
xgboost_slide60,2016-04-01,7192.0,7245.4130859375,11,6,2015-10-01
xgboost_slide60,2015-12-01,6753.0,6928.35107421875,12,1,2015-11-01
xgboost_slide60,2016-01-01,6753.0,7121.37255859375,12,2,2015-11-01
xgboost_slide60,2016-02-01,6385.0,6585.43115234375,12,3,2015-11-01
xgboost_slide60,2016-03-01,7164.0,6768.263671875,12,4,2015-11-01
xgboost_slide60,2016-04-01,7192.0,7240.33642578125,12,5,2015-11-01
xgboost_slide60,2016-05-01,7743.0,7608.9189453125,12,6,2015-11-01
xgboost_slide60,2016-01-01,6753.0,6863.6826171875,13,1,2015-12-01
xgboost_slide60,2016-02-01,6385.0,6411.880859375,13,2,2015-12-01
xgboost_slide60,2016-03-01,7164.0,6541.54296875,13,3,2015-12-01
xgboost_slide60,2016-04-01,7192.0,7163.3017578125,13,4,2015-12-01
xgboost_slide60,2016-05-01,7743.0,7407.51806640625,13,5,2015-12-01
xgboost_slide60,2016-06-01,8767.0,7584.18017578125,13,6,2015-12-01
xgboost_slide60,2016-02-01,6385.0,6407.18603515625,14,1,2016-01-01
xgboost_slide60,2016-03-01,7164.0,6480.31787109375,14,2,2016-01-01
xgboost_slide60,2016-04-01,7192.0,7155.66455078125,14,3,2016-01-01
xgboost_slide60,2016-05-01,7743.0,7361.4287109375,14,4,2016-01-01
xgboost_slide60,2016-06-01,8767.0,7554.916015625,14,5,2016-01-01
xgboost_slide60,2016-07-01,8479.0,7719.244140625,14,6,2016-01-01
xgboost_slide60,2016-03-01,7164.0,6532.64306640625,15,1,2016-02-01
xgboost_slide60,2016-04-01,7192.0,7135.24169921875,15,2,2016-02-01
xgboost_slide60,2016-05-01,7743.0,7398.74658203125,15,3,2016-02-01
xgboost_slide60,2016-06-01,8767.0,7575.03466796875,15,4,2016-02-01
xgboost_slide60,2016-07-01,8479.0,7664.36376953125,15,5,2016-02-01
xgboost_slide60,2016-08-01,7890.0,7380.23828125,15,6,2016-02-01
xgboost_slide60,2016-04-01,7192.0,7261.0322265625,16,1,2016-03-01
xgboost_slide60,2016-05-01,7743.0,7587.4228515625,16,2,2016-03-01
xgboost_slide60,2016-06-01,8767.0,7560.55126953125,16,3,2016-03-01
xgboost_slide60,2016-07-01,8479.0,7709.63671875,16,4,2016-03-01
xgboost_slide60,2016-08-01,7890.0,7118.4501953125,16,5,2016-03-01
xgboost_slide60,2016-09-01,7317.0,6842.1767578125,16,6,2016-03-01
xgboost_slide60,2016-05-01,7743.0,7539.0126953125,17,1,2016-04-01
xgboost_slide60,2016-06-01,8767.0,7515.36328125,17,2,2016-04-01
xgboost_slide60,2016-07-01,8479.0,7542.0859375,17,3,2016-04-01
xgboost_slide60,2016-08-01,7890.0,7127.4189453125,17,4,2016-04-01
xgboost_slide60,2016-09-01,7317.0,6877.3701171875,17,5,2016-04-01
xgboost_slide60,2016-10-01,7426.0,6872.86279296875,17,6,2016-04-01
xgboost_slide60,2016-06-01,8767.0,7456.43603515625,18,1,2016-05-01
xgboost_slide60,2016-07-01,8479.0,7588.4755859375,18,2,2016-05-01
xgboost_slide60,2016-08-01,7890.0,7277.25732421875,18,3,2016-05-01
xgboost_slide60,2016-09-01,7317.0,6885.0244140625,18,4,2016-05-01
xgboost_slide60,2016-10-01,7426.0,6714.2783203125,18,5,2016-05-01
xgboost_slide60,2016-11-01,6700.0,6543.34423828125,18,6,2016-05-01
xgboost_slide60,2016-07-01,8479.0,7852.86279296875,19,1,2016-06-01
xgboost_slide60,2016-08-01,7890.0,7344.55908203125,19,2,2016-06-01
xgboost_slide60,2016-09-01,7317.0,6883.171875,19,3,2016-06-01
xgboost_slide60,2016-10-01,7426.0,6810.17431640625,19,4,2016-06-01
xgboost_slide60,2016-11-01,6700.0,6520.3623046875,19,5,2016-06-01
xgboost_slide60,2016-12-01,6994.0,6795.91552734375,19,6,2016-06-01
xgboost_slide60,2016-08-01,7890.0,7223.03173828125,20,1,2016-07-01
xgboost_slide60,2016-09-01,7317.0,6880.09716796875,20,2,2016-07-01
xgboost_slide60,2016-10-01,7426.0,6816.7724609375,20,3,2016-07-01
xgboost_slide60,2016-11-01,6700.0,6564.431640625,20,4,2016-07-01
xgboost_slide60,2016-12-01,6994.0,6818.01171875,20,5,2016-07-01
xgboost_slide60,2017-01-01,6788.0,6837.91357421875,20,6,2016-07-01
xgboost_slide60,2016-09-01,7317.0,6874.8681640625,21,1,2016-08-01
xgboost_slide60,2016-10-01,7426.0,6765.56005859375,21,2,2016-08-01
xgboost_slide60,2016-11-01,6700.0,6527.203125,21,3,2016-08-01
xgboost_slide60,2016-12-01,6994.0,6685.34228515625,21,4,2016-08-01
xgboost_slide60,2017-01-01,6788.0,6682.43701171875,21,5,2016-08-01
xgboost_slide60,2017-02-01,6271.0,6451.39697265625,21,6,2016-08-01
xgboost_slide60,2016-10-01,7426.0,6850.3515625,22,1,2016-09-01
xgboost_slide60,2016-11-01,6700.0,6609.36328125,22,2,2016-09-01
xgboost_slide60,2016-12-01,6994.0,6805.875,22,3,2016-09-01
xgboost_slide60,2017-01-01,6788.0,6668.255859375,22,4,2016-09-01
xgboost_slide60,2017-02-01,6271.0,6431.58935546875,22,5,2016-09-01
xgboost_slide60,2017-03-01,6794.0,7201.64501953125,22,6,2016-09-01
xgboost_slide60,2016-11-01,6700.0,6744.2412109375,23,1,2016-10-01
xgboost_slide60,2016-12-01,6994.0,6900.5712890625,23,2,2016-10-01
xgboost_slide60,2017-01-01,6788.0,6976.61083984375,23,3,2016-10-01
xgboost_slide60,2017-02-01,6271.0,6461.89208984375,23,4,2016-10-01
xgboost_slide60,2017-03-01,6794.0,7208.7734375,23,5,2016-10-01
xgboost_slide60,2017-04-01,6884.0,7445.98974609375,23,6,2016-10-01
xgboost_slide60,2016-12-01,6994.0,6971.2802734375,24,1,2016-11-01
xgboost_slide60,2017-01-01,6788.0,6886.41943359375,24,2,2016-11-01
xgboost_slide60,2017-02-01,6271.0,6423.12890625,24,3,2016-11-01
xgboost_slide60,2017-03-01,6794.0,7200.611328125,24,4,2016-11-01
xgboost_slide60,2017-04-01,6884.0,7288.50634765625,24,5,2016-11-01
xgboost_slide60,2017-05-01,7651.0,7719.71923828125,24,6,2016-11-01
xgboost_slide60,2017-01-01,6788.0,6917.69140625,25,1,2016-12-01
xgboost_slide60,2017-02-01,6271.0,6466.84375,25,2,2016-12-01
xgboost_slide60,2017-03-01,6794.0,7228.29736328125,25,3,2016-12-01
xgboost_slide60,2017-04-01,6884.0,7377.08740234375,25,4,2016-12-01
xgboost_slide60,2017-05-01,7651.0,7900.19580078125,25,5,2016-12-01
xgboost_slide60,2017-06-01,8009.0,8404.8447265625,25,6,2016-12-01
xgboost_slide60,2017-02-01,6271.0,6560.93408203125,26,1,2017-01-01
xgboost_slide60,2017-03-01,6794.0,7152.43212890625,26,2,2017-01-01
xgboost_slide60,2017-04-01,6884.0,7062.787109375,26,3,2017-01-01
xgboost_slide60,2017-05-01,7651.0,7782.73193359375,26,4,2017-01-01
xgboost_slide60,2017-06-01,8009.0,8270.431640625,26,5,2017-01-01
xgboost_slide60,2017-07-01,8694.0,8281.1171875,26,6,2017-01-01
xgboost_slide60,2017-03-01,6794.0,7195.0986328125,27,1,2017-02-01
xgboost_slide60,2017-04-01,6884.0,7331.962890625,27,2,2017-02-01
xgboost_slide60,2017-05-01,7651.0,7756.44091796875,27,3,2017-02-01
xgboost_slide60,2017-06-01,8009.0,8128.16796875,27,4,2017-02-01
xgboost_slide60,2017-07-01,8694.0,8223.794921875,27,5,2017-02-01
xgboost_slide60,2017-08-01,8130.0,7764.4736328125,27,6,2017-02-01
xgboost_slide60,2017-04-01,6884.0,7030.841796875,28,1,2017-03-01
xgboost_slide60,2017-05-01,7651.0,7733.34716796875,28,2,2017-03-01
xgboost_slide60,2017-06-01,8009.0,8000.71142578125,28,3,2017-03-01
xgboost_slide60,2017-07-01,8694.0,8235.7119140625,28,4,2017-03-01
xgboost_slide60,2017-08-01,8130.0,7780.1923828125,28,5,2017-03-01
xgboost_slide60,2017-09-01,7446.0,7688.25048828125,28,6,2017-03-01
xgboost_slide60,2017-05-01,7651.0,7837.03564453125,29,1,2017-04-01
xgboost_slide60,2017-06-01,8009.0,8066.80859375,29,2,2017-04-01
xgboost_slide60,2017-07-01,8694.0,8239.3779296875,29,3,2017-04-01
xgboost_slide60,2017-08-01,8130.0,7858.7939453125,29,4,2017-04-01
xgboost_slide60,2017-09-01,7446.0,7751.130859375,29,5,2017-04-01
xgboost_slide60,2017-10-01,7282.0,7781.5615234375,29,6,2017-04-01
xgboost_slide60,2017-06-01,8009.0,7946.78564453125,30,1,2017-05-01
xgboost_slide60,2017-07-01,8694.0,8164.69580078125,30,2,2017-05-01
xgboost_slide60,2017-08-01,8130.0,7790.76953125,30,3,2017-05-01
xgboost_slide60,2017-09-01,7446.0,7756.84326171875,30,4,2017-05-01
xgboost_slide60,2017-10-01,7282.0,7981.982421875,30,5,2017-05-01
xgboost_slide60,2017-11-01,6830.0,7354.6513671875,30,6,2017-05-01
xgboost_slide60,2017-07-01,8694.0,8190.1103515625,31,1,2017-06-01
xgboost_slide60,2017-08-01,8130.0,7859.0654296875,31,2,2017-06-01
xgboost_slide60,2017-09-01,7446.0,7850.22216796875,31,3,2017-06-01
xgboost_slide60,2017-10-01,7282.0,7832.2607421875,31,4,2017-06-01
xgboost_slide60,2017-11-01,6830.0,7276.22314453125,31,5,2017-06-01
xgboost_slide60,2017-12-01,6946.0,6948.33935546875,31,6,2017-06-01
xgboost_slide60,2017-08-01,8130.0,7826.32373046875,32,1,2017-07-01
xgboost_slide60,2017-09-01,7446.0,8077.38525390625,32,2,2017-07-01
xgboost_slide60,2017-10-01,7282.0,7881.833984375,32,3,2017-07-01
xgboost_slide60,2017-11-01,6830.0,7319.98388671875,32,4,2017-07-01
xgboost_slide60,2017-12-01,6946.0,7014.60205078125,32,5,2017-07-01
xgboost_slide60,2018-01-01,6886.0,6899.04541015625,32,6,2017-07-01
xgboost_slide60,2017-09-01,7446.0,8026.671875,33,1,2017-08-01
xgboost_slide60,2017-10-01,7282.0,7686.43408203125,33,2,2017-08-01
xgboost_slide60,2017-11-01,6830.0,7284.47509765625,33,3,2017-08-01
xgboost_slide60,2017-12-01,6946.0,6999.65380859375,33,4,2017-08-01
xgboost_slide60,2018-01-01,6886.0,6799.31591796875,33,5,2017-08-01
xgboost_slide60,2018-02-01,5960.0,6334.96533203125,33,6,2017-08-01
xgboost_slide60,2017-10-01,7282.0,7650.99658203125,34,1,2017-09-01
xgboost_slide60,2017-11-01,6830.0,7135.96044921875,34,2,2017-09-01
xgboost_slide60,2017-12-01,6946.0,6922.4541015625,34,3,2017-09-01
xgboost_slide60,2018-01-01,6886.0,6772.41943359375,34,4,2017-09-01
xgboost_slide60,2018-02-01,5960.0,6380.52880859375,34,5,2017-09-01
xgboost_slide60,2018-03-01,6930.0,6827.57421875,34,6,2017-09-01
xgboost_slide60,2017-11-01,6830.0,7173.62646484375,35,1,2017-10-01
xgboost_slide60,2017-12-01,6946.0,6719.22216796875,35,2,2017-10-01
xgboost_slide60,2018-01-01,6886.0,6821.462890625,35,3,2017-10-01
xgboost_slide60,2018-02-01,5960.0,6394.9482421875,35,4,2017-10-01
xgboost_slide60,2018-03-01,6930.0,6712.9189453125,35,5,2017-10-01
xgboost_slide60,2018-04-01,6769.0,6971.84619140625,35,6,2017-10-01
xgboost_slide60,2017-12-01,6946.0,6640.73974609375,36,1,2017-11-01
xgboost_slide60,2018-01-01,6886.0,6781.4541015625,36,2,2017-11-01
xgboost_slide60,2018-02-01,5960.0,6431.85546875,36,3,2017-11-01
xgboost_slide60,2018-03-01,6930.0,6666.43017578125,36,4,2017-11-01
xgboost_slide60,2018-04-01,6769.0,6975.04296875,36,5,2017-11-01
xgboost_slide60,2018-05-01,7511.0,7592.78076171875,36,6,2017-11-01
xgboost_slide60,2018-01-01,6886.0,6785.72021484375,37,1,2017-12-01
xgboost_slide60,2018-02-01,5960.0,6405.18310546875,37,2,2017-12-01
xgboost_slide60,2018-03-01,6930.0,6765.13037109375,37,3,2017-12-01
xgboost_slide60,2018-04-01,6769.0,6899.97802734375,37,4,2017-12-01
xgboost_slide60,2018-05-01,7511.0,7530.77197265625,37,5,2017-12-01
xgboost_slide60,2018-06-01,8057.0,7742.20703125,37,6,2017-12-01
xgboost_slide60,2018-02-01,5960.0,6538.724609375,38,1,2018-01-01
xgboost_slide60,2018-03-01,6930.0,6758.6337890625,38,2,2018-01-01
xgboost_slide60,2018-04-01,6769.0,6944.12060546875,38,3,2018-01-01
xgboost_slide60,2018-05-01,7511.0,7420.474609375,38,4,2018-01-01
xgboost_slide60,2018-06-01,8057.0,7553.1044921875,38,5,2018-01-01
xgboost_slide60,2018-07-01,8175.0,7729.42138671875,38,6,2018-01-01
xgboost_slide60,2018-03-01,6930.0,6760.26904296875,39,1,2018-02-01
xgboost_slide60,2018-04-01,6769.0,6946.91552734375,39,2,2018-02-01
xgboost_slide60,2018-05-01,7511.0,7553.90576171875,39,3,2018-02-01
xgboost_slide60,2018-06-01,8057.0,7617.73779296875,39,4,2018-02-01
xgboost_slide60,2018-07-01,8175.0,7918.45361328125,39,5,2018-02-01
xgboost_slide60,2018-08-01,8328.0,8251.712890625,39,6,2018-02-01
xgboost_slide60,2018-04-01,6769.0,6887.875,40,1,2018-03-01
xgboost_slide60,2018-05-01,7511.0,7609.67431640625,40,2,2018-03-01
xgboost_slide60,2018-06-01,8057.0,7837.94140625,40,3,2018-03-01
xgboost_slide60,2018-07-01,8175.0,8341.4580078125,40,4,2018-03-01
xgboost_slide60,2018-08-01,8328.0,8149.94775390625,40,5,2018-03-01
xgboost_slide60,2018-09-01,7325.0,7840.21728515625,40,6,2018-03-01
xgboost_slide60,2018-05-01,7511.0,7627.54736328125,41,1,2018-04-01
xgboost_slide60,2018-06-01,8057.0,7906.94189453125,41,2,2018-04-01
xgboost_slide60,2018-07-01,8175.0,8272.759765625,41,3,2018-04-01
xgboost_slide60,2018-08-01,8328.0,8130.57666015625,41,4,2018-04-01
xgboost_slide60,2018-09-01,7325.0,7427.03564453125,41,5,2018-04-01
xgboost_slide60,2018-10-01,7202.0,7280.7841796875,41,6,2018-04-01
xgboost_slide60,2018-06-01,8057.0,7799.2138671875,42,1,2018-05-01
xgboost_slide60,2018-07-01,8175.0,8336.171875,42,2,2018-05-01
xgboost_slide60,2018-08-01,8328.0,8222.564453125,42,3,2018-05-01
xgboost_slide60,2018-09-01,7325.0,7785.27001953125,42,4,2018-05-01
xgboost_slide60,2018-10-01,7202.0,7331.4375,42,5,2018-05-01
xgboost_slide60,2018-11-01,7161.0,7102.66650390625,42,6,2018-05-01
xgboost_slide60,2018-07-01,8175.0,8191.44873046875,43,1,2018-06-01
xgboost_slide60,2018-08-01,8328.0,8083.31201171875,43,2,2018-06-01
xgboost_slide60,2018-09-01,7325.0,7482.45849609375,43,3,2018-06-01
xgboost_slide60,2018-10-01,7202.0,7299.283203125,43,4,2018-06-01
xgboost_slide60,2018-11-01,7161.0,6875.63134765625,43,5,2018-06-01
xgboost_slide60,2018-12-01,7409.0,6922.53125,43,6,2018-06-01
xgboost_slide60,2018-08-01,8328.0,8182.83984375,44,1,2018-07-01
xgboost_slide60,2018-09-01,7325.0,7469.07568359375,44,2,2018-07-01
xgboost_slide60,2018-10-01,7202.0,7283.5380859375,44,3,2018-07-01
xgboost_slide60,2018-11-01,7161.0,6881.1474609375,44,4,2018-07-01
xgboost_slide60,2018-12-01,7409.0,6932.091796875,44,5,2018-07-01
xgboost_slide60,2019-01-01,7117.0,6869.35205078125,44,6,2018-07-01
xgboost_slide60,2018-09-01,7325.0,7462.39501953125,45,1,2018-08-01
xgboost_slide60,2018-10-01,7202.0,7288.93017578125,45,2,2018-08-01
xgboost_slide60,2018-11-01,7161.0,6882.22998046875,45,3,2018-08-01
xgboost_slide60,2018-12-01,7409.0,6935.57177734375,45,4,2018-08-01
xgboost_slide60,2019-01-01,7117.0,6868.8154296875,45,5,2018-08-01
xgboost_slide60,2019-02-01,6307.0,5972.61865234375,45,6,2018-08-01
xgboost_slide60,2018-10-01,7202.0,7325.57568359375,46,1,2018-09-01
xgboost_slide60,2018-11-01,7161.0,6929.5625,46,2,2018-09-01
xgboost_slide60,2018-12-01,7409.0,6943.24658203125,46,3,2018-09-01
xgboost_slide60,2019-01-01,7117.0,6859.3203125,46,4,2018-09-01
xgboost_slide60,2019-02-01,6307.0,6085.90478515625,46,5,2018-09-01
xgboost_slide60,2019-03-01,7067.0,6864.4521484375,46,6,2018-09-01
xgboost_slide60,2018-11-01,7161.0,6923.861328125,47,1,2018-10-01
xgboost_slide60,2018-12-01,7409.0,6908.2724609375,47,2,2018-10-01
xgboost_slide60,2019-01-01,7117.0,6869.55615234375,47,3,2018-10-01
xgboost_slide60,2019-02-01,6307.0,6090.57763671875,47,4,2018-10-01
xgboost_slide60,2019-03-01,7067.0,6835.74658203125,47,5,2018-10-01
xgboost_slide60,2019-04-01,7108.0,6915.3447265625,47,6,2018-10-01
xgboost_slide60,2018-12-01,7409.0,6856.9462890625,48,1,2018-11-01
xgboost_slide60,2019-01-01,7117.0,6866.72900390625,48,2,2018-11-01
xgboost_slide60,2019-02-01,6307.0,6095.09228515625,48,3,2018-11-01
xgboost_slide60,2019-03-01,7067.0,6693.0732421875,48,4,2018-11-01
xgboost_slide60,2019-04-01,7108.0,6913.96875,48,5,2018-11-01
xgboost_slide60,2019-05-01,7776.0,7681.52734375,48,6,2018-11-01
xgboost_slide60,2019-01-01,7117.0,6946.4951171875,49,1,2018-12-01
xgboost_slide60,2019-02-01,6307.0,6404.212890625,49,2,2018-12-01
xgboost_slide60,2019-03-01,7067.0,6819.1064453125,49,3,2018-12-01
xgboost_slide60,2019-04-01,7108.0,6915.40478515625,49,4,2018-12-01
xgboost_slide60,2019-05-01,7776.0,7623.18115234375,49,5,2018-12-01
xgboost_slide60,2019-06-01,8274.0,7829.9931640625,49,6,2018-12-01
xgboost_slide60,2019-02-01,6307.0,6457.86328125,50,1,2019-01-01
xgboost_slide60,2019-03-01,7067.0,6835.43798828125,50,2,2019-01-01
xgboost_slide60,2019-04-01,7108.0,6933.24560546875,50,3,2019-01-01
xgboost_slide60,2019-05-01,7776.0,7680.24853515625,50,4,2019-01-01
xgboost_slide60,2019-06-01,8274.0,7953.95654296875,50,5,2019-01-01
xgboost_slide60,2019-07-01,8919.0,8284.73828125,50,6,2019-01-01
xgboost_slide60,2019-03-01,7067.0,6722.9892578125,51,1,2019-02-01
xgboost_slide60,2019-04-01,7108.0,6838.49755859375,51,2,2019-02-01
xgboost_slide60,2019-05-01,7776.0,7519.0576171875,51,3,2019-02-01
xgboost_slide60,2019-06-01,8274.0,7871.08544921875,51,4,2019-02-01
xgboost_slide60,2019-07-01,8919.0,8273.4912109375,51,5,2019-02-01
xgboost_slide60,2019-08-01,8180.0,8247.2216796875,51,6,2019-02-01
xgboost_slide60,2019-04-01,7108.0,6883.89404296875,52,1,2019-03-01
xgboost_slide60,2019-05-01,7776.0,7353.22509765625,52,2,2019-03-01
xgboost_slide60,2019-06-01,8274.0,7738.50634765625,52,3,2019-03-01
xgboost_slide60,2019-07-01,8919.0,8071.14599609375,52,4,2019-03-01
xgboost_slide60,2019-08-01,8180.0,8162.8017578125,52,5,2019-03-01
xgboost_slide60,2019-09-01,7664.0,7951.125,52,6,2019-03-01
xgboost_slide60,2019-05-01,7776.0,7539.00048828125,53,1,2019-04-01
xgboost_slide60,2019-06-01,8274.0,7849.140625,53,2,2019-04-01
xgboost_slide60,2019-07-01,8919.0,8179.78515625,53,3,2019-04-01
xgboost_slide60,2019-08-01,8180.0,8161.4443359375,53,4,2019-04-01
xgboost_slide60,2019-09-01,7664.0,7821.455078125,53,5,2019-04-01
xgboost_slide60,2019-10-01,7254.0,7283.24462890625,53,6,2019-04-01
xgboost_slide60,2019-06-01,8274.0,8009.0322265625,54,1,2019-05-01
xgboost_slide60,2019-07-01,8919.0,8292.5185546875,54,2,2019-05-01
xgboost_slide60,2019-08-01,8180.0,8155.990234375,54,3,2019-05-01
xgboost_slide60,2019-09-01,7664.0,7430.60302734375,54,4,2019-05-01
xgboost_slide60,2019-10-01,7254.0,7274.2060546875,54,5,2019-05-01
xgboost_slide60,2019-11-01,6785.0,6940.93701171875,54,6,2019-05-01
xgboost_slide60,2019-07-01,8919.0,8345.072265625,55,1,2019-06-01
xgboost_slide60,2019-08-01,8180.0,8231.0380859375,55,2,2019-06-01
xgboost_slide60,2019-09-01,7664.0,7353.23193359375,55,3,2019-06-01
xgboost_slide60,2019-10-01,7254.0,7329.09765625,55,4,2019-06-01
xgboost_slide60,2019-11-01,6785.0,7184.08154296875,55,5,2019-06-01
xgboost_slide60,2019-12-01,6987.0,7633.455078125,55,6,2019-06-01
xgboost_slide60,2019-08-01,8180.0,8343.2431640625,56,1,2019-07-01
xgboost_slide60,2019-09-01,7664.0,7376.21240234375,56,2,2019-07-01
xgboost_slide60,2019-10-01,7254.0,7331.06689453125,56,3,2019-07-01
xgboost_slide60,2019-11-01,6785.0,7152.08642578125,56,4,2019-07-01
xgboost_slide60,2019-12-01,6987.0,7467.240234375,56,5,2019-07-01
xgboost_slide60,2020-01-01,7194.0,7110.14013671875,56,6,2019-07-01
xgboost_slide60,2019-09-01,7664.0,7455.87109375,57,1,2019-08-01
xgboost_slide60,2019-10-01,7254.0,7342.6494140625,57,2,2019-08-01
xgboost_slide60,2019-11-01,6785.0,7132.8828125,57,3,2019-08-01
xgboost_slide60,2019-12-01,6987.0,7267.20849609375,57,4,2019-08-01
xgboost_slide60,2020-01-01,7194.0,7028.60791015625,57,5,2019-08-01
xgboost_slide60,2020-02-01,6848.0,6167.6875,57,6,2019-08-01
xgboost_slide60,2019-10-01,7254.0,7355.61474609375,58,1,2019-09-01
xgboost_slide60,2019-11-01,6785.0,7260.57470703125,58,2,2019-09-01
xgboost_slide60,2019-12-01,6987.0,7239.353515625,58,3,2019-09-01
xgboost_slide60,2020-01-01,7194.0,7061.01904296875,58,4,2019-09-01
xgboost_slide60,2020-02-01,6848.0,6216.3544921875,58,5,2019-09-01
xgboost_slide60,2020-03-01,7324.0,6927.6103515625,58,6,2019-09-01
xgboost_slide60,2019-11-01,6785.0,7090.25732421875,59,1,2019-10-01
xgboost_slide60,2019-12-01,6987.0,7256.693359375,59,2,2019-10-01
xgboost_slide60,2020-01-01,7194.0,7088.65576171875,59,3,2019-10-01
xgboost_slide60,2020-02-01,6848.0,6152.306640625,59,4,2019-10-01
xgboost_slide60,2020-03-01,7324.0,6965.4931640625,59,5,2019-10-01
xgboost_slide60,2020-04-01,5978.0,6790.0009765625,59,6,2019-10-01
xgboost_slide60,2019-12-01,6987.0,7049.7138671875,60,1,2019-11-01
xgboost_slide60,2020-01-01,7194.0,6829.97412109375,60,2,2019-11-01
xgboost_slide60,2020-02-01,6848.0,5995.3486328125,60,3,2019-11-01
xgboost_slide60,2020-03-01,7324.0,6792.33203125,60,4,2019-11-01
xgboost_slide60,2020-04-01,5978.0,6790.76025390625,60,5,2019-11-01
xgboost_slide60,2020-05-01,7062.0,7627.6845703125,60,6,2019-11-01
xgboost_slide60,2020-01-01,7194.0,6885.31494140625,61,1,2019-12-01
xgboost_slide60,2020-02-01,6848.0,6044.06787109375,61,2,2019-12-01
xgboost_slide60,2020-03-01,7324.0,6862.2275390625,61,3,2019-12-01
xgboost_slide60,2020-04-01,5978.0,6790.10595703125,61,4,2019-12-01
xgboost_slide60,2020-05-01,7062.0,7578.529296875,61,5,2019-12-01
xgboost_slide60,2020-06-01,6948.0,8052.7548828125,61,6,2019-12-01
xgboost_slide60,2020-02-01,6848.0,6081.98046875,62,1,2020-01-01
xgboost_slide60,2020-03-01,7324.0,6931.4326171875,62,2,2020-01-01
xgboost_slide60,2020-04-01,5978.0,6872.4970703125,62,3,2020-01-01
xgboost_slide60,2020-05-01,7062.0,7608.3701171875,62,4,2020-01-01
xgboost_slide60,2020-06-01,6948.0,8045.216796875,62,5,2020-01-01
xgboost_slide60,2020-07-01,7392.0,8414.3701171875,62,6,2020-01-01
xgboost_slide60,2020-03-01,7324.0,6864.68310546875,63,1,2020-02-01
xgboost_slide60,2020-04-01,5978.0,7009.34423828125,63,2,2020-02-01
xgboost_slide60,2020-05-01,7062.0,7627.77734375,63,3,2020-02-01
xgboost_slide60,2020-06-01,6948.0,8055.5498046875,63,4,2020-02-01
xgboost_slide60,2020-07-01,7392.0,8268.53125,63,5,2020-02-01
xgboost_slide60,2020-08-01,7678.0,8402.41796875,63,6,2020-02-01
xgboost_slide60,2020-04-01,5978.0,7064.42333984375,64,1,2020-03-01
xgboost_slide60,2020-05-01,7062.0,7727.33349609375,64,2,2020-03-01
xgboost_slide60,2020-06-01,6948.0,8224.130859375,64,3,2020-03-01
xgboost_slide60,2020-07-01,7392.0,8316.1708984375,64,4,2020-03-01
xgboost_slide60,2020-08-01,7678.0,8331.3828125,64,5,2020-03-01
xgboost_slide60,2020-09-01,7005.0,7927.1044921875,64,6,2020-03-01
xgboost_slide60,2020-05-01,7062.0,7531.40380859375,65,1,2020-04-01
xgboost_slide60,2020-06-01,6948.0,8080.97216796875,65,2,2020-04-01
xgboost_slide60,2020-07-01,7392.0,8089.00048828125,65,3,2020-04-01
xgboost_slide60,2020-08-01,7678.0,8374.0810546875,65,4,2020-04-01
xgboost_slide60,2020-09-01,7005.0,7888.48583984375,65,5,2020-04-01
xgboost_slide60,2020-10-01,7385.0,7291.09619140625,65,6,2020-04-01
xgboost_slide60,2020-06-01,6948.0,7926.7431640625,66,1,2020-05-01
xgboost_slide60,2020-07-01,7392.0,8143.67822265625,66,2,2020-05-01
xgboost_slide60,2020-08-01,7678.0,8480.7626953125,66,3,2020-05-01
xgboost_slide60,2020-09-01,7005.0,7412.23095703125,66,4,2020-05-01
xgboost_slide60,2020-10-01,7385.0,7314.0576171875,66,5,2020-05-01
xgboost_slide60,2020-11-01,6872.0,7266.6767578125,66,6,2020-05-01
xgboost_slide60,2020-07-01,7392.0,7537.03125,67,1,2020-06-01
xgboost_slide60,2020-08-01,7678.0,8188.31591796875,67,2,2020-06-01
xgboost_slide60,2020-09-01,7005.0,8228.5458984375,67,3,2020-06-01
xgboost_slide60,2020-10-01,7385.0,8083.02099609375,67,4,2020-06-01
xgboost_slide60,2020-11-01,6872.0,7387.0712890625,67,5,2020-06-01
xgboost_slide60,2020-12-01,6781.0,7242.8193359375,67,6,2020-06-01
xgboost_slide60,2020-08-01,7678.0,7401.2294921875,68,1,2020-07-01
xgboost_slide60,2020-09-01,7005.0,7022.0439453125,68,2,2020-07-01
xgboost_slide60,2020-10-01,7385.0,7370.259765625,68,3,2020-07-01
xgboost_slide60,2020-11-01,6872.0,7095.3857421875,68,4,2020-07-01
xgboost_slide60,2020-12-01,6781.0,7230.7841796875,68,5,2020-07-01
xgboost_slide60,2021-01-01,6917.0,7171.88525390625,68,6,2020-07-01
xgboost_slide60,2020-09-01,7005.0,8126.1318359375,69,1,2020-08-01
xgboost_slide60,2020-10-01,7385.0,7750.76953125,69,2,2020-08-01
xgboost_slide60,2020-11-01,6872.0,7486.93310546875,69,3,2020-08-01
xgboost_slide60,2020-12-01,6781.0,7240.52490234375,69,4,2020-08-01
xgboost_slide60,2021-01-01,6917.0,7022.8515625,69,5,2020-08-01
xgboost_slide60,2021-02-01,6217.0,7104.38427734375,69,6,2020-08-01
xgboost_slide60,2020-10-01,7385.0,7317.20654296875,70,1,2020-09-01
xgboost_slide60,2020-11-01,6872.0,7240.001953125,70,2,2020-09-01
xgboost_slide60,2020-12-01,6781.0,7238.54931640625,70,3,2020-09-01
xgboost_slide60,2021-01-01,6917.0,7075.70458984375,70,4,2020-09-01
xgboost_slide60,2021-02-01,6217.0,7086.65869140625,70,5,2020-09-01
xgboost_slide60,2021-03-01,7569.0,7455.89794921875,70,6,2020-09-01
xgboost_slide60,2020-11-01,6872.0,7136.5322265625,71,1,2020-10-01
xgboost_slide60,2020-12-01,6781.0,7275.53466796875,71,2,2020-10-01
xgboost_slide60,2021-01-01,6917.0,7140.09228515625,71,3,2020-10-01
xgboost_slide60,2021-02-01,6217.0,6939.09033203125,71,4,2020-10-01
xgboost_slide60,2021-03-01,7569.0,7364.0615234375,71,5,2020-10-01
xgboost_slide60,2021-04-01,6917.0,6369.73046875,71,6,2020-10-01
xgboost_slide60,2020-12-01,6781.0,7199.47705078125,72,1,2020-11-01
xgboost_slide60,2021-01-01,6917.0,7056.759765625,72,2,2020-11-01
xgboost_slide60,2021-02-01,6217.0,7008.083984375,72,3,2020-11-01
xgboost_slide60,2021-03-01,7569.0,7299.98828125,72,4,2020-11-01
xgboost_slide60,2021-04-01,6917.0,6639.021484375,72,5,2020-11-01
xgboost_slide60,2021-05-01,8253.0,7272.60302734375,72,6,2020-11-01
xgboost_slide60,2021-01-01,6917.0,7057.4736328125,73,1,2020-12-01
xgboost_slide60,2021-02-01,6217.0,6979.55419921875,73,2,2020-12-01
xgboost_slide60,2021-03-01,7569.0,7331.23046875,73,3,2020-12-01
xgboost_slide60,2021-04-01,6917.0,6737.6748046875,73,4,2020-12-01
xgboost_slide60,2021-05-01,8253.0,7092.42529296875,73,5,2020-12-01
xgboost_slide60,2021-06-01,8153.0,7090.16748046875,73,6,2020-12-01
xgboost_slide60,2021-02-01,6217.0,6862.099609375,74,1,2021-01-01
xgboost_slide60,2021-03-01,7569.0,7064.7802734375,74,2,2021-01-01
xgboost_slide60,2021-04-01,6917.0,6592.64794921875,74,3,2021-01-01
xgboost_slide60,2021-05-01,8253.0,7098.1376953125,74,4,2021-01-01
xgboost_slide60,2021-06-01,8153.0,7078.75439453125,74,5,2021-01-01
xgboost_slide60,2021-07-01,9251.0,7500.0029296875,74,6,2021-01-01
xgboost_slide60,2021-03-01,7569.0,7259.76025390625,75,1,2021-02-01
xgboost_slide60,2021-04-01,6917.0,6540.16259765625,75,2,2021-02-01
xgboost_slide60,2021-05-01,8253.0,7158.541015625,75,3,2021-02-01
xgboost_slide60,2021-06-01,8153.0,7066.177734375,75,4,2021-02-01
xgboost_slide60,2021-07-01,9251.0,7344.56884765625,75,5,2021-02-01
xgboost_slide60,2021-08-01,8830.0,7303.02001953125,75,6,2021-02-01
xgboost_slide60,2021-04-01,6917.0,6959.1025390625,76,1,2021-03-01
xgboost_slide60,2021-05-01,8253.0,7096.5380859375,76,2,2021-03-01
xgboost_slide60,2021-06-01,8153.0,7084.39453125,76,3,2021-03-01
xgboost_slide60,2021-07-01,9251.0,7283.7958984375,76,4,2021-03-01
xgboost_slide60,2021-08-01,8830.0,7397.66552734375,76,5,2021-03-01
xgboost_slide60,2021-09-01,7512.0,6588.81884765625,76,6,2021-03-01
xgboost_slide60,2021-05-01,8253.0,6988.3076171875,77,1,2021-04-01
xgboost_slide60,2021-06-01,8153.0,7239.12939453125,77,2,2021-04-01
xgboost_slide60,2021-07-01,9251.0,7399.7890625,77,3,2021-04-01
xgboost_slide60,2021-08-01,8830.0,7320.59619140625,77,4,2021-04-01
xgboost_slide60,2021-09-01,7512.0,6855.6767578125,77,5,2021-04-01
xgboost_slide60,2021-10-01,7656.0,7075.529296875,77,6,2021-04-01
xgboost_slide60,2021-06-01,8153.0,7601.86279296875,78,1,2021-05-01
xgboost_slide60,2021-07-01,9251.0,7366.705078125,78,2,2021-05-01
xgboost_slide60,2021-08-01,8830.0,7266.6005859375,78,3,2021-05-01
xgboost_slide60,2021-09-01,7512.0,6937.76611328125,78,4,2021-05-01
xgboost_slide60,2021-10-01,7656.0,7227.8046875,78,5,2021-05-01
xgboost_slide60,2021-11-01,7603.0,6911.9453125,78,6,2021-05-01
xgboost_slide60,2021-07-01,9251.0,7940.10986328125,79,1,2021-06-01
xgboost_slide60,2021-08-01,8830.0,7680.29345703125,79,2,2021-06-01
xgboost_slide60,2021-09-01,7512.0,6956.2451171875,79,3,2021-06-01
xgboost_slide60,2021-10-01,7656.0,7281.5087890625,79,4,2021-06-01
xgboost_slide60,2021-11-01,7603.0,7036.80029296875,79,5,2021-06-01
xgboost_slide60,2021-12-01,8237.0,6710.0625,79,6,2021-06-01
xgboost_slide60,2021-08-01,8830.0,7581.6826171875,80,1,2021-07-01
xgboost_slide60,2021-09-01,7512.0,6969.48486328125,80,2,2021-07-01
xgboost_slide60,2021-10-01,7656.0,7160.1494140625,80,3,2021-07-01
xgboost_slide60,2021-11-01,7603.0,7002.0712890625,80,4,2021-07-01
xgboost_slide60,2021-12-01,8237.0,6590.15185546875,80,5,2021-07-01
xgboost_slide60,2022-01-01,9582.0,6917.1015625,80,6,2021-07-01
xgboost_slide60,2021-09-01,7512.0,7283.90380859375,81,1,2021-08-01
xgboost_slide60,2021-10-01,7656.0,7239.599609375,81,2,2021-08-01
xgboost_slide60,2021-11-01,7603.0,7041.47021484375,81,3,2021-08-01
xgboost_slide60,2021-12-01,8237.0,6961.7275390625,81,4,2021-08-01
xgboost_slide60,2022-01-01,9582.0,7119.9736328125,81,5,2021-08-01
xgboost_slide60,2022-02-01,7227.0,6516.896484375,81,6,2021-08-01
xgboost_slide60,2021-10-01,7656.0,7293.4375,82,1,2021-09-01
xgboost_slide60,2021-11-01,7603.0,6981.91845703125,82,2,2021-09-01
xgboost_slide60,2021-12-01,8237.0,6926.36572265625,82,3,2021-09-01
xgboost_slide60,2022-01-01,9582.0,7045.265625,82,4,2021-09-01
xgboost_slide60,2022-02-01,7227.0,6384.0859375,82,5,2021-09-01
xgboost_slide60,2022-03-01,7504.0,7053.94189453125,82,6,2021-09-01
xgboost_slide60,2021-11-01,7603.0,7044.9404296875,83,1,2021-10-01
xgboost_slide60,2021-12-01,8237.0,6908.1923828125,83,2,2021-10-01
xgboost_slide60,2022-01-01,9582.0,7050.93505859375,83,3,2021-10-01
xgboost_slide60,2022-02-01,7227.0,6528.48193359375,83,4,2021-10-01
xgboost_slide60,2022-03-01,7504.0,6951.9755859375,83,5,2021-10-01
xgboost_slide60,2022-04-01,7589.0,6666.689453125,83,6,2021-10-01
xgboost_slide60,2021-12-01,8237.0,7208.24365234375,84,1,2021-11-01
xgboost_slide60,2022-01-01,9582.0,7027.39892578125,84,2,2021-11-01
xgboost_slide60,2022-02-01,7227.0,6757.84912109375,84,3,2021-11-01
xgboost_slide60,2022-03-01,7504.0,7079.6337890625,84,4,2021-11-01
xgboost_slide60,2022-04-01,7589.0,6571.6171875,84,5,2021-11-01
xgboost_slide60,2022-05-01,8846.0,7329.9091796875,84,6,2021-11-01
xgboost_slide60,2022-01-01,9582.0,8310.869140625,85,1,2021-12-01
xgboost_slide60,2022-02-01,7227.0,8224.837890625,85,2,2021-12-01
xgboost_slide60,2022-03-01,7504.0,8295.0068359375,85,3,2021-12-01
xgboost_slide60,2022-04-01,7589.0,8070.06982421875,85,4,2021-12-01
xgboost_slide60,2022-05-01,8846.0,8076.7060546875,85,5,2021-12-01
xgboost_slide60,2022-06-01,9057.0,8125.30859375,85,6,2021-12-01
xgboost_slide60,2022-02-01,7227.0,8837.6513671875,86,1,2022-01-01
xgboost_slide60,2022-03-01,7504.0,8304.5244140625,86,2,2022-01-01
xgboost_slide60,2022-04-01,7589.0,7836.546875,86,3,2022-01-01
xgboost_slide60,2022-05-01,8846.0,8010.5166015625,86,4,2022-01-01
xgboost_slide60,2022-06-01,9057.0,8435.3271484375,86,5,2022-01-01
xgboost_slide60,2022-07-01,8699.0,9103.0869140625,86,6,2022-01-01
xgboost_slide60,2022-03-01,7504.0,7344.5244140625,87,1,2022-02-01
xgboost_slide60,2022-04-01,7589.0,6599.5361328125,87,2,2022-02-01
xgboost_slide60,2022-05-01,8846.0,6903.3056640625,87,3,2022-02-01
xgboost_slide60,2022-06-01,9057.0,7028.81689453125,87,4,2022-02-01
xgboost_slide60,2022-07-01,8699.0,7673.94970703125,87,5,2022-02-01
xgboost_slide60,2022-08-01,8834.0,7629.447265625,87,6,2022-02-01
xgboost_slide60,2022-04-01,7589.0,6902.89892578125,88,1,2022-03-01
xgboost_slide60,2022-05-01,8846.0,7023.30224609375,88,2,2022-03-01
xgboost_slide60,2022-06-01,9057.0,6925.5361328125,88,3,2022-03-01
xgboost_slide60,2022-07-01,8699.0,7176.93798828125,88,4,2022-03-01
xgboost_slide60,2022-08-01,8834.0,7164.03662109375,88,5,2022-03-01
xgboost_slide60,2022-09-01,8228.0,7044.57861328125,88,6,2022-03-01
xgboost_slide60,2022-05-01,8846.0,7681.55224609375,89,1,2022-04-01
xgboost_slide60,2022-06-01,9057.0,8043.240234375,89,2,2022-04-01
xgboost_slide60,2022-07-01,8699.0,9047.712890625,89,3,2022-04-01
xgboost_slide60,2022-08-01,8834.0,8747.64453125,89,4,2022-04-01
xgboost_slide60,2022-09-01,8228.0,7993.3935546875,89,5,2022-04-01
xgboost_slide60,2022-10-01,8388.0,7719.5068359375,89,6,2022-04-01
xgboost_slide60,2022-06-01,9057.0,9136.373046875,90,1,2022-05-01
xgboost_slide60,2022-07-01,8699.0,8900.0380859375,90,2,2022-05-01
xgboost_slide60,2022-08-01,8834.0,7775.97021484375,90,3,2022-05-01
xgboost_slide60,2022-09-01,8228.0,7585.28662109375,90,4,2022-05-01
xgboost_slide60,2022-10-01,8388.0,7417.83544921875,90,5,2022-05-01
xgboost_slide60,2022-11-01,7588.0,7368.31689453125,90,6,2022-05-01
xgboost_slide60,2022-07-01,8699.0,8917.0361328125,91,1,2022-06-01
xgboost_slide60,2022-08-01,8834.0,7938.27734375,91,2,2022-06-01
xgboost_slide60,2022-09-01,8228.0,7693.26708984375,91,3,2022-06-01
xgboost_slide60,2022-10-01,8388.0,7736.2021484375,91,4,2022-06-01
xgboost_slide60,2022-11-01,7588.0,8267.318359375,91,5,2022-06-01
xgboost_slide60,2022-12-01,7850.0,8747.392578125,91,6,2022-06-01
xgboost_slide60,2022-08-01,8834.0,7788.533203125,92,1,2022-07-01
xgboost_slide60,2022-09-01,8228.0,7680.8466796875,92,2,2022-07-01
xgboost_slide60,2022-10-01,8388.0,7731.3935546875,92,3,2022-07-01
xgboost_slide60,2022-11-01,7588.0,8364.3017578125,92,4,2022-07-01
xgboost_slide60,2022-12-01,7850.0,8664.5810546875,92,5,2022-07-01
xgboost_slide60,2023-01-01,7563.0,8314.2412109375,92,6,2022-07-01
xgboost_slide60,2022-09-01,8228.0,7792.560546875,93,1,2022-08-01
xgboost_slide60,2022-10-01,8388.0,8369.4775390625,93,2,2022-08-01
xgboost_slide60,2022-11-01,7588.0,8557.970703125,93,3,2022-08-01
xgboost_slide60,2022-12-01,7850.0,8296.58984375,93,4,2022-08-01
xgboost_slide60,2023-01-01,7563.0,8542.228515625,93,5,2022-08-01
xgboost_slide60,2023-02-01,6551.0,8173.15771484375,93,6,2022-08-01
xgboost_slide60,2022-10-01,8388.0,8461.0166015625,94,1,2022-09-01
xgboost_slide60,2022-11-01,7588.0,8504.3662109375,94,2,2022-09-01
xgboost_slide60,2022-12-01,7850.0,8380.8447265625,94,3,2022-09-01
xgboost_slide60,2023-01-01,7563.0,8321.1494140625,94,4,2022-09-01
xgboost_slide60,2023-02-01,6551.0,8274.890625,94,5,2022-09-01
xgboost_slide60,2023-03-01,7507.0,8365.703125,94,6,2022-09-01
xgboost_slide60,2022-11-01,7588.0,8551.2275390625,95,1,2022-10-01
xgboost_slide60,2022-12-01,7850.0,8381.5498046875,95,2,2022-10-01
xgboost_slide60,2023-01-01,7563.0,8476.6728515625,95,3,2022-10-01
xgboost_slide60,2023-02-01,6551.0,8383.658203125,95,4,2022-10-01
xgboost_slide60,2023-03-01,7507.0,8440.9326171875,95,5,2022-10-01
xgboost_slide60,2023-04-01,7745.0,8540.234375,95,6,2022-10-01
xgboost_slide60,2022-12-01,7850.0,7526.1630859375,96,1,2022-11-01
xgboost_slide60,2023-01-01,7563.0,7942.96923828125,96,2,2022-11-01
xgboost_slide60,2023-02-01,6551.0,8319.193359375,96,3,2022-11-01
xgboost_slide60,2023-03-01,7507.0,9145.978515625,96,4,2022-11-01
xgboost_slide60,2023-04-01,7745.0,8719.54296875,96,5,2022-11-01
xgboost_slide60,2023-05-01,8600.0,8166.99072265625,96,6,2022-11-01
xgboost_slide60,2023-01-01,7563.0,8077.8330078125,97,1,2022-12-01
xgboost_slide60,2023-02-01,6551.0,8189.57373046875,97,2,2022-12-01
xgboost_slide60,2023-03-01,7507.0,8811.6875,97,3,2022-12-01
xgboost_slide60,2023-04-01,7745.0,7750.9150390625,97,4,2022-12-01
xgboost_slide60,2023-05-01,8600.0,8010.9208984375,97,5,2022-12-01
xgboost_slide60,2023-06-01,9151.0,8084.6728515625,97,6,2022-12-01
xgboost_slide60,2023-02-01,6551.0,7534.46728515625,98,1,2023-01-01
xgboost_slide60,2023-03-01,7507.0,7779.55810546875,98,2,2023-01-01
xgboost_slide60,2023-04-01,7745.0,8290.8388671875,98,3,2023-01-01
xgboost_slide60,2023-05-01,8600.0,9147.701171875,98,4,2023-01-01
xgboost_slide60,2023-06-01,9151.0,8730.8759765625,98,5,2023-01-01
xgboost_slide60,2023-07-01,9183.0,8095.17138671875,98,6,2023-01-01
xgboost_slide60,2023-03-01,7507.0,7259.49951171875,99,1,2023-02-01
xgboost_slide60,2023-04-01,7745.0,6951.28955078125,99,2,2023-02-01
xgboost_slide60,2023-05-01,8600.0,7524.21044921875,99,3,2023-02-01
xgboost_slide60,2023-06-01,9151.0,7262.705078125,99,4,2023-02-01
xgboost_slide60,2023-07-01,9183.0,7123.05224609375,99,5,2023-02-01
xgboost_slide60,2023-08-01,8297.0,7324.73681640625,99,6,2023-02-01
xgboost_slide60,2023-04-01,7745.0,7228.28515625,100,1,2023-03-01
xgboost_slide60,2023-05-01,8600.0,7744.76904296875,100,2,2023-03-01
xgboost_slide60,2023-06-01,9151.0,8388.587890625,100,3,2023-03-01
xgboost_slide60,2023-07-01,9183.0,8997.8359375,100,4,2023-03-01
xgboost_slide60,2023-08-01,8297.0,8647.013671875,100,5,2023-03-01
xgboost_slide60,2023-09-01,7823.0,7883.63134765625,100,6,2023-03-01
xgboost_slide60,2023-05-01,8600.0,8658.4521484375,101,1,2023-04-01
xgboost_slide60,2023-06-01,9151.0,8881.078125,101,2,2023-04-01
xgboost_slide60,2023-07-01,9183.0,8736.3369140625,101,3,2023-04-01
xgboost_slide60,2023-08-01,8297.0,8082.86376953125,101,4,2023-04-01
xgboost_slide60,2023-09-01,7823.0,7861.224609375,101,5,2023-04-01
xgboost_slide60,2023-10-01,7507.0,8235.263671875,101,6,2023-04-01
xgboost_slide60,2023-06-01,9151.0,8879.759765625,102,1,2023-05-01
xgboost_slide60,2023-07-01,9183.0,8641.8876953125,102,2,2023-05-01
xgboost_slide60,2023-08-01,8297.0,8008.11865234375,102,3,2023-05-01
xgboost_slide60,2023-09-01,7823.0,7931.80859375,102,4,2023-05-01
xgboost_slide60,2023-10-01,7507.0,8091.408203125,102,5,2023-05-01
xgboost_slide60,2023-11-01,8107.0,7773.77099609375,102,6,2023-05-01
xgboost_slide60,2023-07-01,9183.0,8627.078125,103,1,2023-06-01
xgboost_slide60,2023-08-01,8297.0,8031.07080078125,103,2,2023-06-01
xgboost_slide60,2023-09-01,7823.0,7830.97314453125,103,3,2023-06-01
xgboost_slide60,2023-10-01,7507.0,8113.12451171875,103,4,2023-06-01
xgboost_slide60,2023-11-01,8107.0,7652.09619140625,103,5,2023-06-01
xgboost_slide60,2023-12-01,7504.0,7712.4521484375,103,6,2023-06-01
catboost_slide60,2015-01-01,7184.0,6223.566036922057,1,1,2014-12-01
catboost_slide60,2015-02-01,5958.0,6246.839558541285,1,2,2014-12-01
catboost_slide60,2015-03-01,6658.0,6311.685455813439,1,3,2014-12-01
catboost_slide60,2015-04-01,7069.0,6324.795742965047,1,4,2014-12-01
catboost_slide60,2015-05-01,8099.0,7308.428575636532,1,5,2014-12-01
catboost_slide60,2015-06-01,7868.0,7295.564216593946,1,6,2014-12-01
catboost_slide60,2015-02-01,5958.0,6465.540623018526,2,1,2015-01-01
catboost_slide60,2015-03-01,6658.0,6440.341706414776,2,2,2015-01-01
catboost_slide60,2015-04-01,7069.0,6533.438100189695,2,3,2015-01-01
catboost_slide60,2015-05-01,8099.0,7221.8649240083505,2,4,2015-01-01
catboost_slide60,2015-06-01,7868.0,7391.67426312333,2,5,2015-01-01
catboost_slide60,2015-07-01,7986.0,7355.274363653393,2,6,2015-01-01
catboost_slide60,2015-03-01,6658.0,6497.468969687394,3,1,2015-02-01
catboost_slide60,2015-04-01,7069.0,6397.98755777239,3,2,2015-02-01
catboost_slide60,2015-05-01,8099.0,7206.437973445765,3,3,2015-02-01
catboost_slide60,2015-06-01,7868.0,7387.483728037902,3,4,2015-02-01
catboost_slide60,2015-07-01,7986.0,7722.478012415548,3,5,2015-02-01
catboost_slide60,2015-08-01,7251.0,7336.813018172603,3,6,2015-02-01
catboost_slide60,2015-04-01,7069.0,6464.55763493688,4,1,2015-03-01
catboost_slide60,2015-05-01,8099.0,7209.158400671215,4,2,2015-03-01
catboost_slide60,2015-06-01,7868.0,7424.165439849257,4,3,2015-03-01
catboost_slide60,2015-07-01,7986.0,7712.113022246069,4,4,2015-03-01
catboost_slide60,2015-08-01,7251.0,7410.420848627374,4,5,2015-03-01
catboost_slide60,2015-09-01,7163.0,7050.564093705251,4,6,2015-03-01
catboost_slide60,2015-05-01,8099.0,7207.2249762088,5,1,2015-04-01
catboost_slide60,2015-06-01,7868.0,7519.518306504843,5,2,2015-04-01
catboost_slide60,2015-07-01,7986.0,7658.902155085635,5,3,2015-04-01
catboost_slide60,2015-08-01,7251.0,7323.817451532754,5,4,2015-04-01
catboost_slide60,2015-09-01,7163.0,7015.81157023433,5,5,2015-04-01
catboost_slide60,2015-10-01,6690.0,6939.096817357262,5,6,2015-04-01
catboost_slide60,2015-06-01,7868.0,7529.345994952969,6,1,2015-05-01
catboost_slide60,2015-07-01,7986.0,7650.432697786986,6,2,2015-05-01
catboost_slide60,2015-08-01,7251.0,7437.240120626034,6,3,2015-05-01
catboost_slide60,2015-09-01,7163.0,6842.663267146626,6,4,2015-05-01
catboost_slide60,2015-10-01,6690.0,6914.199317650364,6,5,2015-05-01
catboost_slide60,2015-11-01,6392.0,6706.702664466521,6,6,2015-05-01
catboost_slide60,2015-07-01,7986.0,7661.924843975857,7,1,2015-06-01
catboost_slide60,2015-08-01,7251.0,7434.112388196992,7,2,2015-06-01
catboost_slide60,2015-09-01,7163.0,6907.654688890956,7,3,2015-06-01
catboost_slide60,2015-10-01,6690.0,6931.380253439091,7,4,2015-06-01
catboost_slide60,2015-11-01,6392.0,6701.371089141169,7,5,2015-06-01
catboost_slide60,2015-12-01,6753.0,6877.942905644884,7,6,2015-06-01
catboost_slide60,2015-08-01,7251.0,7595.634424428928,8,1,2015-07-01
catboost_slide60,2015-09-01,7163.0,7002.777905363142,8,2,2015-07-01
catboost_slide60,2015-10-01,6690.0,6949.8876838116485,8,3,2015-07-01
catboost_slide60,2015-11-01,6392.0,6650.36968152186,8,4,2015-07-01
catboost_slide60,2015-12-01,6753.0,6821.398329342144,8,5,2015-07-01
catboost_slide60,2016-01-01,6753.0,6860.317516109416,8,6,2015-07-01
catboost_slide60,2015-09-01,7163.0,6861.06764678478,9,1,2015-08-01
catboost_slide60,2015-10-01,6690.0,6990.666644377394,9,2,2015-08-01
catboost_slide60,2015-11-01,6392.0,6538.2589187491085,9,3,2015-08-01
catboost_slide60,2015-12-01,6753.0,6760.29231475995,9,4,2015-08-01
catboost_slide60,2016-01-01,6753.0,6765.180444314394,9,5,2015-08-01
catboost_slide60,2016-02-01,6385.0,6442.450651186506,9,6,2015-08-01
catboost_slide60,2015-10-01,6690.0,6942.527562738585,10,1,2015-09-01
catboost_slide60,2015-11-01,6392.0,6546.752441188188,10,2,2015-09-01
catboost_slide60,2015-12-01,6753.0,6823.270531692201,10,3,2015-09-01
catboost_slide60,2016-01-01,6753.0,6839.612993649495,10,4,2015-09-01
catboost_slide60,2016-02-01,6385.0,6533.73840386396,10,5,2015-09-01
catboost_slide60,2016-03-01,7164.0,6764.548258671385,10,6,2015-09-01
catboost_slide60,2015-11-01,6392.0,6521.1191972404,11,1,2015-10-01
catboost_slide60,2015-12-01,6753.0,6765.243716527555,11,2,2015-10-01
catboost_slide60,2016-01-01,6753.0,6828.147360133385,11,3,2015-10-01
catboost_slide60,2016-02-01,6385.0,6500.610489971819,11,4,2015-10-01
catboost_slide60,2016-03-01,7164.0,6777.095051997791,11,5,2015-10-01
catboost_slide60,2016-04-01,7192.0,7236.637829997608,11,6,2015-10-01
catboost_slide60,2015-12-01,6753.0,6672.012313126733,12,1,2015-11-01
catboost_slide60,2016-01-01,6753.0,6730.06790022762,12,2,2015-11-01
catboost_slide60,2016-02-01,6385.0,6392.810429209367,12,3,2015-11-01
catboost_slide60,2016-03-01,7164.0,6765.831291107381,12,4,2015-11-01
catboost_slide60,2016-04-01,7192.0,7161.678441447127,12,5,2015-11-01
catboost_slide60,2016-05-01,7743.0,7524.967285508314,12,6,2015-11-01
catboost_slide60,2016-01-01,6753.0,6800.542506350629,13,1,2015-12-01
catboost_slide60,2016-02-01,6385.0,6352.841372438982,13,2,2015-12-01
catboost_slide60,2016-03-01,7164.0,6652.634599323067,13,3,2015-12-01
catboost_slide60,2016-04-01,7192.0,7134.585699334467,13,4,2015-12-01
catboost_slide60,2016-05-01,7743.0,7528.412810335805,13,5,2015-12-01
catboost_slide60,2016-06-01,8767.0,7581.557501642065,13,6,2015-12-01
catboost_slide60,2016-02-01,6385.0,6406.367719875985,14,1,2016-01-01
catboost_slide60,2016-03-01,7164.0,6775.108887993284,14,2,2016-01-01
catboost_slide60,2016-04-01,7192.0,7184.360888003112,14,3,2016-01-01
catboost_slide60,2016-05-01,7743.0,7526.079565387301,14,4,2016-01-01
catboost_slide60,2016-06-01,8767.0,7632.483422051989,14,5,2016-01-01
catboost_slide60,2016-07-01,8479.0,7581.197295511489,14,6,2016-01-01
catboost_slide60,2016-03-01,7164.0,6746.61313312676,15,1,2016-02-01
catboost_slide60,2016-04-01,7192.0,7183.41663560319,15,2,2016-02-01
catboost_slide60,2016-05-01,7743.0,7515.682443645234,15,3,2016-02-01
catboost_slide60,2016-06-01,8767.0,7623.153447159201,15,4,2016-02-01
catboost_slide60,2016-07-01,8479.0,7588.125665781616,15,5,2016-02-01
catboost_slide60,2016-08-01,7890.0,7384.713876415466,15,6,2016-02-01
catboost_slide60,2016-04-01,7192.0,7260.43067935023,16,1,2016-03-01
catboost_slide60,2016-05-01,7743.0,7643.7755730338595,16,2,2016-03-01
catboost_slide60,2016-06-01,8767.0,7697.554506246492,16,3,2016-03-01
catboost_slide60,2016-07-01,8479.0,7585.514338210206,16,4,2016-03-01
catboost_slide60,2016-08-01,7890.0,7379.992990974441,16,5,2016-03-01
catboost_slide60,2016-09-01,7317.0,7014.289908991907,16,6,2016-03-01
catboost_slide60,2016-05-01,7743.0,7639.433719297118,17,1,2016-04-01
catboost_slide60,2016-06-01,8767.0,7563.5588201688015,17,2,2016-04-01
catboost_slide60,2016-07-01,8479.0,7464.326337581681,17,3,2016-04-01
catboost_slide60,2016-08-01,7890.0,7345.371776067374,17,4,2016-04-01
catboost_slide60,2016-09-01,7317.0,6957.419426801903,17,5,2016-04-01
catboost_slide60,2016-10-01,7426.0,6753.876422301957,17,6,2016-04-01
catboost_slide60,2016-06-01,8767.0,7628.1338088681405,18,1,2016-05-01
catboost_slide60,2016-07-01,8479.0,7527.584158282178,18,2,2016-05-01
catboost_slide60,2016-08-01,7890.0,7347.224358761433,18,3,2016-05-01
catboost_slide60,2016-09-01,7317.0,6893.451000658351,18,4,2016-05-01
catboost_slide60,2016-10-01,7426.0,6673.512672658997,18,5,2016-05-01
catboost_slide60,2016-11-01,6700.0,6712.109249381531,18,6,2016-05-01
catboost_slide60,2016-07-01,8479.0,7607.823381262509,19,1,2016-06-01
catboost_slide60,2016-08-01,7890.0,7366.905726115827,19,2,2016-06-01
catboost_slide60,2016-09-01,7317.0,7088.025583315821,19,3,2016-06-01
catboost_slide60,2016-10-01,7426.0,6688.268987566371,19,4,2016-06-01
catboost_slide60,2016-11-01,6700.0,6667.969459893261,19,5,2016-06-01
catboost_slide60,2016-12-01,6994.0,6656.214560145571,19,6,2016-06-01
catboost_slide60,2016-08-01,7890.0,7482.822743677069,20,1,2016-07-01
catboost_slide60,2016-09-01,7317.0,6961.837791199705,20,2,2016-07-01
catboost_slide60,2016-10-01,7426.0,6727.709324954761,20,3,2016-07-01
catboost_slide60,2016-11-01,6700.0,6611.432055526294,20,4,2016-07-01
catboost_slide60,2016-12-01,6994.0,6617.299909657372,20,5,2016-07-01
catboost_slide60,2017-01-01,6788.0,6681.71780171129,20,6,2016-07-01
catboost_slide60,2016-09-01,7317.0,7157.172465434918,21,1,2016-08-01
catboost_slide60,2016-10-01,7426.0,6653.2153209686485,21,2,2016-08-01
catboost_slide60,2016-11-01,6700.0,6629.891930089115,21,3,2016-08-01
catboost_slide60,2016-12-01,6994.0,6649.684829358936,21,4,2016-08-01
catboost_slide60,2017-01-01,6788.0,6601.200750275669,21,5,2016-08-01
catboost_slide60,2017-02-01,6271.0,6766.562860073633,21,6,2016-08-01
catboost_slide60,2016-10-01,7426.0,6814.425465689287,22,1,2016-09-01
catboost_slide60,2016-11-01,6700.0,6626.53514707616,22,2,2016-09-01
catboost_slide60,2016-12-01,6994.0,6563.143174570108,22,3,2016-09-01
catboost_slide60,2017-01-01,6788.0,6610.553722436453,22,4,2016-09-01
catboost_slide60,2017-02-01,6271.0,6779.1898170157465,22,5,2016-09-01
catboost_slide60,2017-03-01,6794.0,7058.244503239414,22,6,2016-09-01
catboost_slide60,2016-11-01,6700.0,6954.404883693349,23,1,2016-10-01
catboost_slide60,2016-12-01,6994.0,6744.733328069692,23,2,2016-10-01
catboost_slide60,2017-01-01,6788.0,6688.451546787583,23,3,2016-10-01
catboost_slide60,2017-02-01,6271.0,6812.354127542789,23,4,2016-10-01
catboost_slide60,2017-03-01,6794.0,7111.099649239943,23,5,2016-10-01
catboost_slide60,2017-04-01,6884.0,7185.83019393514,23,6,2016-10-01
catboost_slide60,2016-12-01,6994.0,6736.029933855372,24,1,2016-11-01
catboost_slide60,2017-01-01,6788.0,6662.104438292373,24,2,2016-11-01
catboost_slide60,2017-02-01,6271.0,6717.456819540331,24,3,2016-11-01
catboost_slide60,2017-03-01,6794.0,7124.309857165976,24,4,2016-11-01
catboost_slide60,2017-04-01,6884.0,7203.461491419373,24,5,2016-11-01
catboost_slide60,2017-05-01,7651.0,7747.674796457903,24,6,2016-11-01
catboost_slide60,2017-01-01,6788.0,6789.305688245335,25,1,2016-12-01
catboost_slide60,2017-02-01,6271.0,6700.044653207411,25,2,2016-12-01
catboost_slide60,2017-03-01,6794.0,7151.584981848871,25,3,2016-12-01
catboost_slide60,2017-04-01,6884.0,7265.303903658919,25,4,2016-12-01
catboost_slide60,2017-05-01,7651.0,7643.144870383549,25,5,2016-12-01
catboost_slide60,2017-06-01,8009.0,8074.853834098595,25,6,2016-12-01
catboost_slide60,2017-02-01,6271.0,6779.521381414656,26,1,2017-01-01
catboost_slide60,2017-03-01,6794.0,7191.458162021176,26,2,2017-01-01
catboost_slide60,2017-04-01,6884.0,7344.136239948685,26,3,2017-01-01
catboost_slide60,2017-05-01,7651.0,7756.878212288651,26,4,2017-01-01
catboost_slide60,2017-06-01,8009.0,8164.57108786957,26,5,2017-01-01
catboost_slide60,2017-07-01,8694.0,8279.834796356778,26,6,2017-01-01
catboost_slide60,2017-03-01,6794.0,6986.94902297783,27,1,2017-02-01
catboost_slide60,2017-04-01,6884.0,7194.633224573763,27,2,2017-02-01
catboost_slide60,2017-05-01,7651.0,7690.000442477082,27,3,2017-02-01
catboost_slide60,2017-06-01,8009.0,8039.957739900199,27,4,2017-02-01
catboost_slide60,2017-07-01,8694.0,8160.826312807756,27,5,2017-02-01
catboost_slide60,2017-08-01,8130.0,7941.401032518292,27,6,2017-02-01
catboost_slide60,2017-04-01,6884.0,7019.3033428210565,28,1,2017-03-01
catboost_slide60,2017-05-01,7651.0,7572.449119980773,28,2,2017-03-01
catboost_slide60,2017-06-01,8009.0,7860.768677974735,28,3,2017-03-01
catboost_slide60,2017-07-01,8694.0,8043.9536006225935,28,4,2017-03-01
catboost_slide60,2017-08-01,8130.0,8075.133735918491,28,5,2017-03-01
catboost_slide60,2017-09-01,7446.0,7847.591949732719,28,6,2017-03-01
catboost_slide60,2017-05-01,7651.0,7452.806754008401,29,1,2017-04-01
catboost_slide60,2017-06-01,8009.0,7799.459396084975,29,2,2017-04-01
catboost_slide60,2017-07-01,8694.0,8058.802178254475,29,3,2017-04-01
catboost_slide60,2017-08-01,8130.0,8125.746848127044,29,4,2017-04-01
catboost_slide60,2017-09-01,7446.0,7887.779606855234,29,5,2017-04-01
catboost_slide60,2017-10-01,7282.0,7528.784652710371,29,6,2017-04-01
catboost_slide60,2017-06-01,8009.0,7877.900685561102,30,1,2017-05-01
catboost_slide60,2017-07-01,8694.0,8146.078554857637,30,2,2017-05-01
catboost_slide60,2017-08-01,8130.0,8143.590311707906,30,3,2017-05-01
catboost_slide60,2017-09-01,7446.0,7843.737327391119,30,4,2017-05-01
catboost_slide60,2017-10-01,7282.0,7564.478445362713,30,5,2017-05-01
catboost_slide60,2017-11-01,6830.0,7065.340043299793,30,6,2017-05-01
catboost_slide60,2017-07-01,8694.0,8135.087646542838,31,1,2017-06-01
catboost_slide60,2017-08-01,8130.0,8039.108963946814,31,2,2017-06-01
catboost_slide60,2017-09-01,7446.0,7761.978857976211,31,3,2017-06-01
catboost_slide60,2017-10-01,7282.0,7528.549048180326,31,4,2017-06-01
catboost_slide60,2017-11-01,6830.0,6999.469598320149,31,5,2017-06-01
catboost_slide60,2017-12-01,6946.0,6745.231333066682,31,6,2017-06-01
catboost_slide60,2017-08-01,8130.0,8123.439691265209,32,1,2017-07-01
catboost_slide60,2017-09-01,7446.0,7883.570682243222,32,2,2017-07-01
catboost_slide60,2017-10-01,7282.0,7432.617381639062,32,3,2017-07-01
catboost_slide60,2017-11-01,6830.0,7237.006733838971,32,4,2017-07-01
catboost_slide60,2017-12-01,6946.0,6821.737912662804,32,5,2017-07-01
catboost_slide60,2018-01-01,6886.0,6832.776331320179,32,6,2017-07-01
catboost_slide60,2017-09-01,7446.0,7883.435635974998,33,1,2017-08-01
catboost_slide60,2017-10-01,7282.0,7504.696466462026,33,2,2017-08-01
catboost_slide60,2017-11-01,6830.0,7183.360252815534,33,3,2017-08-01
catboost_slide60,2017-12-01,6946.0,6839.736577100659,33,4,2017-08-01
catboost_slide60,2018-01-01,6886.0,6787.73145178474,33,5,2017-08-01
catboost_slide60,2018-02-01,5960.0,6534.30470209673,33,6,2017-08-01
catboost_slide60,2017-10-01,7282.0,7340.521537363415,34,1,2017-09-01
catboost_slide60,2017-11-01,6830.0,7173.797242463313,34,2,2017-09-01
catboost_slide60,2017-12-01,6946.0,6753.3056785636345,34,3,2017-09-01
catboost_slide60,2018-01-01,6886.0,6802.495214682872,34,4,2017-09-01
catboost_slide60,2018-02-01,5960.0,6517.053081659661,34,5,2017-09-01
catboost_slide60,2018-03-01,6930.0,6670.839001371905,34,6,2017-09-01
catboost_slide60,2017-11-01,6830.0,7122.831685934433,35,1,2017-10-01
catboost_slide60,2017-12-01,6946.0,6722.566452411408,35,2,2017-10-01
catboost_slide60,2018-01-01,6886.0,6841.297207558951,35,3,2017-10-01
catboost_slide60,2018-02-01,5960.0,6508.567061223967,35,4,2017-10-01
catboost_slide60,2018-03-01,6930.0,6637.787266253309,35,5,2017-10-01
catboost_slide60,2018-04-01,6769.0,6926.452852248257,35,6,2017-10-01
catboost_slide60,2017-12-01,6946.0,6769.211948332922,36,1,2017-11-01
catboost_slide60,2018-01-01,6886.0,6751.955459113202,36,2,2017-11-01
catboost_slide60,2018-02-01,5960.0,6460.960275455221,36,3,2017-11-01
catboost_slide60,2018-03-01,6930.0,6709.692499199536,36,4,2017-11-01
catboost_slide60,2018-04-01,6769.0,6970.766977431919,36,5,2017-11-01
catboost_slide60,2018-05-01,7511.0,7391.633084546734,36,6,2017-11-01
catboost_slide60,2018-01-01,6886.0,6799.9744618477935,37,1,2017-12-01
catboost_slide60,2018-02-01,5960.0,6468.604907278159,37,2,2017-12-01
catboost_slide60,2018-03-01,6930.0,6762.389103504164,37,3,2017-12-01
catboost_slide60,2018-04-01,6769.0,6939.530682155689,37,4,2017-12-01
catboost_slide60,2018-05-01,7511.0,7452.532521494854,37,5,2017-12-01
catboost_slide60,2018-06-01,8057.0,7903.219818547664,37,6,2017-12-01
catboost_slide60,2018-02-01,5960.0,6513.036320774092,38,1,2018-01-01
catboost_slide60,2018-03-01,6930.0,6722.407565605294,38,2,2018-01-01
catboost_slide60,2018-04-01,6769.0,6995.835993294294,38,3,2018-01-01
catboost_slide60,2018-05-01,7511.0,7523.991938644392,38,4,2018-01-01
catboost_slide60,2018-06-01,8057.0,7887.801923152954,38,5,2018-01-01
catboost_slide60,2018-07-01,8175.0,8334.041163318103,38,6,2018-01-01
catboost_slide60,2018-03-01,6930.0,6668.742803103892,39,1,2018-02-01
catboost_slide60,2018-04-01,6769.0,6889.284451642025,39,2,2018-02-01
catboost_slide60,2018-05-01,7511.0,7536.002937763494,39,3,2018-02-01
catboost_slide60,2018-06-01,8057.0,7828.589940653234,39,4,2018-02-01
catboost_slide60,2018-07-01,8175.0,8366.329583215433,39,5,2018-02-01
catboost_slide60,2018-08-01,8328.0,8120.928744035802,39,6,2018-02-01
catboost_slide60,2018-04-01,6769.0,6970.435976093489,40,1,2018-03-01
catboost_slide60,2018-05-01,7511.0,7467.146203847242,40,2,2018-03-01
catboost_slide60,2018-06-01,8057.0,7918.012793664973,40,3,2018-03-01
catboost_slide60,2018-07-01,8175.0,8358.891523818067,40,4,2018-03-01
catboost_slide60,2018-08-01,8328.0,8150.312704525248,40,5,2018-03-01
catboost_slide60,2018-09-01,7325.0,7646.323439883323,40,6,2018-03-01
catboost_slide60,2018-05-01,7511.0,7635.366069159238,41,1,2018-04-01
catboost_slide60,2018-06-01,8057.0,8054.129762266445,41,2,2018-04-01
catboost_slide60,2018-07-01,8175.0,8314.384677764097,41,3,2018-04-01
catboost_slide60,2018-08-01,8328.0,8103.101122680311,41,4,2018-04-01
catboost_slide60,2018-09-01,7325.0,7530.639977771277,41,5,2018-04-01
catboost_slide60,2018-10-01,7202.0,7234.736682578337,41,6,2018-04-01
catboost_slide60,2018-06-01,8057.0,7907.655671264627,42,1,2018-05-01
catboost_slide60,2018-07-01,8175.0,8240.283950648745,42,2,2018-05-01
catboost_slide60,2018-08-01,8328.0,8144.951163316953,42,3,2018-05-01
catboost_slide60,2018-09-01,7325.0,7737.197625318602,42,4,2018-05-01
catboost_slide60,2018-10-01,7202.0,7374.852385170284,42,5,2018-05-01
catboost_slide60,2018-11-01,7161.0,6946.230310746073,42,6,2018-05-01
catboost_slide60,2018-07-01,8175.0,8292.846265524138,43,1,2018-06-01
catboost_slide60,2018-08-01,8328.0,8145.265993957059,43,2,2018-06-01
catboost_slide60,2018-09-01,7325.0,7627.858829792237,43,3,2018-06-01
catboost_slide60,2018-10-01,7202.0,7272.036303032343,43,4,2018-06-01
catboost_slide60,2018-11-01,7161.0,6916.439891662016,43,5,2018-06-01
catboost_slide60,2018-12-01,7409.0,6873.268120749128,43,6,2018-06-01
catboost_slide60,2018-08-01,8328.0,8152.7840606374975,44,1,2018-07-01
catboost_slide60,2018-09-01,7325.0,7556.644931389218,44,2,2018-07-01
catboost_slide60,2018-10-01,7202.0,7267.966113084464,44,3,2018-07-01
catboost_slide60,2018-11-01,7161.0,6905.6097464332925,44,4,2018-07-01
catboost_slide60,2018-12-01,7409.0,6862.644243929103,44,5,2018-07-01
catboost_slide60,2019-01-01,7117.0,6878.310205314951,44,6,2018-07-01
catboost_slide60,2018-09-01,7325.0,7637.548849657151,45,1,2018-08-01
catboost_slide60,2018-10-01,7202.0,7345.258724268026,45,2,2018-08-01
catboost_slide60,2018-11-01,7161.0,6958.999562623308,45,3,2018-08-01
catboost_slide60,2018-12-01,7409.0,6835.352272509088,45,4,2018-08-01
catboost_slide60,2019-01-01,7117.0,6889.441941950343,45,5,2018-08-01
catboost_slide60,2019-02-01,6307.0,6159.349773596325,45,6,2018-08-01
catboost_slide60,2018-10-01,7202.0,7258.584716040138,46,1,2018-09-01
catboost_slide60,2018-11-01,7161.0,6897.859380681344,46,2,2018-09-01
catboost_slide60,2018-12-01,7409.0,6926.211586855938,46,3,2018-09-01
catboost_slide60,2019-01-01,7117.0,6819.344526188904,46,4,2018-09-01
catboost_slide60,2019-02-01,6307.0,6140.539604589578,46,5,2018-09-01
catboost_slide60,2019-03-01,7067.0,6870.15813273876,46,6,2018-09-01
catboost_slide60,2018-11-01,7161.0,6867.454921458353,47,1,2018-10-01
catboost_slide60,2018-12-01,7409.0,6940.859414176838,47,2,2018-10-01
catboost_slide60,2019-01-01,7117.0,6811.807299238953,47,3,2018-10-01
catboost_slide60,2019-02-01,6307.0,6101.017854954858,47,4,2018-10-01
catboost_slide60,2019-03-01,7067.0,6833.525020940126,47,5,2018-10-01
catboost_slide60,2019-04-01,7108.0,6869.256471053801,47,6,2018-10-01
catboost_slide60,2018-12-01,7409.0,6890.941964914035,48,1,2018-11-01
catboost_slide60,2019-01-01,7117.0,6839.385259061603,48,2,2018-11-01
catboost_slide60,2019-02-01,6307.0,6250.30440977873,48,3,2018-11-01
catboost_slide60,2019-03-01,7067.0,6797.166157229972,48,4,2018-11-01
catboost_slide60,2019-04-01,7108.0,6909.564302269392,48,5,2018-11-01
catboost_slide60,2019-05-01,7776.0,7490.065898603829,48,6,2018-11-01
catboost_slide60,2019-01-01,7117.0,6874.761224581162,49,1,2018-12-01
catboost_slide60,2019-02-01,6307.0,6379.820899776632,49,2,2018-12-01
catboost_slide60,2019-03-01,7067.0,6762.648582688422,49,3,2018-12-01
catboost_slide60,2019-04-01,7108.0,6870.065062356295,49,4,2018-12-01
catboost_slide60,2019-05-01,7776.0,7407.362389662429,49,5,2018-12-01
catboost_slide60,2019-06-01,8274.0,7779.036142238796,49,6,2018-12-01
catboost_slide60,2019-02-01,6307.0,6346.612412684919,50,1,2019-01-01
catboost_slide60,2019-03-01,7067.0,6801.912731769045,50,2,2019-01-01
catboost_slide60,2019-04-01,7108.0,6911.442735526314,50,3,2019-01-01
catboost_slide60,2019-05-01,7776.0,7401.631078401913,50,4,2019-01-01
catboost_slide60,2019-06-01,8274.0,7698.182684721797,50,5,2019-01-01
catboost_slide60,2019-07-01,8919.0,8060.740627094344,50,6,2019-01-01
catboost_slide60,2019-03-01,7067.0,6845.3507788479465,51,1,2019-02-01
catboost_slide60,2019-04-01,7108.0,6845.245514543231,51,2,2019-02-01
catboost_slide60,2019-05-01,7776.0,7379.334534827167,51,3,2019-02-01
catboost_slide60,2019-06-01,8274.0,7732.661727462819,51,4,2019-02-01
catboost_slide60,2019-07-01,8919.0,8035.783345124125,51,5,2019-02-01
catboost_slide60,2019-08-01,8180.0,8122.841409177541,51,6,2019-02-01
catboost_slide60,2019-04-01,7108.0,6905.586573748697,52,1,2019-03-01
catboost_slide60,2019-05-01,7776.0,7318.488234621497,52,2,2019-03-01
catboost_slide60,2019-06-01,8274.0,7754.952880498038,52,3,2019-03-01
catboost_slide60,2019-07-01,8919.0,8015.009077610158,52,4,2019-03-01
catboost_slide60,2019-08-01,8180.0,8071.733172872473,52,5,2019-03-01
catboost_slide60,2019-09-01,7664.0,7481.643004764053,52,6,2019-03-01
catboost_slide60,2019-05-01,7776.0,7363.864227430237,53,1,2019-04-01
catboost_slide60,2019-06-01,8274.0,7746.907886148061,53,2,2019-04-01
catboost_slide60,2019-07-01,8919.0,8044.447958573055,53,3,2019-04-01
catboost_slide60,2019-08-01,8180.0,8090.132583495153,53,4,2019-04-01
catboost_slide60,2019-09-01,7664.0,7506.497443714278,53,5,2019-04-01
catboost_slide60,2019-10-01,7254.0,7381.456351546751,53,6,2019-04-01
catboost_slide60,2019-06-01,8274.0,7923.880853447322,54,1,2019-05-01
catboost_slide60,2019-07-01,8919.0,8072.237420880247,54,2,2019-05-01
catboost_slide60,2019-08-01,8180.0,8002.514048882727,54,3,2019-05-01
catboost_slide60,2019-09-01,7664.0,7504.501288995312,54,4,2019-05-01
catboost_slide60,2019-10-01,7254.0,7342.638727404148,54,5,2019-05-01
catboost_slide60,2019-11-01,6785.0,7133.83141257036,54,6,2019-05-01
catboost_slide60,2019-07-01,8919.0,8113.781816025434,55,1,2019-06-01
catboost_slide60,2019-08-01,8180.0,8046.501436742242,55,2,2019-06-01
catboost_slide60,2019-09-01,7664.0,7550.729563769559,55,3,2019-06-01
catboost_slide60,2019-10-01,7254.0,7332.043827249561,55,4,2019-06-01
catboost_slide60,2019-11-01,6785.0,7121.787456351739,55,5,2019-06-01
catboost_slide60,2019-12-01,6987.0,7161.888541666466,55,6,2019-06-01
catboost_slide60,2019-08-01,8180.0,8096.156312234214,56,1,2019-07-01
catboost_slide60,2019-09-01,7664.0,7616.870818928357,56,2,2019-07-01
catboost_slide60,2019-10-01,7254.0,7453.1540025698305,56,3,2019-07-01
catboost_slide60,2019-11-01,6785.0,7273.505688055454,56,4,2019-07-01
catboost_slide60,2019-12-01,6987.0,7195.783275191932,56,5,2019-07-01
catboost_slide60,2020-01-01,7194.0,7043.323089844322,56,6,2019-07-01
catboost_slide60,2019-09-01,7664.0,7493.95545585918,57,1,2019-08-01
catboost_slide60,2019-10-01,7254.0,7471.940530695156,57,2,2019-08-01
catboost_slide60,2019-11-01,6785.0,7274.109952631158,57,3,2019-08-01
catboost_slide60,2019-12-01,6987.0,7288.583994611862,57,4,2019-08-01
catboost_slide60,2020-01-01,7194.0,7087.035156423864,57,5,2019-08-01
catboost_slide60,2020-02-01,6848.0,6282.041003685122,57,6,2019-08-01
catboost_slide60,2019-10-01,7254.0,7455.412409518759,58,1,2019-09-01
catboost_slide60,2019-11-01,6785.0,7339.484466850844,58,2,2019-09-01
catboost_slide60,2019-12-01,6987.0,7278.817678490336,58,3,2019-09-01
catboost_slide60,2020-01-01,7194.0,7072.416184203199,58,4,2019-09-01
catboost_slide60,2020-02-01,6848.0,6270.738493907421,58,5,2019-09-01
catboost_slide60,2020-03-01,7324.0,6964.611344276436,58,6,2019-09-01
catboost_slide60,2019-11-01,6785.0,7276.935946201099,59,1,2019-10-01
catboost_slide60,2019-12-01,6987.0,7261.394293586016,59,2,2019-10-01
catboost_slide60,2020-01-01,7194.0,7140.085740864038,59,3,2019-10-01
catboost_slide60,2020-02-01,6848.0,6286.143125451435,59,4,2019-10-01
catboost_slide60,2020-03-01,7324.0,6948.102629162566,59,5,2019-10-01
catboost_slide60,2020-04-01,5978.0,6925.902358098134,59,6,2019-10-01
catboost_slide60,2019-12-01,6987.0,7015.813975662499,60,1,2019-11-01
catboost_slide60,2020-01-01,7194.0,6887.656692595527,60,2,2019-11-01
catboost_slide60,2020-02-01,6848.0,6069.90240877341,60,3,2019-11-01
catboost_slide60,2020-03-01,7324.0,6858.610182934379,60,4,2019-11-01
catboost_slide60,2020-04-01,5978.0,6821.996818126258,60,5,2019-11-01
catboost_slide60,2020-05-01,7062.0,7694.9311037810685,60,6,2019-11-01
catboost_slide60,2020-01-01,7194.0,6888.964082682688,61,1,2019-12-01
catboost_slide60,2020-02-01,6848.0,6090.326505653912,61,2,2019-12-01
catboost_slide60,2020-03-01,7324.0,6872.682578231437,61,3,2019-12-01
catboost_slide60,2020-04-01,5978.0,6836.581505269553,61,4,2019-12-01
catboost_slide60,2020-05-01,7062.0,7664.742370199856,61,5,2019-12-01
catboost_slide60,2020-06-01,6948.0,8070.791885456937,61,6,2019-12-01
catboost_slide60,2020-02-01,6848.0,6126.841361214945,62,1,2020-01-01
catboost_slide60,2020-03-01,7324.0,6928.368363575487,62,2,2020-01-01
catboost_slide60,2020-04-01,5978.0,6903.420356078294,62,3,2020-01-01
catboost_slide60,2020-05-01,7062.0,7680.530139115559,62,4,2020-01-01
catboost_slide60,2020-06-01,6948.0,8087.308339381322,62,5,2020-01-01
catboost_slide60,2020-07-01,7392.0,8393.448030545518,62,6,2020-01-01
catboost_slide60,2020-03-01,7324.0,6869.634745173217,63,1,2020-02-01
catboost_slide60,2020-04-01,5978.0,7009.993042850768,63,2,2020-02-01
catboost_slide60,2020-05-01,7062.0,7722.322919497218,63,3,2020-02-01
catboost_slide60,2020-06-01,6948.0,8114.528476469774,63,4,2020-02-01
catboost_slide60,2020-07-01,7392.0,8337.675354476083,63,5,2020-02-01
catboost_slide60,2020-08-01,7678.0,8291.740725950962,63,6,2020-02-01
catboost_slide60,2020-04-01,5978.0,7106.147311487312,64,1,2020-03-01
catboost_slide60,2020-05-01,7062.0,7850.841243133945,64,2,2020-03-01
catboost_slide60,2020-06-01,6948.0,8253.95206399672,64,3,2020-03-01
catboost_slide60,2020-07-01,7392.0,8277.590048545706,64,4,2020-03-01
catboost_slide60,2020-08-01,7678.0,8190.802020988754,64,5,2020-03-01
catboost_slide60,2020-09-01,7005.0,7528.941015808966,64,6,2020-03-01
catboost_slide60,2020-05-01,7062.0,7716.171310013882,65,1,2020-04-01
catboost_slide60,2020-06-01,6948.0,8136.322465378262,65,2,2020-04-01
catboost_slide60,2020-07-01,7392.0,8013.93622547665,65,3,2020-04-01
catboost_slide60,2020-08-01,7678.0,8251.974310336644,65,4,2020-04-01
catboost_slide60,2020-09-01,7005.0,7496.113731382656,65,5,2020-04-01
catboost_slide60,2020-10-01,7385.0,7345.041373502317,65,6,2020-04-01
catboost_slide60,2020-06-01,6948.0,7878.443668931518,66,1,2020-05-01
catboost_slide60,2020-07-01,7392.0,7996.89375933588,66,2,2020-05-01
catboost_slide60,2020-08-01,7678.0,8406.08290788235,66,3,2020-05-01
catboost_slide60,2020-09-01,7005.0,7774.815669569824,66,4,2020-05-01
catboost_slide60,2020-10-01,7385.0,7441.829750367229,66,5,2020-05-01
catboost_slide60,2020-11-01,6872.0,7251.204714048024,66,6,2020-05-01
catboost_slide60,2020-07-01,7392.0,7530.316096304377,67,1,2020-06-01
catboost_slide60,2020-08-01,7678.0,8050.567239260458,67,2,2020-06-01
catboost_slide60,2020-09-01,7005.0,8023.798607460515,67,3,2020-06-01
catboost_slide60,2020-10-01,7385.0,7803.359559609073,67,4,2020-06-01
catboost_slide60,2020-11-01,6872.0,7379.535734746326,67,5,2020-06-01
catboost_slide60,2020-12-01,6781.0,7255.035710937636,67,6,2020-06-01
catboost_slide60,2020-08-01,7678.0,7848.629809152762,68,1,2020-07-01
catboost_slide60,2020-09-01,7005.0,7828.278460903249,68,2,2020-07-01
catboost_slide60,2020-10-01,7385.0,7875.018550498885,68,3,2020-07-01
catboost_slide60,2020-11-01,6872.0,7457.18476892303,68,4,2020-07-01
catboost_slide60,2020-12-01,6781.0,7270.990170289618,68,5,2020-07-01
catboost_slide60,2021-01-01,6917.0,7061.382676194487,68,6,2020-07-01
catboost_slide60,2020-09-01,7005.0,7845.690755131221,69,1,2020-08-01
catboost_slide60,2020-10-01,7385.0,7732.079222011316,69,2,2020-08-01
catboost_slide60,2020-11-01,6872.0,7451.147250097846,69,3,2020-08-01
catboost_slide60,2020-12-01,6781.0,7274.385879009203,69,4,2020-08-01
catboost_slide60,2021-01-01,6917.0,7044.492693747384,69,5,2020-08-01
catboost_slide60,2021-02-01,6217.0,7143.034147911461,69,6,2020-08-01
catboost_slide60,2020-10-01,7385.0,7383.966497220625,70,1,2020-09-01
catboost_slide60,2020-11-01,6872.0,7242.618964323393,70,2,2020-09-01
catboost_slide60,2020-12-01,6781.0,7182.927082957629,70,3,2020-09-01
catboost_slide60,2021-01-01,6917.0,7145.138554534055,70,4,2020-09-01
catboost_slide60,2021-02-01,6217.0,7222.968451843975,70,5,2020-09-01
catboost_slide60,2021-03-01,7569.0,7363.762062630048,70,6,2020-09-01
catboost_slide60,2020-11-01,6872.0,7203.728389259197,71,1,2020-10-01
catboost_slide60,2020-12-01,6781.0,7123.313007519371,71,2,2020-10-01
catboost_slide60,2021-01-01,6917.0,7181.209659918167,71,3,2020-10-01
catboost_slide60,2021-02-01,6217.0,7272.992878707178,71,4,2020-10-01
catboost_slide60,2021-03-01,7569.0,7260.05357583705,71,5,2020-10-01
catboost_slide60,2021-04-01,6917.0,6693.846760029752,71,6,2020-10-01
catboost_slide60,2020-12-01,6781.0,7028.58813158724,72,1,2020-11-01
catboost_slide60,2021-01-01,6917.0,7110.3985656038685,72,2,2020-11-01
catboost_slide60,2021-02-01,6217.0,7166.028488909526,72,3,2020-11-01
catboost_slide60,2021-03-01,7569.0,7262.65500894469,72,4,2020-11-01
catboost_slide60,2021-04-01,6917.0,6695.071761834352,72,5,2020-11-01
catboost_slide60,2021-05-01,8253.0,7168.035822666018,72,6,2020-11-01
catboost_slide60,2021-01-01,6917.0,7087.51350276293,73,1,2020-12-01
catboost_slide60,2021-02-01,6217.0,7168.013825097398,73,2,2020-12-01
catboost_slide60,2021-03-01,7569.0,7301.956912567643,73,3,2020-12-01
catboost_slide60,2021-04-01,6917.0,6813.552920649994,73,4,2020-12-01
catboost_slide60,2021-05-01,8253.0,7185.504738528894,73,5,2020-12-01
catboost_slide60,2021-06-01,8153.0,7186.790884579122,73,6,2020-12-01
catboost_slide60,2021-02-01,6217.0,7064.06781025122,74,1,2021-01-01
catboost_slide60,2021-03-01,7569.0,7246.605486592817,74,2,2021-01-01
catboost_slide60,2021-04-01,6917.0,6794.328490767966,74,3,2021-01-01
catboost_slide60,2021-05-01,8253.0,7136.525276122191,74,4,2021-01-01
catboost_slide60,2021-06-01,8153.0,7135.588159151829,74,5,2021-01-01
catboost_slide60,2021-07-01,9251.0,7224.069917077415,74,6,2021-01-01
catboost_slide60,2021-03-01,7569.0,7104.489540547028,75,1,2021-02-01
catboost_slide60,2021-04-01,6917.0,6834.82299300336,75,2,2021-02-01
catboost_slide60,2021-05-01,8253.0,7086.051647891854,75,3,2021-02-01
catboost_slide60,2021-06-01,8153.0,7144.161877407409,75,4,2021-02-01
catboost_slide60,2021-07-01,9251.0,7228.231034350808,75,5,2021-02-01
catboost_slide60,2021-08-01,8830.0,7388.715596408195,75,6,2021-02-01
catboost_slide60,2021-04-01,6917.0,6961.934464022915,76,1,2021-03-01
catboost_slide60,2021-05-01,8253.0,7294.470656849156,76,2,2021-03-01
catboost_slide60,2021-06-01,8153.0,7268.321433857882,76,3,2021-03-01
catboost_slide60,2021-07-01,9251.0,7206.111145057912,76,4,2021-03-01
catboost_slide60,2021-08-01,8830.0,7309.827747843588,76,5,2021-03-01
catboost_slide60,2021-09-01,7512.0,6832.779380302409,76,6,2021-03-01
catboost_slide60,2021-05-01,8253.0,7250.668723914927,77,1,2021-04-01
catboost_slide60,2021-06-01,8153.0,7111.696426285833,77,2,2021-04-01
catboost_slide60,2021-07-01,9251.0,7357.016094385897,77,3,2021-04-01
catboost_slide60,2021-08-01,8830.0,7391.89385611886,77,4,2021-04-01
catboost_slide60,2021-09-01,7512.0,6757.151696652509,77,5,2021-04-01
catboost_slide60,2021-10-01,7656.0,7141.54444977441,77,6,2021-04-01
catboost_slide60,2021-06-01,8153.0,7640.601228345693,78,1,2021-05-01
catboost_slide60,2021-07-01,9251.0,7491.272179829553,78,2,2021-05-01
catboost_slide60,2021-08-01,8830.0,7602.173053809575,78,3,2021-05-01
catboost_slide60,2021-09-01,7512.0,7011.557351177249,78,4,2021-05-01
catboost_slide60,2021-10-01,7656.0,7271.374913751763,78,5,2021-05-01
catboost_slide60,2021-11-01,7603.0,6883.799133769295,78,6,2021-05-01
catboost_slide60,2021-07-01,9251.0,7737.0730191694465,79,1,2021-06-01
catboost_slide60,2021-08-01,8830.0,7846.428363409182,79,2,2021-06-01
catboost_slide60,2021-09-01,7512.0,7292.115535918947,79,3,2021-06-01
catboost_slide60,2021-10-01,7656.0,7148.024506127753,79,4,2021-06-01
catboost_slide60,2021-11-01,7603.0,6968.5824172335815,79,5,2021-06-01
catboost_slide60,2021-12-01,8237.0,6802.9453762270605,79,6,2021-06-01
catboost_slide60,2021-08-01,8830.0,7839.933221354501,80,1,2021-07-01
catboost_slide60,2021-09-01,7512.0,7183.988677292194,80,2,2021-07-01
catboost_slide60,2021-10-01,7656.0,7145.184970602414,80,3,2021-07-01
catboost_slide60,2021-11-01,7603.0,6884.784090583147,80,4,2021-07-01
catboost_slide60,2021-12-01,8237.0,6784.286341730139,80,5,2021-07-01
catboost_slide60,2022-01-01,9582.0,7042.651145157127,80,6,2021-07-01
catboost_slide60,2021-09-01,7512.0,7359.313531327268,81,1,2021-08-01
catboost_slide60,2021-10-01,7656.0,7153.778299458229,81,2,2021-08-01
catboost_slide60,2021-11-01,7603.0,6896.48102273673,81,3,2021-08-01
catboost_slide60,2021-12-01,8237.0,6783.702480455502,81,4,2021-08-01
catboost_slide60,2022-01-01,9582.0,7025.44500588359,81,5,2021-08-01
catboost_slide60,2022-02-01,7227.0,6534.732812222343,81,6,2021-08-01
catboost_slide60,2021-10-01,7656.0,7324.136785811242,82,1,2021-09-01
catboost_slide60,2021-11-01,7603.0,6878.770161895332,82,2,2021-09-01
catboost_slide60,2021-12-01,8237.0,6849.141395930165,82,3,2021-09-01
catboost_slide60,2022-01-01,9582.0,7059.591129176036,82,4,2021-09-01
catboost_slide60,2022-02-01,7227.0,6498.16138706588,82,5,2021-09-01
catboost_slide60,2022-03-01,7504.0,7170.136219033639,82,6,2021-09-01
catboost_slide60,2021-11-01,7603.0,7091.934099449063,83,1,2021-10-01
catboost_slide60,2021-12-01,8237.0,6854.332434382795,83,2,2021-10-01
catboost_slide60,2022-01-01,9582.0,7013.8252937435145,83,3,2021-10-01
catboost_slide60,2022-02-01,7227.0,6631.507079859134,83,4,2021-10-01
catboost_slide60,2022-03-01,7504.0,7024.846570555188,83,5,2021-10-01
catboost_slide60,2022-04-01,7589.0,6686.154315647547,83,6,2021-10-01
catboost_slide60,2021-12-01,8237.0,7083.089661545033,84,1,2021-11-01
catboost_slide60,2022-01-01,9582.0,7073.302396786287,84,2,2021-11-01
catboost_slide60,2022-02-01,7227.0,6718.118856215077,84,3,2021-11-01
catboost_slide60,2022-03-01,7504.0,7122.582686895327,84,4,2021-11-01
catboost_slide60,2022-04-01,7589.0,6592.916922463602,84,5,2021-11-01
catboost_slide60,2022-05-01,8846.0,7082.779582122706,84,6,2021-11-01
catboost_slide60,2022-01-01,9582.0,7743.121062476037,85,1,2021-12-01
catboost_slide60,2022-02-01,7227.0,7408.478666716429,85,2,2021-12-01
catboost_slide60,2022-03-01,7504.0,7526.377379281679,85,3,2021-12-01
catboost_slide60,2022-04-01,7589.0,6958.843471913237,85,4,2021-12-01
catboost_slide60,2022-05-01,8846.0,6900.486804793156,85,5,2021-12-01
catboost_slide60,2022-06-01,9057.0,6837.313715467597,85,6,2021-12-01
catboost_slide60,2022-02-01,7227.0,8236.64803299433,86,1,2022-01-01
catboost_slide60,2022-03-01,7504.0,8480.024701905822,86,2,2022-01-01
catboost_slide60,2022-04-01,7589.0,7856.987827286787,86,3,2022-01-01
catboost_slide60,2022-05-01,8846.0,7572.9556578599395,86,4,2022-01-01
catboost_slide60,2022-06-01,9057.0,7598.907233510865,86,5,2022-01-01
catboost_slide60,2022-07-01,8699.0,8034.406294066666,86,6,2022-01-01
catboost_slide60,2022-03-01,7504.0,7351.955686672896,87,1,2022-02-01
catboost_slide60,2022-04-01,7589.0,6562.361194978852,87,2,2022-02-01
catboost_slide60,2022-05-01,8846.0,6529.763273733045,87,3,2022-02-01
catboost_slide60,2022-06-01,9057.0,6908.434350368709,87,4,2022-02-01
catboost_slide60,2022-07-01,8699.0,7590.768122400018,87,5,2022-02-01
catboost_slide60,2022-08-01,8834.0,7662.793710635431,87,6,2022-02-01
catboost_slide60,2022-04-01,7589.0,6818.678956349568,88,1,2022-03-01
catboost_slide60,2022-05-01,8846.0,6714.579075795842,88,2,2022-03-01
catboost_slide60,2022-06-01,9057.0,6867.373275545634,88,3,2022-03-01
catboost_slide60,2022-07-01,8699.0,7378.842146029877,88,4,2022-03-01
catboost_slide60,2022-08-01,8834.0,7402.378976516691,88,5,2022-03-01
catboost_slide60,2022-09-01,8228.0,7418.36297490703,88,6,2022-03-01
catboost_slide60,2022-05-01,8846.0,7432.585693593009,89,1,2022-04-01
catboost_slide60,2022-06-01,9057.0,7552.230683567772,89,2,2022-04-01
catboost_slide60,2022-07-01,8699.0,8012.174402959716,89,3,2022-04-01
catboost_slide60,2022-08-01,8834.0,8128.818057312545,89,4,2022-04-01
catboost_slide60,2022-09-01,8228.0,8231.77416908409,89,5,2022-04-01
catboost_slide60,2022-10-01,8388.0,8055.862238311804,89,6,2022-04-01
catboost_slide60,2022-06-01,9057.0,8466.125706068995,90,1,2022-05-01
catboost_slide60,2022-07-01,8699.0,8621.683403452862,90,2,2022-05-01
catboost_slide60,2022-08-01,8834.0,8166.332960157984,90,3,2022-05-01
catboost_slide60,2022-09-01,8228.0,8257.555246468704,90,4,2022-05-01
catboost_slide60,2022-10-01,8388.0,8283.45856054877,90,5,2022-05-01
catboost_slide60,2022-11-01,7588.0,8263.625679163013,90,6,2022-05-01
catboost_slide60,2022-07-01,8699.0,8840.08223446367,91,1,2022-06-01
catboost_slide60,2022-08-01,8834.0,8210.909828650147,91,2,2022-06-01
catboost_slide60,2022-09-01,8228.0,8136.115554676833,91,3,2022-06-01
catboost_slide60,2022-10-01,8388.0,8193.34819733294,91,4,2022-06-01
catboost_slide60,2022-11-01,7588.0,8618.166746681984,91,5,2022-06-01
catboost_slide60,2022-12-01,7850.0,8528.664863958507,91,6,2022-06-01
catboost_slide60,2022-08-01,8834.0,8263.243184331646,92,1,2022-07-01
catboost_slide60,2022-09-01,8228.0,8119.714366420013,92,2,2022-07-01
catboost_slide60,2022-10-01,8388.0,8248.234232877225,92,3,2022-07-01
catboost_slide60,2022-11-01,7588.0,8524.078476645265,92,4,2022-07-01
catboost_slide60,2022-12-01,7850.0,8357.125539467166,92,5,2022-07-01
catboost_slide60,2023-01-01,7563.0,8353.15847158484,92,6,2022-07-01
catboost_slide60,2022-09-01,8228.0,8326.230807714479,93,1,2022-08-01
catboost_slide60,2022-10-01,8388.0,8461.311460303206,93,2,2022-08-01
catboost_slide60,2022-11-01,7588.0,8533.030194553463,93,3,2022-08-01
catboost_slide60,2022-12-01,7850.0,8541.276588379757,93,4,2022-08-01
catboost_slide60,2023-01-01,7563.0,8651.670261271705,93,5,2022-08-01
catboost_slide60,2023-02-01,6551.0,8474.35604505104,93,6,2022-08-01
catboost_slide60,2022-10-01,8388.0,8402.507456796766,94,1,2022-09-01
catboost_slide60,2022-11-01,7588.0,8519.522255755517,94,2,2022-09-01
catboost_slide60,2022-12-01,7850.0,8503.695397196849,94,3,2022-09-01
catboost_slide60,2023-01-01,7563.0,8678.91948745838,94,4,2022-09-01
catboost_slide60,2023-02-01,6551.0,8309.770970083033,94,5,2022-09-01
catboost_slide60,2023-03-01,7507.0,8515.029486693293,94,6,2022-09-01
catboost_slide60,2022-11-01,7588.0,8504.570787211189,95,1,2022-10-01
catboost_slide60,2022-12-01,7850.0,8453.259286645838,95,2,2022-10-01
catboost_slide60,2023-01-01,7563.0,8579.18904933376,95,3,2022-10-01
catboost_slide60,2023-02-01,6551.0,8337.791233992015,95,4,2022-10-01
catboost_slide60,2023-03-01,7507.0,8474.202076311141,95,5,2022-10-01
catboost_slide60,2023-04-01,7745.0,8543.459160931774,95,6,2022-10-01
catboost_slide60,2022-12-01,7850.0,8148.515391664527,96,1,2022-11-01
catboost_slide60,2023-01-01,7563.0,8372.431001867268,96,2,2022-11-01
catboost_slide60,2023-02-01,6551.0,8304.73218556773,96,3,2022-11-01
catboost_slide60,2023-03-01,7507.0,8573.973007309012,96,4,2022-11-01
catboost_slide60,2023-04-01,7745.0,8149.824314433512,96,5,2022-11-01
catboost_slide60,2023-05-01,8600.0,8522.435332753215,96,6,2022-11-01
catboost_slide60,2023-01-01,7563.0,8338.436511960032,97,1,2022-12-01
catboost_slide60,2023-02-01,6551.0,8136.857728494034,97,2,2022-12-01
catboost_slide60,2023-03-01,7507.0,8475.727524759384,97,3,2022-12-01
catboost_slide60,2023-04-01,7745.0,8115.525295213437,97,4,2022-12-01
catboost_slide60,2023-05-01,8600.0,8592.42457426799,97,5,2022-12-01
catboost_slide60,2023-06-01,9151.0,8481.78562633576,97,6,2022-12-01
catboost_slide60,2023-02-01,6551.0,7756.647783354986,98,1,2023-01-01
catboost_slide60,2023-03-01,7507.0,8393.719970096708,98,2,2023-01-01
catboost_slide60,2023-04-01,7745.0,8029.398678397762,98,3,2023-01-01
catboost_slide60,2023-05-01,8600.0,8622.695112614034,98,4,2023-01-01
catboost_slide60,2023-06-01,9151.0,8313.51093589583,98,5,2023-01-01
catboost_slide60,2023-07-01,9183.0,8484.274234047072,98,6,2023-01-01
catboost_slide60,2023-03-01,7507.0,7545.120198849231,99,1,2023-02-01
catboost_slide60,2023-04-01,7745.0,7115.67335120198,99,2,2023-02-01
catboost_slide60,2023-05-01,8600.0,7809.115497360469,99,3,2023-02-01
catboost_slide60,2023-06-01,9151.0,8291.690365422848,99,4,2023-02-01
catboost_slide60,2023-07-01,9183.0,8865.77607517116,99,5,2023-02-01
catboost_slide60,2023-08-01,8297.0,8713.94964614688,99,6,2023-02-01
catboost_slide60,2023-04-01,7745.0,7088.440784058352,100,1,2023-03-01
catboost_slide60,2023-05-01,8600.0,7581.368798716946,100,2,2023-03-01
catboost_slide60,2023-06-01,9151.0,8008.562145171291,100,3,2023-03-01
catboost_slide60,2023-07-01,9183.0,8820.359356262987,100,4,2023-03-01
catboost_slide60,2023-08-01,8297.0,8770.04160553336,100,5,2023-03-01
catboost_slide60,2023-09-01,7823.0,8542.17529299632,100,6,2023-03-01
catboost_slide60,2023-05-01,8600.0,8440.827160559973,101,1,2023-04-01
catboost_slide60,2023-06-01,9151.0,8799.597327035344,101,2,2023-04-01
catboost_slide60,2023-07-01,9183.0,8799.553075327487,101,3,2023-04-01
catboost_slide60,2023-08-01,8297.0,8390.982553202619,101,4,2023-04-01
catboost_slide60,2023-09-01,7823.0,8305.363629416193,101,5,2023-04-01
catboost_slide60,2023-10-01,7507.0,8326.069546091898,101,6,2023-04-01
catboost_slide60,2023-06-01,9151.0,8755.094142480863,102,1,2023-05-01
catboost_slide60,2023-07-01,9183.0,8896.610065489454,102,2,2023-05-01
catboost_slide60,2023-08-01,8297.0,8527.226739153966,102,3,2023-05-01
catboost_slide60,2023-09-01,7823.0,8360.749012024107,102,4,2023-05-01
catboost_slide60,2023-10-01,7507.0,8386.326233678355,102,5,2023-05-01
catboost_slide60,2023-11-01,8107.0,7939.277891872533,102,6,2023-05-01
catboost_slide60,2023-07-01,9183.0,8854.65306442002,103,1,2023-06-01
catboost_slide60,2023-08-01,8297.0,8486.051643524088,103,2,2023-06-01
catboost_slide60,2023-09-01,7823.0,8365.539758436667,103,3,2023-06-01
catboost_slide60,2023-10-01,7507.0,8469.318816772458,103,4,2023-06-01
catboost_slide60,2023-11-01,8107.0,7867.345461251048,103,5,2023-06-01
catboost_slide60,2023-12-01,7504.0,7730.935477933814,103,6,2023-06-01
