model,date,y_true,y_pred,window,horizon,train_end
sarima,2015-01-01,7184.0,6487.787468985783,1,1,2014-12-01
sarima,2015-02-01,5958.0,6225.908196659557,1,2,2014-12-01
sarima,2015-03-01,6658.0,6486.16379192088,1,3,2014-12-01
sarima,2015-04-01,7069.0,6494.618875283324,1,4,2014-12-01
sarima,2015-05-01,8099.0,7380.472721494108,1,5,2014-12-01
sarima,2015-06-01,7868.0,7661.1473181174915,1,6,2014-12-01
sarima,2015-02-01,5958.0,6313.427914738572,2,1,2015-01-01
sarima,2015-03-01,6658.0,6665.484942231668,2,2,2015-01-01
sarima,2015-04-01,7069.0,6660.166530454714,2,3,2015-01-01
sarima,2015-05-01,8099.0,7547.404409781174,2,4,2015-01-01
sarima,2015-06-01,7868.0,7827.586806504231,2,5,2015-01-01
sarima,2015-07-01,7986.0,8093.987353866563,2,6,2015-01-01
sarima,2015-03-01,6658.0,6621.697603968571,3,1,2015-02-01
sarima,2015-04-01,7069.0,6560.8871771627,3,2,2015-02-01
sarima,2015-05-01,8099.0,7457.611919690132,3,3,2015-02-01
sarima,2015-06-01,7868.0,7736.706258021191,3,4,2015-02-01
sarima,2015-07-01,7986.0,8003.095049091066,3,5,2015-02-01
sarima,2015-08-01,7251.0,7687.554404192288,3,6,2015-02-01
sarima,2015-04-01,7069.0,6562.232793254978,4,1,2015-03-01
sarima,2015-05-01,8099.0,7465.969351738645,4,2,2015-03-01
sarima,2015-06-01,7868.0,7743.728494465291,4,3,2015-03-01
sarima,2015-07-01,7986.0,8010.43235053474,4,4,2015-03-01
sarima,2015-08-01,7251.0,7694.769353006235,4,5,2015-03-01
sarima,2015-09-01,7163.0,7141.28575179222,4,6,2015-03-01
sarima,2015-05-01,8099.0,7503.618130136485,5,1,2015-04-01
sarima,2015-06-01,7868.0,7867.994843194086,5,2,2015-04-01
sarima,2015-07-01,7986.0,8118.511590181259,5,3,2015-04-01
sarima,2015-08-01,7251.0,7805.90296102913,5,4,2015-04-01
sarima,2015-09-01,7163.0,7252.093537232213,5,5,2015-04-01
sarima,2015-10-01,6690.0,7188.66327856466,5,6,2015-04-01
sarima,2015-06-01,7868.0,7960.920927269346,6,1,2015-05-01
sarima,2015-07-01,7986.0,8290.233695345563,6,2,2015-05-01
sarima,2015-08-01,7251.0,7966.273491335828,6,3,2015-05-01
sarima,2015-09-01,7163.0,7413.610494228124,6,4,2015-05-01
sarima,2015-10-01,6690.0,7351.622486389328,6,5,2015-05-01
sarima,2015-11-01,6392.0,6846.645235150566,6,6,2015-05-01
sarima,2015-07-01,7986.0,8268.295580828044,7,1,2015-06-01
sarima,2015-08-01,7251.0,7938.329429866349,7,2,2015-06-01
sarima,2015-09-01,7163.0,7382.681476185972,7,3,2015-06-01
sarima,2015-10-01,6690.0,7325.429561701541,7,4,2015-06-01
sarima,2015-11-01,6392.0,6814.591188907241,7,5,2015-06-01
sarima,2015-12-01,6753.0,7024.221247363542,7,6,2015-06-01
sarima,2015-08-01,7251.0,7892.4443389444305,8,1,2015-07-01
sarima,2015-09-01,7163.0,7298.188138525014,8,2,2015-07-01
sarima,2015-10-01,6690.0,7257.830449209608,8,3,2015-07-01
sarima,2015-11-01,6392.0,6729.165494390483,8,4,2015-07-01
sarima,2015-12-01,6753.0,6953.098587555033,8,5,2015-07-01
sarima,2016-01-01,6753.0,6993.200916991809,8,6,2015-07-01
sarima,2015-09-01,7163.0,7180.859826333302,9,1,2015-08-01
sarima,2015-10-01,6690.0,7116.652605617608,9,2,2015-08-01
sarima,2015-11-01,6392.0,6602.950054712778,9,3,2015-08-01
sarima,2015-12-01,6753.0,6800.037043876878,9,4,2015-08-01
sarima,2016-01-01,6753.0,6828.109807802466,9,5,2015-08-01
sarima,2016-02-01,6385.0,6385.378242025277,9,6,2015-08-01
sarima,2015-10-01,6690.0,7113.180309902527,10,1,2015-09-01
sarima,2015-11-01,6392.0,6599.110634206838,10,2,2015-09-01
sarima,2015-12-01,6753.0,6796.9481283426085,10,3,2015-09-01
sarima,2016-01-01,6753.0,6823.383433691016,10,4,2015-09-01
sarima,2016-02-01,6385.0,6380.623031755047,10,5,2015-09-01
sarima,2016-03-01,7164.0,6717.531100890977,10,6,2015-09-01
sarima,2015-11-01,6392.0,6514.850904124414,11,1,2015-10-01
sarima,2015-12-01,6753.0,6729.956409903391,11,2,2015-10-01
sarima,2016-01-01,6753.0,6757.060635516064,11,3,2015-10-01
sarima,2016-02-01,6385.0,6314.511813417218,11,4,2015-10-01
sarima,2016-03-01,7164.0,6651.864985300093,11,5,2015-10-01
sarima,2016-04-01,7192.0,6724.968888031685,11,6,2015-10-01
sarima,2015-12-01,6753.0,6717.524747515087,12,1,2015-11-01
sarima,2016-01-01,6753.0,6750.975801169913,12,2,2015-11-01
sarima,2016-02-01,6385.0,6308.713337269033,12,3,2015-11-01
sarima,2016-03-01,7164.0,6646.3223273017165,12,4,2015-11-01
sarima,2016-04-01,7192.0,6719.181975466781,12,5,2015-11-01
sarima,2016-05-01,7743.0,7627.786104111828,12,6,2015-11-01
sarima,2016-01-01,6753.0,6754.2870953124775,13,1,2015-12-01
sarima,2016-02-01,6385.0,6309.862233612404,13,2,2015-12-01
sarima,2016-03-01,7164.0,6647.411608313192,13,3,2015-12-01
sarima,2016-04-01,7192.0,6720.188490375031,13,4,2015-12-01
sarima,2016-05-01,7743.0,7628.97450389103,13,5,2015-12-01
sarima,2016-06-01,8767.0,7823.595626194147,13,6,2015-12-01
sarima,2016-02-01,6385.0,6309.3281445697485,14,1,2016-01-01
sarima,2016-03-01,7164.0,6647.10622394325,14,2,2016-01-01
sarima,2016-04-01,7192.0,6720.3801650254345,14,3,2016-01-01
sarima,2016-05-01,7743.0,7629.93999259466,14,4,2016-01-01
sarima,2016-06-01,8767.0,7823.159054909702,14,5,2016-01-01
sarima,2016-07-01,8479.0,8064.678405559818,14,6,2016-01-01
sarima,2016-03-01,7164.0,6654.834275808839,15,1,2016-02-01
sarima,2016-04-01,7192.0,6723.130944963497,15,2,2016-02-01
sarima,2016-05-01,7743.0,7631.9894728581985,15,3,2016-02-01
sarima,2016-06-01,8767.0,7826.49355724376,15,4,2016-02-01
sarima,2016-07-01,8479.0,8068.007709733667,15,5,2016-02-01
sarima,2016-08-01,7890.0,7684.976856041952,15,6,2016-02-01
sarima,2016-04-01,7192.0,6791.559306427099,16,1,2016-03-01
sarima,2016-05-01,7743.0,7669.252567194907,16,2,2016-03-01
sarima,2016-06-01,8767.0,7861.5885961667955,16,3,2016-03-01
sarima,2016-07-01,8479.0,8102.860285952618,16,4,2016-03-01
sarima,2016-08-01,7890.0,7719.9524248609,16,5,2016-03-01
sarima,2016-09-01,7317.0,7241.705324319675,16,6,2016-03-01
sarima,2016-05-01,7743.0,7728.360246425009,17,1,2016-04-01
sarima,2016-06-01,8767.0,7877.119245156052,17,2,2016-04-01
sarima,2016-07-01,8479.0,8113.580261505503,17,3,2016-04-01
sarima,2016-08-01,7890.0,7730.026689438306,17,4,2016-04-01
sarima,2016-09-01,7317.0,7251.84801574048,17,5,2016-04-01
sarima,2016-10-01,7426.0,7123.366172870404,17,6,2016-04-01
sarima,2016-06-01,8767.0,7879.524291112609,18,1,2016-05-01
sarima,2016-07-01,8479.0,8114.465401079283,18,2,2016-05-01
sarima,2016-08-01,7890.0,7730.73971866931,18,3,2016-05-01
sarima,2016-09-01,7317.0,7252.364352754314,18,4,2016-05-01
sarima,2016-10-01,7426.0,7124.026736898823,18,5,2016-05-01
sarima,2016-11-01,6700.0,6638.118754542676,18,6,2016-05-01
sarima,2016-07-01,8479.0,8428.818841060303,19,1,2016-06-01
sarima,2016-08-01,7890.0,8101.026276382121,19,2,2016-06-01
sarima,2016-09-01,7317.0,7617.469282420951,19,3,2016-06-01
sarima,2016-10-01,7426.0,7489.903613406738,19,4,2016-06-01
sarima,2016-11-01,6700.0,7016.383725524506,19,5,2016-06-01
sarima,2016-12-01,6994.0,7244.2470999658035,19,6,2016-06-01
sarima,2016-08-01,7890.0,8115.578284548114,20,1,2016-07-01
sarima,2016-09-01,7317.0,7635.35125811406,20,2,2016-07-01
sarima,2016-10-01,7426.0,7507.560370862437,20,3,2016-07-01
sarima,2016-11-01,6700.0,7033.983789143823,20,4,2016-07-01
sarima,2016-12-01,6994.0,7262.922722717646,20,5,2016-07-01
sarima,2017-01-01,6788.0,7302.758223251869,20,6,2016-07-01
sarima,2016-09-01,7317.0,7554.094924159491,21,1,2016-08-01
sarima,2016-10-01,7426.0,7420.104760721106,21,2,2016-08-01
sarima,2016-11-01,6700.0,6943.965901504678,21,3,2016-08-01
sarima,2016-12-01,6994.0,7172.009517369647,21,4,2016-08-01
sarima,2017-01-01,6788.0,7210.127502658628,21,5,2016-08-01
sarima,2017-02-01,6271.0,6778.371342308277,21,6,2016-08-01
sarima,2016-10-01,7426.0,7342.48026373597,22,1,2016-09-01
sarima,2016-11-01,6700.0,6865.121789082782,22,2,2016-09-01
sarima,2016-12-01,6994.0,7092.54732597408,22,3,2016-09-01
sarima,2017-01-01,6788.0,7128.374932122195,22,4,2016-09-01
sarima,2017-02-01,6271.0,6696.46429838243,22,5,2016-09-01
sarima,2017-03-01,6794.0,7095.801705917183,22,6,2016-09-01
sarima,2016-11-01,6700.0,6886.720158049884,23,1,2016-10-01
sarima,2016-12-01,6994.0,7114.855840058192,23,2,2016-10-01
sarima,2017-01-01,6788.0,7150.2260888787805,23,3,2016-10-01
sarima,2017-02-01,6271.0,6718.224287932692,23,4,2016-10-01
sarima,2017-03-01,6794.0,7117.531373150764,23,5,2016-10-01
sarima,2017-04-01,6884.0,7184.530771789465,23,6,2016-10-01
sarima,2016-12-01,6994.0,7068.563799054023,24,1,2016-11-01
sarima,2017-01-01,6788.0,7105.503820288818,24,2,2016-11-01
sarima,2017-02-01,6271.0,6673.492115305097,24,3,2016-11-01
sarima,2017-03-01,6794.0,7072.99334936708,24,4,2016-11-01
sarima,2017-04-01,6884.0,7139.8036601408085,24,5,2016-11-01
sarima,2017-05-01,7651.0,7999.117293640393,24,6,2016-11-01
sarima,2017-01-01,6788.0,7086.849250554048,25,1,2016-12-01
sarima,2017-02-01,6271.0,6656.658811093061,25,2,2016-12-01
sarima,2017-03-01,6794.0,7056.395914664901,25,3,2016-12-01
sarima,2017-04-01,6884.0,7123.048186023701,25,4,2016-12-01
sarima,2017-05-01,7651.0,7982.470045946801,25,5,2016-12-01
sarima,2017-06-01,8009.0,8292.992511566232,25,6,2016-12-01
sarima,2017-02-01,6271.0,6586.31794045963,26,1,2017-01-01
sarima,2017-03-01,6794.0,7001.174553400952,26,2,2017-01-01
sarima,2017-04-01,6884.0,7068.559947604871,26,3,2017-01-01
sarima,2017-05-01,7651.0,7928.059786347178,26,4,2017-01-01
sarima,2017-06-01,8009.0,8238.335986631997,26,5,2017-01-01
sarima,2017-07-01,8694.0,8405.89408593576,26,6,2017-01-01
sarima,2017-03-01,6794.0,6929.104927351768,27,1,2017-02-01
sarima,2017-04-01,6884.0,7021.541791131471,27,2,2017-02-01
sarima,2017-05-01,7651.0,7883.720183077724,27,3,2017-02-01
sarima,2017-06-01,8009.0,8193.939658191157,27,4,2017-02-01
sarima,2017-07-01,8694.0,8361.640282475615,27,5,2017-02-01
sarima,2017-08-01,8130.0,7949.287792626112,27,6,2017-02-01
sarima,2017-04-01,6884.0,6991.86685720065,28,1,2017-03-01
sarima,2017-05-01,7651.0,7866.623123902918,28,2,2017-03-01
sarima,2017-06-01,8009.0,8178.19304338674,28,3,2017-03-01
sarima,2017-07-01,8694.0,8346.12552581714,28,4,2017-03-01
sarima,2017-08-01,8130.0,7933.7762361387295,28,5,2017-03-01
sarima,2017-09-01,7446.0,7442.038403491164,28,6,2017-03-01
sarima,2017-05-01,7651.0,7843.774775862856,29,1,2017-04-01
sarima,2017-06-01,8009.0,8165.575024682666,29,2,2017-04-01
sarima,2017-07-01,8694.0,8334.800481237276,29,3,2017-04-01
sarima,2017-08-01,8130.0,7922.569765691877,29,4,2017-04-01
sarima,2017-09-01,7446.0,7430.8042555599395,29,5,2017-04-01
sarima,2017-10-01,7282.0,7335.7977600074355,29,6,2017-04-01
sarima,2017-06-01,8009.0,8125.021773833788,30,1,2017-05-01
sarima,2017-07-01,8694.0,8313.56806069158,30,2,2017-05-01
sarima,2017-08-01,8130.0,7903.767605350337,30,3,2017-05-01
sarima,2017-09-01,7446.0,7412.279282937908,30,4,2017-05-01
sarima,2017-10-01,7282.0,7317.309680184658,30,5,2017-05-01
sarima,2017-11-01,6830.0,6797.736707873916,30,6,2017-05-01
sarima,2017-07-01,8694.0,8289.125953376366,31,1,2017-06-01
sarima,2017-08-01,8130.0,7891.331090414164,31,2,2017-06-01
sarima,2017-09-01,7446.0,7401.385286474305,31,3,2017-06-01
sarima,2017-10-01,7282.0,7306.659999580155,31,4,2017-06-01
sarima,2017-11-01,6830.0,6786.92883171292,31,5,2017-06-01
sarima,2017-12-01,6946.0,7025.81786003474,31,6,2017-06-01
sarima,2017-08-01,8130.0,7966.259609684258,32,1,2017-07-01
sarima,2017-09-01,7446.0,7421.602025514545,32,2,2017-07-01
sarima,2017-10-01,7282.0,7317.272462260347,32,3,2017-07-01
sarima,2017-11-01,6830.0,6794.416689790802,32,4,2017-07-01
sarima,2017-12-01,6946.0,7032.935041624318,32,5,2017-07-01
sarima,2018-01-01,6886.0,7035.928818865694,32,6,2017-07-01
sarima,2017-09-01,7446.0,7456.208863722065,33,1,2017-08-01
sarima,2017-10-01,7282.0,7328.522676256359,33,2,2017-08-01
sarima,2017-11-01,6830.0,6801.129335583735,33,3,2017-08-01
sarima,2017-12-01,6946.0,7039.787940455769,33,4,2017-08-01
sarima,2018-01-01,6886.0,7043.015693516616,33,5,2017-08-01
sarima,2018-02-01,5960.0,6599.822398794248,33,6,2017-08-01
sarima,2017-10-01,7282.0,7352.486639424053,34,1,2017-09-01
sarima,2017-11-01,6830.0,6832.680331437835,34,2,2017-09-01
sarima,2017-12-01,6946.0,7072.239869377691,34,3,2017-09-01
sarima,2018-01-01,6886.0,7070.532524968447,34,4,2017-09-01
sarima,2018-02-01,5960.0,6627.213794872949,34,5,2017-09-01
sarima,2018-03-01,6930.0,7043.068029063883,34,6,2017-09-01
sarima,2017-11-01,6830.0,6791.248403985645,35,1,2017-10-01
sarima,2017-12-01,6946.0,7037.231993207472,35,2,2017-10-01
sarima,2018-01-01,6886.0,7040.162167047109,35,3,2017-10-01
sarima,2018-02-01,5960.0,6596.989836145442,35,4,2017-10-01
sarima,2018-03-01,6930.0,7013.101392598925,35,5,2017-10-01
sarima,2018-04-01,6769.0,7081.308133501372,35,6,2017-10-01
sarima,2017-12-01,6946.0,7067.737603981453,36,1,2017-11-01
sarima,2018-01-01,6886.0,7064.533181339776,36,2,2017-11-01
sarima,2018-02-01,5960.0,6621.029512433068,36,3,2017-11-01
sarima,2018-03-01,6930.0,7036.966459759439,36,4,2017-11-01
sarima,2018-04-01,6769.0,7105.368783399846,36,5,2017-11-01
sarima,2018-05-01,7511.0,7954.088100755735,36,6,2017-11-01
sarima,2018-01-01,6886.0,7022.081937013607,37,1,2017-12-01
sarima,2018-02-01,5960.0,6591.463066459974,37,2,2017-12-01
sarima,2018-03-01,6930.0,7009.857943525946,37,3,2017-12-01
sarima,2018-04-01,6769.0,7078.381471503623,37,4,2017-12-01
sarima,2018-05-01,7511.0,7927.139642958108,37,5,2017-12-01
sarima,2018-06-01,8057.0,8242.687871258197,37,6,2017-12-01
sarima,2018-02-01,5960.0,6562.878179756911,38,1,2018-01-01
sarima,2018-03-01,6930.0,7000.065043926355,38,2,2018-01-01
sarima,2018-04-01,6769.0,7071.803968368161,38,3,2018-01-01
sarima,2018-05-01,7511.0,7921.205405512234,38,4,2018-01-01
sarima,2018-06-01,8057.0,8236.841763938457,38,5,2018-01-01
sarima,2018-07-01,8175.0,8468.610748995676,38,6,2018-01-01
sarima,2018-03-01,6930.0,6867.971695053447,39,1,2018-02-01
sarima,2018-04-01,6769.0,7028.15013042357,39,2,2018-02-01
sarima,2018-05-01,7511.0,7893.924067201648,39,3,2018-02-01
sarima,2018-06-01,8057.0,8212.58678454359,39,4,2018-02-01
sarima,2018-07-01,8175.0,8444.884960538913,39,5,2018-02-01
sarima,2018-08-01,8328.0,8014.077545855725,39,6,2018-02-01
sarima,2018-04-01,6769.0,7041.782938187919,40,1,2018-03-01
sarima,2018-05-01,7511.0,7898.297979378087,40,2,2018-03-01
sarima,2018-06-01,8057.0,8215.227366771336,40,3,2018-03-01
sarima,2018-07-01,8175.0,8447.214558198511,40,4,2018-03-01
sarima,2018-08-01,8328.0,8016.257061228533,40,5,2018-03-01
sarima,2018-09-01,7325.0,7500.46051642173,40,6,2018-03-01
sarima,2018-05-01,7511.0,7822.271430109744,41,1,2018-04-01
sarima,2018-06-01,8057.0,8167.646836200827,41,2,2018-04-01
sarima,2018-07-01,8175.0,8403.616574181993,41,3,2018-04-01
sarima,2018-08-01,8328.0,7973.201742667974,41,4,2018-04-01
sarima,2018-09-01,7325.0,7457.543122744741,41,5,2018-04-01
sarima,2018-10-01,7202.0,7353.994359704524,41,6,2018-04-01
sarima,2018-06-01,8057.0,8051.858972368855,42,1,2018-05-01
sarima,2018-07-01,8175.0,8306.051762222254,42,2,2018-05-01
sarima,2018-08-01,8328.0,7877.14310364281,42,3,2018-05-01
sarima,2018-09-01,7325.0,7361.61922824575,42,4,2018-05-01
sarima,2018-10-01,7202.0,7258.506036607632,42,5,2018-05-01
sarima,2018-11-01,7161.0,6748.279288568229,42,6,2018-05-01
sarima,2018-07-01,8175.0,8309.953843576697,43,1,2018-06-01
sarima,2018-08-01,8328.0,7880.938005509492,43,2,2018-06-01
sarima,2018-09-01,7325.0,7365.380725926699,43,3,2018-06-01
sarima,2018-10-01,7202.0,7262.295530628157,43,4,2018-06-01
sarima,2018-11-01,7161.0,6751.971872682221,43,5,2018-06-01
sarima,2018-12-01,7409.0,6977.876837069027,43,6,2018-06-01
sarima,2018-08-01,8328.0,7825.466090007279,44,1,2018-07-01
sarima,2018-09-01,7325.0,7315.127731214201,44,2,2018-07-01
sarima,2018-10-01,7202.0,7212.639762573455,44,3,2018-07-01
sarima,2018-11-01,7161.0,6703.7832126972735,44,4,2018-07-01
sarima,2018-12-01,7409.0,6930.527273672403,44,5,2018-07-01
sarima,2019-01-01,7117.0,6918.114074704387,44,6,2018-07-01
sarima,2018-09-01,7325.0,7543.91109887251,45,1,2018-08-01
sarima,2018-10-01,7202.0,7389.123081687449,45,2,2018-08-01
sarima,2018-11-01,7161.0,6865.764346686235,45,3,2018-08-01
sarima,2018-12-01,7409.0,7089.224929761538,45,4,2018-08-01
sarima,2019-01-01,7117.0,7080.413032961966,45,5,2018-08-01
sarima,2019-02-01,6307.0,6584.059274955402,45,6,2018-08-01
sarima,2018-10-01,7202.0,7301.034802950455,46,1,2018-09-01
sarima,2018-11-01,7161.0,6799.377623706145,46,2,2018-09-01
sarima,2018-12-01,7409.0,7025.343217549842,46,3,2018-09-01
sarima,2019-01-01,7117.0,7012.825495416202,46,4,2018-09-01
sarima,2019-02-01,6307.0,6516.544697628939,46,5,2018-09-01
sarima,2019-03-01,7067.0,6992.929427768729,46,6,2018-09-01
sarima,2018-11-01,7161.0,6822.254368598039,47,1,2018-10-01
sarima,2018-12-01,7409.0,7071.75586382145,47,2,2018-10-01
sarima,2019-01-01,7117.0,7066.018262862117,47,3,2018-10-01
sarima,2019-02-01,6307.0,6570.459509585462,47,4,2018-10-01
sarima,2019-03-01,7067.0,7047.343918399186,47,5,2018-10-01
sarima,2019-04-01,7108.0,7090.426767307318,47,6,2018-10-01
sarima,2018-12-01,7409.0,7109.477935643711,48,1,2018-11-01
sarima,2019-01-01,7117.0,7059.720184144113,48,2,2018-11-01
sarima,2019-02-01,6307.0,6558.349271913227,48,3,2018-11-01
sarima,2019-03-01,7067.0,7034.113014982394,48,4,2018-11-01
sarima,2019-04-01,7108.0,7077.409592533819,48,5,2018-11-01
sarima,2019-05-01,7776.0,7914.431708338977,48,6,2018-11-01
sarima,2019-01-01,7117.0,7145.039811396007,49,1,2018-12-01
sarima,2019-02-01,6307.0,6602.228207663003,49,2,2018-12-01
sarima,2019-03-01,7067.0,7070.42129464265,49,3,2018-12-01
sarima,2019-04-01,7108.0,7111.878400713403,49,4,2018-12-01
sarima,2019-05-01,7776.0,7948.612013507907,49,5,2018-12-01
sarima,2019-06-01,8274.0,8289.273577375261,49,6,2018-12-01
sarima,2019-02-01,6307.0,6595.804420157505,50,1,2019-01-01
sarima,2019-03-01,7067.0,7068.23790029126,50,2,2019-01-01
sarima,2019-04-01,7108.0,7110.417837286339,50,3,2019-01-01
sarima,2019-05-01,7776.0,7947.322593089937,50,4,2019-01-01
sarima,2019-06-01,8274.0,8288.069465203074,50,5,2019-01-01
sarima,2019-07-01,8919.0,8507.642051073897,50,6,2019-01-01
sarima,2019-03-01,7067.0,7007.582400371111,51,1,2019-02-01
sarima,2019-04-01,7108.0,7091.044588426086,51,2,2019-02-01
sarima,2019-05-01,7776.0,7935.436746030507,51,3,2019-02-01
sarima,2019-06-01,8274.0,8277.50256723868,51,4,2019-02-01
sarima,2019-07-01,8919.0,8497.318014560695,51,5,2019-02-01
sarima,2019-08-01,8180.0,8130.265957752192,51,6,2019-02-01
sarima,2019-04-01,7108.0,7103.254541734821,52,1,2019-03-01
sarima,2019-05-01,7776.0,7939.190823241883,52,2,2019-03-01
sarima,2019-06-01,8274.0,8279.730905282893,52,3,2019-03-01
sarima,2019-07-01,8919.0,8499.283683761245,52,4,2019-03-01
sarima,2019-08-01,8180.0,8132.152658927004,52,5,2019-03-01
sarima,2019-09-01,7664.0,7563.045345263899,52,6,2019-03-01
sarima,2019-05-01,7776.0,7940.072923227462,53,1,2019-04-01
sarima,2019-06-01,8274.0,8279.927309523366,53,2,2019-04-01
sarima,2019-07-01,8919.0,8499.374820500885,53,3,2019-04-01
sarima,2019-08-01,8180.0,8132.206906751719,53,4,2019-04-01
sarima,2019-09-01,7664.0,7563.043461472158,53,5,2019-04-01
sarima,2019-10-01,7254.0,7457.260138652478,53,6,2019-04-01
sarima,2019-06-01,8274.0,8246.396221720632,54,1,2019-05-01
sarima,2019-07-01,8919.0,8488.998937151004,54,2,2019-05-01
sarima,2019-08-01,8180.0,8125.940466754831,54,3,2019-05-01
sarima,2019-09-01,7664.0,7557.441930700049,54,4,2019-05-01
sarima,2019-10-01,7254.0,7451.82150735762,54,5,2019-05-01
sarima,2019-11-01,6785.0,6990.464008083224,54,6,2019-05-01
sarima,2019-07-01,8919.0,8488.543389512704,55,1,2019-06-01
sarima,2019-08-01,8180.0,8120.497295547255,55,2,2019-06-01
sarima,2019-09-01,7664.0,7551.158985162883,55,3,2019-06-01
sarima,2019-10-01,7254.0,7445.507223391906,55,4,2019-06-01
sarima,2019-11-01,6785.0,6984.44887668462,55,5,2019-06-01
sarima,2019-12-01,6987.0,7213.196664731848,55,6,2019-06-01
sarima,2019-08-01,8180.0,8213.832553306493,56,1,2019-07-01
sarima,2019-09-01,7664.0,7584.624779552617,56,2,2019-07-01
sarima,2019-10-01,7254.0,7468.180321041904,56,3,2019-07-01
sarima,2019-11-01,6785.0,7004.895061151878,56,4,2019-07-01
sarima,2019-12-01,6987.0,7233.253802671344,56,5,2019-07-01
sarima,2020-01-01,7194.0,7192.189171958104,56,6,2019-07-01
sarima,2019-09-01,7664.0,7577.550225154997,57,1,2019-08-01
sarima,2019-10-01,7254.0,7465.990847578091,57,2,2019-08-01
sarima,2019-11-01,6785.0,7003.669965595316,57,3,2019-08-01
sarima,2019-12-01,6987.0,7232.393180929725,57,4,2019-08-01
sarima,2020-01-01,7194.0,7190.890552665501,57,5,2019-08-01
sarima,2020-02-01,6848.0,6663.244706532551,57,6,2019-08-01
sarima,2019-10-01,7254.0,7483.223199157467,58,1,2019-09-01
sarima,2019-11-01,6785.0,7008.752932015457,58,2,2019-09-01
sarima,2019-12-01,6987.0,7235.640654660238,58,3,2019-09-01
sarima,2020-01-01,7194.0,7193.662331208561,58,4,2019-09-01
sarima,2020-02-01,6848.0,6665.910428608013,58,5,2019-09-01
sarima,2020-03-01,7324.0,7170.723493328858,58,6,2019-09-01
sarima,2019-11-01,6785.0,6963.725353549003,59,1,2019-10-01
sarima,2019-12-01,6987.0,7222.3789303056255,59,2,2019-10-01
sarima,2020-01-01,7194.0,7185.2293759965,59,3,2019-10-01
sarima,2020-02-01,6848.0,6658.350248517406,59,4,2019-10-01
sarima,2020-03-01,7324.0,7163.385334942976,59,5,2019-10-01
sarima,2020-04-01,5978.0,7206.184069995932,59,6,2019-10-01
sarima,2019-12-01,6987.0,7186.372243689507,60,1,2019-11-01
sarima,2020-01-01,7194.0,7174.278276111711,60,2,2019-11-01
sarima,2020-02-01,6848.0,6651.9061131788485,60,3,2019-11-01
sarima,2020-03-01,7324.0,7157.7522228223,60,4,2019-11-01
sarima,2020-04-01,5978.0,7200.633142679552,60,5,2019-11-01
sarima,2020-05-01,7062.0,8021.355490495732,60,6,2019-11-01
sarima,2020-01-01,7194.0,7132.892823206966,61,1,2019-12-01
sarima,2020-02-01,6848.0,6639.276985013515,61,2,2019-12-01
sarima,2020-03-01,7324.0,7150.46476064856,61,3,2019-12-01
sarima,2020-04-01,5978.0,7194.264793621697,61,4,2019-12-01
sarima,2020-05-01,7062.0,8015.191186776691,61,5,2019-12-01
sarima,2020-06-01,6948.0,8371.599634289185,61,6,2019-12-01
sarima,2020-02-01,6848.0,6651.890007748905,62,1,2020-01-01
sarima,2020-03-01,7324.0,7154.296731003424,62,2,2020-01-01
sarima,2020-04-01,5978.0,7196.476199042484,62,3,2020-01-01
sarima,2020-05-01,7062.0,8017.14507850333,62,4,2020-01-01
sarima,2020-06-01,6948.0,8373.517639157215,62,5,2020-01-01
sarima,2020-07-01,7392.0,8635.257533096441,62,6,2020-01-01
sarima,2020-03-01,7324.0,7194.949371628647,63,1,2020-02-01
sarima,2020-04-01,5978.0,7208.900811692002,63,2,2020-02-01
sarima,2020-05-01,7062.0,8024.468751837333,63,3,2020-02-01
sarima,2020-06-01,6948.0,8379.909790799722,63,4,2020-02-01
sarima,2020-07-01,7392.0,8641.492445829235,63,5,2020-02-01
sarima,2020-08-01,7678.0,8237.531679946505,63,6,2020-02-01
sarima,2020-04-01,5978.0,7236.100963046791,64,1,2020-03-01
sarima,2020-05-01,7062.0,8032.810590778503,64,2,2020-03-01
sarima,2020-06-01,6948.0,8384.709443087733,64,3,2020-03-01
sarima,2020-07-01,7392.0,8645.648251702783,64,4,2020-03-01
sarima,2020-08-01,7678.0,8241.552345515689,64,5,2020-03-01
sarima,2020-09-01,7005.0,7677.287485933884,64,6,2020-03-01
sarima,2020-05-01,7062.0,7796.761351950953,65,1,2020-04-01
sarima,2020-06-01,6948.0,8316.187637062314,65,2,2020-04-01
sarima,2020-07-01,7392.0,8604.126096239488,65,3,2020-04-01
sarima,2020-08-01,7678.0,8204.992664545503,65,4,2020-04-01
sarima,2020-09-01,7005.0,7641.975202532389,65,5,2020-04-01
sarima,2020-10-01,7385.0,7505.743741687717,65,6,2020-04-01
sarima,2020-06-01,6948.0,8092.263533907354,66,1,2020-05-01
sarima,2020-07-01,7392.0,8527.072296603492,66,2,2020-05-01
sarima,2020-08-01,7678.0,8168.171676454946,66,3,2020-05-01
sarima,2020-09-01,7005.0,7615.601871393718,66,4,2020-05-01
sarima,2020-10-01,7385.0,7481.379566986367,66,5,2020-05-01
sarima,2020-11-01,6872.0,7016.963037639013,66,6,2020-05-01
sarima,2020-07-01,7392.0,7764.791159608842,67,1,2020-06-01
sarima,2020-08-01,7678.0,7416.050998334722,67,2,2020-06-01
sarima,2020-09-01,7005.0,6857.8921055727415,67,3,2020-06-01
sarima,2020-10-01,7385.0,6723.162869582034,67,4,2020-06-01
sarima,2020-11-01,6872.0,6263.90200714096,67,5,2020-06-01
sarima,2020-12-01,6781.0,6490.678821914857,67,6,2020-06-01
sarima,2020-08-01,7678.0,7149.58868005911,68,1,2020-07-01
sarima,2020-09-01,7005.0,6588.979093781497,68,2,2020-07-01
sarima,2020-10-01,7385.0,6454.253287455296,68,3,2020-07-01
sarima,2020-11-01,6872.0,5997.49460702624,68,4,2020-07-01
sarima,2020-12-01,6781.0,6226.582352578011,68,5,2020-07-01
sarima,2021-01-01,6917.0,6218.879632535273,68,6,2020-07-01
sarima,2020-09-01,7005.0,6961.756028857994,69,1,2020-08-01
sarima,2020-10-01,7385.0,6800.351330735504,69,2,2020-08-01
sarima,2020-11-01,6872.0,6334.7552424381765,69,3,2020-08-01
sarima,2020-12-01,6781.0,6560.609302605014,69,4,2020-08-01
sarima,2021-01-01,6917.0,6552.165811565252,69,5,2020-08-01
sarima,2021-02-01,6217.0,6041.055488999635,69,6,2020-08-01
sarima,2020-10-01,7385.0,6828.9475570133,70,1,2020-09-01
sarima,2020-11-01,6872.0,6359.861136086664,70,2,2020-09-01
sarima,2020-12-01,6781.0,6585.200342609286,70,3,2020-09-01
sarima,2021-01-01,6917.0,6576.180081782956,70,4,2020-09-01
sarima,2021-02-01,6217.0,6065.10818303165,70,5,2020-09-01
sarima,2021-03-01,7569.0,6566.859288587244,70,6,2020-09-01
sarima,2020-11-01,6872.0,6697.676247752127,71,1,2020-10-01
sarima,2020-12-01,6781.0,6857.566031831242,71,2,2020-10-01
sarima,2021-01-01,6917.0,6828.797154557683,71,3,2020-10-01
sarima,2021-02-01,6217.0,6312.382316032051,71,4,2020-10-01
sarima,2021-03-01,7569.0,6812.608650881788,71,5,2020-10-01
sarima,2021-04-01,6917.0,6729.409041046982,71,6,2020-10-01
sarima,2020-12-01,6781.0,7134.192468030451,72,1,2020-11-01
sarima,2021-01-01,6917.0,7140.338847394521,72,2,2020-11-01
sarima,2021-02-01,6217.0,6636.325761102197,72,3,2020-11-01
sarima,2021-03-01,7569.0,7141.717040425462,72,4,2020-11-01
sarima,2021-04-01,6917.0,7059.390287854172,72,5,2020-11-01
sarima,2021-05-01,8253.0,7902.50940058489,72,6,2020-11-01
sarima,2021-01-01,6917.0,6815.020122830066,73,1,2020-12-01
sarima,2021-02-01,6217.0,6317.483549366861,73,2,2020-12-01
sarima,2021-03-01,7569.0,6823.491087633332,73,3,2020-12-01
sarima,2021-04-01,6917.0,6741.949227281988,73,4,2020-12-01
sarima,2021-05-01,8253.0,7585.329412393449,73,5,2020-12-01
sarima,2021-06-01,8153.0,7898.647861377185,73,6,2020-12-01
sarima,2021-02-01,6217.0,6365.689379027402,74,1,2021-01-01
sarima,2021-03-01,7569.0,6855.202746406378,74,2,2021-01-01
sarima,2021-04-01,6917.0,6768.4627565480405,74,3,2021-01-01
sarima,2021-05-01,8253.0,7610.295667565304,74,4,2021-01-01
sarima,2021-06-01,8153.0,7923.091723095659,74,5,2021-01-01
sarima,2021-07-01,9251.0,8200.85915698867,74,6,2021-01-01
sarima,2021-03-01,7569.0,6787.2439183428605,75,1,2021-02-01
sarima,2021-04-01,6917.0,6724.966476735586,75,2,2021-02-01
sarima,2021-05-01,8253.0,7574.231576483944,75,3,2021-02-01
sarima,2021-06-01,8153.0,7889.320514634878,75,4,2021-02-01
sarima,2021-07-01,9251.0,8167.779258316651,75,5,2021-02-01
sarima,2021-08-01,8830.0,7826.507458978303,75,6,2021-02-01
sarima,2021-04-01,6917.0,7072.866413893835,76,1,2021-03-01
sarima,2021-05-01,8253.0,7782.620661386722,76,2,2021-03-01
sarima,2021-06-01,8153.0,8049.980528972787,76,3,2021-03-01
sarima,2021-07-01,9251.0,8318.00914570048,76,4,2021-03-01
sarima,2021-08-01,8830.0,7977.252195454812,76,5,2021-03-01
sarima,2021-09-01,7512.0,7397.352315088819,76,6,2021-03-01
sarima,2021-05-01,8253.0,7701.992215061794,77,1,2021-04-01
sarima,2021-06-01,8153.0,7992.865899978658,77,2,2021-04-01
sarima,2021-07-01,9251.0,8277.98601112582,77,3,2021-04-01
sarima,2021-08-01,8830.0,7949.524371744461,77,4,2021-04-01
sarima,2021-09-01,7512.0,7363.503268490925,77,5,2021-04-01
sarima,2021-10-01,7656.0,7279.843926361286,77,6,2021-04-01
sarima,2021-06-01,8153.0,8248.33714192507,78,1,2021-05-01
sarima,2021-07-01,9251.0,8420.112755391827,78,2,2021-05-01
sarima,2021-08-01,8830.0,8043.558743387248,78,3,2021-05-01
sarima,2021-09-01,7512.0,7457.503087511322,78,4,2021-05-01
sarima,2021-10-01,7656.0,7362.241753252063,78,5,2021-05-01
sarima,2021-11-01,7603.0,6889.92837418289,78,6,2021-05-01
sarima,2021-07-01,9251.0,8460.1204368584,79,1,2021-06-01
sarima,2021-08-01,8830.0,8140.099651340258,79,2,2021-06-01
sarima,2021-09-01,7512.0,7556.49247016571,79,3,2021-06-01
sarima,2021-10-01,7656.0,7472.989208914456,79,4,2021-06-01
sarima,2021-11-01,7603.0,7005.507302063154,79,5,2021-06-01
sarima,2021-12-01,8237.0,7196.143184208095,79,6,2021-06-01
sarima,2021-08-01,8830.0,8404.370761251786,80,1,2021-07-01
sarima,2021-09-01,7512.0,7637.008304737437,80,2,2021-07-01
sarima,2021-10-01,7656.0,7483.515823818208,80,3,2021-07-01
sarima,2021-11-01,7603.0,6991.020285226165,80,4,2021-07-01
sarima,2021-12-01,8237.0,7174.351512576031,80,5,2021-07-01
sarima,2022-01-01,9582.0,7179.061813773135,80,6,2021-07-01
sarima,2021-09-01,7512.0,7837.339035525632,81,1,2021-08-01
sarima,2021-10-01,7656.0,7593.918576481572,81,2,2021-08-01
sarima,2021-11-01,7603.0,7062.6181192783615,81,3,2021-08-01
sarima,2021-12-01,8237.0,7223.525118666361,81,4,2021-08-01
sarima,2022-01-01,9582.0,7221.903497894778,81,5,2021-08-01
sarima,2022-02-01,7227.0,6665.505083591424,81,6,2021-08-01
sarima,2021-10-01,7656.0,7446.843212625554,82,1,2021-09-01
sarima,2021-11-01,7603.0,6988.3676936775255,82,2,2021-09-01
sarima,2021-12-01,8237.0,7176.357572389141,82,3,2021-09-01
sarima,2022-01-01,9582.0,7186.427356292943,82,4,2021-09-01
sarima,2022-02-01,7227.0,6631.304239690773,82,5,2021-09-01
sarima,2022-03-01,7504.0,7274.572913803952,82,6,2021-09-01
sarima,2021-11-01,7603.0,7079.843100962835,83,1,2021-10-01
sarima,2021-12-01,8237.0,7221.990672909339,83,2,2021-10-01
sarima,2022-01-01,9582.0,7214.208410748252,83,3,2021-10-01
sarima,2022-02-01,7227.0,6651.873329235024,83,4,2021-10-01
sarima,2022-03-01,7504.0,7293.184979492104,83,5,2021-10-01
sarima,2022-04-01,7589.0,7077.97077916365,83,6,2021-10-01
sarima,2021-12-01,8237.0,7454.467384514937,84,1,2021-11-01
sarima,2022-01-01,9582.0,7330.323997200575,84,2,2021-11-01
sarima,2022-02-01,7227.0,6712.444610136171,84,3,2021-11-01
sarima,2022-03-01,7504.0,7353.512427438616,84,4,2021-11-01
sarima,2022-04-01,7589.0,7106.708444817999,84,5,2021-11-01
sarima,2022-05-01,8846.0,8018.33081820159,84,6,2021-11-01
sarima,2022-01-01,9582.0,7716.292447832848,85,1,2021-12-01
sarima,2022-02-01,7227.0,6908.255534346808,85,2,2021-12-01
sarima,2022-03-01,7504.0,7473.488492279788,85,3,2021-12-01
sarima,2022-04-01,7589.0,7172.866569075728,85,4,2021-12-01
sarima,2022-05-01,8846.0,8069.908414666275,85,5,2021-12-01
sarima,2022-06-01,9057.0,8299.90310915049,85,6,2021-12-01
sarima,2022-02-01,7227.0,8166.434222473546,86,1,2022-01-01
sarima,2022-03-01,7504.0,8755.626187687694,86,2,2022-01-01
sarima,2022-04-01,7589.0,8439.498393066458,86,3,2022-01-01
sarima,2022-05-01,8846.0,9371.904706022298,86,4,2022-01-01
sarima,2022-06-01,9057.0,9596.249330712468,86,5,2022-01-01
sarima,2022-07-01,8699.0,10063.861923118277,86,6,2022-01-01
sarima,2022-03-01,7504.0,8273.379601728077,87,1,2022-02-01
sarima,2022-04-01,7589.0,7975.529698771518,87,2,2022-02-01
sarima,2022-05-01,8846.0,8927.269200575678,87,3,2022-02-01
sarima,2022-06-01,9057.0,9139.72521044659,87,4,2022-02-01
sarima,2022-07-01,8699.0,9633.86940241287,87,5,2022-02-01
sarima,2022-08-01,8834.0,9331.752299058538,87,6,2022-02-01
sarima,2022-04-01,7589.0,7142.600841209618,88,1,2022-03-01
sarima,2022-05-01,8846.0,8078.15566998441,88,2,2022-03-01
sarima,2022-06-01,9057.0,8282.716400655932,88,3,2022-03-01
sarima,2022-07-01,8699.0,8774.833763451992,88,4,2022-03-01
sarima,2022-08-01,8834.0,8471.322359092328,88,5,2022-03-01
sarima,2022-09-01,8228.0,7703.434751085468,88,6,2022-03-01
sarima,2022-05-01,8846.0,8302.9375464384,89,1,2022-04-01
sarima,2022-06-01,9057.0,8425.597792550736,89,2,2022-04-01
sarima,2022-07-01,8699.0,8833.826765591786,89,3,2022-04-01
sarima,2022-08-01,8834.0,8496.583863805105,89,4,2022-04-01
sarima,2022-09-01,8228.0,7747.972425106324,89,5,2022-04-01
sarima,2022-10-01,8388.0,7713.47867567658,89,6,2022-04-01
sarima,2022-06-01,9057.0,8959.689389655432,90,1,2022-05-01
sarima,2022-07-01,8699.0,9389.853244507807,90,2,2022-05-01
sarima,2022-08-01,8834.0,9070.935659015791,90,3,2022-05-01
sarima,2022-09-01,8228.0,8336.89369341054,90,4,2022-05-01
sarima,2022-10-01,8388.0,8308.349369064854,90,5,2022-05-01
sarima,2022-11-01,7588.0,7923.922172056354,90,6,2022-05-01
sarima,2022-07-01,8699.0,9430.82489274021,91,1,2022-06-01
sarima,2022-08-01,8834.0,9098.99924031862,91,2,2022-06-01
sarima,2022-09-01,8228.0,8367.406042867167,91,3,2022-06-01
sarima,2022-10-01,8388.0,8336.103348825749,91,4,2022-06-01
sarima,2022-11-01,7588.0,7949.067077395117,91,5,2022-06-01
sarima,2022-12-01,7850.0,8201.591402985478,91,6,2022-06-01
sarima,2022-08-01,8834.0,8432.532463850528,92,1,2022-07-01
sarima,2022-09-01,8228.0,7752.370128415685,92,2,2022-07-01
sarima,2022-10-01,8388.0,7723.198976187424,92,3,2022-07-01
sarima,2022-11-01,7588.0,7327.891022452832,92,4,2022-07-01
sarima,2022-12-01,7850.0,7578.601176659218,92,5,2022-07-01
sarima,2023-01-01,7563.0,7794.1127752062785,92,6,2022-07-01
sarima,2022-09-01,8228.0,8170.02863863209,93,1,2022-08-01
sarima,2022-10-01,8388.0,8135.617162774948,93,2,2022-08-01
sarima,2022-11-01,7588.0,7736.691206458374,93,3,2022-08-01
sarima,2022-12-01,7850.0,7982.390282767287,93,4,2022-08-01
sarima,2023-01-01,7563.0,8187.520644557331,93,5,2022-08-01
sarima,2023-02-01,6551.0,7374.493276234203,93,6,2022-08-01
sarima,2022-10-01,8388.0,8160.68538476217,94,1,2022-09-01
sarima,2022-11-01,7588.0,7752.857722903477,94,2,2022-09-01
sarima,2022-12-01,7850.0,7996.110426068581,94,3,2022-09-01
sarima,2023-01-01,7563.0,8196.018853788359,94,4,2022-09-01
sarima,2023-02-01,6551.0,7390.857042834448,94,5,2022-09-01
sarima,2023-03-01,7507.0,7992.578716089106,94,6,2022-09-01
sarima,2022-11-01,7588.0,7856.012616862468,95,1,2022-10-01
sarima,2022-12-01,7850.0,8071.29099094203,95,2,2022-10-01
sarima,2023-01-01,7563.0,8267.49339360274,95,3,2022-10-01
sarima,2023-02-01,6551.0,7455.800240417622,95,4,2022-10-01
sarima,2023-03-01,7507.0,8058.897793744621,95,5,2022-10-01
sarima,2023-04-01,7745.0,7873.062088056257,95,6,2022-10-01
sarima,2022-12-01,7850.0,7945.895619075923,96,1,2022-11-01
sarima,2023-01-01,7563.0,8160.938150788099,96,2,2022-11-01
sarima,2023-02-01,6551.0,7379.934483942156,96,3,2022-11-01
sarima,2023-03-01,7507.0,7976.596390220557,96,4,2022-11-01
sarima,2023-04-01,7745.0,7802.350974406821,96,5,2022-11-01
sarima,2023-05-01,8600.0,8754.778877416373,96,6,2022-11-01
sarima,2023-01-01,7563.0,8109.956169407204,97,1,2022-12-01
sarima,2023-02-01,6551.0,7351.394585031131,97,2,2022-12-01
sarima,2023-03-01,7507.0,7946.776721140488,97,3,2022-12-01
sarima,2023-04-01,7745.0,7778.427646292612,97,4,2022-12-01
sarima,2023-05-01,8600.0,8727.235551073905,97,5,2022-12-01
sarima,2023-06-01,9151.0,8977.357257513699,97,6,2022-12-01
sarima,2023-02-01,6551.0,7169.744233946249,98,1,2023-01-01
sarima,2023-03-01,7507.0,7778.883478340334,98,2,2023-01-01
sarima,2023-04-01,7745.0,7678.189573719738,98,3,2023-01-01
sarima,2023-05-01,8600.0,8592.72620721807,98,4,2023-01-01
sarima,2023-06-01,9151.0,8867.067322735385,98,5,2023-01-01
sarima,2023-07-01,9183.0,9159.144506023267,98,6,2023-01-01
sarima,2023-03-01,7507.0,7369.9663323594095,99,1,2023-02-01
sarima,2023-04-01,7745.0,7292.579508421551,99,2,2023-02-01
sarima,2023-05-01,8600.0,8304.073954027404,99,3,2023-02-01
sarima,2023-06-01,9151.0,8572.721932870543,99,4,2023-02-01
sarima,2023-07-01,9183.0,8894.59067900605,99,5,2023-02-01
sarima,2023-08-01,8297.0,8638.204813320599,99,6,2023-02-01
sarima,2023-04-01,7745.0,7359.427352204831,100,1,2023-03-01
sarima,2023-05-01,8600.0,8338.773972865396,100,2,2023-03-01
sarima,2023-06-01,9151.0,8589.729036388931,100,3,2023-03-01
sarima,2023-07-01,9183.0,8903.760384189796,100,4,2023-03-01
sarima,2023-08-01,8297.0,8644.823235129355,100,5,2023-03-01
sarima,2023-09-01,7823.0,7958.385767741592,100,6,2023-03-01
sarima,2023-05-01,8600.0,8548.646155474515,101,1,2023-04-01
sarima,2023-06-01,9151.0,8775.987485918922,101,2,2023-04-01
sarima,2023-07-01,9183.0,9068.454569299169,101,3,2023-04-01
sarima,2023-08-01,8297.0,8778.26306350827,101,4,2023-04-01
sarima,2023-09-01,7823.0,8120.704162590648,101,5,2023-04-01
sarima,2023-10-01,7507.0,8084.055590306044,101,6,2023-04-01
sarima,2023-06-01,9151.0,8813.510048889502,102,1,2023-05-01
sarima,2023-07-01,9183.0,9089.98704421192,102,2,2023-05-01
sarima,2023-08-01,8297.0,8776.025439071345,102,3,2023-05-01
sarima,2023-09-01,7823.0,8142.973500723012,102,4,2023-05-01
sarima,2023-10-01,7507.0,8088.875092584205,102,5,2023-05-01
sarima,2023-11-01,8107.0,7626.40280040866,102,6,2023-05-01
sarima,2023-07-01,9183.0,9249.573081837614,103,1,2023-06-01
sarima,2023-08-01,8297.0,8901.75933474046,103,2,2023-06-01
sarima,2023-09-01,7823.0,8237.182340977872,103,3,2023-06-01
sarima,2023-10-01,7507.0,8191.848211602906,103,4,2023-06-01
sarima,2023-11-01,8107.0,7730.081989179332,103,5,2023-06-01
sarima,2023-12-01,7504.0,7966.406298433419,103,6,2023-06-01
prophet,2015-01-01,7184.0,6475.526921658475,1,1,2014-12-01
prophet,2015-02-01,5958.0,6149.96906552468,1,2,2014-12-01
prophet,2015-03-01,6658.0,6534.807743739336,1,3,2014-12-01
prophet,2015-04-01,7069.0,6449.27591128713,1,4,2014-12-01
prophet,2015-05-01,8099.0,7208.730462542862,1,5,2014-12-01
prophet,2015-06-01,7868.0,7888.102746803634,1,6,2014-12-01
prophet,2015-02-01,5958.0,6201.847337679556,2,1,2015-01-01
prophet,2015-03-01,6658.0,6576.568403742248,2,2,2015-01-01
prophet,2015-04-01,7069.0,6503.920795512978,2,3,2015-01-01
prophet,2015-05-01,8099.0,7273.072435194835,2,4,2015-01-01
prophet,2015-06-01,7868.0,7958.550191738041,2,5,2015-01-01
prophet,2015-07-01,7986.0,7745.471243991708,2,6,2015-01-01
prophet,2015-03-01,6658.0,6559.590595604204,3,1,2015-02-01
prophet,2015-04-01,7069.0,6481.505953752479,3,2,2015-02-01
prophet,2015-05-01,8099.0,7245.485464942773,3,3,2015-02-01
prophet,2015-06-01,7868.0,7927.134423883133,3,4,2015-02-01
prophet,2015-07-01,7986.0,7710.787728642683,3,5,2015-02-01
prophet,2015-08-01,7251.0,7705.000178861322,3,6,2015-02-01
prophet,2015-04-01,7069.0,6483.407567145964,4,1,2015-03-01
prophet,2015-05-01,8099.0,7250.012733684181,4,2,2015-03-01
prophet,2015-06-01,7868.0,7933.811289653704,4,3,2015-03-01
prophet,2015-07-01,7986.0,7720.212647496348,4,4,2015-03-01
prophet,2015-08-01,7251.0,7715.419837066167,4,5,2015-03-01
prophet,2015-09-01,7163.0,7013.3025702160285,4,6,2015-03-01
prophet,2015-05-01,8099.0,7261.154332157385,5,1,2015-04-01
prophet,2015-06-01,7868.0,7953.995977209356,5,2,2015-04-01
prophet,2015-07-01,7986.0,7751.7853305787185,5,3,2015-04-01
prophet,2015-08-01,7251.0,7758.873408479127,5,4,2015-04-01
prophet,2015-09-01,7163.0,7065.945919692059,5,5,2015-04-01
prophet,2015-10-01,6690.0,7047.64326183827,5,6,2015-04-01
prophet,2015-06-01,7868.0,7997.7071829914785,6,1,2015-05-01
prophet,2015-07-01,7986.0,7808.250421502756,6,2,2015-05-01
prophet,2015-08-01,7251.0,7832.2107062621935,6,3,2015-05-01
prophet,2015-09-01,7163.0,7156.153763378536,6,4,2015-05-01
prophet,2015-10-01,6690.0,7152.094036316992,6,5,2015-05-01
prophet,2015-11-01,6392.0,6756.27484263408,6,6,2015-05-01
prophet,2015-07-01,7986.0,7796.947329298248,7,1,2015-06-01
prophet,2015-08-01,7251.0,7818.7992929882175,7,2,2015-06-01
prophet,2015-09-01,7163.0,7140.492637219847,7,3,2015-06-01
prophet,2015-10-01,6690.0,7134.383114988276,7,4,2015-06-01
prophet,2015-11-01,6392.0,6735.717006696815,7,5,2015-06-01
prophet,2015-12-01,6753.0,6858.751117306978,7,6,2015-06-01
prophet,2015-08-01,7251.0,7827.258395250297,8,1,2015-07-01
prophet,2015-09-01,7163.0,7151.260635824382,8,2,2015-07-01
prophet,2015-10-01,6690.0,7148.360204953472,8,3,2015-07-01
prophet,2015-11-01,6392.0,6753.256323668321,8,4,2015-07-01
prophet,2015-12-01,6753.0,6879.329590777418,8,5,2015-07-01
prophet,2016-01-01,6753.0,6917.952230110896,8,6,2015-07-01
prophet,2015-09-01,7163.0,7122.164123309449,9,1,2015-08-01
prophet,2015-10-01,6690.0,7113.298868234264,9,2,2015-08-01
prophet,2015-11-01,6392.0,6707.635898744573,9,3,2015-08-01
prophet,2015-12-01,6753.0,6821.310084981715,9,4,2015-08-01
prophet,2016-01-01,6753.0,6846.361704364007,9,5,2015-08-01
prophet,2016-02-01,6385.0,6171.190389202133,9,6,2015-08-01
prophet,2015-10-01,6690.0,7114.580850878238,10,1,2015-09-01
prophet,2015-11-01,6392.0,6709.127736915668,10,2,2015-09-01
prophet,2015-12-01,6753.0,6824.17707636814,10,3,2015-09-01
prophet,2016-01-01,6753.0,6850.279957347897,10,4,2015-09-01
prophet,2016-02-01,6385.0,6176.0575346530495,10,5,2015-09-01
prophet,2016-03-01,7164.0,6676.098935559062,10,6,2015-09-01
prophet,2015-11-01,6392.0,6695.0040394131,11,1,2015-10-01
prophet,2015-12-01,6753.0,6803.031126983878,11,2,2015-10-01
prophet,2016-01-01,6753.0,6818.516815522527,11,3,2015-10-01
prophet,2016-02-01,6385.0,6129.962878907836,11,4,2015-10-01
prophet,2016-03-01,7164.0,6638.55846433615,11,5,2015-10-01
prophet,2016-04-01,7192.0,6654.201508266947,11,6,2015-10-01
prophet,2015-12-01,6753.0,6798.69753416281,12,1,2015-11-01
prophet,2016-01-01,6753.0,6808.849972050207,12,2,2015-11-01
prophet,2016-02-01,6385.0,6111.511633627261,12,3,2015-11-01
prophet,2016-03-01,7164.0,6614.878449710109,12,4,2015-11-01
prophet,2016-04-01,7192.0,6635.982159572082,12,5,2015-11-01
prophet,2016-05-01,7743.0,7648.628220527748,12,6,2015-11-01
prophet,2016-01-01,6753.0,6804.148188848656,13,1,2015-12-01
prophet,2016-02-01,6385.0,6104.58099425169,13,2,2015-12-01
prophet,2016-03-01,7164.0,6605.296664556483,13,3,2015-12-01
prophet,2016-04-01,7192.0,6627.763446978085,13,4,2015-12-01
prophet,2016-05-01,7743.0,7642.373631408634,13,5,2015-12-01
prophet,2016-06-01,8767.0,7549.894828916673,13,6,2015-12-01
prophet,2016-02-01,6385.0,6107.503528211128,14,1,2016-01-01
prophet,2016-03-01,7164.0,6601.893770735792,14,2,2016-01-01
prophet,2016-04-01,7192.0,6626.455937670604,14,3,2016-01-01
prophet,2016-05-01,7743.0,7642.325666791634,14,4,2016-01-01
prophet,2016-06-01,8767.0,7551.922374754704,14,5,2016-01-01
prophet,2016-07-01,8479.0,8291.579182043977,14,6,2016-01-01
prophet,2016-03-01,7164.0,6638.759605321828,15,1,2016-02-01
prophet,2016-04-01,7192.0,6655.596598654884,15,2,2016-02-01
prophet,2016-05-01,7743.0,7662.909867575583,15,3,2016-02-01
prophet,2016-06-01,8767.0,7565.632377230935,15,4,2016-02-01
prophet,2016-07-01,8479.0,8299.116583496058,15,5,2016-02-01
prophet,2016-08-01,7890.0,7686.572307440889,15,6,2016-02-01
prophet,2016-04-01,7192.0,6651.127830978371,16,1,2016-03-01
prophet,2016-05-01,7743.0,7671.491962967286,16,2,2016-03-01
prophet,2016-06-01,8767.0,7588.711115078963,16,3,2016-03-01
prophet,2016-07-01,8479.0,8336.817559934303,16,4,2016-03-01
prophet,2016-08-01,7890.0,7734.249980983562,16,5,2016-03-01
prophet,2016-09-01,7317.0,7207.752310017237,16,6,2016-03-01
prophet,2016-05-01,7743.0,7670.289389610379,17,1,2016-04-01
prophet,2016-06-01,8767.0,7598.422688451173,17,2,2016-04-01
prophet,2016-07-01,8479.0,8360.24073510342,17,3,2016-04-01
prophet,2016-08-01,7890.0,7771.125937273939,17,4,2016-04-01
prophet,2016-09-01,7317.0,7254.039875799215,17,5,2016-04-01
prophet,2016-10-01,7426.0,7220.094251578841,17,6,2016-04-01
prophet,2016-06-01,8767.0,7600.110976072883,18,1,2016-05-01
prophet,2016-07-01,8479.0,8363.232693661943,18,2,2016-05-01
prophet,2016-08-01,7890.0,7775.900842114825,18,3,2016-05-01
prophet,2016-09-01,7317.0,7260.224877379504,18,4,2016-05-01
prophet,2016-10-01,7426.0,7227.415347994126,18,5,2016-05-01
prophet,2016-11-01,6700.0,6550.647247561252,18,6,2016-05-01
prophet,2016-07-01,8479.0,8436.872912571429,19,1,2016-06-01
prophet,2016-08-01,7890.0,7868.56972473246,19,2,2016-06-01
prophet,2016-09-01,7317.0,7374.311459634716,19,3,2016-06-01
prophet,2016-10-01,7426.0,7368.586291514185,19,4,2016-06-01
prophet,2016-11-01,6700.0,6719.6086369965615,19,5,2016-06-01
prophet,2016-12-01,6994.0,7161.343543944833,19,6,2016-06-01
prophet,2016-08-01,7890.0,7861.584592645693,20,1,2016-07-01
prophet,2016-09-01,7317.0,7367.668151966575,20,2,2016-07-01
prophet,2016-10-01,7426.0,7362.90684466465,20,3,2016-07-01
prophet,2016-11-01,6700.0,6715.099082118559,20,4,2016-07-01
prophet,2016-12-01,6994.0,7157.87356175446,20,5,2016-07-01
prophet,2017-01-01,6788.0,7037.314058960559,20,6,2016-07-01
prophet,2016-09-01,7317.0,7372.507733614143,21,1,2016-08-01
prophet,2016-10-01,7426.0,7368.219169503309,21,2,2016-08-01
prophet,2016-11-01,6700.0,6721.196998093537,21,3,2016-08-01
prophet,2016-12-01,6994.0,7164.985523910033,21,4,2016-08-01
prophet,2017-01-01,6788.0,7043.833353744749,21,5,2016-08-01
prophet,2017-02-01,6271.0,6759.243670125995,21,6,2016-08-01
prophet,2016-10-01,7426.0,7366.148068090151,22,1,2016-09-01
prophet,2016-11-01,6700.0,6718.347956744188,22,2,2016-09-01
prophet,2016-12-01,6994.0,7160.595732269605,22,3,2016-09-01
prophet,2017-01-01,6788.0,7036.874177530219,22,4,2016-09-01
prophet,2017-02-01,6271.0,6750.162187943549,22,5,2016-09-01
prophet,2017-03-01,6794.0,7071.939514296397,22,6,2016-09-01
prophet,2016-11-01,6700.0,6710.410538192185,23,1,2016-10-01
prophet,2016-12-01,6994.0,7153.950606371897,23,2,2016-10-01
prophet,2017-01-01,6788.0,7034.375624652781,23,3,2016-10-01
prophet,2017-02-01,6271.0,6749.491302878026,23,4,2016-10-01
prophet,2017-03-01,6794.0,7069.69950091445,23,5,2016-10-01
prophet,2017-04-01,6884.0,7119.536603404795,23,6,2016-10-01
prophet,2016-12-01,6994.0,7158.522558372588,24,1,2016-11-01
prophet,2017-01-01,6788.0,7038.76650897298,24,2,2016-11-01
prophet,2017-02-01,6271.0,6754.276144922391,24,3,2016-11-01
prophet,2017-03-01,6794.0,7073.751337050503,24,4,2016-11-01
prophet,2017-04-01,6884.0,7123.812616607326,24,5,2016-11-01
prophet,2017-05-01,7651.0,7985.608914833529,24,6,2016-11-01
prophet,2017-01-01,6788.0,7033.919867562322,25,1,2016-12-01
prophet,2017-02-01,6271.0,6744.939314089307,25,2,2016-12-01
prophet,2017-03-01,6794.0,7060.6910533123855,25,3,2016-12-01
prophet,2017-04-01,6884.0,7108.448199334104,25,4,2016-12-01
prophet,2017-05-01,7651.0,7968.77822294236,25,5,2016-12-01
prophet,2017-06-01,8009.0,8301.424485421036,25,6,2016-12-01
prophet,2017-02-01,6271.0,6731.067304905908,26,1,2017-01-01
prophet,2017-03-01,6794.0,7040.743501439486,26,2,2017-01-01
prophet,2017-04-01,6884.0,7085.101617037795,26,3,2017-01-01
prophet,2017-05-01,7651.0,7942.603500652903,26,4,2017-01-01
prophet,2017-06-01,8009.0,8273.321182605061,26,5,2017-01-01
prophet,2017-07-01,8694.0,8511.826430983416,26,6,2017-01-01
prophet,2017-03-01,6794.0,6998.263518496266,27,1,2017-02-01
prophet,2017-04-01,6884.0,7036.074565427729,27,2,2017-02-01
prophet,2017-05-01,7651.0,7887.468505515526,27,3,2017-02-01
prophet,2017-06-01,8009.0,8212.641106244517,27,4,2017-02-01
prophet,2017-07-01,8694.0,8447.305418428181,27,5,2017-02-01
prophet,2017-08-01,8130.0,7974.5924276647165,27,6,2017-02-01
prophet,2017-04-01,6884.0,7017.494997181311,28,1,2017-03-01
prophet,2017-05-01,7651.0,7867.7952955179635,28,2,2017-03-01
prophet,2017-06-01,8009.0,8191.397163884538,28,3,2017-03-01
prophet,2017-07-01,8694.0,8424.466846306621,28,4,2017-03-01
prophet,2017-08-01,8130.0,7950.55524393064,28,5,2017-03-01
prophet,2017-09-01,7446.0,7449.649665716584,28,6,2017-03-01
prophet,2017-05-01,7651.0,7856.500131640686,29,1,2017-04-01
prophet,2017-06-01,8009.0,8179.5479670881905,29,2,2017-04-01
prophet,2017-07-01,8694.0,8412.007179628949,29,3,2017-04-01
prophet,2017-08-01,8130.0,7937.5239504901565,29,4,2017-04-01
prophet,2017-09-01,7446.0,7436.02601620634,29,5,2017-04-01
prophet,2017-10-01,7282.0,7400.526905059537,29,6,2017-04-01
prophet,2017-06-01,8009.0,8161.935029454313,30,1,2017-05-01
prophet,2017-07-01,8694.0,8393.690260535339,30,2,2017-05-01
prophet,2017-08-01,8130.0,7918.405989970719,30,3,2017-05-01
prophet,2017-09-01,7446.0,7416.050707770375,30,4,2017-05-01
prophet,2017-10-01,7282.0,7379.791346988338,30,5,2017-05-01
prophet,2017-11-01,6830.0,6808.802430467502,30,6,2017-05-01
prophet,2017-07-01,8694.0,8383.271044218272,31,1,2017-06-01
prophet,2017-08-01,8130.0,7907.867083812402,31,2,2017-06-01
prophet,2017-09-01,7446.0,7405.145797870905,31,3,2017-06-01
prophet,2017-10-01,7282.0,7368.375201401881,31,4,2017-06-01
prophet,2017-11-01,6830.0,6797.258119181035,31,5,2017-06-01
prophet,2017-12-01,6946.0,7127.314647532179,31,6,2017-06-01
prophet,2017-08-01,8130.0,7927.955420347884,32,1,2017-07-01
prophet,2017-09-01,7446.0,7426.074605942967,32,2,2017-07-01
prophet,2017-10-01,7282.0,7390.519836726078,32,3,2017-07-01
prophet,2017-11-01,6830.0,6820.404086851596,32,4,2017-07-01
prophet,2017-12-01,6946.0,7151.618373435915,32,5,2017-07-01
prophet,2018-01-01,6886.0,7058.694202477616,32,6,2017-07-01
prophet,2017-09-01,7446.0,7432.074620722848,33,1,2017-08-01
prophet,2017-10-01,7282.0,7396.492082636456,33,2,2017-08-01
prophet,2017-11-01,6830.0,6827.112481404151,33,3,2017-08-01
prophet,2017-12-01,6946.0,7159.582552477637,33,4,2017-08-01
prophet,2018-01-01,6886.0,7066.609452545405,33,5,2017-08-01
prophet,2018-02-01,5960.0,6645.672998488072,33,6,2017-08-01
prophet,2017-10-01,7282.0,7403.642005523977,34,1,2017-09-01
prophet,2017-11-01,6830.0,6834.014110308868,34,2,2017-09-01
prophet,2017-12-01,6946.0,7166.927424904119,34,3,2017-09-01
prophet,2018-01-01,6886.0,7074.525658755601,34,4,2017-09-01
prophet,2018-02-01,5960.0,6654.22437400133,34,5,2017-09-01
prophet,2018-03-01,6930.0,7047.476314801891,34,6,2017-09-01
prophet,2017-11-01,6830.0,6829.924950339233,35,1,2017-10-01
prophet,2017-12-01,6946.0,7162.239541444369,35,2,2017-10-01
prophet,2018-01-01,6886.0,7071.40306673128,35,3,2017-10-01
prophet,2018-02-01,5960.0,6651.603809637276,35,4,2017-10-01
prophet,2018-03-01,6930.0,7045.097760984246,35,5,2017-10-01
prophet,2018-04-01,6769.0,7131.067183227879,35,6,2017-10-01
prophet,2017-12-01,6946.0,7159.63277812255,36,1,2017-11-01
prophet,2018-01-01,6886.0,7068.196673676625,36,2,2017-11-01
prophet,2018-02-01,5960.0,6647.390201972196,36,3,2017-11-01
prophet,2018-03-01,6930.0,7040.572037257568,36,4,2017-11-01
prophet,2018-04-01,6769.0,7126.531572519209,36,5,2017-11-01
prophet,2018-05-01,7511.0,8010.334059851347,36,6,2017-11-01
prophet,2018-01-01,6886.0,7049.913086537523,37,1,2017-12-01
prophet,2018-02-01,5960.0,6628.377278397948,37,2,2017-12-01
prophet,2018-03-01,6930.0,7019.960917452462,37,3,2017-12-01
prophet,2018-04-01,6769.0,7106.421148316425,37,4,2017-12-01
prophet,2018-05-01,7511.0,7990.71095319197,37,5,2017-12-01
prophet,2018-06-01,8057.0,8299.510013036428,37,6,2017-12-01
prophet,2018-02-01,5960.0,6625.020344852111,38,1,2018-01-01
prophet,2018-03-01,6930.0,7015.164430486075,38,2,2018-01-01
prophet,2018-04-01,6769.0,7101.434729836437,38,3,2018-01-01
prophet,2018-05-01,7511.0,7985.424655287369,38,4,2018-01-01
prophet,2018-06-01,8057.0,8294.003095132233,38,5,2018-01-01
prophet,2018-07-01,8175.0,8467.180572186424,38,6,2018-01-01
prophet,2018-03-01,6930.0,6970.532046340782,39,1,2018-02-01
prophet,2018-04-01,6769.0,7057.731138403659,39,2,2018-02-01
prophet,2018-05-01,7511.0,7942.792776855346,39,3,2018-02-01
prophet,2018-06-01,8057.0,8252.363857310702,39,4,2018-02-01
prophet,2018-07-01,8175.0,8426.083940392384,39,5,2018-02-01
prophet,2018-08-01,8328.0,8045.798691675085,39,6,2018-02-01
prophet,2018-04-01,6769.0,7059.446109362861,40,1,2018-03-01
prophet,2018-05-01,7511.0,7944.438373427374,40,2,2018-03-01
prophet,2018-06-01,8057.0,8253.838979119379,40,3,2018-03-01
prophet,2018-07-01,8175.0,8427.246451542525,40,4,2018-03-01
prophet,2018-08-01,8328.0,8047.113481518871,40,5,2018-03-01
prophet,2018-09-01,7325.0,7542.516980621935,40,6,2018-03-01
prophet,2018-05-01,7511.0,7915.403595411631,41,1,2018-04-01
prophet,2018-06-01,8057.0,8224.442352366828,41,2,2018-04-01
prophet,2018-07-01,8175.0,8393.179543592405,41,3,2018-04-01
prophet,2018-08-01,8328.0,8011.863567450118,41,4,2018-04-01
prophet,2018-09-01,7325.0,7507.180757285212,41,5,2018-04-01
prophet,2018-10-01,7202.0,7365.44071475704,41,6,2018-04-01
prophet,2018-06-01,8057.0,8172.740066113414,42,1,2018-05-01
prophet,2018-07-01,8175.0,8369.33251331712,42,2,2018-05-01
prophet,2018-08-01,8328.0,7960.381498268,42,3,2018-05-01
prophet,2018-09-01,7325.0,7448.818211283389,42,4,2018-05-01
prophet,2018-10-01,7202.0,7326.569621669194,42,5,2018-05-01
prophet,2018-11-01,7161.0,6837.125950385446,42,6,2018-05-01
prophet,2018-07-01,8175.0,8349.589565069224,43,1,2018-06-01
prophet,2018-08-01,8328.0,7946.3115488413,43,2,2018-06-01
prophet,2018-09-01,7325.0,7435.054481527375,43,3,2018-06-01
prophet,2018-10-01,7202.0,7306.582853757365,43,4,2018-06-01
prophet,2018-11-01,7161.0,6820.306400372961,43,5,2018-06-01
prophet,2018-12-01,7409.0,7067.269146827634,43,6,2018-06-01
prophet,2018-08-01,8328.0,7921.4104595244735,44,1,2018-07-01
prophet,2018-09-01,7325.0,7411.731680008606,44,2,2018-07-01
prophet,2018-10-01,7202.0,7268.99014001812,44,3,2018-07-01
prophet,2018-11-01,7161.0,6793.231014155298,44,4,2018-07-01
prophet,2018-12-01,7409.0,7030.956008018042,44,5,2018-07-01
prophet,2019-01-01,7117.0,6987.7158918139885,44,6,2018-07-01
prophet,2018-09-01,7325.0,7452.854898507665,45,1,2018-08-01
prophet,2018-10-01,7202.0,7323.176150469761,45,2,2018-08-01
prophet,2018-11-01,7161.0,6839.798706105882,45,3,2018-08-01
prophet,2018-12-01,7409.0,7086.931974757839,45,4,2018-08-01
prophet,2019-01-01,7117.0,7038.981840256897,45,5,2018-08-01
prophet,2019-02-01,6307.0,6521.547297763416,45,6,2018-08-01
prophet,2018-10-01,7202.0,7329.036326104995,46,1,2018-09-01
prophet,2018-11-01,7161.0,6837.436831350038,46,2,2018-09-01
prophet,2018-12-01,7409.0,7090.623913795762,46,3,2018-09-01
prophet,2019-01-01,7117.0,7036.774293848263,46,4,2018-09-01
prophet,2019-02-01,6307.0,6523.287364963164,46,5,2018-09-01
prophet,2019-03-01,7067.0,6970.889352537169,46,6,2018-09-01
prophet,2018-11-01,7161.0,6824.402626767307,47,1,2018-10-01
prophet,2018-12-01,7409.0,7067.334482875054,47,2,2018-10-01
prophet,2019-01-01,7117.0,7023.563748201137,47,3,2018-10-01
prophet,2019-02-01,6307.0,6503.6510551438905,47,4,2018-10-01
prophet,2019-03-01,7067.0,6932.316724747732,47,5,2018-10-01
prophet,2019-04-01,7108.0,7011.311072233381,47,6,2018-10-01
prophet,2018-12-01,7409.0,7100.850782834216,48,1,2018-11-01
prophet,2019-01-01,7117.0,7057.220883579951,48,2,2018-11-01
prophet,2019-02-01,6307.0,6539.743920650569,48,3,2018-11-01
prophet,2019-03-01,7067.0,6971.595800996729,48,4,2018-11-01
prophet,2019-04-01,7108.0,7051.02398967219,48,5,2018-11-01
prophet,2019-05-01,7776.0,7951.739218359421,48,6,2018-11-01
prophet,2019-01-01,7117.0,7086.416421288842,49,1,2018-12-01
prophet,2019-02-01,6307.0,6568.325102955258,49,2,2018-12-01
prophet,2019-03-01,7067.0,6988.939238078971,49,3,2018-12-01
prophet,2019-04-01,7108.0,7079.741794167888,49,4,2018-12-01
prophet,2019-05-01,7776.0,7993.070557878216,49,5,2018-12-01
prophet,2019-06-01,8274.0,8327.732493470203,49,6,2018-12-01
prophet,2019-02-01,6307.0,6573.084555545357,50,1,2019-01-01
prophet,2019-03-01,7067.0,6989.978783474273,50,2,2019-01-01
prophet,2019-04-01,7108.0,7085.032033059273,50,3,2019-01-01
prophet,2019-05-01,7776.0,8004.975763644756,50,4,2019-01-01
prophet,2019-06-01,8274.0,8339.556639123914,50,5,2019-01-01
prophet,2019-07-01,8919.0,8359.975126091831,50,6,2019-01-01
prophet,2019-03-01,7067.0,6974.668985336986,51,1,2019-02-01
prophet,2019-04-01,7108.0,7065.106833654714,51,2,2019-02-01
prophet,2019-05-01,7776.0,7981.853043005042,51,3,2019-02-01
prophet,2019-06-01,8274.0,8315.248389228927,51,4,2019-02-01
prophet,2019-07-01,8919.0,8337.192051335089,51,5,2019-02-01
prophet,2019-08-01,8180.0,8157.806031522869,51,6,2019-02-01
prophet,2019-04-01,7108.0,7060.666242309487,52,1,2019-03-01
prophet,2019-05-01,7776.0,7976.5863207361,52,2,2019-03-01
prophet,2019-06-01,8274.0,8309.740053702642,52,3,2019-03-01
prophet,2019-07-01,8919.0,8333.256672210086,52,4,2019-03-01
prophet,2019-08-01,8180.0,8153.688141069739,52,5,2019-03-01
prophet,2019-09-01,7664.0,7582.394938053046,52,6,2019-03-01
prophet,2019-05-01,7776.0,7973.384710044087,53,1,2019-04-01
prophet,2019-06-01,8274.0,8307.410753278178,53,2,2019-04-01
prophet,2019-07-01,8919.0,8364.874248797949,53,3,2019-04-01
prophet,2019-08-01,8180.0,8154.18229948034,53,4,2019-04-01
prophet,2019-09-01,7664.0,7583.362578821589,53,5,2019-04-01
prophet,2019-10-01,7254.0,7374.192103798262,53,6,2019-04-01
prophet,2019-06-01,8274.0,8300.910173535536,54,1,2019-05-01
prophet,2019-07-01,8919.0,8366.922179127281,54,2,2019-05-01
prophet,2019-08-01,8180.0,8144.069724768821,54,3,2019-05-01
prophet,2019-09-01,7664.0,7572.317117518028,54,4,2019-05-01
prophet,2019-10-01,7254.0,7368.872241455919,54,5,2019-05-01
prophet,2019-11-01,6785.0,7026.210836430049,54,6,2019-05-01
prophet,2019-07-01,8919.0,8362.167273235285,55,1,2019-06-01
prophet,2019-08-01,8180.0,8137.549577929649,55,2,2019-06-01
prophet,2019-09-01,7664.0,7566.27980428065,55,3,2019-06-01
prophet,2019-10-01,7254.0,7364.326324340212,55,4,2019-06-01
prophet,2019-11-01,6785.0,7020.260044131356,55,5,2019-06-01
prophet,2019-12-01,6987.0,7217.771560798,55,6,2019-06-01
prophet,2019-08-01,8180.0,8173.307767993074,56,1,2019-07-01
prophet,2019-09-01,7664.0,7603.265374971613,56,2,2019-07-01
prophet,2019-10-01,7254.0,7391.753070527531,56,3,2019-07-01
prophet,2019-11-01,6785.0,7069.764487536481,56,4,2019-07-01
prophet,2019-12-01,6987.0,7264.786540426131,56,5,2019-07-01
prophet,2020-01-01,7194.0,7231.859853947903,56,6,2019-07-01
prophet,2019-09-01,7664.0,7597.557664008266,57,1,2019-08-01
prophet,2019-10-01,7254.0,7419.110612165304,57,2,2019-08-01
prophet,2019-11-01,6785.0,7060.2579539253375,57,3,2019-08-01
prophet,2019-12-01,6987.0,7275.513618366496,57,4,2019-08-01
prophet,2020-01-01,7194.0,7224.549634117397,57,5,2019-08-01
prophet,2020-02-01,6848.0,6650.6874847070685,57,6,2019-08-01
prophet,2019-10-01,7254.0,7416.992567448859,58,1,2019-09-01
prophet,2019-11-01,6785.0,7070.5167975789,58,2,2019-09-01
prophet,2019-12-01,6987.0,7280.905861325479,58,3,2019-09-01
prophet,2020-01-01,7194.0,7236.119793781706,58,4,2019-09-01
prophet,2020-02-01,6848.0,6658.6739749817225,58,5,2019-09-01
prophet,2020-03-01,7324.0,7223.004989188304,58,6,2019-09-01
prophet,2019-11-01,6785.0,7064.541933795256,59,1,2019-10-01
prophet,2019-12-01,6987.0,7268.778065776972,59,2,2019-10-01
prophet,2020-01-01,7194.0,7228.865608616704,59,3,2019-10-01
prophet,2020-02-01,6848.0,6645.184913618198,59,4,2019-10-01
prophet,2020-03-01,7324.0,7213.836553200259,59,5,2019-10-01
prophet,2020-04-01,5978.0,7211.267781533822,59,6,2019-10-01
prophet,2019-12-01,6987.0,7268.33732389066,60,1,2019-11-01
prophet,2020-01-01,7194.0,7222.779014415022,60,2,2019-11-01
prophet,2020-02-01,6848.0,6638.4971589117085,60,3,2019-11-01
prophet,2020-03-01,7324.0,7203.931585255436,60,4,2019-11-01
prophet,2020-04-01,5978.0,7203.334523307509,60,5,2019-11-01
prophet,2020-05-01,7062.0,8002.389151146606,60,6,2019-11-01
prophet,2020-01-01,7194.0,7194.822739073666,61,1,2019-12-01
prophet,2020-02-01,6848.0,6607.423590871081,61,2,2019-12-01
prophet,2020-03-01,7324.0,7161.88898622076,61,3,2019-12-01
prophet,2020-04-01,5978.0,7165.318636475149,61,4,2019-12-01
prophet,2020-05-01,7062.0,7968.244576737024,61,5,2019-12-01
prophet,2020-06-01,6948.0,8311.174906711301,61,6,2019-12-01
prophet,2020-02-01,6848.0,6618.072530141582,62,1,2020-01-01
prophet,2020-03-01,7324.0,7171.855070667154,62,2,2020-01-01
prophet,2020-04-01,5978.0,7177.525407945613,62,3,2020-01-01
prophet,2020-05-01,7062.0,7981.9627740920605,62,4,2020-01-01
prophet,2020-06-01,6948.0,8326.459721526673,62,5,2020-01-01
prophet,2020-07-01,7392.0,8676.770623573859,62,6,2020-01-01
prophet,2020-03-01,7324.0,7202.017789476554,63,1,2020-02-01
prophet,2020-04-01,5978.0,7199.305729364467,63,2,2020-02-01
prophet,2020-05-01,7062.0,7997.176172371788,63,3,2020-02-01
prophet,2020-06-01,6948.0,8337.176951871288,63,4,2020-02-01
prophet,2020-07-01,7392.0,8693.835000762852,63,5,2020-02-01
prophet,2020-08-01,7678.0,8181.846042982203,63,6,2020-02-01
prophet,2020-04-01,5978.0,7202.148441392727,64,1,2020-03-01
prophet,2020-05-01,7062.0,8005.276691537185,64,2,2020-03-01
prophet,2020-06-01,6948.0,8351.763264930289,64,3,2020-03-01
prophet,2020-07-01,7392.0,8692.220684534412,64,4,2020-03-01
prophet,2020-08-01,7678.0,8204.313194701304,64,5,2020-03-01
prophet,2020-09-01,7005.0,7620.086950304308,64,6,2020-03-01
prophet,2020-05-01,7062.0,7988.005143842018,65,1,2020-04-01
prophet,2020-06-01,6948.0,8312.288443506484,65,2,2020-04-01
prophet,2020-07-01,7392.0,8654.92492083957,65,3,2020-04-01
prophet,2020-08-01,7678.0,8123.634034506802,65,4,2020-04-01
prophet,2020-09-01,7005.0,7524.278606533145,65,5,2020-04-01
prophet,2020-10-01,7385.0,7541.609819777424,65,6,2020-04-01
prophet,2020-06-01,6948.0,8278.045780852888,66,1,2020-05-01
prophet,2020-07-01,7392.0,8621.18041161045,66,2,2020-05-01
prophet,2020-08-01,7678.0,8066.616081257624,66,3,2020-05-01
prophet,2020-09-01,7005.0,7452.752309255063,66,4,2020-05-01
prophet,2020-10-01,7385.0,7471.07636183596,66,5,2020-05-01
prophet,2020-11-01,6872.0,6860.777682877356,66,6,2020-05-01
prophet,2020-07-01,7392.0,8556.278695920704,67,1,2020-06-01
prophet,2020-08-01,7678.0,8009.533470195267,67,2,2020-06-01
prophet,2020-09-01,7005.0,7388.401210730423,67,3,2020-06-01
prophet,2020-10-01,7385.0,7362.386942777127,67,4,2020-06-01
prophet,2020-11-01,6872.0,6759.682732376835,67,5,2020-06-01
prophet,2020-12-01,6781.0,7089.71065329489,67,6,2020-06-01
prophet,2020-08-01,7678.0,7927.477926789931,68,1,2020-07-01
prophet,2020-09-01,7005.0,7301.664882004559,68,2,2020-07-01
prophet,2020-10-01,7385.0,7252.442314951942,68,3,2020-07-01
prophet,2020-11-01,6872.0,6646.613760259396,68,4,2020-07-01
prophet,2020-12-01,6781.0,6952.937309402721,68,5,2020-07-01
prophet,2021-01-01,6917.0,6812.746455049925,68,6,2020-07-01
prophet,2020-09-01,7005.0,7266.586535301105,69,1,2020-08-01
prophet,2020-10-01,7385.0,7234.010450859745,69,2,2020-08-01
prophet,2020-11-01,6872.0,6599.103572973273,69,3,2020-08-01
prophet,2020-12-01,6781.0,6909.518818136468,69,4,2020-08-01
prophet,2021-01-01,6917.0,6748.635694576715,69,5,2020-08-01
prophet,2021-02-01,6217.0,6268.567751069003,69,6,2020-08-01
prophet,2020-10-01,7385.0,7222.015242814779,70,1,2020-09-01
prophet,2020-11-01,6872.0,6574.709859551172,70,2,2020-09-01
prophet,2020-12-01,6781.0,6883.357185971662,70,3,2020-09-01
prophet,2021-01-01,6917.0,6710.828350076286,70,4,2020-09-01
prophet,2021-02-01,6217.0,6229.501595545961,70,5,2020-09-01
prophet,2021-03-01,7569.0,6836.848787928176,70,6,2020-09-01
prophet,2020-11-01,6872.0,6566.952054203588,71,1,2020-10-01
prophet,2020-12-01,6781.0,6875.699839561809,71,2,2020-10-01
prophet,2021-01-01,6917.0,6701.614099147398,71,3,2020-10-01
prophet,2021-02-01,6217.0,6220.339806538508,71,4,2020-10-01
prophet,2021-03-01,7569.0,6838.599135128312,71,5,2020-10-01
prophet,2021-04-01,6917.0,6653.668904129603,71,6,2020-10-01
prophet,2020-12-01,6781.0,6907.253664048055,72,1,2020-11-01
prophet,2021-01-01,6917.0,6753.790775864504,72,2,2020-11-01
prophet,2021-02-01,6217.0,6268.662522463991,72,3,2020-11-01
prophet,2021-03-01,7569.0,6881.378270594323,72,4,2020-11-01
prophet,2021-04-01,6917.0,6706.221059573342,72,5,2020-11-01
prophet,2021-05-01,8253.0,7561.731777023492,72,6,2020-11-01
prophet,2021-01-01,6917.0,6733.404320204954,73,1,2020-12-01
prophet,2021-02-01,6217.0,6255.732549486266,73,2,2020-12-01
prophet,2021-03-01,7569.0,6881.18077785745,73,3,2020-12-01
prophet,2021-04-01,6917.0,6693.505379452494,73,4,2020-12-01
prophet,2021-05-01,8253.0,7550.58409786694,73,5,2020-12-01
prophet,2021-06-01,8153.0,7822.198529599997,73,6,2020-12-01
prophet,2021-02-01,6217.0,6273.289920496463,74,1,2021-01-01
prophet,2021-03-01,7569.0,6872.2684912136765,74,2,2021-01-01
prophet,2021-04-01,6917.0,6701.875605766179,74,3,2021-01-01
prophet,2021-05-01,8253.0,7556.002912848122,74,4,2021-01-01
prophet,2021-06-01,8153.0,7834.176290056165,74,5,2021-01-01
prophet,2021-07-01,9251.0,8137.080422867035,74,6,2021-01-01
prophet,2021-03-01,7569.0,6860.649902714934,75,1,2021-02-01
prophet,2021-04-01,6917.0,6693.227075012199,75,2,2021-02-01
prophet,2021-05-01,8253.0,7544.023562864295,75,3,2021-02-01
prophet,2021-06-01,8153.0,7822.750018623129,75,4,2021-02-01
prophet,2021-07-01,9251.0,8122.677874096664,75,5,2021-02-01
prophet,2021-08-01,8830.0,7763.679456281218,75,6,2021-02-01
prophet,2021-04-01,6917.0,6754.797097797687,76,1,2021-03-01
prophet,2021-05-01,8253.0,7610.515713480722,76,2,2021-03-01
prophet,2021-06-01,8153.0,7889.740102582923,76,3,2021-03-01
prophet,2021-07-01,9251.0,8196.445055427423,76,4,2021-03-01
prophet,2021-08-01,8830.0,7839.442768479097,76,5,2021-03-01
prophet,2021-09-01,7512.0,7233.068690049233,76,6,2021-03-01
prophet,2021-05-01,8253.0,7630.792882204581,77,1,2021-04-01
prophet,2021-06-01,8153.0,7911.390258706685,77,2,2021-04-01
prophet,2021-07-01,9251.0,8217.488298313318,77,3,2021-04-01
prophet,2021-08-01,8830.0,7861.122355961101,77,4,2021-04-01
prophet,2021-09-01,7512.0,7255.859460224704,77,5,2021-04-01
prophet,2021-10-01,7656.0,7220.717902045416,77,6,2021-04-01
prophet,2021-06-01,8153.0,7992.312146495588,78,1,2021-05-01
prophet,2021-07-01,9251.0,8300.757043912328,78,2,2021-05-01
prophet,2021-08-01,8830.0,7948.337043466586,78,3,2021-05-01
prophet,2021-09-01,7512.0,7347.135522578716,78,4,2021-05-01
prophet,2021-10-01,7656.0,7313.488907917803,78,5,2021-05-01
prophet,2021-11-01,7603.0,6794.840074556562,78,6,2021-05-01
prophet,2021-07-01,9251.0,8298.061342328334,79,1,2021-06-01
prophet,2021-08-01,8830.0,7945.757839649032,79,2,2021-06-01
prophet,2021-09-01,7512.0,7344.926137560191,79,3,2021-06-01
prophet,2021-10-01,7656.0,7309.761714478162,79,4,2021-06-01
prophet,2021-11-01,7603.0,6793.043972684327,79,5,2021-06-01
prophet,2021-12-01,8237.0,7014.275573305681,79,6,2021-06-01
prophet,2021-08-01,8830.0,8015.223499924674,80,1,2021-07-01
prophet,2021-09-01,7512.0,7417.978205908181,80,2,2021-07-01
prophet,2021-10-01,7656.0,7379.761433925812,80,3,2021-07-01
prophet,2021-11-01,7603.0,6869.162556841934,80,4,2021-07-01
prophet,2021-12-01,8237.0,7093.07601375157,80,5,2021-07-01
prophet,2022-01-01,9582.0,7039.369784232398,80,6,2021-07-01
prophet,2021-09-01,7512.0,7467.137203763861,81,1,2021-08-01
prophet,2021-10-01,7656.0,7432.336188364856,81,2,2021-08-01
prophet,2021-11-01,7603.0,6922.267181648674,81,3,2021-08-01
prophet,2021-12-01,8237.0,7148.455611605397,81,4,2021-08-01
prophet,2022-01-01,9582.0,7095.584353535143,81,5,2021-08-01
prophet,2022-02-01,7227.0,6566.241782131669,81,6,2021-08-01
prophet,2021-10-01,7656.0,7437.080820909421,82,1,2021-09-01
prophet,2021-11-01,7603.0,6916.583392529186,82,2,2021-09-01
prophet,2021-12-01,8237.0,7142.249128397803,82,3,2021-09-01
prophet,2022-01-01,9582.0,7085.362236396773,82,4,2021-09-01
prophet,2022-02-01,7227.0,6556.591212202338,82,5,2021-09-01
prophet,2022-03-01,7504.0,7082.879950386165,82,6,2021-09-01
prophet,2021-11-01,7603.0,6932.520641264878,83,1,2021-10-01
prophet,2021-12-01,8237.0,7158.419446340575,83,2,2021-10-01
prophet,2022-01-01,9582.0,7103.090585832571,83,3,2021-10-01
prophet,2022-02-01,7227.0,6573.234487075982,83,4,2021-10-01
prophet,2022-03-01,7504.0,7103.681922145293,83,5,2021-10-01
prophet,2022-04-01,7589.0,7045.345564229526,83,6,2021-10-01
prophet,2021-12-01,8237.0,7190.2147007032,84,1,2021-11-01
prophet,2022-01-01,9582.0,7136.262159125225,84,2,2021-11-01
prophet,2022-02-01,7227.0,6608.110566144377,84,3,2021-11-01
prophet,2022-03-01,7504.0,7140.532859614609,84,4,2021-11-01
prophet,2022-04-01,7589.0,7081.14948010544,84,5,2021-11-01
prophet,2022-05-01,8846.0,7951.917883001087,84,6,2021-11-01
prophet,2022-01-01,9582.0,7182.601418099,85,1,2021-12-01
prophet,2022-02-01,7227.0,6654.290562726414,85,2,2021-12-01
prophet,2022-03-01,7504.0,7198.005223120773,85,3,2021-12-01
prophet,2022-04-01,7589.0,7122.151464096056,85,4,2021-12-01
prophet,2022-05-01,8846.0,7996.973134985377,85,5,2021-12-01
prophet,2022-06-01,9057.0,8299.724544109908,85,6,2021-12-01
prophet,2022-02-01,7227.0,6769.606087350266,86,1,2022-01-01
prophet,2022-03-01,7504.0,7326.817409519034,86,2,2022-01-01
prophet,2022-04-01,7589.0,7244.3565983232,86,3,2022-01-01
prophet,2022-05-01,8846.0,8120.791082568016,86,4,2022-01-01
prophet,2022-06-01,9057.0,8421.531156547457,86,5,2022-01-01
prophet,2022-07-01,8699.0,8740.817777212334,86,6,2022-01-01
prophet,2022-03-01,7504.0,7357.917231951965,87,1,2022-02-01
prophet,2022-04-01,7589.0,7281.909511740838,87,2,2022-02-01
prophet,2022-05-01,8846.0,8157.870545794794,87,3,2022-02-01
prophet,2022-06-01,9057.0,8462.058658200755,87,4,2022-02-01
prophet,2022-07-01,8699.0,8779.14544338743,87,5,2022-02-01
prophet,2022-08-01,8834.0,8435.419183210191,87,6,2022-02-01
prophet,2022-04-01,7589.0,7320.924044437641,88,1,2022-03-01
prophet,2022-05-01,8846.0,8193.854960650351,88,2,2022-03-01
prophet,2022-06-01,9057.0,8504.15837002192,88,3,2022-03-01
prophet,2022-07-01,8699.0,8815.87573734786,88,4,2022-03-01
prophet,2022-08-01,8834.0,8474.954959162525,88,5,2022-03-01
prophet,2022-09-01,8228.0,7871.876320161338,88,6,2022-03-01
prophet,2022-05-01,8846.0,8222.43940530842,89,1,2022-04-01
prophet,2022-06-01,9057.0,8531.368994933744,89,2,2022-04-01
prophet,2022-07-01,8699.0,8848.052756753044,89,3,2022-04-01
prophet,2022-08-01,8834.0,8507.376503687741,89,4,2022-04-01
prophet,2022-09-01,8228.0,7902.750754269857,89,5,2022-04-01
prophet,2022-10-01,8388.0,7795.857235556052,89,6,2022-04-01
prophet,2022-06-01,9057.0,8577.506908654701,90,1,2022-05-01
prophet,2022-07-01,8699.0,8901.988195323025,90,2,2022-05-01
prophet,2022-08-01,8834.0,8561.865509848436,90,3,2022-05-01
prophet,2022-09-01,8228.0,7954.199947432932,90,4,2022-05-01
prophet,2022-10-01,8388.0,7857.669282063384,90,5,2022-05-01
prophet,2022-11-01,7588.0,7462.662167395931,90,6,2022-05-01
prophet,2022-07-01,8699.0,8981.587393391641,91,1,2022-06-01
prophet,2022-08-01,8834.0,8646.163463281251,91,2,2022-06-01
prophet,2022-09-01,8228.0,8046.270346566657,91,3,2022-06-01
prophet,2022-10-01,8388.0,7945.376382053637,91,4,2022-06-01
prophet,2022-11-01,7588.0,7559.570173622191,91,5,2022-06-01
prophet,2022-12-01,7850.0,7829.358086965489,91,6,2022-06-01
prophet,2022-08-01,8834.0,8605.746199326131,92,1,2022-07-01
prophet,2022-09-01,8228.0,7996.837301798129,92,2,2022-07-01
prophet,2022-10-01,8388.0,7906.992050299866,92,3,2022-07-01
prophet,2022-11-01,7588.0,7509.767049096864,92,4,2022-07-01
prophet,2022-12-01,7850.0,7778.464439776344,92,5,2022-07-01
prophet,2023-01-01,7563.0,7841.096377489071,92,6,2022-07-01
prophet,2022-09-01,8228.0,8043.480838934458,93,1,2022-08-01
prophet,2022-10-01,8388.0,7940.457876106007,93,2,2022-08-01
prophet,2022-11-01,7588.0,7556.343592615434,93,3,2022-08-01
prophet,2022-12-01,7850.0,7826.096945863474,93,4,2022-08-01
prophet,2023-01-01,7563.0,7891.617252283536,93,5,2022-08-01
prophet,2023-02-01,6551.0,7244.450287262555,93,6,2022-08-01
prophet,2022-10-01,8388.0,7943.7030215975265,94,1,2022-09-01
prophet,2022-11-01,7588.0,7547.014878315602,94,2,2022-09-01
prophet,2022-12-01,7850.0,7816.9930324196675,94,3,2022-09-01
prophet,2023-01-01,7563.0,7882.761946460521,94,4,2022-09-01
prophet,2023-02-01,6551.0,7231.5805830150675,94,5,2022-09-01
prophet,2023-03-01,7507.0,7677.396280936568,94,6,2022-09-01
prophet,2022-11-01,7588.0,7636.408963827973,95,1,2022-10-01
prophet,2022-12-01,7850.0,7909.715802199154,95,2,2022-10-01
prophet,2023-01-01,7563.0,7978.23750737416,95,3,2022-10-01
prophet,2023-02-01,6551.0,7333.928973516126,95,4,2022-10-01
prophet,2023-03-01,7507.0,7755.234743977435,95,5,2022-10-01
prophet,2023-04-01,7745.0,7815.710017488295,95,6,2022-10-01
prophet,2022-12-01,7850.0,7915.14201779715,96,1,2022-11-01
prophet,2023-01-01,7563.0,7985.440149762157,96,2,2022-11-01
prophet,2023-02-01,6551.0,7341.93880361489,96,3,2022-11-01
prophet,2023-03-01,7507.0,7760.176142135429,96,4,2022-11-01
prophet,2023-04-01,7745.0,7824.429402246245,96,5,2022-11-01
prophet,2023-05-01,8600.0,8717.813113751114,96,6,2022-11-01
prophet,2023-01-01,7563.0,7972.051763964577,97,1,2022-12-01
prophet,2023-02-01,6551.0,7328.195924811032,97,2,2022-12-01
prophet,2023-03-01,7507.0,7747.152263860002,97,3,2022-12-01
prophet,2023-04-01,7745.0,7809.689380349708,97,4,2022-12-01
prophet,2023-05-01,8600.0,8703.125176338446,97,5,2022-12-01
prophet,2023-06-01,9151.0,9047.508309466624,97,6,2022-12-01
prophet,2023-02-01,6551.0,7324.303166428758,98,1,2023-01-01
prophet,2023-03-01,7507.0,7736.195260803056,98,2,2023-01-01
prophet,2023-04-01,7745.0,7807.464440365749,98,3,2023-01-01
prophet,2023-05-01,8600.0,8697.334927542257,98,4,2023-01-01
prophet,2023-06-01,9151.0,9045.3463285568,98,5,2023-01-01
prophet,2023-07-01,9183.0,9225.51860629679,98,6,2023-01-01
prophet,2023-03-01,7507.0,7684.79434546872,99,1,2023-02-01
prophet,2023-04-01,7745.0,7725.337966951622,99,2,2023-02-01
prophet,2023-05-01,8600.0,8617.522687852306,99,3,2023-02-01
prophet,2023-06-01,9151.0,8952.653520908269,99,4,2023-02-01
prophet,2023-07-01,9183.0,9148.211874218054,99,5,2023-02-01
prophet,2023-08-01,8297.0,8871.430685604051,99,6,2023-02-01
prophet,2023-04-01,7745.0,7759.433420671558,100,1,2023-03-01
prophet,2023-05-01,8600.0,8641.699228663912,100,2,2023-03-01
prophet,2023-06-01,9151.0,8988.488862049342,100,3,2023-03-01
prophet,2023-07-01,9183.0,9160.290933193428,100,4,2023-03-01
prophet,2023-08-01,8297.0,8890.96265479118,100,5,2023-03-01
prophet,2023-09-01,7823.0,8348.060811026384,100,6,2023-03-01
prophet,2023-05-01,8600.0,8651.725259834704,101,1,2023-04-01
prophet,2023-06-01,9151.0,9009.529384232752,101,2,2023-04-01
prophet,2023-07-01,9183.0,9162.508758145785,101,3,2023-04-01
prophet,2023-08-01,8297.0,8900.799291570791,101,4,2023-04-01
prophet,2023-09-01,7823.0,8370.690333376215,101,5,2023-04-01
prophet,2023-10-01,7507.0,8199.55266045577,101,6,2023-04-01
prophet,2023-06-01,9151.0,8954.11906299114,102,1,2023-05-01
prophet,2023-07-01,9183.0,9144.35906550367,102,2,2023-05-01
prophet,2023-08-01,8297.0,8869.341182192806,102,3,2023-05-01
prophet,2023-09-01,7823.0,8315.376027347966,102,4,2023-05-01
prophet,2023-10-01,7507.0,8179.550830739053,102,5,2023-05-01
prophet,2023-11-01,8107.0,7811.433982378901,102,6,2023-05-01
prophet,2023-07-01,9183.0,9151.184517315498,103,1,2023-06-01
prophet,2023-08-01,8297.0,8884.773280884418,103,2,2023-06-01
prophet,2023-09-01,7823.0,8347.116366410575,103,3,2023-06-01
prophet,2023-10-01,7507.0,8189.947457757598,103,4,2023-06-01
prophet,2023-11-01,8107.0,7841.777262491002,103,5,2023-06-01
prophet,2023-12-01,7504.0,8113.297068492611,103,6,2023-06-01
timesfm,2015-01-01,7184.0,6496.42333984375,1,1,2014-12-01
timesfm,2015-02-01,5958.0,6256.396484375,1,2,2014-12-01
timesfm,2015-03-01,6658.0,6413.01708984375,1,3,2014-12-01
timesfm,2015-04-01,7069.0,6573.40576171875,1,4,2014-12-01
timesfm,2015-05-01,8099.0,7187.89013671875,1,5,2014-12-01
timesfm,2015-06-01,7868.0,7574.8544921875,1,6,2014-12-01
timesfm,2015-02-01,5958.0,6403.5810546875,2,1,2015-01-01
timesfm,2015-03-01,6658.0,6496.5615234375,2,2,2015-01-01
timesfm,2015-04-01,7069.0,6664.68115234375,2,3,2015-01-01
timesfm,2015-05-01,8099.0,7296.0478515625,2,4,2015-01-01
timesfm,2015-06-01,7868.0,7684.5283203125,2,5,2015-01-01
timesfm,2015-07-01,7986.0,7846.078125,2,6,2015-01-01
timesfm,2015-03-01,6658.0,6369.0078125,3,1,2015-02-01
timesfm,2015-04-01,7069.0,6586.18310546875,3,2,2015-02-01
timesfm,2015-05-01,8099.0,7271.5693359375,3,3,2015-02-01
timesfm,2015-06-01,7868.0,7640.90625,3,4,2015-02-01
timesfm,2015-07-01,7986.0,7817.33447265625,3,5,2015-02-01
timesfm,2015-08-01,7251.0,7494.0908203125,3,6,2015-02-01
timesfm,2015-04-01,7069.0,6654.50537109375,4,1,2015-03-01
timesfm,2015-05-01,8099.0,7247.57861328125,4,2,2015-03-01
timesfm,2015-06-01,7868.0,7636.15283203125,4,3,2015-03-01
timesfm,2015-07-01,7986.0,7807.7587890625,4,4,2015-03-01
timesfm,2015-08-01,7251.0,7514.48974609375,4,5,2015-03-01
timesfm,2015-09-01,7163.0,7089.4033203125,4,6,2015-03-01
timesfm,2015-05-01,8099.0,7379.01806640625,5,1,2015-04-01
timesfm,2015-06-01,7868.0,7661.42822265625,5,2,2015-04-01
timesfm,2015-07-01,7986.0,7844.00048828125,5,3,2015-04-01
timesfm,2015-08-01,7251.0,7573.20361328125,5,4,2015-04-01
timesfm,2015-09-01,7163.0,7175.74853515625,5,5,2015-04-01
timesfm,2015-10-01,6690.0,6977.46142578125,5,6,2015-04-01
timesfm,2015-06-01,7868.0,7991.01123046875,6,1,2015-05-01
timesfm,2015-07-01,7986.0,8158.150390625,6,2,2015-05-01
timesfm,2015-08-01,7251.0,7859.02587890625,6,3,2015-05-01
timesfm,2015-09-01,7163.0,7315.38232421875,6,4,2015-05-01
timesfm,2015-10-01,6690.0,7001.08349609375,6,5,2015-05-01
timesfm,2015-11-01,6392.0,6629.5185546875,6,6,2015-05-01
timesfm,2015-07-01,7986.0,8057.73681640625,7,1,2015-06-01
timesfm,2015-08-01,7251.0,7749.66845703125,7,2,2015-06-01
timesfm,2015-09-01,7163.0,7320.5673828125,7,3,2015-06-01
timesfm,2015-10-01,6690.0,6979.826171875,7,4,2015-06-01
timesfm,2015-11-01,6392.0,6611.552734375,7,5,2015-06-01
timesfm,2015-12-01,6753.0,6728.94775390625,7,6,2015-06-01
timesfm,2015-08-01,7251.0,7733.060546875,8,1,2015-07-01
timesfm,2015-09-01,7163.0,7256.02880859375,8,2,2015-07-01
timesfm,2015-10-01,6690.0,7000.3212890625,8,3,2015-07-01
timesfm,2015-11-01,6392.0,6581.32763671875,8,4,2015-07-01
timesfm,2015-12-01,6753.0,6687.9267578125,8,5,2015-07-01
timesfm,2016-01-01,6753.0,6710.42041015625,8,6,2015-07-01
timesfm,2015-09-01,7163.0,7106.267578125,9,1,2015-08-01
timesfm,2015-10-01,6690.0,6902.70947265625,9,2,2015-08-01
timesfm,2015-11-01,6392.0,6657.24072265625,9,3,2015-08-01
timesfm,2015-12-01,6753.0,6702.84521484375,9,4,2015-08-01
timesfm,2016-01-01,6753.0,6632.2998046875,9,5,2015-08-01
timesfm,2016-02-01,6385.0,6364.541015625,9,6,2015-08-01
timesfm,2015-10-01,6690.0,6927.7841796875,10,1,2015-09-01
timesfm,2015-11-01,6392.0,6682.45849609375,10,2,2015-09-01
timesfm,2015-12-01,6753.0,6759.83447265625,10,3,2015-09-01
timesfm,2016-01-01,6753.0,6672.4404296875,10,4,2015-09-01
timesfm,2016-02-01,6385.0,6427.62158203125,10,5,2015-09-01
timesfm,2016-03-01,7164.0,6598.396484375,10,6,2015-09-01
timesfm,2015-11-01,6392.0,6548.5556640625,11,1,2015-10-01
timesfm,2015-12-01,6753.0,6632.19091796875,11,2,2015-10-01
timesfm,2016-01-01,6753.0,6574.26708984375,11,3,2015-10-01
timesfm,2016-02-01,6385.0,6313.67578125,11,4,2015-10-01
timesfm,2016-03-01,7164.0,6442.6005859375,11,5,2015-10-01
timesfm,2016-04-01,7192.0,6782.1904296875,11,6,2015-10-01
timesfm,2015-12-01,6753.0,6634.74853515625,12,1,2015-11-01
timesfm,2016-01-01,6753.0,6602.1103515625,12,2,2015-11-01
timesfm,2016-02-01,6385.0,6429.7255859375,12,3,2015-11-01
timesfm,2016-03-01,7164.0,6557.51220703125,12,4,2015-11-01
timesfm,2016-04-01,7192.0,6842.86865234375,12,5,2015-11-01
timesfm,2016-05-01,7743.0,7426.71240234375,12,6,2015-11-01
timesfm,2016-01-01,6753.0,6602.93115234375,13,1,2015-12-01
timesfm,2016-02-01,6385.0,6367.2978515625,13,2,2015-12-01
timesfm,2016-03-01,7164.0,6519.9228515625,13,3,2015-12-01
timesfm,2016-04-01,7192.0,6825.22314453125,13,4,2015-12-01
timesfm,2016-05-01,7743.0,7430.298828125,13,5,2015-12-01
timesfm,2016-06-01,8767.0,7796.95556640625,13,6,2015-12-01
timesfm,2016-02-01,6385.0,6430.93115234375,14,1,2016-01-01
timesfm,2016-03-01,7164.0,6582.76171875,14,2,2016-01-01
timesfm,2016-04-01,7192.0,6926.6943359375,14,3,2016-01-01
timesfm,2016-05-01,7743.0,7540.78173828125,14,4,2016-01-01
timesfm,2016-06-01,8767.0,7893.1484375,14,5,2016-01-01
timesfm,2016-07-01,8479.0,7918.50146484375,14,6,2016-01-01
timesfm,2016-03-01,7164.0,6590.7861328125,15,1,2016-02-01
timesfm,2016-04-01,7192.0,6922.3369140625,15,2,2016-02-01
timesfm,2016-05-01,7743.0,7586.9482421875,15,3,2016-02-01
timesfm,2016-06-01,8767.0,7952.70263671875,15,4,2016-02-01
timesfm,2016-07-01,8479.0,7982.2783203125,15,5,2016-02-01
timesfm,2016-08-01,7890.0,7607.904296875,15,6,2016-02-01
timesfm,2016-04-01,7192.0,7043.763671875,16,1,2016-03-01
timesfm,2016-05-01,7743.0,7555.18212890625,16,2,2016-03-01
timesfm,2016-06-01,8767.0,7905.45654296875,16,3,2016-03-01
timesfm,2016-07-01,8479.0,7958.37646484375,16,4,2016-03-01
timesfm,2016-08-01,7890.0,7611.1162109375,16,5,2016-03-01
timesfm,2016-09-01,7317.0,7201.5419921875,16,6,2016-03-01
timesfm,2016-05-01,7743.0,7668.97412109375,17,1,2016-04-01
timesfm,2016-06-01,8767.0,7988.16162109375,17,2,2016-04-01
timesfm,2016-07-01,8479.0,7999.85205078125,17,3,2016-04-01
timesfm,2016-08-01,7890.0,7594.7314453125,17,4,2016-04-01
timesfm,2016-09-01,7317.0,7198.39111328125,17,5,2016-04-01
timesfm,2016-10-01,7426.0,6919.6240234375,17,6,2016-04-01
timesfm,2016-06-01,8767.0,7973.97265625,18,1,2016-05-01
timesfm,2016-07-01,8479.0,7949.86279296875,18,2,2016-05-01
timesfm,2016-08-01,7890.0,7572.43505859375,18,3,2016-05-01
timesfm,2016-09-01,7317.0,7142.61181640625,18,4,2016-05-01
timesfm,2016-10-01,7426.0,6875.88623046875,18,5,2016-05-01
timesfm,2016-11-01,6700.0,6704.61279296875,18,6,2016-05-01
timesfm,2016-07-01,8479.0,8326.74609375,19,1,2016-06-01
timesfm,2016-08-01,7890.0,7813.61376953125,19,2,2016-06-01
timesfm,2016-09-01,7317.0,7345.43701171875,19,3,2016-06-01
timesfm,2016-10-01,7426.0,7008.78271484375,19,4,2016-06-01
timesfm,2016-11-01,6700.0,6776.22265625,19,5,2016-06-01
timesfm,2016-12-01,6994.0,6915.419921875,19,6,2016-06-01
timesfm,2016-08-01,7890.0,7918.30615234375,20,1,2016-07-01
timesfm,2016-09-01,7317.0,7471.63525390625,20,2,2016-07-01
timesfm,2016-10-01,7426.0,7155.06591796875,20,3,2016-07-01
timesfm,2016-11-01,6700.0,6777.83984375,20,4,2016-07-01
timesfm,2016-12-01,6994.0,6966.0673828125,20,5,2016-07-01
timesfm,2017-01-01,6788.0,6939.28369140625,20,6,2016-07-01
timesfm,2016-09-01,7317.0,7411.615234375,21,1,2016-08-01
timesfm,2016-10-01,7426.0,7111.18359375,21,2,2016-08-01
timesfm,2016-11-01,6700.0,6873.63330078125,21,3,2016-08-01
timesfm,2016-12-01,6994.0,6983.6767578125,21,4,2016-08-01
timesfm,2017-01-01,6788.0,6969.390625,21,5,2016-08-01
timesfm,2017-02-01,6271.0,6764.74462890625,21,6,2016-08-01
timesfm,2016-10-01,7426.0,7081.7958984375,22,1,2016-09-01
timesfm,2016-11-01,6700.0,6871.7353515625,22,2,2016-09-01
timesfm,2016-12-01,6994.0,7067.2421875,22,3,2016-09-01
timesfm,2017-01-01,6788.0,7009.638671875,22,4,2016-09-01
timesfm,2017-02-01,6271.0,6836.36181640625,22,5,2016-09-01
timesfm,2017-03-01,6794.0,7024.580078125,22,6,2016-09-01
timesfm,2016-11-01,6700.0,6884.7158203125,23,1,2016-10-01
timesfm,2016-12-01,6994.0,7042.427734375,23,2,2016-10-01
timesfm,2017-01-01,6788.0,7060.09814453125,23,3,2016-10-01
timesfm,2017-02-01,6271.0,6860.78662109375,23,4,2016-10-01
timesfm,2017-03-01,6794.0,7045.345703125,23,5,2016-10-01
timesfm,2017-04-01,6884.0,7393.29541015625,23,6,2016-10-01
timesfm,2016-12-01,6994.0,6984.22119140625,24,1,2016-11-01
timesfm,2017-01-01,6788.0,7026.119140625,24,2,2016-11-01
timesfm,2017-02-01,6271.0,6848.76611328125,24,3,2016-11-01
timesfm,2017-03-01,6794.0,7038.43212890625,24,4,2016-11-01
timesfm,2017-04-01,6884.0,7408.515625,24,5,2016-11-01
timesfm,2017-05-01,7651.0,8058.58642578125,24,6,2016-11-01
timesfm,2017-01-01,6788.0,6970.0341796875,25,1,2016-12-01
timesfm,2017-02-01,6271.0,6817.4140625,25,2,2016-12-01
timesfm,2017-03-01,6794.0,7028.7099609375,25,3,2016-12-01
timesfm,2017-04-01,6884.0,7336.1357421875,25,4,2016-12-01
timesfm,2017-05-01,7651.0,8033.92041015625,25,5,2016-12-01
timesfm,2017-06-01,8009.0,8425.75390625,25,6,2016-12-01
timesfm,2017-02-01,6271.0,6697.20166015625,26,1,2017-01-01
timesfm,2017-03-01,6794.0,6977.1435546875,26,2,2017-01-01
timesfm,2017-04-01,6884.0,7355.56396484375,26,3,2017-01-01
timesfm,2017-05-01,7651.0,8040.03857421875,26,4,2017-01-01
timesfm,2017-06-01,8009.0,8381.04296875,26,5,2017-01-01
timesfm,2017-07-01,8694.0,8393.9462890625,26,6,2017-01-01
timesfm,2017-03-01,6794.0,6800.9462890625,27,1,2017-02-01
timesfm,2017-04-01,6884.0,7219.93212890625,27,2,2017-02-01
timesfm,2017-05-01,7651.0,8047.6650390625,27,3,2017-02-01
timesfm,2017-06-01,8009.0,8393.4423828125,27,4,2017-02-01
timesfm,2017-07-01,8694.0,8422.56640625,27,5,2017-02-01
timesfm,2017-08-01,8130.0,7914.9970703125,27,6,2017-02-01
timesfm,2017-04-01,6884.0,7213.9951171875,28,1,2017-03-01
timesfm,2017-05-01,7651.0,7956.61572265625,28,2,2017-03-01
timesfm,2017-06-01,8009.0,8336.09765625,28,3,2017-03-01
timesfm,2017-07-01,8694.0,8329.2470703125,28,4,2017-03-01
timesfm,2017-08-01,8130.0,7910.31884765625,28,5,2017-03-01
timesfm,2017-09-01,7446.0,7471.908203125,28,6,2017-03-01
timesfm,2017-05-01,7651.0,7809.98828125,29,1,2017-04-01
timesfm,2017-06-01,8009.0,8257.212890625,29,2,2017-04-01
timesfm,2017-07-01,8694.0,8307.01953125,29,3,2017-04-01
timesfm,2017-08-01,8130.0,7911.029296875,29,4,2017-04-01
timesfm,2017-09-01,7446.0,7459.3505859375,29,5,2017-04-01
timesfm,2017-10-01,7282.0,7194.08251953125,29,6,2017-04-01
timesfm,2017-06-01,8009.0,8115.1513671875,30,1,2017-05-01
timesfm,2017-07-01,8694.0,8262.1328125,30,2,2017-05-01
timesfm,2017-08-01,8130.0,7839.81591796875,30,3,2017-05-01
timesfm,2017-09-01,7446.0,7377.0244140625,30,4,2017-05-01
timesfm,2017-10-01,7282.0,7059.36767578125,30,5,2017-05-01
timesfm,2017-11-01,6830.0,6751.4208984375,30,6,2017-05-01
timesfm,2017-07-01,8694.0,8207.4453125,31,1,2017-06-01
timesfm,2017-08-01,8130.0,7864.91943359375,31,2,2017-06-01
timesfm,2017-09-01,7446.0,7422.7841796875,31,3,2017-06-01
timesfm,2017-10-01,7282.0,7120.43505859375,31,4,2017-06-01
timesfm,2017-11-01,6830.0,6804.419921875,31,5,2017-06-01
timesfm,2017-12-01,6946.0,6956.95654296875,31,6,2017-06-01
timesfm,2017-08-01,8130.0,7962.091796875,32,1,2017-07-01
timesfm,2017-09-01,7446.0,7489.8154296875,32,2,2017-07-01
timesfm,2017-10-01,7282.0,7215.96337890625,32,3,2017-07-01
timesfm,2017-11-01,6830.0,6774.79638671875,32,4,2017-07-01
timesfm,2017-12-01,6946.0,6938.09130859375,32,5,2017-07-01
timesfm,2018-01-01,6886.0,6868.00732421875,32,6,2017-07-01
timesfm,2017-09-01,7446.0,7512.9111328125,33,1,2017-08-01
timesfm,2017-10-01,7282.0,7242.953125,33,2,2017-08-01
timesfm,2017-11-01,6830.0,6862.47900390625,33,3,2017-08-01
timesfm,2017-12-01,6946.0,6956.9326171875,33,4,2017-08-01
timesfm,2018-01-01,6886.0,6907.39599609375,33,5,2017-08-01
timesfm,2018-02-01,5960.0,6626.1357421875,33,6,2017-08-01
timesfm,2017-10-01,7282.0,7192.75439453125,34,1,2017-09-01
timesfm,2017-11-01,6830.0,6848.28662109375,34,2,2017-09-01
timesfm,2017-12-01,6946.0,6997.3388671875,34,3,2017-09-01
timesfm,2018-01-01,6886.0,6840.94775390625,34,4,2017-09-01
timesfm,2018-02-01,5960.0,6552.8046875,34,5,2017-09-01
timesfm,2018-03-01,6930.0,6821.5986328125,34,6,2017-09-01
timesfm,2017-11-01,6830.0,6835.10546875,35,1,2017-10-01
timesfm,2017-12-01,6946.0,7006.70458984375,35,2,2017-10-01
timesfm,2018-01-01,6886.0,6914.484375,35,3,2017-10-01
timesfm,2018-02-01,5960.0,6575.4658203125,35,4,2017-10-01
timesfm,2018-03-01,6930.0,6859.76123046875,35,5,2017-10-01
timesfm,2018-04-01,6769.0,7203.9482421875,35,6,2017-10-01
timesfm,2017-12-01,6946.0,6945.853515625,36,1,2017-11-01
timesfm,2018-01-01,6886.0,6877.37109375,36,2,2017-11-01
timesfm,2018-02-01,5960.0,6684.83642578125,36,3,2017-11-01
timesfm,2018-03-01,6930.0,6889.63720703125,36,4,2017-11-01
timesfm,2018-04-01,6769.0,7233.08544921875,36,5,2017-11-01
timesfm,2018-05-01,7511.0,7978.818359375,36,6,2017-11-01
timesfm,2018-01-01,6886.0,6810.8095703125,37,1,2017-12-01
timesfm,2018-02-01,5960.0,6566.45263671875,37,2,2017-12-01
timesfm,2018-03-01,6930.0,6872.001953125,37,3,2017-12-01
timesfm,2018-04-01,6769.0,7194.00048828125,37,4,2017-12-01
timesfm,2018-05-01,7511.0,7950.0205078125,37,5,2017-12-01
timesfm,2018-06-01,8057.0,8422.091796875,37,6,2017-12-01
timesfm,2018-02-01,5960.0,6606.109375,38,1,2018-01-01
timesfm,2018-03-01,6930.0,6857.671875,38,2,2018-01-01
timesfm,2018-04-01,6769.0,7188.900390625,38,3,2018-01-01
timesfm,2018-05-01,7511.0,8017.05810546875,38,4,2018-01-01
timesfm,2018-06-01,8057.0,8449.423828125,38,5,2018-01-01
timesfm,2018-07-01,8175.0,8619.2568359375,38,6,2018-01-01
timesfm,2018-03-01,6930.0,6682.5234375,39,1,2018-02-01
timesfm,2018-04-01,6769.0,7077.31787109375,39,2,2018-02-01
timesfm,2018-05-01,7511.0,7829.96240234375,39,3,2018-02-01
timesfm,2018-06-01,8057.0,8318.533203125,39,4,2018-02-01
timesfm,2018-07-01,8175.0,8460.724609375,39,5,2018-02-01
timesfm,2018-08-01,8328.0,8038.5458984375,39,6,2018-02-01
timesfm,2018-04-01,6769.0,7113.8779296875,40,1,2018-03-01
timesfm,2018-05-01,7511.0,7849.09765625,40,2,2018-03-01
timesfm,2018-06-01,8057.0,8344.076171875,40,3,2018-03-01
timesfm,2018-07-01,8175.0,8533.26171875,40,4,2018-03-01
timesfm,2018-08-01,8328.0,8086.31787109375,40,5,2018-03-01
timesfm,2018-09-01,7325.0,7591.17529296875,40,6,2018-03-01
timesfm,2018-05-01,7511.0,7787.56494140625,41,1,2018-04-01
timesfm,2018-06-01,8057.0,8282.3212890625,41,2,2018-04-01
timesfm,2018-07-01,8175.0,8416.8720703125,41,3,2018-04-01
timesfm,2018-08-01,8328.0,8038.84130859375,41,4,2018-04-01
timesfm,2018-09-01,7325.0,7538.736328125,41,5,2018-04-01
timesfm,2018-10-01,7202.0,7237.75390625,41,6,2018-04-01
timesfm,2018-06-01,8057.0,8182.69580078125,42,1,2018-05-01
timesfm,2018-07-01,8175.0,8341.65234375,42,2,2018-05-01
timesfm,2018-08-01,8328.0,7956.7626953125,42,3,2018-05-01
timesfm,2018-09-01,7325.0,7471.68212890625,42,4,2018-05-01
timesfm,2018-10-01,7202.0,7188.8759765625,42,5,2018-05-01
timesfm,2018-11-01,7161.0,6858.01708984375,42,6,2018-05-01
timesfm,2018-07-01,8175.0,8270.6962890625,43,1,2018-06-01
timesfm,2018-08-01,8328.0,7909.68017578125,43,2,2018-06-01
timesfm,2018-09-01,7325.0,7458.96044921875,43,3,2018-06-01
timesfm,2018-10-01,7202.0,7143.8623046875,43,4,2018-06-01
timesfm,2018-11-01,7161.0,6840.76904296875,43,5,2018-06-01
timesfm,2018-12-01,7409.0,6923.99560546875,43,6,2018-06-01
timesfm,2018-08-01,8328.0,7922.810546875,44,1,2018-07-01
timesfm,2018-09-01,7325.0,7467.50390625,44,2,2018-07-01
timesfm,2018-10-01,7202.0,7176.2314453125,44,3,2018-07-01
timesfm,2018-11-01,7161.0,6843.2265625,44,4,2018-07-01
timesfm,2018-12-01,7409.0,6930.79248046875,44,5,2018-07-01
timesfm,2019-01-01,7117.0,6790.5048828125,44,6,2018-07-01
timesfm,2018-09-01,7325.0,7570.79833984375,45,1,2018-08-01
timesfm,2018-10-01,7202.0,7278.8740234375,45,2,2018-08-01
timesfm,2018-11-01,7161.0,6951.12841796875,45,3,2018-08-01
timesfm,2018-12-01,7409.0,6992.888671875,45,4,2018-08-01
timesfm,2019-01-01,7117.0,6883.818359375,45,5,2018-08-01
timesfm,2019-02-01,6307.0,6554.3828125,45,6,2018-08-01
timesfm,2018-10-01,7202.0,7254.45068359375,46,1,2018-09-01
timesfm,2018-11-01,7161.0,6945.43408203125,46,2,2018-09-01
timesfm,2018-12-01,7409.0,7016.65869140625,46,3,2018-09-01
timesfm,2019-01-01,7117.0,6815.68603515625,46,4,2018-09-01
timesfm,2019-02-01,6307.0,6521.0830078125,46,5,2018-09-01
timesfm,2019-03-01,7067.0,6784.10400390625,46,6,2018-09-01
timesfm,2018-11-01,7161.0,6827.861328125,47,1,2018-10-01
timesfm,2018-12-01,7409.0,6946.064453125,47,2,2018-10-01
timesfm,2019-01-01,7117.0,6813.72705078125,47,3,2018-10-01
timesfm,2019-02-01,6307.0,6466.40234375,47,4,2018-10-01
timesfm,2019-03-01,7067.0,6742.6484375,47,5,2018-10-01
timesfm,2019-04-01,7108.0,7048.23486328125,47,6,2018-10-01
timesfm,2018-12-01,7409.0,7056.30810546875,48,1,2018-11-01
timesfm,2019-01-01,7117.0,6917.43603515625,48,2,2018-11-01
timesfm,2019-02-01,6307.0,6660.22509765625,48,3,2018-11-01
timesfm,2019-03-01,7067.0,6859.9228515625,48,4,2018-11-01
timesfm,2019-04-01,7108.0,7201.857421875,48,5,2018-11-01
timesfm,2019-05-01,7776.0,7843.1044921875,48,6,2018-11-01
timesfm,2019-01-01,7117.0,6985.92236328125,49,1,2018-12-01
timesfm,2019-02-01,6307.0,6706.076171875,49,2,2018-12-01
timesfm,2019-03-01,7067.0,6958.48388671875,49,3,2018-12-01
timesfm,2019-04-01,7108.0,7226.8134765625,49,4,2018-12-01
timesfm,2019-05-01,7776.0,7837.94091796875,49,5,2018-12-01
timesfm,2019-06-01,8274.0,8307.134765625,49,6,2018-12-01
timesfm,2019-02-01,6307.0,6737.671875,50,1,2019-01-01
timesfm,2019-03-01,7067.0,6945.783203125,50,2,2019-01-01
timesfm,2019-04-01,7108.0,7287.595703125,50,3,2019-01-01
timesfm,2019-05-01,7776.0,7863.91455078125,50,4,2019-01-01
timesfm,2019-06-01,8274.0,8288.82421875,50,5,2019-01-01
timesfm,2019-07-01,8919.0,8395.818359375,50,6,2019-01-01
timesfm,2019-03-01,7067.0,6797.17041015625,51,1,2019-02-01
timesfm,2019-04-01,7108.0,7154.310546875,51,2,2019-02-01
timesfm,2019-05-01,7776.0,7809.86962890625,51,3,2019-02-01
timesfm,2019-06-01,8274.0,8246.9013671875,51,4,2019-02-01
timesfm,2019-07-01,8919.0,8338.65625,51,5,2019-02-01
timesfm,2019-08-01,8180.0,7992.77294921875,51,6,2019-02-01
timesfm,2019-04-01,7108.0,7169.43896484375,52,1,2019-03-01
timesfm,2019-05-01,7776.0,7804.03076171875,52,2,2019-03-01
timesfm,2019-06-01,8274.0,8256.23828125,52,3,2019-03-01
timesfm,2019-07-01,8919.0,8405.66796875,52,4,2019-03-01
timesfm,2019-08-01,8180.0,8007.29443359375,52,5,2019-03-01
timesfm,2019-09-01,7664.0,7517.0029296875,52,6,2019-03-01
timesfm,2019-05-01,7776.0,7812.81201171875,53,1,2019-04-01
timesfm,2019-06-01,8274.0,8239.9033203125,53,2,2019-04-01
timesfm,2019-07-01,8919.0,8391.716796875,53,3,2019-04-01
timesfm,2019-08-01,8180.0,8050.19482421875,53,4,2019-04-01
timesfm,2019-09-01,7664.0,7572.9169921875,53,5,2019-04-01
timesfm,2019-10-01,7254.0,7322.34033203125,53,6,2019-04-01
timesfm,2019-06-01,8274.0,8220.54296875,54,1,2019-05-01
timesfm,2019-07-01,8919.0,8316.6142578125,54,2,2019-05-01
timesfm,2019-08-01,8180.0,7994.85107421875,54,3,2019-05-01
timesfm,2019-09-01,7664.0,7543.416015625,54,4,2019-05-01
timesfm,2019-10-01,7254.0,7258.37255859375,54,5,2019-05-01
timesfm,2019-11-01,6785.0,7015.39697265625,54,6,2019-05-01
timesfm,2019-07-01,8919.0,8385.6474609375,55,1,2019-06-01
timesfm,2019-08-01,8180.0,8035.2958984375,55,2,2019-06-01
timesfm,2019-09-01,7664.0,7545.4033203125,55,3,2019-06-01
timesfm,2019-10-01,7254.0,7302.4716796875,55,4,2019-06-01
timesfm,2019-11-01,6785.0,7019.181640625,55,5,2019-06-01
timesfm,2019-12-01,6987.0,7154.61083984375,55,6,2019-06-01
timesfm,2019-08-01,8180.0,8200.384765625,56,1,2019-07-01
timesfm,2019-09-01,7664.0,7642.65771484375,56,2,2019-07-01
timesfm,2019-10-01,7254.0,7412.39892578125,56,3,2019-07-01
timesfm,2019-11-01,6785.0,7127.24755859375,56,4,2019-07-01
timesfm,2019-12-01,6987.0,7220.55322265625,56,5,2019-07-01
timesfm,2020-01-01,7194.0,7033.61376953125,56,6,2019-07-01
timesfm,2019-09-01,7664.0,7704.2578125,57,1,2019-08-01
timesfm,2019-10-01,7254.0,7411.51708984375,57,2,2019-08-01
timesfm,2019-11-01,6785.0,7132.76220703125,57,3,2019-08-01
timesfm,2019-12-01,6987.0,7249.48681640625,57,4,2019-08-01
timesfm,2020-01-01,7194.0,7073.55615234375,57,5,2019-08-01
timesfm,2020-02-01,6848.0,6745.744140625,57,6,2019-08-01
timesfm,2019-10-01,7254.0,7438.78466796875,58,1,2019-09-01
timesfm,2019-11-01,6785.0,7118.7158203125,58,2,2019-09-01
timesfm,2019-12-01,6987.0,7243.64306640625,58,3,2019-09-01
timesfm,2020-01-01,7194.0,7040.1943359375,58,4,2019-09-01
timesfm,2020-02-01,6848.0,6712.8896484375,58,5,2019-09-01
timesfm,2020-03-01,7324.0,7008.3681640625,58,6,2019-09-01
timesfm,2019-11-01,6785.0,7060.22412109375,59,1,2019-10-01
timesfm,2019-12-01,6987.0,7206.0390625,59,2,2019-10-01
timesfm,2020-01-01,7194.0,7019.087890625,59,3,2019-10-01
timesfm,2020-02-01,6848.0,6630.3935546875,59,4,2019-10-01
timesfm,2020-03-01,7324.0,6966.27783203125,59,5,2019-10-01
timesfm,2020-04-01,5978.0,7300.7314453125,59,6,2019-10-01
timesfm,2019-12-01,6987.0,7097.62939453125,60,1,2019-11-01
timesfm,2020-01-01,7194.0,6975.8466796875,60,2,2019-11-01
timesfm,2020-02-01,6848.0,6638.26904296875,60,3,2019-11-01
timesfm,2020-03-01,7324.0,6914.3525390625,60,4,2019-11-01
timesfm,2020-04-01,5978.0,7267.2294921875,60,5,2019-11-01
timesfm,2020-05-01,7062.0,7965.59765625,60,6,2019-11-01
timesfm,2020-01-01,7194.0,6935.0263671875,61,1,2019-12-01
timesfm,2020-02-01,6848.0,6604.11474609375,61,2,2019-12-01
timesfm,2020-03-01,7324.0,6900.52197265625,61,3,2019-12-01
timesfm,2020-04-01,5978.0,7242.328125,61,4,2019-12-01
timesfm,2020-05-01,7062.0,7902.6982421875,61,5,2019-12-01
timesfm,2020-06-01,6948.0,8430.767578125,61,6,2019-12-01
timesfm,2020-02-01,6848.0,6614.384765625,62,1,2020-01-01
timesfm,2020-03-01,7324.0,6905.63134765625,62,2,2020-01-01
timesfm,2020-04-01,5978.0,7260.14501953125,62,3,2020-01-01
timesfm,2020-05-01,7062.0,7946.4404296875,62,4,2020-01-01
timesfm,2020-06-01,6948.0,8419.8212890625,62,5,2020-01-01
timesfm,2020-07-01,7392.0,8662.666015625,62,6,2020-01-01
timesfm,2020-03-01,7324.0,6989.45654296875,63,1,2020-02-01
timesfm,2020-04-01,5978.0,7307.85302734375,63,2,2020-02-01
timesfm,2020-05-01,7062.0,7964.39892578125,63,3,2020-02-01
timesfm,2020-06-01,6948.0,8440.0849609375,63,4,2020-02-01
timesfm,2020-07-01,7392.0,8642.326171875,63,5,2020-02-01
timesfm,2020-08-01,7678.0,8254.23046875,63,6,2020-02-01
timesfm,2020-04-01,5978.0,7348.205078125,64,1,2020-03-01
timesfm,2020-05-01,7062.0,7996.63916015625,64,2,2020-03-01
timesfm,2020-06-01,6948.0,8466.9609375,64,3,2020-03-01
timesfm,2020-07-01,7392.0,8697.3515625,64,4,2020-03-01
timesfm,2020-08-01,7678.0,8279.1513671875,64,5,2020-03-01
timesfm,2020-09-01,7005.0,7705.80419921875,64,6,2020-03-01
timesfm,2020-05-01,7062.0,7669.466796875,65,1,2020-04-01
timesfm,2020-06-01,6948.0,8301.466796875,65,2,2020-04-01
timesfm,2020-07-01,7392.0,8554.50390625,65,3,2020-04-01
timesfm,2020-08-01,7678.0,8181.01123046875,65,4,2020-04-01
timesfm,2020-09-01,7005.0,7623.9287109375,65,5,2020-04-01
timesfm,2020-10-01,7385.0,7337.19921875,65,6,2020-04-01
timesfm,2020-06-01,6948.0,8000.60009765625,66,1,2020-05-01
timesfm,2020-07-01,7392.0,8317.544921875,66,2,2020-05-01
timesfm,2020-08-01,7678.0,7990.93994140625,66,3,2020-05-01
timesfm,2020-09-01,7005.0,7516.86669921875,66,4,2020-05-01
timesfm,2020-10-01,7385.0,7213.3974609375,66,5,2020-05-01
timesfm,2020-11-01,6872.0,6954.1015625,66,6,2020-05-01
timesfm,2020-07-01,7392.0,7815.302734375,67,1,2020-06-01
timesfm,2020-08-01,7678.0,7683.3701171875,67,2,2020-06-01
timesfm,2020-09-01,7005.0,7354.79833984375,67,3,2020-06-01
timesfm,2020-10-01,7385.0,7113.0419921875,67,4,2020-06-01
timesfm,2020-11-01,6872.0,6912.13134765625,67,5,2020-06-01
timesfm,2020-12-01,6781.0,6999.36865234375,67,6,2020-06-01
timesfm,2020-08-01,7678.0,7361.04443359375,68,1,2020-07-01
timesfm,2020-09-01,7005.0,7124.703125,68,2,2020-07-01
timesfm,2020-10-01,7385.0,6953.2822265625,68,3,2020-07-01
timesfm,2020-11-01,6872.0,6805.07958984375,68,4,2020-07-01
timesfm,2020-12-01,6781.0,6856.0732421875,68,5,2020-07-01
timesfm,2021-01-01,6917.0,6817.51318359375,68,6,2020-07-01
timesfm,2020-09-01,7005.0,7241.43115234375,69,1,2020-08-01
timesfm,2020-10-01,7385.0,7040.419921875,69,2,2020-08-01
timesfm,2020-11-01,6872.0,6982.107421875,69,3,2020-08-01
timesfm,2020-12-01,6781.0,7046.48876953125,69,4,2020-08-01
timesfm,2021-01-01,6917.0,6987.921875,69,5,2020-08-01
timesfm,2021-02-01,6217.0,6713.47900390625,69,6,2020-08-01
timesfm,2020-10-01,7385.0,6925.28125,70,1,2020-09-01
timesfm,2020-11-01,6872.0,6727.29833984375,70,2,2020-09-01
timesfm,2020-12-01,6781.0,6882.28955078125,70,3,2020-09-01
timesfm,2021-01-01,6917.0,6825.859375,70,4,2020-09-01
timesfm,2021-02-01,6217.0,6543.07373046875,70,5,2020-09-01
timesfm,2021-03-01,7569.0,6697.11328125,70,6,2020-09-01
timesfm,2020-11-01,6872.0,7086.9541015625,71,1,2020-10-01
timesfm,2020-12-01,6781.0,7224.16943359375,71,2,2020-10-01
timesfm,2021-01-01,6917.0,7198.5595703125,71,3,2020-10-01
timesfm,2021-02-01,6217.0,6914.7587890625,71,4,2020-10-01
timesfm,2021-03-01,7569.0,7007.716796875,71,5,2020-10-01
timesfm,2021-04-01,6917.0,6990.40673828125,71,6,2020-10-01
timesfm,2020-12-01,6781.0,7090.9267578125,72,1,2020-11-01
timesfm,2021-01-01,6917.0,7104.11767578125,72,2,2020-11-01
timesfm,2021-02-01,6217.0,6766.9345703125,72,3,2020-11-01
timesfm,2021-03-01,7569.0,6904.75439453125,72,4,2020-11-01
timesfm,2021-04-01,6917.0,6944.06298828125,72,5,2020-11-01
timesfm,2021-05-01,8253.0,7394.8515625,72,6,2020-11-01
timesfm,2021-01-01,6917.0,6874.19384765625,73,1,2020-12-01
timesfm,2021-02-01,6217.0,6643.24609375,73,2,2020-12-01
timesfm,2021-03-01,7569.0,6805.66015625,73,3,2020-12-01
timesfm,2021-04-01,6917.0,6837.685546875,73,4,2020-12-01
timesfm,2021-05-01,8253.0,7271.74365234375,73,5,2020-12-01
timesfm,2021-06-01,8153.0,7642.00048828125,73,6,2020-12-01
timesfm,2021-02-01,6217.0,6597.27587890625,74,1,2021-01-01
timesfm,2021-03-01,7569.0,6803.59375,74,2,2021-01-01
timesfm,2021-04-01,6917.0,6919.9140625,74,3,2021-01-01
timesfm,2021-05-01,8253.0,7386.68359375,74,4,2021-01-01
timesfm,2021-06-01,8153.0,7752.2158203125,74,5,2021-01-01
timesfm,2021-07-01,9251.0,7884.54052734375,74,6,2021-01-01
timesfm,2021-03-01,7569.0,6693.0634765625,75,1,2021-02-01
timesfm,2021-04-01,6917.0,6823.80224609375,75,2,2021-02-01
timesfm,2021-05-01,8253.0,7347.87451171875,75,3,2021-02-01
timesfm,2021-06-01,8153.0,7736.91357421875,75,4,2021-02-01
timesfm,2021-07-01,9251.0,7929.025390625,75,5,2021-02-01
timesfm,2021-08-01,8830.0,7644.68896484375,75,6,2021-02-01
timesfm,2021-04-01,6917.0,7080.3291015625,76,1,2021-03-01
timesfm,2021-05-01,8253.0,7510.30908203125,76,2,2021-03-01
timesfm,2021-06-01,8153.0,7878.41748046875,76,3,2021-03-01
timesfm,2021-07-01,9251.0,7972.15771484375,76,4,2021-03-01
timesfm,2021-08-01,8830.0,7718.05810546875,76,5,2021-03-01
timesfm,2021-09-01,7512.0,7358.7734375,76,6,2021-03-01
timesfm,2021-05-01,8253.0,7500.818359375,77,1,2021-04-01
timesfm,2021-06-01,8153.0,7848.03955078125,77,2,2021-04-01
timesfm,2021-07-01,9251.0,8011.24951171875,77,3,2021-04-01
timesfm,2021-08-01,8830.0,7732.61279296875,77,4,2021-04-01
timesfm,2021-09-01,7512.0,7340.86083984375,77,5,2021-04-01
timesfm,2021-10-01,7656.0,7109.51025390625,77,6,2021-04-01
timesfm,2021-06-01,8153.0,8147.20263671875,78,1,2021-05-01
timesfm,2021-07-01,9251.0,8234.4873046875,78,2,2021-05-01
timesfm,2021-08-01,8830.0,7925.1025390625,78,3,2021-05-01
timesfm,2021-09-01,7512.0,7464.4287109375,78,4,2021-05-01
timesfm,2021-10-01,7656.0,7188.2568359375,78,5,2021-05-01
timesfm,2021-11-01,7603.0,6886.41748046875,78,6,2021-05-01
timesfm,2021-07-01,9251.0,8314.6875,79,1,2021-06-01
timesfm,2021-08-01,8830.0,7967.349609375,79,2,2021-06-01
timesfm,2021-09-01,7512.0,7505.330078125,79,3,2021-06-01
timesfm,2021-10-01,7656.0,7266.27099609375,79,4,2021-06-01
timesfm,2021-11-01,7603.0,6975.62353515625,79,5,2021-06-01
timesfm,2021-12-01,8237.0,7029.513671875,79,6,2021-06-01
timesfm,2021-08-01,8830.0,8285.80078125,80,1,2021-07-01
timesfm,2021-09-01,7512.0,7742.95263671875,80,2,2021-07-01
timesfm,2021-10-01,7656.0,7414.8271484375,80,3,2021-07-01
timesfm,2021-11-01,7603.0,7043.00537109375,80,4,2021-07-01
timesfm,2021-12-01,8237.0,7106.6123046875,80,5,2021-07-01
timesfm,2022-01-01,9582.0,7014.19970703125,80,6,2021-07-01
timesfm,2021-09-01,7512.0,7994.6904296875,81,1,2021-08-01
timesfm,2021-10-01,7656.0,7628.61279296875,81,2,2021-08-01
timesfm,2021-11-01,7603.0,7240.82275390625,81,3,2021-08-01
timesfm,2021-12-01,8237.0,7207.76025390625,81,4,2021-08-01
timesfm,2022-01-01,9582.0,7129.50048828125,81,5,2021-08-01
timesfm,2022-02-01,7227.0,6719.37353515625,81,6,2021-08-01
timesfm,2021-10-01,7656.0,7438.09326171875,82,1,2021-09-01
timesfm,2021-11-01,7603.0,7054.4033203125,82,2,2021-09-01
timesfm,2021-12-01,8237.0,7101.259765625,82,3,2021-09-01
timesfm,2022-01-01,9582.0,7043.44677734375,82,4,2021-09-01
timesfm,2022-02-01,7227.0,6763.34375,82,5,2021-09-01
timesfm,2022-03-01,7504.0,6968.59912109375,82,6,2021-09-01
timesfm,2021-11-01,7603.0,7169.69140625,83,1,2021-10-01
timesfm,2021-12-01,8237.0,7205.76611328125,83,2,2021-10-01
timesfm,2022-01-01,9582.0,7126.716796875,83,3,2021-10-01
timesfm,2022-02-01,7227.0,6732.36767578125,83,4,2021-10-01
timesfm,2022-03-01,7504.0,7042.1318359375,83,5,2021-10-01
timesfm,2022-04-01,7589.0,7130.88671875,83,6,2021-10-01
timesfm,2021-12-01,8237.0,7402.13037109375,84,1,2021-11-01
timesfm,2022-01-01,9582.0,7302.697265625,84,2,2021-11-01
timesfm,2022-02-01,7227.0,6871.4990234375,84,3,2021-11-01
timesfm,2022-03-01,7504.0,7164.447265625,84,4,2021-11-01
timesfm,2022-04-01,7589.0,7292.45068359375,84,5,2021-11-01
timesfm,2022-05-01,8846.0,7955.68017578125,84,6,2021-11-01
timesfm,2022-01-01,9582.0,7654.40087890625,85,1,2021-12-01
timesfm,2022-02-01,7227.0,7123.77734375,85,2,2021-12-01
timesfm,2022-03-01,7504.0,7447.0283203125,85,3,2021-12-01
timesfm,2022-04-01,7589.0,7458.87744140625,85,4,2021-12-01
timesfm,2022-05-01,8846.0,8137.04296875,85,5,2021-12-01
timesfm,2022-06-01,9057.0,8502.0703125,85,6,2021-12-01
timesfm,2022-02-01,7227.0,7793.9619140625,86,1,2022-01-01
timesfm,2022-03-01,7504.0,7905.57470703125,86,2,2022-01-01
timesfm,2022-04-01,7589.0,7851.97509765625,86,3,2022-01-01
timesfm,2022-05-01,8846.0,8449.560546875,86,4,2022-01-01
timesfm,2022-06-01,9057.0,8889.4091796875,86,5,2022-01-01
timesfm,2022-07-01,8699.0,9108.638671875,86,6,2022-01-01
timesfm,2022-03-01,7504.0,7635.5107421875,87,1,2022-02-01
timesfm,2022-04-01,7589.0,7406.12353515625,87,2,2022-02-01
timesfm,2022-05-01,8846.0,8092.875,87,3,2022-02-01
timesfm,2022-06-01,9057.0,8520.30078125,87,4,2022-02-01
timesfm,2022-07-01,8699.0,8912.5458984375,87,5,2022-02-01
timesfm,2022-08-01,8834.0,8494.310546875,87,6,2022-02-01
timesfm,2022-04-01,7589.0,7462.380859375,88,1,2022-03-01
timesfm,2022-05-01,8846.0,8175.98193359375,88,2,2022-03-01
timesfm,2022-06-01,9057.0,8631.6962890625,88,3,2022-03-01
timesfm,2022-07-01,8699.0,8937.345703125,88,4,2022-03-01
timesfm,2022-08-01,8834.0,8506.7431640625,88,5,2022-03-01
timesfm,2022-09-01,8228.0,7927.98388671875,88,6,2022-03-01
timesfm,2022-05-01,8846.0,8122.64013671875,89,1,2022-04-01
timesfm,2022-06-01,9057.0,8562.265625,89,2,2022-04-01
timesfm,2022-07-01,8699.0,8835.71875,89,3,2022-04-01
timesfm,2022-08-01,8834.0,8447.0166015625,89,4,2022-04-01
timesfm,2022-09-01,8228.0,7892.04443359375,89,5,2022-04-01
timesfm,2022-10-01,8388.0,7582.3056640625,89,6,2022-04-01
timesfm,2022-06-01,9057.0,8824.3740234375,90,1,2022-05-01
timesfm,2022-07-01,8699.0,9052.326171875,90,2,2022-05-01
timesfm,2022-08-01,8834.0,8561.78515625,90,3,2022-05-01
timesfm,2022-09-01,8228.0,8004.25830078125,90,4,2022-05-01
timesfm,2022-10-01,8388.0,7658.11669921875,90,5,2022-05-01
timesfm,2022-11-01,7588.0,7385.4033203125,90,6,2022-05-01
timesfm,2022-07-01,8699.0,9132.041015625,91,1,2022-06-01
timesfm,2022-08-01,8834.0,8687.095703125,91,2,2022-06-01
timesfm,2022-09-01,8228.0,8104.025390625,91,3,2022-06-01
timesfm,2022-10-01,8388.0,7768.08203125,91,4,2022-06-01
timesfm,2022-11-01,7588.0,7586.1611328125,91,5,2022-06-01
timesfm,2022-12-01,7850.0,7710.677734375,91,6,2022-06-01
timesfm,2022-08-01,8834.0,8416.6630859375,92,1,2022-07-01
timesfm,2022-09-01,8228.0,7918.6123046875,92,2,2022-07-01
timesfm,2022-10-01,8388.0,7605.6552734375,92,3,2022-07-01
timesfm,2022-11-01,7588.0,7417.6083984375,92,4,2022-07-01
timesfm,2022-12-01,7850.0,7481.06396484375,92,5,2022-07-01
timesfm,2023-01-01,7563.0,7566.37939453125,92,6,2022-07-01
timesfm,2022-09-01,8228.0,8051.76416015625,93,1,2022-08-01
timesfm,2022-10-01,8388.0,7712.6591796875,93,2,2022-08-01
timesfm,2022-11-01,7588.0,7602.23095703125,93,3,2022-08-01
timesfm,2022-12-01,7850.0,7681.67431640625,93,4,2022-08-01
timesfm,2023-01-01,7563.0,7752.56689453125,93,5,2022-08-01
timesfm,2023-02-01,6551.0,7042.00732421875,93,6,2022-08-01
timesfm,2022-10-01,8388.0,7803.9873046875,94,1,2022-09-01
timesfm,2022-11-01,7588.0,7672.31396484375,94,2,2022-09-01
timesfm,2022-12-01,7850.0,7877.1962890625,94,3,2022-09-01
timesfm,2023-01-01,7563.0,7912.6162109375,94,4,2022-09-01
timesfm,2023-02-01,6551.0,7137.92578125,94,5,2022-09-01
timesfm,2023-03-01,7507.0,7560.34033203125,94,6,2022-09-01
timesfm,2022-11-01,7588.0,7797.06591796875,95,1,2022-10-01
timesfm,2022-12-01,7850.0,7897.7197265625,95,2,2022-10-01
timesfm,2023-01-01,7563.0,7963.59423828125,95,3,2022-10-01
timesfm,2023-02-01,6551.0,7357.39697265625,95,4,2022-10-01
timesfm,2023-03-01,7507.0,7648.2021484375,95,5,2022-10-01
timesfm,2023-04-01,7745.0,7735.23876953125,95,6,2022-10-01
timesfm,2022-12-01,7850.0,7800.888671875,96,1,2022-11-01
timesfm,2023-01-01,7563.0,7907.83447265625,96,2,2022-11-01
timesfm,2023-02-01,6551.0,7240.267578125,96,3,2022-11-01
timesfm,2023-03-01,7507.0,7681.14697265625,96,4,2022-11-01
timesfm,2023-04-01,7745.0,7671.31689453125,96,5,2022-11-01
timesfm,2023-05-01,8600.0,8465.708984375,96,6,2022-11-01
timesfm,2023-01-01,7563.0,7869.2578125,97,1,2022-12-01
timesfm,2023-02-01,6551.0,7123.90234375,97,2,2022-12-01
timesfm,2023-03-01,7507.0,7587.0537109375,97,3,2022-12-01
timesfm,2023-04-01,7745.0,7541.95947265625,97,4,2022-12-01
timesfm,2023-05-01,8600.0,8378.84765625,97,5,2022-12-01
timesfm,2023-06-01,9151.0,8760.009765625,97,6,2022-12-01
timesfm,2023-02-01,6551.0,7171.38671875,98,1,2023-01-01
timesfm,2023-03-01,7507.0,7518.88671875,98,2,2023-01-01
timesfm,2023-04-01,7745.0,7560.40966796875,98,3,2023-01-01
timesfm,2023-05-01,8600.0,8280.236328125,98,4,2023-01-01
timesfm,2023-06-01,9151.0,8764.181640625,98,5,2023-01-01
timesfm,2023-07-01,9183.0,8947.189453125,98,6,2023-01-01
timesfm,2023-03-01,7507.0,7267.36572265625,99,1,2023-02-01
timesfm,2023-04-01,7745.0,7368.439453125,99,2,2023-02-01
timesfm,2023-05-01,8600.0,8096.859375,99,3,2023-02-01
timesfm,2023-06-01,9151.0,8513.708984375,99,4,2023-02-01
timesfm,2023-07-01,9183.0,8736.7109375,99,5,2023-02-01
timesfm,2023-08-01,8297.0,8388.65625,99,6,2023-02-01
timesfm,2023-04-01,7745.0,7460.31591796875,100,1,2023-03-01
timesfm,2023-05-01,8600.0,8114.15380859375,100,2,2023-03-01
timesfm,2023-06-01,9151.0,8627.8564453125,100,3,2023-03-01
timesfm,2023-07-01,9183.0,8854.9287109375,100,4,2023-03-01
timesfm,2023-08-01,8297.0,8523.8173828125,100,5,2023-03-01
timesfm,2023-09-01,7823.0,7972.8232421875,100,6,2023-03-01
timesfm,2023-05-01,8600.0,8233.62890625,101,1,2023-04-01
timesfm,2023-06-01,9151.0,8660.306640625,101,2,2023-04-01
timesfm,2023-07-01,9183.0,8979.751953125,101,3,2023-04-01
timesfm,2023-08-01,8297.0,8642.462890625,101,4,2023-04-01
timesfm,2023-09-01,7823.0,8139.95458984375,101,5,2023-04-01
timesfm,2023-10-01,7507.0,7753.4853515625,101,6,2023-04-01
timesfm,2023-06-01,9151.0,8743.830078125,102,1,2023-05-01
timesfm,2023-07-01,9183.0,9020.216796875,102,2,2023-05-01
timesfm,2023-08-01,8297.0,8665.6220703125,102,3,2023-05-01
timesfm,2023-09-01,7823.0,8186.12890625,102,4,2023-05-01
timesfm,2023-10-01,7507.0,7841.12841796875,102,5,2023-05-01
timesfm,2023-11-01,8107.0,7566.083984375,102,6,2023-05-01
timesfm,2023-07-01,9183.0,9134.6484375,103,1,2023-06-01
timesfm,2023-08-01,8297.0,8636.4296875,103,2,2023-06-01
timesfm,2023-09-01,7823.0,8185.912109375,103,3,2023-06-01
timesfm,2023-10-01,7507.0,7828.802734375,103,4,2023-06-01
timesfm,2023-11-01,8107.0,7696.65966796875,103,5,2023-06-01
timesfm,2023-12-01,7504.0,7781.48486328125,103,6,2023-06-01
xgboost,2015-01-01,7184.0,6132.45556640625,1,1,2014-12-01
xgboost,2015-02-01,5958.0,6369.744140625,1,2,2014-12-01
xgboost,2015-03-01,6658.0,6208.55322265625,1,3,2014-12-01
xgboost,2015-04-01,7069.0,6056.65234375,1,4,2014-12-01
xgboost,2015-05-01,8099.0,7363.56982421875,1,5,2014-12-01
xgboost,2015-06-01,7868.0,7537.5830078125,1,6,2014-12-01
xgboost,2015-02-01,5958.0,6852.09619140625,2,1,2015-01-01
xgboost,2015-03-01,6658.0,6448.474609375,2,2,2015-01-01
xgboost,2015-04-01,7069.0,6300.10302734375,2,3,2015-01-01
xgboost,2015-05-01,8099.0,7225.0634765625,2,4,2015-01-01
xgboost,2015-06-01,7868.0,7419.21142578125,2,5,2015-01-01
xgboost,2015-07-01,7986.0,7596.2939453125,2,6,2015-01-01
xgboost,2015-03-01,6658.0,6629.43310546875,3,1,2015-02-01
xgboost,2015-04-01,7069.0,6347.2099609375,3,2,2015-02-01
xgboost,2015-05-01,8099.0,7128.56884765625,3,3,2015-02-01
xgboost,2015-06-01,7868.0,7321.44384765625,3,4,2015-02-01
xgboost,2015-07-01,7986.0,7837.32421875,3,5,2015-02-01
xgboost,2015-08-01,7251.0,7489.8955078125,3,6,2015-02-01
xgboost,2015-04-01,7069.0,6322.837890625,4,1,2015-03-01
xgboost,2015-05-01,8099.0,7148.82080078125,4,2,2015-03-01
xgboost,2015-06-01,7868.0,7363.6640625,4,3,2015-03-01
xgboost,2015-07-01,7986.0,7853.0546875,4,4,2015-03-01
xgboost,2015-08-01,7251.0,7496.95068359375,4,5,2015-03-01
xgboost,2015-09-01,7163.0,7054.80517578125,4,6,2015-03-01
xgboost,2015-05-01,8099.0,7209.5751953125,5,1,2015-04-01
xgboost,2015-06-01,7868.0,7515.26025390625,5,2,2015-04-01
xgboost,2015-07-01,7986.0,7748.06982421875,5,3,2015-04-01
xgboost,2015-08-01,7251.0,7335.94482421875,5,4,2015-04-01
xgboost,2015-09-01,7163.0,6880.94970703125,5,5,2015-04-01
xgboost,2015-10-01,6690.0,7161.60009765625,5,6,2015-04-01
xgboost,2015-06-01,7868.0,7883.10498046875,6,1,2015-05-01
xgboost,2015-07-01,7986.0,7368.16259765625,6,2,2015-05-01
xgboost,2015-08-01,7251.0,7618.00244140625,6,3,2015-05-01
xgboost,2015-09-01,7163.0,6795.18994140625,6,4,2015-05-01
xgboost,2015-10-01,6690.0,7387.583984375,6,5,2015-05-01
xgboost,2015-11-01,6392.0,6473.06689453125,6,6,2015-05-01
xgboost,2015-07-01,7986.0,7366.87548828125,7,1,2015-06-01
xgboost,2015-08-01,7251.0,7572.0849609375,7,2,2015-06-01
xgboost,2015-09-01,7163.0,6895.7958984375,7,3,2015-06-01
xgboost,2015-10-01,6690.0,7388.97314453125,7,4,2015-06-01
xgboost,2015-11-01,6392.0,6561.220703125,7,5,2015-06-01
xgboost,2015-12-01,6753.0,6631.873046875,7,6,2015-06-01
xgboost,2015-08-01,7251.0,7654.25146484375,8,1,2015-07-01
xgboost,2015-09-01,7163.0,6893.64013671875,8,2,2015-07-01
xgboost,2015-10-01,6690.0,7405.59375,8,3,2015-07-01
xgboost,2015-11-01,6392.0,6438.1787109375,8,4,2015-07-01
xgboost,2015-12-01,6753.0,6819.67919921875,8,5,2015-07-01
xgboost,2016-01-01,6753.0,7116.2509765625,8,6,2015-07-01
xgboost,2015-09-01,7163.0,6871.9658203125,9,1,2015-08-01
xgboost,2015-10-01,6690.0,7262.8212890625,9,2,2015-08-01
xgboost,2015-11-01,6392.0,6366.22021484375,9,3,2015-08-01
xgboost,2015-12-01,6753.0,6809.26806640625,9,4,2015-08-01
xgboost,2016-01-01,6753.0,6940.3046875,9,5,2015-08-01
xgboost,2016-02-01,6385.0,6401.482421875,9,6,2015-08-01
xgboost,2015-10-01,6690.0,7314.13037109375,10,1,2015-09-01
xgboost,2015-11-01,6392.0,6458.6982421875,10,2,2015-09-01
xgboost,2015-12-01,6753.0,6899.24365234375,10,3,2015-09-01
xgboost,2016-01-01,6753.0,6949.61572265625,10,4,2015-09-01
xgboost,2016-02-01,6385.0,6568.49462890625,10,5,2015-09-01
xgboost,2016-03-01,7164.0,6742.189453125,10,6,2015-09-01
xgboost,2015-11-01,6392.0,6416.4658203125,11,1,2015-10-01
xgboost,2015-12-01,6753.0,6892.9052734375,11,2,2015-10-01
xgboost,2016-01-01,6753.0,7064.07568359375,11,3,2015-10-01
xgboost,2016-02-01,6385.0,6555.7001953125,11,4,2015-10-01
xgboost,2016-03-01,7164.0,6757.478515625,11,5,2015-10-01
xgboost,2016-04-01,7192.0,7232.1796875,11,6,2015-10-01
xgboost,2015-12-01,6753.0,6864.416015625,12,1,2015-11-01
xgboost,2016-01-01,6753.0,7040.1025390625,12,2,2015-11-01
xgboost,2016-02-01,6385.0,6450.10205078125,12,3,2015-11-01
xgboost,2016-03-01,7164.0,6780.5419921875,12,4,2015-11-01
xgboost,2016-04-01,7192.0,7230.0556640625,12,5,2015-11-01
xgboost,2016-05-01,7743.0,7556.70703125,12,6,2015-11-01
xgboost,2016-01-01,6753.0,7094.0693359375,13,1,2015-12-01
xgboost,2016-02-01,6385.0,6470.91650390625,13,2,2015-12-01
xgboost,2016-03-01,7164.0,6640.63623046875,13,3,2015-12-01
xgboost,2016-04-01,7192.0,7081.4619140625,13,4,2015-12-01
xgboost,2016-05-01,7743.0,7399.4541015625,13,5,2015-12-01
xgboost,2016-06-01,8767.0,7521.09326171875,13,6,2015-12-01
xgboost,2016-02-01,6385.0,6414.47314453125,14,1,2016-01-01
xgboost,2016-03-01,7164.0,6666.744140625,14,2,2016-01-01
xgboost,2016-04-01,7192.0,7152.18115234375,14,3,2016-01-01
xgboost,2016-05-01,7743.0,7562.27783203125,14,4,2016-01-01
xgboost,2016-06-01,8767.0,7533.517578125,14,5,2016-01-01
xgboost,2016-07-01,8479.0,7786.6572265625,14,6,2016-01-01
xgboost,2016-03-01,7164.0,6597.98828125,15,1,2016-02-01
xgboost,2016-04-01,7192.0,7135.82861328125,15,2,2016-02-01
xgboost,2016-05-01,7743.0,7412.15185546875,15,3,2016-02-01
xgboost,2016-06-01,8767.0,7532.28857421875,15,4,2016-02-01
xgboost,2016-07-01,8479.0,7777.41845703125,15,5,2016-02-01
xgboost,2016-08-01,7890.0,7215.26025390625,15,6,2016-02-01
xgboost,2016-04-01,7192.0,7329.2255859375,16,1,2016-03-01
xgboost,2016-05-01,7743.0,7522.56396484375,16,2,2016-03-01
xgboost,2016-06-01,8767.0,7477.67041015625,16,3,2016-03-01
xgboost,2016-07-01,8479.0,7661.55810546875,16,4,2016-03-01
xgboost,2016-08-01,7890.0,7189.7578125,16,5,2016-03-01
xgboost,2016-09-01,7317.0,6792.6337890625,16,6,2016-03-01
xgboost,2016-05-01,7743.0,7551.0791015625,17,1,2016-04-01
xgboost,2016-06-01,8767.0,7528.0009765625,17,2,2016-04-01
xgboost,2016-07-01,8479.0,7721.39306640625,17,3,2016-04-01
xgboost,2016-08-01,7890.0,7270.3876953125,17,4,2016-04-01
xgboost,2016-09-01,7317.0,6816.6455078125,17,5,2016-04-01
xgboost,2016-10-01,7426.0,6624.8544921875,17,6,2016-04-01
xgboost,2016-06-01,8767.0,7498.09912109375,18,1,2016-05-01
xgboost,2016-07-01,8479.0,7610.525390625,18,2,2016-05-01
xgboost,2016-08-01,7890.0,7195.90673828125,18,3,2016-05-01
xgboost,2016-09-01,7317.0,6818.0419921875,18,4,2016-05-01
xgboost,2016-10-01,7426.0,6609.32568359375,18,5,2016-05-01
xgboost,2016-11-01,6700.0,6521.49365234375,18,6,2016-05-01
xgboost,2016-07-01,8479.0,7755.1669921875,19,1,2016-06-01
xgboost,2016-08-01,7890.0,7354.17724609375,19,2,2016-06-01
xgboost,2016-09-01,7317.0,6897.29052734375,19,3,2016-06-01
xgboost,2016-10-01,7426.0,6586.99365234375,19,4,2016-06-01
xgboost,2016-11-01,6700.0,6536.29638671875,19,5,2016-06-01
xgboost,2016-12-01,6994.0,6756.71826171875,19,6,2016-06-01
xgboost,2016-08-01,7890.0,7378.99658203125,20,1,2016-07-01
xgboost,2016-09-01,7317.0,6887.490234375,20,2,2016-07-01
xgboost,2016-10-01,7426.0,6625.96875,20,3,2016-07-01
xgboost,2016-11-01,6700.0,6536.01806640625,20,4,2016-07-01
xgboost,2016-12-01,6994.0,6725.01953125,20,5,2016-07-01
xgboost,2017-01-01,6788.0,6694.06884765625,20,6,2016-07-01
xgboost,2016-09-01,7317.0,6994.66796875,21,1,2016-08-01
xgboost,2016-10-01,7426.0,6587.44677734375,21,2,2016-08-01
xgboost,2016-11-01,6700.0,6529.04296875,21,3,2016-08-01
xgboost,2016-12-01,6994.0,6711.39697265625,21,4,2016-08-01
xgboost,2017-01-01,6788.0,6717.22314453125,21,5,2016-08-01
xgboost,2017-02-01,6271.0,6750.7490234375,21,6,2016-08-01
xgboost,2016-10-01,7426.0,6694.21728515625,22,1,2016-09-01
xgboost,2016-11-01,6700.0,6615.1240234375,22,2,2016-09-01
xgboost,2016-12-01,6994.0,6676.25048828125,22,3,2016-09-01
xgboost,2017-01-01,6788.0,6700.2265625,22,4,2016-09-01
xgboost,2017-02-01,6271.0,6860.46240234375,22,5,2016-09-01
xgboost,2017-03-01,6794.0,7641.798828125,22,6,2016-09-01
xgboost,2016-11-01,6700.0,6931.23583984375,23,1,2016-10-01
xgboost,2016-12-01,6994.0,6844.40283203125,23,2,2016-10-01
xgboost,2017-01-01,6788.0,6871.9140625,23,3,2016-10-01
xgboost,2017-02-01,6271.0,6908.2138671875,23,4,2016-10-01
xgboost,2017-03-01,6794.0,7569.935546875,23,5,2016-10-01
xgboost,2017-04-01,6884.0,7828.576171875,23,6,2016-10-01
xgboost,2016-12-01,6994.0,6890.72021484375,24,1,2016-11-01
xgboost,2017-01-01,6788.0,6983.775390625,24,2,2016-11-01
xgboost,2017-02-01,6271.0,6928.56689453125,24,3,2016-11-01
xgboost,2017-03-01,6794.0,7585.8203125,24,4,2016-11-01
xgboost,2017-04-01,6884.0,7751.89306640625,24,5,2016-11-01
xgboost,2017-05-01,7651.0,7939.763671875,24,6,2016-11-01
xgboost,2017-01-01,6788.0,6968.98828125,25,1,2016-12-01
xgboost,2017-02-01,6271.0,6904.75341796875,25,2,2016-12-01
xgboost,2017-03-01,6794.0,7566.53271484375,25,3,2016-12-01
xgboost,2017-04-01,6884.0,7703.7158203125,25,4,2016-12-01
xgboost,2017-05-01,7651.0,7753.9306640625,25,5,2016-12-01
xgboost,2017-06-01,8009.0,8378.638671875,25,6,2016-12-01
xgboost,2017-02-01,6271.0,6892.36376953125,26,1,2017-01-01
xgboost,2017-03-01,6794.0,7538.7333984375,26,2,2017-01-01
xgboost,2017-04-01,6884.0,7693.21630859375,26,3,2017-01-01
xgboost,2017-05-01,7651.0,7838.33154296875,26,4,2017-01-01
xgboost,2017-06-01,8009.0,8308.2314453125,26,5,2017-01-01
xgboost,2017-07-01,8694.0,8259.8798828125,26,6,2017-01-01
xgboost,2017-03-01,6794.0,7479.52783203125,27,1,2017-02-01
xgboost,2017-04-01,6884.0,7586.4658203125,27,2,2017-02-01
xgboost,2017-05-01,7651.0,7750.904296875,27,3,2017-02-01
xgboost,2017-06-01,8009.0,8241.85546875,27,4,2017-02-01
xgboost,2017-07-01,8694.0,8228.591796875,27,5,2017-02-01
xgboost,2017-08-01,8130.0,7960.11181640625,27,6,2017-02-01
xgboost,2017-04-01,6884.0,7263.5205078125,28,1,2017-03-01
xgboost,2017-05-01,7651.0,7762.60986328125,28,2,2017-03-01
xgboost,2017-06-01,8009.0,8189.5068359375,28,3,2017-03-01
xgboost,2017-07-01,8694.0,8326.5947265625,28,4,2017-03-01
xgboost,2017-08-01,8130.0,7974.74072265625,28,5,2017-03-01
xgboost,2017-09-01,7446.0,7651.95947265625,28,6,2017-03-01
xgboost,2017-05-01,7651.0,7558.34130859375,29,1,2017-04-01
xgboost,2017-06-01,8009.0,7986.828125,29,2,2017-04-01
xgboost,2017-07-01,8694.0,8198.765625,29,3,2017-04-01
xgboost,2017-08-01,8130.0,8092.369140625,29,4,2017-04-01
xgboost,2017-09-01,7446.0,7719.51611328125,29,5,2017-04-01
xgboost,2017-10-01,7282.0,7755.6552734375,29,6,2017-04-01
xgboost,2017-06-01,8009.0,8103.45751953125,30,1,2017-05-01
xgboost,2017-07-01,8694.0,8229.8203125,30,2,2017-05-01
xgboost,2017-08-01,8130.0,8025.93017578125,30,3,2017-05-01
xgboost,2017-09-01,7446.0,7673.337890625,30,4,2017-05-01
xgboost,2017-10-01,7282.0,7743.6591796875,30,5,2017-05-01
xgboost,2017-11-01,6830.0,7163.30078125,30,6,2017-05-01
xgboost,2017-07-01,8694.0,8102.90771484375,31,1,2017-06-01
xgboost,2017-08-01,8130.0,8095.2900390625,31,2,2017-06-01
xgboost,2017-09-01,7446.0,7837.82763671875,31,3,2017-06-01
xgboost,2017-10-01,7282.0,7831.869140625,31,4,2017-06-01
xgboost,2017-11-01,6830.0,7184.3974609375,31,5,2017-06-01
xgboost,2017-12-01,6946.0,6953.7392578125,31,6,2017-06-01
xgboost,2017-08-01,8130.0,8140.66748046875,32,1,2017-07-01
xgboost,2017-09-01,7446.0,7973.4892578125,32,2,2017-07-01
xgboost,2017-10-01,7282.0,7735.92333984375,32,3,2017-07-01
xgboost,2017-11-01,6830.0,7223.7421875,32,4,2017-07-01
xgboost,2017-12-01,6946.0,7043.45751953125,32,5,2017-07-01
xgboost,2018-01-01,6886.0,6835.955078125,32,6,2017-07-01
xgboost,2017-09-01,7446.0,7917.05419921875,33,1,2017-08-01
xgboost,2017-10-01,7282.0,7774.31787109375,33,2,2017-08-01
xgboost,2017-11-01,6830.0,7213.1494140625,33,3,2017-08-01
xgboost,2017-12-01,6946.0,7048.67236328125,33,4,2017-08-01
xgboost,2018-01-01,6886.0,6842.2353515625,33,5,2017-08-01
xgboost,2018-02-01,5960.0,6602.12890625,33,6,2017-08-01
xgboost,2017-10-01,7282.0,7621.76123046875,34,1,2017-09-01
xgboost,2017-11-01,6830.0,7141.44873046875,34,2,2017-09-01
xgboost,2017-12-01,6946.0,6915.91015625,34,3,2017-09-01
xgboost,2018-01-01,6886.0,6796.56982421875,34,4,2017-09-01
xgboost,2018-02-01,5960.0,6625.0029296875,34,5,2017-09-01
xgboost,2018-03-01,6930.0,6829.23095703125,34,6,2017-09-01
xgboost,2017-11-01,6830.0,7136.00244140625,35,1,2017-10-01
xgboost,2017-12-01,6946.0,6857.662109375,35,2,2017-10-01
xgboost,2018-01-01,6886.0,6813.43994140625,35,3,2017-10-01
xgboost,2018-02-01,5960.0,6666.9814453125,35,4,2017-10-01
xgboost,2018-03-01,6930.0,6765.0703125,35,5,2017-10-01
xgboost,2018-04-01,6769.0,6954.45263671875,35,6,2017-10-01
xgboost,2017-12-01,6946.0,6861.9150390625,36,1,2017-11-01
xgboost,2018-01-01,6886.0,6804.142578125,36,2,2017-11-01
xgboost,2018-02-01,5960.0,6559.12158203125,36,3,2017-11-01
xgboost,2018-03-01,6930.0,6766.81982421875,36,4,2017-11-01
xgboost,2018-04-01,6769.0,6916.04248046875,36,5,2017-11-01
xgboost,2018-05-01,7511.0,7580.50830078125,36,6,2017-11-01
xgboost,2018-01-01,6886.0,6767.87646484375,37,1,2017-12-01
xgboost,2018-02-01,5960.0,6585.22216796875,37,2,2017-12-01
xgboost,2018-03-01,6930.0,6783.4423828125,37,3,2017-12-01
xgboost,2018-04-01,6769.0,6961.89990234375,37,4,2017-12-01
xgboost,2018-05-01,7511.0,7579.09814453125,37,5,2017-12-01
xgboost,2018-06-01,8057.0,7988.46337890625,37,6,2017-12-01
xgboost,2018-02-01,5960.0,6600.724609375,38,1,2018-01-01
xgboost,2018-03-01,6930.0,6738.5263671875,38,2,2018-01-01
xgboost,2018-04-01,6769.0,6936.52197265625,38,3,2018-01-01
xgboost,2018-05-01,7511.0,7602.171875,38,4,2018-01-01
xgboost,2018-06-01,8057.0,7890.9013671875,38,5,2018-01-01
xgboost,2018-07-01,8175.0,8305.3759765625,38,6,2018-01-01
xgboost,2018-03-01,6930.0,6623.78515625,39,1,2018-02-01
xgboost,2018-04-01,6769.0,6913.4482421875,39,2,2018-02-01
xgboost,2018-05-01,7511.0,7427.037109375,39,3,2018-02-01
xgboost,2018-06-01,8057.0,7895.5556640625,39,4,2018-02-01
xgboost,2018-07-01,8175.0,8322.22265625,39,5,2018-02-01
xgboost,2018-08-01,8328.0,7949.1591796875,39,6,2018-02-01
xgboost,2018-04-01,6769.0,7021.10009765625,40,1,2018-03-01
xgboost,2018-05-01,7511.0,7612.13232421875,40,2,2018-03-01
xgboost,2018-06-01,8057.0,7922.82666015625,40,3,2018-03-01
xgboost,2018-07-01,8175.0,8352.58203125,40,4,2018-03-01
xgboost,2018-08-01,8328.0,7929.8583984375,40,5,2018-03-01
xgboost,2018-09-01,7325.0,7513.65771484375,40,6,2018-03-01
xgboost,2018-05-01,7511.0,7439.22412109375,41,1,2018-04-01
xgboost,2018-06-01,8057.0,7865.62451171875,41,2,2018-04-01
xgboost,2018-07-01,8175.0,8329.2578125,41,3,2018-04-01
xgboost,2018-08-01,8328.0,7948.5908203125,41,4,2018-04-01
xgboost,2018-09-01,7325.0,7516.890625,41,5,2018-04-01
xgboost,2018-10-01,7202.0,7405.5712890625,41,6,2018-04-01
xgboost,2018-06-01,8057.0,7836.24365234375,42,1,2018-05-01
xgboost,2018-07-01,8175.0,8358.7353515625,42,2,2018-05-01
xgboost,2018-08-01,8328.0,8082.18994140625,42,3,2018-05-01
xgboost,2018-09-01,7325.0,7718.99462890625,42,4,2018-05-01
xgboost,2018-10-01,7202.0,7495.67724609375,42,5,2018-05-01
xgboost,2018-11-01,7161.0,7012.2607421875,42,6,2018-05-01
xgboost,2018-07-01,8175.0,8396.5166015625,43,1,2018-06-01
xgboost,2018-08-01,8328.0,8032.49609375,43,2,2018-06-01
xgboost,2018-09-01,7325.0,7475.572265625,43,3,2018-06-01
xgboost,2018-10-01,7202.0,7358.92529296875,43,4,2018-06-01
xgboost,2018-11-01,7161.0,6937.92138671875,43,5,2018-06-01
xgboost,2018-12-01,7409.0,6914.58154296875,43,6,2018-06-01
xgboost,2018-08-01,8328.0,8089.720703125,44,1,2018-07-01
xgboost,2018-09-01,7325.0,7544.77099609375,44,2,2018-07-01
xgboost,2018-10-01,7202.0,7377.134765625,44,3,2018-07-01
xgboost,2018-11-01,7161.0,6968.6689453125,44,4,2018-07-01
xgboost,2018-12-01,7409.0,6903.9423828125,44,5,2018-07-01
xgboost,2019-01-01,7117.0,6842.53466796875,44,6,2018-07-01
xgboost,2018-09-01,7325.0,7534.2646484375,45,1,2018-08-01
xgboost,2018-10-01,7202.0,7354.7685546875,45,2,2018-08-01
xgboost,2018-11-01,7161.0,7135.919921875,45,3,2018-08-01
xgboost,2018-12-01,7409.0,6912.78515625,45,4,2018-08-01
xgboost,2019-01-01,7117.0,6889.10107421875,45,5,2018-08-01
xgboost,2019-02-01,6307.0,6438.28515625,45,6,2018-08-01
xgboost,2018-10-01,7202.0,7327.74365234375,46,1,2018-09-01
xgboost,2018-11-01,7161.0,7058.83349609375,46,2,2018-09-01
xgboost,2018-12-01,7409.0,6928.07470703125,46,3,2018-09-01
xgboost,2019-01-01,7117.0,6860.9267578125,46,4,2018-09-01
xgboost,2019-02-01,6307.0,6224.19091796875,46,5,2018-09-01
xgboost,2019-03-01,7067.0,6708.47998046875,46,6,2018-09-01
xgboost,2018-11-01,7161.0,6922.265625,47,1,2018-10-01
xgboost,2018-12-01,7409.0,6937.134765625,47,2,2018-10-01
xgboost,2019-01-01,7117.0,6866.91552734375,47,3,2018-10-01
xgboost,2019-02-01,6307.0,6085.4951171875,47,4,2018-10-01
xgboost,2019-03-01,7067.0,6733.81640625,47,5,2018-10-01
xgboost,2019-04-01,7108.0,6827.92529296875,47,6,2018-10-01
xgboost,2018-12-01,7409.0,6917.10302734375,48,1,2018-11-01
xgboost,2019-01-01,7117.0,6877.2958984375,48,2,2018-11-01
xgboost,2019-02-01,6307.0,6300.4208984375,48,3,2018-11-01
xgboost,2019-03-01,7067.0,6721.3037109375,48,4,2018-11-01
xgboost,2019-04-01,7108.0,6889.65673828125,48,5,2018-11-01
xgboost,2019-05-01,7776.0,7516.087890625,48,6,2018-11-01
xgboost,2019-01-01,7117.0,7021.11669921875,49,1,2018-12-01
xgboost,2019-02-01,6307.0,6590.74609375,49,2,2018-12-01
xgboost,2019-03-01,7067.0,6795.3974609375,49,3,2018-12-01
xgboost,2019-04-01,7108.0,6849.8740234375,49,4,2018-12-01
xgboost,2019-05-01,7776.0,7420.94970703125,49,5,2018-12-01
xgboost,2019-06-01,8274.0,7988.341796875,49,6,2018-12-01
xgboost,2019-02-01,6307.0,6520.3076171875,50,1,2019-01-01
xgboost,2019-03-01,7067.0,6897.89453125,50,2,2019-01-01
xgboost,2019-04-01,7108.0,6896.26513671875,50,3,2019-01-01
xgboost,2019-05-01,7776.0,7461.65283203125,50,4,2019-01-01
xgboost,2019-06-01,8274.0,8003.93017578125,50,5,2019-01-01
xgboost,2019-07-01,8919.0,8349.7890625,50,6,2019-01-01
xgboost,2019-03-01,7067.0,6846.45263671875,51,1,2019-02-01
xgboost,2019-04-01,7108.0,6891.42724609375,51,2,2019-02-01
xgboost,2019-05-01,7776.0,7426.8359375,51,3,2019-02-01
xgboost,2019-06-01,8274.0,8002.9658203125,51,4,2019-02-01
xgboost,2019-07-01,8919.0,8346.484375,51,5,2019-02-01
xgboost,2019-08-01,8180.0,8267.2724609375,51,6,2019-02-01
xgboost,2019-04-01,7108.0,6914.00439453125,52,1,2019-03-01
xgboost,2019-05-01,7776.0,7438.38916015625,52,2,2019-03-01
xgboost,2019-06-01,8274.0,8032.3759765625,52,3,2019-03-01
xgboost,2019-07-01,8919.0,8337.1171875,52,4,2019-03-01
xgboost,2019-08-01,8180.0,8263.9990234375,52,5,2019-03-01
xgboost,2019-09-01,7664.0,7422.31640625,52,6,2019-03-01
xgboost,2019-05-01,7776.0,7494.2041015625,53,1,2019-04-01
xgboost,2019-06-01,8274.0,8002.0439453125,53,2,2019-04-01
xgboost,2019-07-01,8919.0,8311.55078125,53,3,2019-04-01
xgboost,2019-08-01,8180.0,8268.849609375,53,4,2019-04-01
xgboost,2019-09-01,7664.0,7456.2919921875,53,5,2019-04-01
xgboost,2019-10-01,7254.0,7403.44384765625,53,6,2019-04-01
xgboost,2019-06-01,8274.0,8170.8212890625,54,1,2019-05-01
xgboost,2019-07-01,8919.0,8298.6318359375,54,2,2019-05-01
xgboost,2019-08-01,8180.0,8254.5927734375,54,3,2019-05-01
xgboost,2019-09-01,7664.0,7449.40283203125,54,4,2019-05-01
xgboost,2019-10-01,7254.0,7432.0126953125,54,5,2019-05-01
xgboost,2019-11-01,6785.0,7153.51611328125,54,6,2019-05-01
xgboost,2019-07-01,8919.0,8322.166015625,55,1,2019-06-01
xgboost,2019-08-01,8180.0,8206.9091796875,55,2,2019-06-01
xgboost,2019-09-01,7664.0,7459.96484375,55,3,2019-06-01
xgboost,2019-10-01,7254.0,7471.80517578125,55,4,2019-06-01
xgboost,2019-11-01,6785.0,7214.93408203125,55,5,2019-06-01
xgboost,2019-12-01,6987.0,7421.64892578125,55,6,2019-06-01
xgboost,2019-08-01,8180.0,8269.404296875,56,1,2019-07-01
xgboost,2019-09-01,7664.0,7486.37841796875,56,2,2019-07-01
xgboost,2019-10-01,7254.0,7538.15283203125,56,3,2019-07-01
xgboost,2019-11-01,6785.0,7261.68994140625,56,4,2019-07-01
xgboost,2019-12-01,6987.0,7530.763671875,56,5,2019-07-01
xgboost,2020-01-01,7194.0,7012.75927734375,56,6,2019-07-01
xgboost,2019-09-01,7664.0,7454.65380859375,57,1,2019-08-01
xgboost,2019-10-01,7254.0,7469.10595703125,57,2,2019-08-01
xgboost,2019-11-01,6785.0,7283.24365234375,57,3,2019-08-01
xgboost,2019-12-01,6987.0,7548.6435546875,57,4,2019-08-01
xgboost,2020-01-01,7194.0,7019.4375,57,5,2019-08-01
xgboost,2020-02-01,6848.0,6370.8447265625,57,6,2019-08-01
xgboost,2019-10-01,7254.0,7539.6845703125,58,1,2019-09-01
xgboost,2019-11-01,6785.0,7280.8017578125,58,2,2019-09-01
xgboost,2019-12-01,6987.0,7543.615234375,58,3,2019-09-01
xgboost,2020-01-01,7194.0,6987.666015625,58,4,2019-09-01
xgboost,2020-02-01,6848.0,6416.92236328125,58,5,2019-09-01
xgboost,2020-03-01,7324.0,6910.1904296875,58,6,2019-09-01
xgboost,2019-11-01,6785.0,7308.298828125,59,1,2019-10-01
xgboost,2019-12-01,6987.0,7582.51806640625,59,2,2019-10-01
xgboost,2020-01-01,7194.0,7040.365234375,59,3,2019-10-01
xgboost,2020-02-01,6848.0,6440.89794921875,59,4,2019-10-01
xgboost,2020-03-01,7324.0,6896.5234375,59,5,2019-10-01
xgboost,2020-04-01,5978.0,6902.572265625,59,6,2019-10-01
xgboost,2019-12-01,6987.0,7344.81494140625,60,1,2019-11-01
xgboost,2020-01-01,7194.0,6936.81103515625,60,2,2019-11-01
xgboost,2020-02-01,6848.0,6352.38916015625,60,3,2019-11-01
xgboost,2020-03-01,7324.0,6919.2724609375,60,4,2019-11-01
xgboost,2020-04-01,5978.0,6902.650390625,60,5,2019-11-01
xgboost,2020-05-01,7062.0,7598.646484375,60,6,2019-11-01
xgboost,2020-01-01,7194.0,6878.17626953125,61,1,2019-12-01
xgboost,2020-02-01,6848.0,6291.140625,61,2,2019-12-01
xgboost,2020-03-01,7324.0,6830.4697265625,61,3,2019-12-01
xgboost,2020-04-01,5978.0,6894.275390625,61,4,2019-12-01
xgboost,2020-05-01,7062.0,7617.65625,61,5,2019-12-01
xgboost,2020-06-01,6948.0,8075.71044921875,61,6,2019-12-01
xgboost,2020-02-01,6848.0,6379.9658203125,62,1,2020-01-01
xgboost,2020-03-01,7324.0,6897.7119140625,62,2,2020-01-01
xgboost,2020-04-01,5978.0,6947.58203125,62,3,2020-01-01
xgboost,2020-05-01,7062.0,7639.8720703125,62,4,2020-01-01
xgboost,2020-06-01,6948.0,8069.10546875,62,5,2020-01-01
xgboost,2020-07-01,7392.0,8444.4697265625,62,6,2020-01-01
xgboost,2020-03-01,7324.0,6886.50146484375,63,1,2020-02-01
xgboost,2020-04-01,5978.0,6939.173828125,63,2,2020-02-01
xgboost,2020-05-01,7062.0,7604.05517578125,63,3,2020-02-01
xgboost,2020-06-01,6948.0,8070.28564453125,63,4,2020-02-01
xgboost,2020-07-01,7392.0,8235.748046875,63,5,2020-02-01
xgboost,2020-08-01,7678.0,8359.5380859375,63,6,2020-02-01
xgboost,2020-04-01,5978.0,7190.228515625,64,1,2020-03-01
xgboost,2020-05-01,7062.0,7674.07568359375,64,2,2020-03-01
xgboost,2020-06-01,6948.0,8236.484375,64,3,2020-03-01
xgboost,2020-07-01,7392.0,8300.9296875,64,4,2020-03-01
xgboost,2020-08-01,7678.0,8297.74609375,64,5,2020-03-01
xgboost,2020-09-01,7005.0,7617.09033203125,64,6,2020-03-01
xgboost,2020-05-01,7062.0,7524.0908203125,65,1,2020-04-01
xgboost,2020-06-01,6948.0,7998.56396484375,65,2,2020-04-01
xgboost,2020-07-01,7392.0,7849.052734375,65,3,2020-04-01
xgboost,2020-08-01,7678.0,8241.189453125,65,4,2020-04-01
xgboost,2020-09-01,7005.0,7589.59375,65,5,2020-04-01
xgboost,2020-10-01,7385.0,7254.84326171875,65,6,2020-04-01
xgboost,2020-06-01,6948.0,7839.5693359375,66,1,2020-05-01
xgboost,2020-07-01,7392.0,7933.66796875,66,2,2020-05-01
xgboost,2020-08-01,7678.0,8393.314453125,66,3,2020-05-01
xgboost,2020-09-01,7005.0,7760.35888671875,66,4,2020-05-01
xgboost,2020-10-01,7385.0,7314.6943359375,66,5,2020-05-01
xgboost,2020-11-01,6872.0,7076.91259765625,66,6,2020-05-01
xgboost,2020-07-01,7392.0,7616.603515625,67,1,2020-06-01
xgboost,2020-08-01,7678.0,8023.7412109375,67,2,2020-06-01
xgboost,2020-09-01,7005.0,8006.39892578125,67,3,2020-06-01
xgboost,2020-10-01,7385.0,7576.39013671875,67,4,2020-06-01
xgboost,2020-11-01,6872.0,7036.4033203125,67,5,2020-06-01
xgboost,2020-12-01,6781.0,7035.64892578125,67,6,2020-06-01
xgboost,2020-08-01,7678.0,7852.0341796875,68,1,2020-07-01
xgboost,2020-09-01,7005.0,8006.08056640625,68,2,2020-07-01
xgboost,2020-10-01,7385.0,7640.2568359375,68,3,2020-07-01
xgboost,2020-11-01,6872.0,7131.47314453125,68,4,2020-07-01
xgboost,2020-12-01,6781.0,6986.470703125,68,5,2020-07-01
xgboost,2021-01-01,6917.0,7060.41796875,68,6,2020-07-01
xgboost,2020-09-01,7005.0,7872.77978515625,69,1,2020-08-01
xgboost,2020-10-01,7385.0,7636.00927734375,69,2,2020-08-01
xgboost,2020-11-01,6872.0,7120.365234375,69,3,2020-08-01
xgboost,2020-12-01,6781.0,7102.9609375,69,4,2020-08-01
xgboost,2021-01-01,6917.0,7130.01318359375,69,5,2020-08-01
xgboost,2021-02-01,6217.0,7087.51904296875,69,6,2020-08-01
xgboost,2020-10-01,7385.0,7296.35546875,70,1,2020-09-01
xgboost,2020-11-01,6872.0,7045.74609375,70,2,2020-09-01
xgboost,2020-12-01,6781.0,7111.8740234375,70,3,2020-09-01
xgboost,2021-01-01,6917.0,7085.02587890625,70,4,2020-09-01
xgboost,2021-02-01,6217.0,7045.62939453125,70,5,2020-09-01
xgboost,2021-03-01,7569.0,7238.2939453125,70,6,2020-09-01
xgboost,2020-11-01,6872.0,7063.3642578125,71,1,2020-10-01
xgboost,2020-12-01,6781.0,7157.71240234375,71,2,2020-10-01
xgboost,2021-01-01,6917.0,7148.08544921875,71,3,2020-10-01
xgboost,2021-02-01,6217.0,7051.2119140625,71,4,2020-10-01
xgboost,2021-03-01,7569.0,7259.5966796875,71,5,2020-10-01
xgboost,2021-04-01,6917.0,6618.39697265625,71,6,2020-10-01
xgboost,2020-12-01,6781.0,7046.08544921875,72,1,2020-11-01
xgboost,2021-01-01,6917.0,7089.43505859375,72,2,2020-11-01
xgboost,2021-02-01,6217.0,6978.2119140625,72,3,2020-11-01
xgboost,2021-03-01,7569.0,7355.32421875,72,4,2020-11-01
xgboost,2021-04-01,6917.0,6516.07421875,72,5,2020-11-01
xgboost,2021-05-01,8253.0,6940.47314453125,72,6,2020-11-01
xgboost,2021-01-01,6917.0,6976.04052734375,73,1,2020-12-01
xgboost,2021-02-01,6217.0,6926.30029296875,73,2,2020-12-01
xgboost,2021-03-01,7569.0,7171.4677734375,73,3,2020-12-01
xgboost,2021-04-01,6917.0,6540.1142578125,73,4,2020-12-01
xgboost,2021-05-01,8253.0,6880.599609375,73,5,2020-12-01
xgboost,2021-06-01,8153.0,6954.2275390625,73,6,2020-12-01
xgboost,2021-02-01,6217.0,6901.736328125,74,1,2021-01-01
xgboost,2021-03-01,7569.0,7183.7939453125,74,2,2021-01-01
xgboost,2021-04-01,6917.0,6507.54248046875,74,3,2021-01-01
xgboost,2021-05-01,8253.0,6913.4931640625,74,4,2021-01-01
xgboost,2021-06-01,8153.0,6974.84521484375,74,5,2021-01-01
xgboost,2021-07-01,9251.0,7502.837890625,74,6,2021-01-01
xgboost,2021-03-01,7569.0,7084.08203125,75,1,2021-02-01
xgboost,2021-04-01,6917.0,6408.77392578125,75,2,2021-02-01
xgboost,2021-05-01,8253.0,6867.63037109375,75,3,2021-02-01
xgboost,2021-06-01,8153.0,7117.771484375,75,4,2021-02-01
xgboost,2021-07-01,9251.0,7429.8916015625,75,5,2021-02-01
xgboost,2021-08-01,8830.0,7735.3125,75,6,2021-02-01
xgboost,2021-04-01,6917.0,6570.0751953125,76,1,2021-03-01
xgboost,2021-05-01,8253.0,6827.95361328125,76,2,2021-03-01
xgboost,2021-06-01,8153.0,7098.82177734375,76,3,2021-03-01
xgboost,2021-07-01,9251.0,7285.30029296875,76,4,2021-03-01
xgboost,2021-08-01,8830.0,7753.62109375,76,5,2021-03-01
xgboost,2021-09-01,7512.0,7217.52734375,76,6,2021-03-01
xgboost,2021-05-01,8253.0,6790.56494140625,77,1,2021-04-01
xgboost,2021-06-01,8153.0,7026.46630859375,77,2,2021-04-01
xgboost,2021-07-01,9251.0,7246.31689453125,77,3,2021-04-01
xgboost,2021-08-01,8830.0,7773.50830078125,77,4,2021-04-01
xgboost,2021-09-01,7512.0,7218.0009765625,77,5,2021-04-01
xgboost,2021-10-01,7656.0,7406.94140625,77,6,2021-04-01
xgboost,2021-06-01,8153.0,7399.33203125,78,1,2021-05-01
xgboost,2021-07-01,9251.0,7442.095703125,78,2,2021-05-01
xgboost,2021-08-01,8830.0,7583.4443359375,78,3,2021-05-01
xgboost,2021-09-01,7512.0,6829.6650390625,78,4,2021-05-01
xgboost,2021-10-01,7656.0,7280.39892578125,78,5,2021-05-01
xgboost,2021-11-01,7603.0,6862.015625,78,6,2021-05-01
xgboost,2021-07-01,9251.0,7813.486328125,79,1,2021-06-01
xgboost,2021-08-01,8830.0,7841.080078125,79,2,2021-06-01
xgboost,2021-09-01,7512.0,7222.18212890625,79,3,2021-06-01
xgboost,2021-10-01,7656.0,7409.16943359375,79,4,2021-06-01
xgboost,2021-11-01,7603.0,6902.74951171875,79,5,2021-06-01
xgboost,2021-12-01,8237.0,6839.53662109375,79,6,2021-06-01
xgboost,2021-08-01,8830.0,7670.0595703125,80,1,2021-07-01
xgboost,2021-09-01,7512.0,6880.169921875,80,2,2021-07-01
xgboost,2021-10-01,7656.0,7355.05810546875,80,3,2021-07-01
xgboost,2021-11-01,7603.0,6916.6015625,80,4,2021-07-01
xgboost,2021-12-01,8237.0,6870.60791015625,80,5,2021-07-01
xgboost,2022-01-01,9582.0,7172.8037109375,80,6,2021-07-01
xgboost,2021-09-01,7512.0,7228.11669921875,81,1,2021-08-01
xgboost,2021-10-01,7656.0,7315.5712890625,81,2,2021-08-01
xgboost,2021-11-01,7603.0,7171.900390625,81,3,2021-08-01
xgboost,2021-12-01,8237.0,7069.08154296875,81,4,2021-08-01
xgboost,2022-01-01,9582.0,7188.2578125,81,5,2021-08-01
xgboost,2022-02-01,7227.0,6720.42138671875,81,6,2021-08-01
xgboost,2021-10-01,7656.0,7354.65966796875,82,1,2021-09-01
xgboost,2021-11-01,7603.0,7194.6015625,82,2,2021-09-01
xgboost,2021-12-01,8237.0,7011.185546875,82,3,2021-09-01
xgboost,2022-01-01,9582.0,7181.8701171875,82,4,2021-09-01
xgboost,2022-02-01,7227.0,6744.4521484375,82,5,2021-09-01
xgboost,2022-03-01,7504.0,7069.13232421875,82,6,2021-09-01
xgboost,2021-11-01,7603.0,7182.0244140625,83,1,2021-10-01
xgboost,2021-12-01,8237.0,7154.73388671875,83,2,2021-10-01
xgboost,2022-01-01,9582.0,7093.78076171875,83,3,2021-10-01
xgboost,2022-02-01,7227.0,6737.30810546875,83,4,2021-10-01
xgboost,2022-03-01,7504.0,7147.58447265625,83,5,2021-10-01
xgboost,2022-04-01,7589.0,6506.966796875,83,6,2021-10-01
xgboost,2021-12-01,8237.0,7100.51806640625,84,1,2021-11-01
xgboost,2022-01-01,9582.0,7170.51513671875,84,2,2021-11-01
xgboost,2022-02-01,7227.0,6812.90771484375,84,3,2021-11-01
xgboost,2022-03-01,7504.0,7124.4931640625,84,4,2021-11-01
xgboost,2022-04-01,7589.0,6505.392578125,84,5,2021-11-01
xgboost,2022-05-01,8846.0,7123.306640625,84,6,2021-11-01
xgboost,2022-01-01,9582.0,7849.70703125,85,1,2021-12-01
xgboost,2022-02-01,7227.0,7447.783203125,85,2,2021-12-01
xgboost,2022-03-01,7504.0,7348.97802734375,85,3,2021-12-01
xgboost,2022-04-01,7589.0,6755.50927734375,85,4,2021-12-01
xgboost,2022-05-01,8846.0,6923.53271484375,85,5,2021-12-01
xgboost,2022-06-01,9057.0,7117.267578125,85,6,2021-12-01
xgboost,2022-02-01,7227.0,8155.49462890625,86,1,2022-01-01
xgboost,2022-03-01,7504.0,8660.736328125,86,2,2022-01-01
xgboost,2022-04-01,7589.0,8544.2431640625,86,3,2022-01-01
xgboost,2022-05-01,8846.0,8305.228515625,86,4,2022-01-01
xgboost,2022-06-01,9057.0,8529.0849609375,86,5,2022-01-01
xgboost,2022-07-01,8699.0,8664.9736328125,86,6,2022-01-01
xgboost,2022-03-01,7504.0,7197.72216796875,87,1,2022-02-01
xgboost,2022-04-01,7589.0,6685.2724609375,87,2,2022-02-01
xgboost,2022-05-01,8846.0,6943.04248046875,87,3,2022-02-01
xgboost,2022-06-01,9057.0,7183.595703125,87,4,2022-02-01
xgboost,2022-07-01,8699.0,7446.349609375,87,5,2022-02-01
xgboost,2022-08-01,8834.0,7652.0390625,87,6,2022-02-01
xgboost,2022-04-01,7589.0,6607.41845703125,88,1,2022-03-01
xgboost,2022-05-01,8846.0,6930.96484375,88,2,2022-03-01
xgboost,2022-06-01,9057.0,7262.25048828125,88,3,2022-03-01
xgboost,2022-07-01,8699.0,7564.90869140625,88,4,2022-03-01
xgboost,2022-08-01,8834.0,7945.18115234375,88,5,2022-03-01
xgboost,2022-09-01,8228.0,8096.48193359375,88,6,2022-03-01
xgboost,2022-05-01,8846.0,7637.75732421875,89,1,2022-04-01
xgboost,2022-06-01,9057.0,8072.78271484375,89,2,2022-04-01
xgboost,2022-07-01,8699.0,8761.447265625,89,3,2022-04-01
xgboost,2022-08-01,8834.0,8578.431640625,89,4,2022-04-01
xgboost,2022-09-01,8228.0,8484.40625,89,5,2022-04-01
xgboost,2022-10-01,8388.0,8192.6337890625,89,6,2022-04-01
xgboost,2022-06-01,9057.0,9205.6962890625,90,1,2022-05-01
xgboost,2022-07-01,8699.0,8619.4736328125,90,2,2022-05-01
xgboost,2022-08-01,8834.0,8034.24658203125,90,3,2022-05-01
xgboost,2022-09-01,8228.0,8005.66845703125,90,4,2022-05-01
xgboost,2022-10-01,8388.0,8165.11474609375,90,5,2022-05-01
xgboost,2022-11-01,7588.0,8947.8603515625,90,6,2022-05-01
xgboost,2022-07-01,8699.0,8808.529296875,91,1,2022-06-01
xgboost,2022-08-01,8834.0,8295.2265625,91,2,2022-06-01
xgboost,2022-09-01,8228.0,8340.4345703125,91,3,2022-06-01
xgboost,2022-10-01,8388.0,8421.529296875,91,4,2022-06-01
xgboost,2022-11-01,7588.0,8530.564453125,91,5,2022-06-01
xgboost,2022-12-01,7850.0,8630.83984375,91,6,2022-06-01
xgboost,2022-08-01,8834.0,8393.48046875,92,1,2022-07-01
xgboost,2022-09-01,8228.0,8314.8271484375,92,2,2022-07-01
xgboost,2022-10-01,8388.0,8310.99609375,92,3,2022-07-01
xgboost,2022-11-01,7588.0,8455.703125,92,4,2022-07-01
xgboost,2022-12-01,7850.0,8544.462890625,92,5,2022-07-01
xgboost,2023-01-01,7563.0,8514.3759765625,92,6,2022-07-01
xgboost,2022-09-01,8228.0,8492.380859375,93,1,2022-08-01
xgboost,2022-10-01,8388.0,8603.625,93,2,2022-08-01
xgboost,2022-11-01,7588.0,8768.2392578125,93,3,2022-08-01
xgboost,2022-12-01,7850.0,8808.0986328125,93,4,2022-08-01
xgboost,2023-01-01,7563.0,8801.568359375,93,5,2022-08-01
xgboost,2023-02-01,6551.0,8691.5634765625,93,6,2022-08-01
xgboost,2022-10-01,8388.0,8580.76953125,94,1,2022-09-01
xgboost,2022-11-01,7588.0,8754.138671875,94,2,2022-09-01
xgboost,2022-12-01,7850.0,8796.4736328125,94,3,2022-09-01
xgboost,2023-01-01,7563.0,8750.6494140625,94,4,2022-09-01
xgboost,2023-02-01,6551.0,8611.0908203125,94,5,2022-09-01
xgboost,2023-03-01,7507.0,8628.60546875,94,6,2022-09-01
xgboost,2022-11-01,7588.0,8631.134765625,95,1,2022-10-01
xgboost,2022-12-01,7850.0,8754.53515625,95,2,2022-10-01
xgboost,2023-01-01,7563.0,8662.513671875,95,3,2022-10-01
xgboost,2023-02-01,6551.0,8539.9248046875,95,4,2022-10-01
xgboost,2023-03-01,7507.0,8538.763671875,95,5,2022-10-01
xgboost,2023-04-01,7745.0,8622.8544921875,95,6,2022-10-01
xgboost,2022-12-01,7850.0,8417.951171875,96,1,2022-11-01
xgboost,2023-01-01,7563.0,8545.4990234375,96,2,2022-11-01
xgboost,2023-02-01,6551.0,8619.173828125,96,3,2022-11-01
xgboost,2023-03-01,7507.0,8717.4453125,96,4,2022-11-01
xgboost,2023-04-01,7745.0,8308.158203125,96,5,2022-11-01
xgboost,2023-05-01,8600.0,8591.5927734375,96,6,2022-11-01
xgboost,2023-01-01,7563.0,8337.4580078125,97,1,2022-12-01
xgboost,2023-02-01,6551.0,8596.837890625,97,2,2022-12-01
xgboost,2023-03-01,7507.0,8678.58203125,97,3,2022-12-01
xgboost,2023-04-01,7745.0,8193.9404296875,97,4,2022-12-01
xgboost,2023-05-01,8600.0,8479.736328125,97,5,2022-12-01
xgboost,2023-06-01,9151.0,8272.7021484375,97,6,2022-12-01
xgboost,2023-02-01,6551.0,7892.19580078125,98,1,2023-01-01
xgboost,2023-03-01,7507.0,8172.6748046875,98,2,2023-01-01
xgboost,2023-04-01,7745.0,8439.3212890625,98,3,2023-01-01
xgboost,2023-05-01,8600.0,8626.6904296875,98,4,2023-01-01
xgboost,2023-06-01,9151.0,8402.1259765625,98,5,2023-01-01
xgboost,2023-07-01,9183.0,8308.1787109375,98,6,2023-01-01
xgboost,2023-03-01,7507.0,7160.111328125,99,1,2023-02-01
xgboost,2023-04-01,7745.0,7203.39794921875,99,2,2023-02-01
xgboost,2023-05-01,8600.0,7329.84375,99,3,2023-02-01
xgboost,2023-06-01,9151.0,7814.67041015625,99,4,2023-02-01
xgboost,2023-07-01,9183.0,8352.259765625,99,5,2023-02-01
xgboost,2023-08-01,8297.0,8795.0078125,99,6,2023-02-01
xgboost,2023-04-01,7745.0,7424.2998046875,100,1,2023-03-01
xgboost,2023-05-01,8600.0,7672.70166015625,100,2,2023-03-01
xgboost,2023-06-01,9151.0,8314.4287109375,100,3,2023-03-01
xgboost,2023-07-01,9183.0,8913.6728515625,100,4,2023-03-01
xgboost,2023-08-01,8297.0,8677.5341796875,100,5,2023-03-01
xgboost,2023-09-01,7823.0,8355.0107421875,100,6,2023-03-01
xgboost,2023-05-01,8600.0,8538.833984375,101,1,2023-04-01
xgboost,2023-06-01,9151.0,8804.9814453125,101,2,2023-04-01
xgboost,2023-07-01,9183.0,8622.0537109375,101,3,2023-04-01
xgboost,2023-08-01,8297.0,8482.5771484375,101,4,2023-04-01
xgboost,2023-09-01,7823.0,8332.125,101,5,2023-04-01
xgboost,2023-10-01,7507.0,8356.58203125,101,6,2023-04-01
xgboost,2023-06-01,9151.0,8682.724609375,102,1,2023-05-01
xgboost,2023-07-01,9183.0,8651.9462890625,102,2,2023-05-01
xgboost,2023-08-01,8297.0,8369.1376953125,102,3,2023-05-01
xgboost,2023-09-01,7823.0,8252.1328125,102,4,2023-05-01
xgboost,2023-10-01,7507.0,8333.64453125,102,5,2023-05-01
xgboost,2023-11-01,8107.0,7949.44482421875,102,6,2023-05-01
xgboost,2023-07-01,9183.0,8498.927734375,103,1,2023-06-01
xgboost,2023-08-01,8297.0,8462.5361328125,103,2,2023-06-01
xgboost,2023-09-01,7823.0,8247.552734375,103,3,2023-06-01
xgboost,2023-10-01,7507.0,8433.3349609375,103,4,2023-06-01
xgboost,2023-11-01,8107.0,8004.86962890625,103,5,2023-06-01
xgboost,2023-12-01,7504.0,7723.63330078125,103,6,2023-06-01
catboost,2015-01-01,7184.0,6223.566036922057,1,1,2014-12-01
catboost,2015-02-01,5958.0,6246.839558541285,1,2,2014-12-01
catboost,2015-03-01,6658.0,6311.685455813439,1,3,2014-12-01
catboost,2015-04-01,7069.0,6324.795742965047,1,4,2014-12-01
catboost,2015-05-01,8099.0,7308.428575636532,1,5,2014-12-01
catboost,2015-06-01,7868.0,7295.564216593946,1,6,2014-12-01
catboost,2015-02-01,5958.0,6486.213049002809,2,1,2015-01-01
catboost,2015-03-01,6658.0,6480.7843983067005,2,2,2015-01-01
catboost,2015-04-01,7069.0,6560.28987563024,2,3,2015-01-01
catboost,2015-05-01,8099.0,7241.715925995693,2,4,2015-01-01
catboost,2015-06-01,7868.0,7437.962644575212,2,5,2015-01-01
catboost,2015-07-01,7986.0,7332.944211990515,2,6,2015-01-01
catboost,2015-03-01,6658.0,6456.058071380369,3,1,2015-02-01
catboost,2015-04-01,7069.0,6422.20482626775,3,2,2015-02-01
catboost,2015-05-01,8099.0,7213.728457768846,3,3,2015-02-01
catboost,2015-06-01,7868.0,7401.453999458099,3,4,2015-02-01
catboost,2015-07-01,7986.0,7651.529888374226,3,5,2015-02-01
catboost,2015-08-01,7251.0,7410.911858576537,3,6,2015-02-01
catboost,2015-04-01,7069.0,6445.7642053208265,4,1,2015-03-01
catboost,2015-05-01,8099.0,7173.409616518624,4,2,2015-03-01
catboost,2015-06-01,7868.0,7408.416611533627,4,3,2015-03-01
catboost,2015-07-01,7986.0,7610.708988196977,4,4,2015-03-01
catboost,2015-08-01,7251.0,7393.142189097867,4,5,2015-03-01
catboost,2015-09-01,7163.0,6871.949093870918,4,6,2015-03-01
catboost,2015-05-01,8099.0,7191.528455777493,5,1,2015-04-01
catboost,2015-06-01,7868.0,7485.3075304844915,5,2,2015-04-01
catboost,2015-07-01,7986.0,7525.638252490201,5,3,2015-04-01
catboost,2015-08-01,7251.0,7358.698593809236,5,4,2015-04-01
catboost,2015-09-01,7163.0,6872.5044949438725,5,5,2015-04-01
catboost,2015-10-01,6690.0,6995.954349116588,5,6,2015-04-01
catboost,2015-06-01,7868.0,7616.723938204887,6,1,2015-05-01
catboost,2015-07-01,7986.0,7609.655000369906,6,2,2015-05-01
catboost,2015-08-01,7251.0,7467.063676557949,6,3,2015-05-01
catboost,2015-09-01,7163.0,6843.45888022475,6,4,2015-05-01
catboost,2015-10-01,6690.0,6996.007982169765,6,5,2015-05-01
catboost,2015-11-01,6392.0,6654.181373096466,6,6,2015-05-01
catboost,2015-07-01,7986.0,7609.730825491362,7,1,2015-06-01
catboost,2015-08-01,7251.0,7506.860944424409,7,2,2015-06-01
catboost,2015-09-01,7163.0,6935.424557471913,7,3,2015-06-01
catboost,2015-10-01,6690.0,7004.8600466228745,7,4,2015-06-01
catboost,2015-11-01,6392.0,6631.210015313463,7,5,2015-06-01
catboost,2015-12-01,6753.0,6646.400676894781,7,6,2015-06-01
catboost,2015-08-01,7251.0,7428.203556214502,8,1,2015-07-01
catboost,2015-09-01,7163.0,6912.818505364083,8,2,2015-07-01
catboost,2015-10-01,6690.0,7052.786688146492,8,3,2015-07-01
catboost,2015-11-01,6392.0,6503.9779408356135,8,4,2015-07-01
catboost,2015-12-01,6753.0,6739.681791803598,8,5,2015-07-01
catboost,2016-01-01,6753.0,6920.74670688579,8,6,2015-07-01
catboost,2015-09-01,7163.0,6843.762304862589,9,1,2015-08-01
catboost,2015-10-01,6690.0,7002.784143712733,9,2,2015-08-01
catboost,2015-11-01,6392.0,6442.703487236006,9,3,2015-08-01
catboost,2015-12-01,6753.0,6806.622105417913,9,4,2015-08-01
catboost,2016-01-01,6753.0,6937.811193785351,9,5,2015-08-01
catboost,2016-02-01,6385.0,6413.084677397802,9,6,2015-08-01
catboost,2015-10-01,6690.0,7059.434185489712,10,1,2015-09-01
catboost,2015-11-01,6392.0,6500.1365970678,10,2,2015-09-01
catboost,2015-12-01,6753.0,6804.903524941459,10,3,2015-09-01
catboost,2016-01-01,6753.0,6831.580867383867,10,4,2015-09-01
catboost,2016-02-01,6385.0,6488.488466834001,10,5,2015-09-01
catboost,2016-03-01,7164.0,6772.277240244503,10,6,2015-09-01
catboost,2015-11-01,6392.0,6470.485798391912,11,1,2015-10-01
catboost,2015-12-01,6753.0,6813.140320328713,11,2,2015-10-01
catboost,2016-01-01,6753.0,6725.113117127953,11,3,2015-10-01
catboost,2016-02-01,6385.0,6356.512253106912,11,4,2015-10-01
catboost,2016-03-01,7164.0,6621.1494110786725,11,5,2015-10-01
catboost,2016-04-01,7192.0,7241.29718034716,11,6,2015-10-01
catboost,2015-12-01,6753.0,6703.829508930484,12,1,2015-11-01
catboost,2016-01-01,6753.0,6666.205087974375,12,2,2015-11-01
catboost,2016-02-01,6385.0,6443.062611767759,12,3,2015-11-01
catboost,2016-03-01,7164.0,6673.52437281507,12,4,2015-11-01
catboost,2016-04-01,7192.0,7272.849468060245,12,5,2015-11-01
catboost,2016-05-01,7743.0,7645.851554592231,12,6,2015-11-01
catboost,2016-01-01,6753.0,6732.91345836287,13,1,2015-12-01
catboost,2016-02-01,6385.0,6437.200253106485,13,2,2015-12-01
catboost,2016-03-01,7164.0,6682.224068852438,13,3,2015-12-01
catboost,2016-04-01,7192.0,7274.852017173958,13,4,2015-12-01
catboost,2016-05-01,7743.0,7636.824460411636,13,5,2015-12-01
catboost,2016-06-01,8767.0,7670.84948875786,13,6,2015-12-01
catboost,2016-02-01,6385.0,6462.991518517257,14,1,2016-01-01
catboost,2016-03-01,7164.0,6733.820820993863,14,2,2016-01-01
catboost,2016-04-01,7192.0,7207.0446643805135,14,3,2016-01-01
catboost,2016-05-01,7743.0,7645.404075467973,14,4,2016-01-01
catboost,2016-06-01,8767.0,7678.449661971095,14,5,2016-01-01
catboost,2016-07-01,8479.0,7606.883671046767,14,6,2016-01-01
catboost,2016-03-01,7164.0,6715.24618379125,15,1,2016-02-01
catboost,2016-04-01,7192.0,7295.960976436508,15,2,2016-02-01
catboost,2016-05-01,7743.0,7711.429131793249,15,3,2016-02-01
catboost,2016-06-01,8767.0,7709.365781491258,15,4,2016-02-01
catboost,2016-07-01,8479.0,7653.96410428452,15,5,2016-02-01
catboost,2016-08-01,7890.0,7455.258696368155,15,6,2016-02-01
catboost,2016-04-01,7192.0,7428.155540363698,16,1,2016-03-01
catboost,2016-05-01,7743.0,7653.981668369287,16,2,2016-03-01
catboost,2016-06-01,8767.0,7621.507279835865,16,3,2016-03-01
catboost,2016-07-01,8479.0,7595.687517465407,16,4,2016-03-01
catboost,2016-08-01,7890.0,7406.418093418473,16,5,2016-03-01
catboost,2016-09-01,7317.0,6850.70039408645,16,6,2016-03-01
catboost,2016-05-01,7743.0,7751.335731793742,17,1,2016-04-01
catboost,2016-06-01,8767.0,7607.985698177398,17,2,2016-04-01
catboost,2016-07-01,8479.0,7524.970333157588,17,3,2016-04-01
catboost,2016-08-01,7890.0,7467.437774568412,17,4,2016-04-01
catboost,2016-09-01,7317.0,6873.058947370699,17,5,2016-04-01
catboost,2016-10-01,7426.0,6691.454129347036,17,6,2016-04-01
catboost,2016-06-01,8767.0,7697.344585453052,18,1,2016-05-01
catboost,2016-07-01,8479.0,7545.361029165906,18,2,2016-05-01
catboost,2016-08-01,7890.0,7502.197460126654,18,3,2016-05-01
catboost,2016-09-01,7317.0,6964.848702508173,18,4,2016-05-01
catboost,2016-10-01,7426.0,6715.763420702759,18,5,2016-05-01
catboost,2016-11-01,6700.0,6604.9086213845485,18,6,2016-05-01
catboost,2016-07-01,8479.0,7771.189728179565,19,1,2016-06-01
catboost,2016-08-01,7890.0,7633.587871417591,19,2,2016-06-01
catboost,2016-09-01,7317.0,7098.095987937422,19,3,2016-06-01
catboost,2016-10-01,7426.0,6561.450778703367,19,4,2016-06-01
catboost,2016-11-01,6700.0,6631.965538969595,19,5,2016-06-01
catboost,2016-12-01,6994.0,6578.037448068805,19,6,2016-06-01
catboost,2016-08-01,7890.0,7745.870006864548,20,1,2016-07-01
catboost,2016-09-01,7317.0,7052.945347778219,20,2,2016-07-01
catboost,2016-10-01,7426.0,6542.208122215018,20,3,2016-07-01
catboost,2016-11-01,6700.0,6435.953680591689,20,4,2016-07-01
catboost,2016-12-01,6994.0,6566.771849997626,20,5,2016-07-01
catboost,2017-01-01,6788.0,6459.121866803603,20,6,2016-07-01
catboost,2016-09-01,7317.0,7089.718755635475,21,1,2016-08-01
catboost,2016-10-01,7426.0,6589.977648859617,21,2,2016-08-01
catboost,2016-11-01,6700.0,6456.566707072772,21,3,2016-08-01
catboost,2016-12-01,6994.0,6602.255356681854,21,4,2016-08-01
catboost,2017-01-01,6788.0,6515.485542699075,21,5,2016-08-01
catboost,2017-02-01,6271.0,6671.705802628318,21,6,2016-08-01
catboost,2016-10-01,7426.0,6733.71832817704,22,1,2016-09-01
catboost,2016-11-01,6700.0,6489.255916491622,22,2,2016-09-01
catboost,2016-12-01,6994.0,6493.019973822358,22,3,2016-09-01
catboost,2017-01-01,6788.0,6571.914686668171,22,4,2016-09-01
catboost,2017-02-01,6271.0,6629.493953515274,22,5,2016-09-01
catboost,2017-03-01,6794.0,7134.48924668451,22,6,2016-09-01
catboost,2016-11-01,6700.0,7021.444060537231,23,1,2016-10-01
catboost,2016-12-01,6994.0,6692.377520258665,23,2,2016-10-01
catboost,2017-01-01,6788.0,6702.231741390221,23,3,2016-10-01
catboost,2017-02-01,6271.0,6946.993710549511,23,4,2016-10-01
catboost,2017-03-01,6794.0,7302.038793063915,23,5,2016-10-01
catboost,2017-04-01,6884.0,7646.991465140799,23,6,2016-10-01
catboost,2016-12-01,6994.0,6699.9745482688,24,1,2016-11-01
catboost,2017-01-01,6788.0,6570.836106181613,24,2,2016-11-01
catboost,2017-02-01,6271.0,6811.703410607826,24,3,2016-11-01
catboost,2017-03-01,6794.0,7117.771494587936,24,4,2016-11-01
catboost,2017-04-01,6884.0,7409.226252167505,24,5,2016-11-01
catboost,2017-05-01,7651.0,7847.148787334461,24,6,2016-11-01
catboost,2017-01-01,6788.0,6691.99467763222,25,1,2016-12-01
catboost,2017-02-01,6271.0,6916.8857976182735,25,2,2016-12-01
catboost,2017-03-01,6794.0,7361.869101402581,25,3,2016-12-01
catboost,2017-04-01,6884.0,7629.944119563818,25,4,2016-12-01
catboost,2017-05-01,7651.0,7963.975757891856,25,5,2016-12-01
catboost,2017-06-01,8009.0,8061.50704404142,25,6,2016-12-01
catboost,2017-02-01,6271.0,6910.811067150145,26,1,2017-01-01
catboost,2017-03-01,6794.0,7305.842507320322,26,2,2017-01-01
catboost,2017-04-01,6884.0,7593.826887030362,26,3,2017-01-01
catboost,2017-05-01,7651.0,7913.205309237815,26,4,2017-01-01
catboost,2017-06-01,8009.0,8152.5120308244595,26,5,2017-01-01
catboost,2017-07-01,8694.0,8192.658402126057,26,6,2017-01-01
catboost,2017-03-01,6794.0,7152.77386123624,27,1,2017-02-01
catboost,2017-04-01,6884.0,7417.018335375594,27,2,2017-02-01
catboost,2017-05-01,7651.0,7733.54785310453,27,3,2017-02-01
catboost,2017-06-01,8009.0,8209.191336395525,27,4,2017-02-01
catboost,2017-07-01,8694.0,8100.270750571848,27,5,2017-02-01
catboost,2017-08-01,8130.0,7791.76710029392,27,6,2017-02-01
catboost,2017-04-01,6884.0,7383.522527328334,28,1,2017-03-01
catboost,2017-05-01,7651.0,7667.103460029827,28,2,2017-03-01
catboost,2017-06-01,8009.0,7956.084970260062,28,3,2017-03-01
catboost,2017-07-01,8694.0,8145.897916809901,28,4,2017-03-01
catboost,2017-08-01,8130.0,7973.142906512037,28,5,2017-03-01
catboost,2017-09-01,7446.0,7730.494218013451,28,6,2017-03-01
catboost,2017-05-01,7651.0,7582.469622910014,29,1,2017-04-01
catboost,2017-06-01,8009.0,7818.542148493768,29,2,2017-04-01
catboost,2017-07-01,8694.0,7914.845503478875,29,3,2017-04-01
catboost,2017-08-01,8130.0,7962.765188812655,29,4,2017-04-01
catboost,2017-09-01,7446.0,7866.589520058097,29,5,2017-04-01
catboost,2017-10-01,7282.0,7437.577056966827,29,6,2017-04-01
catboost,2017-06-01,8009.0,7855.373271209854,30,1,2017-05-01
catboost,2017-07-01,8694.0,7981.061311637633,30,2,2017-05-01
catboost,2017-08-01,8130.0,7920.664024560408,30,3,2017-05-01
catboost,2017-09-01,7446.0,7875.666014218003,30,4,2017-05-01
catboost,2017-10-01,7282.0,7441.208605208314,30,5,2017-05-01
catboost,2017-11-01,6830.0,6999.907636725857,30,6,2017-05-01
catboost,2017-07-01,8694.0,7999.776073304421,31,1,2017-06-01
catboost,2017-08-01,8130.0,7971.213239719594,31,2,2017-06-01
catboost,2017-09-01,7446.0,7806.704948534825,31,3,2017-06-01
catboost,2017-10-01,7282.0,7403.3180622950595,31,4,2017-06-01
catboost,2017-11-01,6830.0,6990.359464124926,31,5,2017-06-01
catboost,2017-12-01,6946.0,6940.882808360552,31,6,2017-06-01
catboost,2017-08-01,8130.0,8120.894003393945,32,1,2017-07-01
catboost,2017-09-01,7446.0,7864.709659397484,32,2,2017-07-01
catboost,2017-10-01,7282.0,7554.130150178638,32,3,2017-07-01
catboost,2017-11-01,6830.0,7125.139958111945,32,4,2017-07-01
catboost,2017-12-01,6946.0,6980.582961203044,32,5,2017-07-01
catboost,2018-01-01,6886.0,6770.439277976424,32,6,2017-07-01
catboost,2017-09-01,7446.0,7885.310896868858,33,1,2017-08-01
catboost,2017-10-01,7282.0,7549.276678716942,33,2,2017-08-01
catboost,2017-11-01,6830.0,7185.794338262721,33,3,2017-08-01
catboost,2017-12-01,6946.0,7040.522210526498,33,4,2017-08-01
catboost,2018-01-01,6886.0,6790.07613744877,33,5,2017-08-01
catboost,2018-02-01,5960.0,6491.515048435867,33,6,2017-08-01
catboost,2017-10-01,7282.0,7554.258880928665,34,1,2017-09-01
catboost,2017-11-01,6830.0,6997.77443888266,34,2,2017-09-01
catboost,2017-12-01,6946.0,6998.454373357473,34,3,2017-09-01
catboost,2018-01-01,6886.0,6741.725944781662,34,4,2017-09-01
catboost,2018-02-01,5960.0,6453.938072683695,34,5,2017-09-01
catboost,2018-03-01,6930.0,6639.46190855181,34,6,2017-09-01
catboost,2017-11-01,6830.0,7138.026725723116,35,1,2017-10-01
catboost,2017-12-01,6946.0,6893.490284893004,35,2,2017-10-01
catboost,2018-01-01,6886.0,6809.585699822816,35,3,2017-10-01
catboost,2018-02-01,5960.0,6562.412501472582,35,4,2017-10-01
catboost,2018-03-01,6930.0,6671.682994347079,35,5,2017-10-01
catboost,2018-04-01,6769.0,6963.289478423806,35,6,2017-10-01
catboost,2017-12-01,6946.0,6941.59291155844,36,1,2017-11-01
catboost,2018-01-01,6886.0,6709.092120987191,36,2,2017-11-01
catboost,2018-02-01,5960.0,6490.827788131229,36,3,2017-11-01
catboost,2018-03-01,6930.0,6605.491961111956,36,4,2017-11-01
catboost,2018-04-01,6769.0,6925.984845936552,36,5,2017-11-01
catboost,2018-05-01,7511.0,7331.03242132845,36,6,2017-11-01
catboost,2018-01-01,6886.0,6700.884718032856,37,1,2017-12-01
catboost,2018-02-01,5960.0,6416.180055534149,37,2,2017-12-01
catboost,2018-03-01,6930.0,6562.712644910122,37,3,2017-12-01
catboost,2018-04-01,6769.0,6885.988399119299,37,4,2017-12-01
catboost,2018-05-01,7511.0,7331.181767741597,37,5,2017-12-01
catboost,2018-06-01,8057.0,8000.409538319616,37,6,2017-12-01
catboost,2018-02-01,5960.0,6478.49313606571,38,1,2018-01-01
catboost,2018-03-01,6930.0,6652.020482685349,38,2,2018-01-01
catboost,2018-04-01,6769.0,6991.753334938427,38,3,2018-01-01
catboost,2018-05-01,7511.0,7557.027800466542,38,4,2018-01-01
catboost,2018-06-01,8057.0,8023.185986428972,38,5,2018-01-01
catboost,2018-07-01,8175.0,8408.354441606423,38,6,2018-01-01
catboost,2018-03-01,6930.0,6538.065845561163,39,1,2018-02-01
catboost,2018-04-01,6769.0,6913.854134922613,39,2,2018-02-01
catboost,2018-05-01,7511.0,7494.54375880894,39,3,2018-02-01
catboost,2018-06-01,8057.0,7901.588734377775,39,4,2018-02-01
catboost,2018-07-01,8175.0,8357.761010029979,39,5,2018-02-01
catboost,2018-08-01,8328.0,7986.738606717912,39,6,2018-02-01
catboost,2018-04-01,6769.0,6910.3828863607,40,1,2018-03-01
catboost,2018-05-01,7511.0,7542.24130958052,40,2,2018-03-01
catboost,2018-06-01,8057.0,8025.018730657952,40,3,2018-03-01
catboost,2018-07-01,8175.0,8362.39449787739,40,4,2018-03-01
catboost,2018-08-01,8328.0,8028.785502788513,40,5,2018-03-01
catboost,2018-09-01,7325.0,7705.13065793652,40,6,2018-03-01
catboost,2018-05-01,7511.0,7475.074043175839,41,1,2018-04-01
catboost,2018-06-01,8057.0,7943.109583227258,41,2,2018-04-01
catboost,2018-07-01,8175.0,8333.442905122529,41,3,2018-04-01
catboost,2018-08-01,8328.0,8062.718868889798,41,4,2018-04-01
catboost,2018-09-01,7325.0,7683.4352359125,41,5,2018-04-01
catboost,2018-10-01,7202.0,7394.233763292152,41,6,2018-04-01
catboost,2018-06-01,8057.0,7945.82911557346,42,1,2018-05-01
catboost,2018-07-01,8175.0,8286.95039979101,42,2,2018-05-01
catboost,2018-08-01,8328.0,8081.711404662277,42,3,2018-05-01
catboost,2018-09-01,7325.0,7679.632809162736,42,4,2018-05-01
catboost,2018-10-01,7202.0,7382.450907446336,42,5,2018-05-01
catboost,2018-11-01,7161.0,7038.257932452209,42,6,2018-05-01
catboost,2018-07-01,8175.0,8336.99345865264,43,1,2018-06-01
catboost,2018-08-01,8328.0,8054.156919025834,43,2,2018-06-01
catboost,2018-09-01,7325.0,7627.078389742849,43,3,2018-06-01
catboost,2018-10-01,7202.0,7383.27434036556,43,4,2018-06-01
catboost,2018-11-01,7161.0,7052.042709519148,43,5,2018-06-01
catboost,2018-12-01,7409.0,7004.128602431279,43,6,2018-06-01
catboost,2018-08-01,8328.0,8040.868143808685,44,1,2018-07-01
catboost,2018-09-01,7325.0,7599.406448977557,44,2,2018-07-01
catboost,2018-10-01,7202.0,7386.090235807773,44,3,2018-07-01
catboost,2018-11-01,7161.0,7002.800070245675,44,4,2018-07-01
catboost,2018-12-01,7409.0,6977.551027421421,44,5,2018-07-01
catboost,2019-01-01,7117.0,6875.695992212295,44,6,2018-07-01
catboost,2018-09-01,7325.0,7661.994586127905,45,1,2018-08-01
catboost,2018-10-01,7202.0,7380.215364104989,45,2,2018-08-01
catboost,2018-11-01,7161.0,6995.369523075427,45,3,2018-08-01
catboost,2018-12-01,7409.0,6956.064219364332,45,4,2018-08-01
catboost,2019-01-01,7117.0,6875.764767974111,45,5,2018-08-01
catboost,2019-02-01,6307.0,6300.931810815835,45,6,2018-08-01
catboost,2018-10-01,7202.0,7354.412943910762,46,1,2018-09-01
catboost,2018-11-01,7161.0,6948.202513565927,46,2,2018-09-01
catboost,2018-12-01,7409.0,7016.339315233005,46,3,2018-09-01
catboost,2019-01-01,7117.0,6833.208033054566,46,4,2018-09-01
catboost,2019-02-01,6307.0,6273.680523405185,46,5,2018-09-01
catboost,2019-03-01,7067.0,6669.754341433958,46,6,2018-09-01
catboost,2018-11-01,7161.0,6836.9326548727495,47,1,2018-10-01
catboost,2018-12-01,7409.0,6969.4985178035895,47,2,2018-10-01
catboost,2019-01-01,7117.0,6833.352690472346,47,3,2018-10-01
catboost,2019-02-01,6307.0,6257.50321412184,47,4,2018-10-01
catboost,2019-03-01,7067.0,6706.025440273498,47,5,2018-10-01
catboost,2019-04-01,7108.0,6822.043214569527,47,6,2018-10-01
catboost,2018-12-01,7409.0,7007.601408657964,48,1,2018-11-01
catboost,2019-01-01,7117.0,6908.634558817823,48,2,2018-11-01
catboost,2019-02-01,6307.0,6402.53159148453,48,3,2018-11-01
catboost,2019-03-01,7067.0,6730.864151607187,48,4,2018-11-01
catboost,2019-04-01,7108.0,6909.319932915081,48,5,2018-11-01
catboost,2019-05-01,7776.0,7564.198454181702,48,6,2018-11-01
catboost,2019-01-01,7117.0,7034.89546398663,49,1,2018-12-01
catboost,2019-02-01,6307.0,6508.546778418861,49,2,2018-12-01
catboost,2019-03-01,7067.0,6823.584159228543,49,3,2018-12-01
catboost,2019-04-01,7108.0,6921.48983160518,49,4,2018-12-01
catboost,2019-05-01,7776.0,7510.634697664511,49,5,2018-12-01
catboost,2019-06-01,8274.0,8009.460881456391,49,6,2018-12-01
catboost,2019-02-01,6307.0,6448.31171492911,50,1,2019-01-01
catboost,2019-03-01,7067.0,6877.338976580868,50,2,2019-01-01
catboost,2019-04-01,7108.0,6901.180824391735,50,3,2019-01-01
catboost,2019-05-01,7776.0,7537.489369854687,50,4,2019-01-01
catboost,2019-06-01,8274.0,7984.156385595459,50,5,2019-01-01
catboost,2019-07-01,8919.0,8093.374053102869,50,6,2019-01-01
catboost,2019-03-01,7067.0,6846.118895033666,51,1,2019-02-01
catboost,2019-04-01,7108.0,6916.3985165575,51,2,2019-02-01
catboost,2019-05-01,7776.0,7506.675513152526,51,3,2019-02-01
catboost,2019-06-01,8274.0,7951.543004274485,51,4,2019-02-01
catboost,2019-07-01,8919.0,8141.001086725022,51,5,2019-02-01
catboost,2019-08-01,8180.0,8073.3903502434,51,6,2019-02-01
catboost,2019-04-01,7108.0,7054.539199447702,52,1,2019-03-01
catboost,2019-05-01,7776.0,7462.416208829449,52,2,2019-03-01
catboost,2019-06-01,8274.0,8028.957582664151,52,3,2019-03-01
catboost,2019-07-01,8919.0,8160.468052658266,52,4,2019-03-01
catboost,2019-08-01,8180.0,8008.909954808902,52,5,2019-03-01
catboost,2019-09-01,7664.0,7580.5301417083665,52,6,2019-03-01
catboost,2019-05-01,7776.0,7493.144061206238,53,1,2019-04-01
catboost,2019-06-01,8274.0,8066.437189593199,53,2,2019-04-01
catboost,2019-07-01,8919.0,8308.004840197023,53,3,2019-04-01
catboost,2019-08-01,8180.0,8124.782513426304,53,4,2019-04-01
catboost,2019-09-01,7664.0,7541.370527711822,53,5,2019-04-01
catboost,2019-10-01,7254.0,7573.290704803039,53,6,2019-04-01
catboost,2019-06-01,8274.0,8115.788940740247,54,1,2019-05-01
catboost,2019-07-01,8919.0,8304.408777690569,54,2,2019-05-01
catboost,2019-08-01,8180.0,8162.336026770543,54,3,2019-05-01
catboost,2019-09-01,7664.0,7507.804130318126,54,4,2019-05-01
catboost,2019-10-01,7254.0,7526.886909572244,54,5,2019-05-01
catboost,2019-11-01,6785.0,7303.784473239977,54,6,2019-05-01
catboost,2019-07-01,8919.0,8306.162248130408,55,1,2019-06-01
catboost,2019-08-01,8180.0,8205.353456197196,55,2,2019-06-01
catboost,2019-09-01,7664.0,7560.264022233674,55,3,2019-06-01
catboost,2019-10-01,7254.0,7612.565178007268,55,4,2019-06-01
catboost,2019-11-01,6785.0,7308.608137922381,55,5,2019-06-01
catboost,2019-12-01,6987.0,7482.963830165761,55,6,2019-06-01
catboost,2019-08-01,8180.0,8251.078649679079,56,1,2019-07-01
catboost,2019-09-01,7664.0,7654.827928047676,56,2,2019-07-01
catboost,2019-10-01,7254.0,7571.931898670834,56,3,2019-07-01
catboost,2019-11-01,6785.0,7489.249869787066,56,4,2019-07-01
catboost,2019-12-01,6987.0,7501.010635150696,56,5,2019-07-01
catboost,2020-01-01,7194.0,7105.654601028631,56,6,2019-07-01
catboost,2019-09-01,7664.0,7604.771828370178,57,1,2019-08-01
catboost,2019-10-01,7254.0,7533.123952189177,57,2,2019-08-01
catboost,2019-11-01,6785.0,7447.446979464642,57,3,2019-08-01
catboost,2019-12-01,6987.0,7495.907727343788,57,4,2019-08-01
catboost,2020-01-01,7194.0,7077.216958197706,57,5,2019-08-01
catboost,2020-02-01,6848.0,6499.7508106465175,57,6,2019-08-01
catboost,2019-10-01,7254.0,7617.609124325358,58,1,2019-09-01
catboost,2019-11-01,6785.0,7515.496164452619,58,2,2019-09-01
catboost,2019-12-01,6987.0,7531.264065576503,58,3,2019-09-01
catboost,2020-01-01,7194.0,7049.169941154218,58,4,2019-09-01
catboost,2020-02-01,6848.0,6536.968713895789,58,5,2019-09-01
catboost,2020-03-01,7324.0,6938.206780587427,58,6,2019-09-01
catboost,2019-11-01,6785.0,7347.821806171758,59,1,2019-10-01
catboost,2019-12-01,6987.0,7423.178449200492,59,2,2019-10-01
catboost,2020-01-01,7194.0,7118.014591603584,59,3,2019-10-01
catboost,2020-02-01,6848.0,6486.0000859482825,59,4,2019-10-01
catboost,2020-03-01,7324.0,6997.673435905659,59,5,2019-10-01
catboost,2020-04-01,5978.0,7053.898920989234,59,6,2019-10-01
catboost,2019-12-01,6987.0,7321.674325695855,60,1,2019-11-01
catboost,2020-01-01,7194.0,7018.607737878223,60,2,2019-11-01
catboost,2020-02-01,6848.0,6329.55711512613,60,3,2019-11-01
catboost,2020-03-01,7324.0,7045.092491543671,60,4,2019-11-01
catboost,2020-04-01,5978.0,6958.446550679877,60,5,2019-11-01
catboost,2020-05-01,7062.0,7662.437340855058,60,6,2019-11-01
catboost,2020-01-01,7194.0,6837.738647401574,61,1,2019-12-01
catboost,2020-02-01,6848.0,6292.851502341163,61,2,2019-12-01
catboost,2020-03-01,7324.0,6902.279087319928,61,3,2019-12-01
catboost,2020-04-01,5978.0,6916.967678764431,61,4,2019-12-01
catboost,2020-05-01,7062.0,7635.817122976094,61,5,2019-12-01
catboost,2020-06-01,6948.0,8169.640301465753,61,6,2019-12-01
catboost,2020-02-01,6848.0,6261.09475018209,62,1,2020-01-01
catboost,2020-03-01,7324.0,6927.905282327683,62,2,2020-01-01
catboost,2020-04-01,5978.0,7074.982859099077,62,3,2020-01-01
catboost,2020-05-01,7062.0,7706.508398655309,62,4,2020-01-01
catboost,2020-06-01,6948.0,8242.22272535924,62,5,2020-01-01
catboost,2020-07-01,7392.0,8517.132986004943,62,6,2020-01-01
catboost,2020-03-01,7324.0,6964.538275800925,63,1,2020-02-01
catboost,2020-04-01,5978.0,7165.004161038471,63,2,2020-02-01
catboost,2020-05-01,7062.0,7867.794824986919,63,3,2020-02-01
catboost,2020-06-01,6948.0,8325.092537922796,63,4,2020-02-01
catboost,2020-07-01,7392.0,8476.915684729891,63,5,2020-02-01
catboost,2020-08-01,7678.0,8336.517313948152,63,6,2020-02-01
catboost,2020-04-01,5978.0,7286.680185224384,64,1,2020-03-01
catboost,2020-05-01,7062.0,7961.408055237029,64,2,2020-03-01
catboost,2020-06-01,6948.0,8354.74601524048,64,3,2020-03-01
catboost,2020-07-01,7392.0,8355.108476231795,64,4,2020-03-01
catboost,2020-08-01,7678.0,8106.557242806399,64,5,2020-03-01
catboost,2020-09-01,7005.0,7709.554424946705,64,6,2020-03-01
catboost,2020-05-01,7062.0,7848.099785266586,65,1,2020-04-01
catboost,2020-06-01,6948.0,8119.665598602828,65,2,2020-04-01
catboost,2020-07-01,7392.0,8027.464181950545,65,3,2020-04-01
catboost,2020-08-01,7678.0,8106.597961087466,65,4,2020-04-01
catboost,2020-09-01,7005.0,7656.629692564902,65,5,2020-04-01
catboost,2020-10-01,7385.0,7238.920326884249,65,6,2020-04-01
catboost,2020-06-01,6948.0,7787.083031955624,66,1,2020-05-01
catboost,2020-07-01,7392.0,8129.666042041406,66,2,2020-05-01
catboost,2020-08-01,7678.0,8288.73220326928,66,3,2020-05-01
catboost,2020-09-01,7005.0,7949.010895264199,66,4,2020-05-01
catboost,2020-10-01,7385.0,7270.156448633991,66,5,2020-05-01
catboost,2020-11-01,6872.0,7102.463234397661,66,6,2020-05-01
catboost,2020-07-01,7392.0,7642.698365919933,67,1,2020-06-01
catboost,2020-08-01,7678.0,8078.523835017678,67,2,2020-06-01
catboost,2020-09-01,7005.0,8043.471708763761,67,3,2020-06-01
catboost,2020-10-01,7385.0,7358.307334996476,67,4,2020-06-01
catboost,2020-11-01,6872.0,7075.3673891368735,67,5,2020-06-01
catboost,2020-12-01,6781.0,6960.7548151260735,67,6,2020-06-01
catboost,2020-08-01,7678.0,7894.376253625102,68,1,2020-07-01
catboost,2020-09-01,7005.0,8058.0531944368995,68,2,2020-07-01
catboost,2020-10-01,7385.0,7429.018775912558,68,3,2020-07-01
catboost,2020-11-01,6872.0,6990.722964355985,68,4,2020-07-01
catboost,2020-12-01,6781.0,6979.436083250249,68,5,2020-07-01
catboost,2021-01-01,6917.0,6925.779072316486,68,6,2020-07-01
catboost,2020-09-01,7005.0,7959.307885263168,69,1,2020-08-01
catboost,2020-10-01,7385.0,7433.002656671606,69,2,2020-08-01
catboost,2020-11-01,6872.0,7031.05750010605,69,3,2020-08-01
catboost,2020-12-01,6781.0,6946.839976961902,69,4,2020-08-01
catboost,2021-01-01,6917.0,6963.969595282767,69,5,2020-08-01
catboost,2021-02-01,6217.0,6919.656558439001,69,6,2020-08-01
catboost,2020-10-01,7385.0,7208.43263727326,70,1,2020-09-01
catboost,2020-11-01,6872.0,6875.075142268091,70,2,2020-09-01
catboost,2020-12-01,6781.0,7011.256682263257,70,3,2020-09-01
catboost,2021-01-01,6917.0,7079.673903581586,70,4,2020-09-01
catboost,2021-02-01,6217.0,6765.921470158538,70,5,2020-09-01
catboost,2021-03-01,7569.0,7206.832582618914,70,6,2020-09-01
catboost,2020-11-01,6872.0,6926.095948702347,71,1,2020-10-01
catboost,2020-12-01,6781.0,7056.38663822163,71,2,2020-10-01
catboost,2021-01-01,6917.0,7110.842681628824,71,3,2020-10-01
catboost,2021-02-01,6217.0,6785.113213854581,71,4,2020-10-01
catboost,2021-03-01,7569.0,7266.538912435039,71,5,2020-10-01
catboost,2021-04-01,6917.0,6480.778390360992,71,6,2020-10-01
catboost,2020-12-01,6781.0,6978.9068520588535,72,1,2020-11-01
catboost,2021-01-01,6917.0,6962.291387660321,72,2,2020-11-01
catboost,2021-02-01,6217.0,6792.923849545099,72,3,2020-11-01
catboost,2021-03-01,7569.0,7176.199902794768,72,4,2020-11-01
catboost,2021-04-01,6917.0,6375.553381189144,72,5,2020-11-01
catboost,2021-05-01,8253.0,7101.131988958143,72,6,2020-11-01
catboost,2021-01-01,6917.0,6997.595097445379,73,1,2020-12-01
catboost,2021-02-01,6217.0,6874.171761910785,73,2,2020-12-01
catboost,2021-03-01,7569.0,7238.466181177644,73,3,2020-12-01
catboost,2021-04-01,6917.0,6419.694782414766,73,4,2020-12-01
catboost,2021-05-01,8253.0,7110.28011920158,73,5,2020-12-01
catboost,2021-06-01,8153.0,7096.348171250036,73,6,2020-12-01
catboost,2021-02-01,6217.0,6763.712077515528,74,1,2021-01-01
catboost,2021-03-01,7569.0,7231.809674220901,74,2,2021-01-01
catboost,2021-04-01,6917.0,6398.108823657404,74,3,2021-01-01
catboost,2021-05-01,8253.0,7032.4545417697855,74,4,2021-01-01
catboost,2021-06-01,8153.0,7139.809769808141,74,5,2021-01-01
catboost,2021-07-01,9251.0,7391.033381427402,74,6,2021-01-01
catboost,2021-03-01,7569.0,7146.158847442328,75,1,2021-02-01
catboost,2021-04-01,6917.0,6306.546076140794,75,2,2021-02-01
catboost,2021-05-01,8253.0,7024.192702174832,75,3,2021-02-01
catboost,2021-06-01,8153.0,7246.128486570142,75,4,2021-02-01
catboost,2021-07-01,9251.0,7507.799513960402,75,5,2021-02-01
catboost,2021-08-01,8830.0,7742.802970979025,75,6,2021-02-01
catboost,2021-04-01,6917.0,6411.549795487243,76,1,2021-03-01
catboost,2021-05-01,8253.0,7098.104344510611,76,2,2021-03-01
catboost,2021-06-01,8153.0,7267.578938302647,76,3,2021-03-01
catboost,2021-07-01,9251.0,7448.567395780983,76,4,2021-03-01
catboost,2021-08-01,8830.0,7838.838815911097,76,5,2021-03-01
catboost,2021-09-01,7512.0,7239.884645045208,76,6,2021-03-01
catboost,2021-05-01,8253.0,7064.572232134058,77,1,2021-04-01
catboost,2021-06-01,8153.0,7186.32104403434,77,2,2021-04-01
catboost,2021-07-01,9251.0,7350.056240383898,77,3,2021-04-01
catboost,2021-08-01,8830.0,7668.993107201495,77,4,2021-04-01
catboost,2021-09-01,7512.0,7061.256634756264,77,5,2021-04-01
catboost,2021-10-01,7656.0,7407.326208937418,77,6,2021-04-01
catboost,2021-06-01,8153.0,7474.542570051761,78,1,2021-05-01
catboost,2021-07-01,9251.0,7614.401756303393,78,2,2021-05-01
catboost,2021-08-01,8830.0,7627.08603220141,78,3,2021-05-01
catboost,2021-09-01,7512.0,7166.582388134348,78,4,2021-05-01
catboost,2021-10-01,7656.0,7455.023230523919,78,5,2021-05-01
catboost,2021-11-01,7603.0,6938.549206186962,78,6,2021-05-01
catboost,2021-07-01,9251.0,7890.425328144074,79,1,2021-06-01
catboost,2021-08-01,8830.0,7742.123216442294,79,2,2021-06-01
catboost,2021-09-01,7512.0,7149.635903908171,79,3,2021-06-01
catboost,2021-10-01,7656.0,7434.428282689742,79,4,2021-06-01
catboost,2021-11-01,7603.0,6954.282768109695,79,5,2021-06-01
catboost,2021-12-01,8237.0,6922.759588073834,79,6,2021-06-01
catboost,2021-08-01,8830.0,7832.060354829397,80,1,2021-07-01
catboost,2021-09-01,7512.0,7186.878588199129,80,2,2021-07-01
catboost,2021-10-01,7656.0,7390.19622238447,80,3,2021-07-01
catboost,2021-11-01,7603.0,6942.912295858113,80,4,2021-07-01
catboost,2021-12-01,8237.0,6869.388492397722,80,5,2021-07-01
catboost,2022-01-01,9582.0,7066.6070133530975,80,6,2021-07-01
catboost,2021-09-01,7512.0,7234.003329662172,81,1,2021-08-01
catboost,2021-10-01,7656.0,7325.223340656654,81,2,2021-08-01
catboost,2021-11-01,7603.0,6968.403496568442,81,3,2021-08-01
catboost,2021-12-01,8237.0,7012.190079481724,81,4,2021-08-01
catboost,2022-01-01,9582.0,7131.646906369903,81,5,2021-08-01
catboost,2022-02-01,7227.0,6417.568819152235,81,6,2021-08-01
catboost,2021-10-01,7656.0,7367.598939843532,82,1,2021-09-01
catboost,2021-11-01,7603.0,7037.0037063776335,82,2,2021-09-01
catboost,2021-12-01,8237.0,6907.064858399456,82,3,2021-09-01
catboost,2022-01-01,9582.0,7163.578109194119,82,4,2021-09-01
catboost,2022-02-01,7227.0,6619.358010194139,82,5,2021-09-01
catboost,2022-03-01,7504.0,7242.269867890383,82,6,2021-09-01
catboost,2021-11-01,7603.0,7051.520275610844,83,1,2021-10-01
catboost,2021-12-01,8237.0,6986.498993727229,83,2,2021-10-01
catboost,2022-01-01,9582.0,7072.682199000324,83,3,2021-10-01
catboost,2022-02-01,7227.0,6644.799712554252,83,4,2021-10-01
catboost,2022-03-01,7504.0,7242.134876718314,83,5,2021-10-01
catboost,2022-04-01,7589.0,6402.586726416278,83,6,2021-10-01
catboost,2021-12-01,8237.0,7253.618491249656,84,1,2021-11-01
catboost,2022-01-01,9582.0,7262.633008955467,84,2,2021-11-01
catboost,2022-02-01,7227.0,6726.186013432394,84,3,2021-11-01
catboost,2022-03-01,7504.0,7224.1623881158785,84,4,2021-11-01
catboost,2022-04-01,7589.0,6527.743639088252,84,5,2021-11-01
catboost,2022-05-01,8846.0,7073.6163081794775,84,6,2021-11-01
catboost,2022-01-01,9582.0,7796.91391774089,85,1,2021-12-01
catboost,2022-02-01,7227.0,7250.097780593097,85,2,2021-12-01
catboost,2022-03-01,7504.0,7426.421396580305,85,3,2021-12-01
catboost,2022-04-01,7589.0,6814.158940341556,85,4,2021-12-01
catboost,2022-05-01,8846.0,7103.371554892862,85,5,2021-12-01
catboost,2022-06-01,9057.0,7110.609299153133,85,6,2021-12-01
catboost,2022-02-01,7227.0,7854.507808527725,86,1,2022-01-01
catboost,2022-03-01,7504.0,7855.661831749201,86,2,2022-01-01
catboost,2022-04-01,7589.0,7310.594189170872,86,3,2022-01-01
catboost,2022-05-01,8846.0,7285.214272418733,86,4,2022-01-01
catboost,2022-06-01,9057.0,7422.490307117531,86,5,2022-01-01
catboost,2022-07-01,8699.0,7805.805824756376,86,6,2022-01-01
catboost,2022-03-01,7504.0,7580.362485273393,87,1,2022-02-01
catboost,2022-04-01,7589.0,6915.618704999919,87,2,2022-02-01
catboost,2022-05-01,8846.0,7256.709069469916,87,3,2022-02-01
catboost,2022-06-01,9057.0,7391.171851649485,87,4,2022-02-01
catboost,2022-07-01,8699.0,7631.366953920882,87,5,2022-02-01
catboost,2022-08-01,8834.0,7935.786778206999,87,6,2022-02-01
catboost,2022-04-01,7589.0,6868.989517467338,88,1,2022-03-01
catboost,2022-05-01,8846.0,7138.994013559718,88,2,2022-03-01
catboost,2022-06-01,9057.0,7158.550768891749,88,3,2022-03-01
catboost,2022-07-01,8699.0,7634.924753509339,88,4,2022-03-01
catboost,2022-08-01,8834.0,7864.500660262704,88,5,2022-03-01
catboost,2022-09-01,8228.0,7957.551794017672,88,6,2022-03-01
catboost,2022-05-01,8846.0,7561.148311019514,89,1,2022-04-01
catboost,2022-06-01,9057.0,7816.544316101304,89,2,2022-04-01
catboost,2022-07-01,8699.0,8181.752598778728,89,3,2022-04-01
catboost,2022-08-01,8834.0,8425.685267339742,89,4,2022-04-01
catboost,2022-09-01,8228.0,8301.303761037276,89,5,2022-04-01
catboost,2022-10-01,8388.0,7873.501738817117,89,6,2022-04-01
catboost,2022-06-01,9057.0,8693.522027581595,90,1,2022-05-01
catboost,2022-07-01,8699.0,8605.851772165672,90,2,2022-05-01
catboost,2022-08-01,8834.0,8309.720440639303,90,3,2022-05-01
catboost,2022-09-01,8228.0,8306.124588803315,90,4,2022-05-01
catboost,2022-10-01,8388.0,8407.94806271668,90,5,2022-05-01
catboost,2022-11-01,7588.0,8727.107889230592,90,6,2022-05-01
catboost,2022-07-01,8699.0,8806.640057495883,91,1,2022-06-01
catboost,2022-08-01,8834.0,8308.354865687292,91,2,2022-06-01
catboost,2022-09-01,8228.0,8346.806407524035,91,3,2022-06-01
catboost,2022-10-01,8388.0,8478.55458836904,91,4,2022-06-01
catboost,2022-11-01,7588.0,8841.482045165427,91,5,2022-06-01
catboost,2022-12-01,7850.0,8610.618614759887,91,6,2022-06-01
catboost,2022-08-01,8834.0,8474.752205394027,92,1,2022-07-01
catboost,2022-09-01,8228.0,8417.104703800458,92,2,2022-07-01
catboost,2022-10-01,8388.0,8486.902204732864,92,3,2022-07-01
catboost,2022-11-01,7588.0,8776.451738831627,92,4,2022-07-01
catboost,2022-12-01,7850.0,8671.803114593842,92,5,2022-07-01
catboost,2023-01-01,7563.0,8678.30132178318,92,6,2022-07-01
catboost,2022-09-01,8228.0,8569.743649247508,93,1,2022-08-01
catboost,2022-10-01,8388.0,8658.17618156743,93,2,2022-08-01
catboost,2022-11-01,7588.0,8868.30519481037,93,3,2022-08-01
catboost,2022-12-01,7850.0,8763.271304389873,93,4,2022-08-01
catboost,2023-01-01,7563.0,8815.507354219462,93,5,2022-08-01
catboost,2023-02-01,6551.0,8651.921242713786,93,6,2022-08-01
catboost,2022-10-01,8388.0,8421.346582952167,94,1,2022-09-01
catboost,2022-11-01,7588.0,8827.39737118617,94,2,2022-09-01
catboost,2022-12-01,7850.0,8583.628320986572,94,3,2022-09-01
catboost,2023-01-01,7563.0,8759.79531286001,94,4,2022-09-01
catboost,2023-02-01,6551.0,8499.759982064908,94,5,2022-09-01
catboost,2023-03-01,7507.0,8407.332439609021,94,6,2022-09-01
catboost,2022-11-01,7588.0,8675.239175139257,95,1,2022-10-01
catboost,2022-12-01,7850.0,8521.213540558323,95,2,2022-10-01
catboost,2023-01-01,7563.0,8622.43060291695,95,3,2022-10-01
catboost,2023-02-01,6551.0,8375.487050785017,95,4,2022-10-01
catboost,2023-03-01,7507.0,8401.745374552267,95,5,2022-10-01
catboost,2023-04-01,7745.0,8620.331929255317,95,6,2022-10-01
catboost,2022-12-01,7850.0,8289.590262276615,96,1,2022-11-01
catboost,2023-01-01,7563.0,8595.823021379732,96,2,2022-11-01
catboost,2023-02-01,6551.0,8338.143286691573,96,3,2022-11-01
catboost,2023-03-01,7507.0,8321.305395306263,96,4,2022-11-01
catboost,2023-04-01,7745.0,8278.263766184647,96,5,2022-11-01
catboost,2023-05-01,8600.0,8506.111065324309,96,6,2022-11-01
catboost,2023-01-01,7563.0,8282.160583197843,97,1,2022-12-01
catboost,2023-02-01,6551.0,8495.81839861599,97,2,2022-12-01
catboost,2023-03-01,7507.0,8386.209370919987,97,3,2022-12-01
catboost,2023-04-01,7745.0,8283.211970275619,97,4,2022-12-01
catboost,2023-05-01,8600.0,8516.21215153306,97,5,2022-12-01
catboost,2023-06-01,9151.0,8441.323791312314,97,6,2022-12-01
catboost,2023-02-01,6551.0,7824.99639571879,98,1,2023-01-01
catboost,2023-03-01,7507.0,7883.671780532947,98,2,2023-01-01
catboost,2023-04-01,7745.0,7985.778287192781,98,3,2023-01-01
catboost,2023-05-01,8600.0,8228.33664275939,98,4,2023-01-01
catboost,2023-06-01,9151.0,8369.893307391336,98,5,2023-01-01
catboost,2023-07-01,9183.0,8433.305669264131,98,6,2023-01-01
catboost,2023-03-01,7507.0,6994.063867763535,99,1,2023-02-01
catboost,2023-04-01,7745.0,7210.796665746501,99,2,2023-02-01
catboost,2023-05-01,8600.0,7514.235595531184,99,3,2023-02-01
catboost,2023-06-01,9151.0,7842.035502690725,99,4,2023-02-01
catboost,2023-07-01,9183.0,7976.986077907393,99,5,2023-02-01
catboost,2023-08-01,8297.0,8092.649835159157,99,6,2023-02-01
catboost,2023-04-01,7745.0,7330.7452112932815,100,1,2023-03-01
catboost,2023-05-01,8600.0,7691.2901312741,100,2,2023-03-01
catboost,2023-06-01,9151.0,8156.832878620708,100,3,2023-03-01
catboost,2023-07-01,9183.0,8551.23120115563,100,4,2023-03-01
catboost,2023-08-01,8297.0,8561.203384537452,100,5,2023-03-01
catboost,2023-09-01,7823.0,8288.8459190503,100,6,2023-03-01
catboost,2023-05-01,8600.0,8175.642154846515,101,1,2023-04-01
catboost,2023-06-01,9151.0,8720.009577817214,101,2,2023-04-01
catboost,2023-07-01,9183.0,8433.69216132795,101,3,2023-04-01
catboost,2023-08-01,8297.0,8410.892199009988,101,4,2023-04-01
catboost,2023-09-01,7823.0,8340.534984960987,101,5,2023-04-01
catboost,2023-10-01,7507.0,8440.573612499156,101,6,2023-04-01
catboost,2023-06-01,9151.0,8827.430673292216,102,1,2023-05-01
catboost,2023-07-01,9183.0,8525.167523669197,102,2,2023-05-01
catboost,2023-08-01,8297.0,8422.214709340738,102,3,2023-05-01
catboost,2023-09-01,7823.0,8272.142168293254,102,4,2023-05-01
catboost,2023-10-01,7507.0,8558.307061126341,102,5,2023-05-01
catboost,2023-11-01,8107.0,8140.987816554816,102,6,2023-05-01
catboost,2023-07-01,9183.0,8557.249853633264,103,1,2023-06-01
catboost,2023-08-01,8297.0,8555.540866102578,103,2,2023-06-01
catboost,2023-09-01,7823.0,8371.948243429739,103,3,2023-06-01
catboost,2023-10-01,7507.0,8537.031258513858,103,4,2023-06-01
catboost,2023-11-01,8107.0,8104.198367387976,103,5,2023-06-01
catboost,2023-12-01,7504.0,7710.680844645007,103,6,2023-06-01
