model,date,y_true,y_pred,window,horizon,train_end
sarima_temp,2015-01-01,7184.0,6514.721705650757,1,1,2014-12-01
sarima_temp,2015-02-01,5958.0,6243.454322611688,1,2,2014-12-01
sarima_temp,2015-03-01,6658.0,6507.1142571138535,1,3,2014-12-01
sarima_temp,2015-04-01,7069.0,6513.829091226015,1,4,2014-12-01
sarima_temp,2015-05-01,8099.0,7401.667459818454,1,5,2014-12-01
sarima_temp,2015-06-01,7868.0,7681.368053681721,1,6,2014-12-01
sarima_temp,2015-02-01,5958.0,6330.6818071446,2,1,2015-01-01
sarima_temp,2015-03-01,6658.0,6681.014939764299,2,2,2015-01-01
sarima_temp,2015-04-01,7069.0,6676.065390629802,2,3,2015-01-01
sarima_temp,2015-05-01,8099.0,7563.837100475897,2,4,2015-01-01
sarima_temp,2015-06-01,7868.0,7843.713882630502,2,5,2015-01-01
sarima_temp,2015-07-01,7986.0,8110.202721452436,2,6,2015-01-01
sarima_temp,2015-03-01,6658.0,6624.139295005736,3,1,2015-02-01
sarima_temp,2015-04-01,7069.0,6562.97744527477,3,2,2015-02-01
sarima_temp,2015-05-01,8099.0,7459.856383579766,3,3,2015-02-01
sarima_temp,2015-06-01,7868.0,7738.881844509242,3,4,2015-02-01
sarima_temp,2015-07-01,7986.0,8005.283186982938,3,5,2015-02-01
sarima_temp,2015-08-01,7251.0,7689.790979020712,3,6,2015-02-01
sarima_temp,2015-04-01,7069.0,6564.957391339874,4,1,2015-03-01
sarima_temp,2015-05-01,8099.0,7468.218909901699,4,2,2015-03-01
sarima_temp,2015-06-01,7868.0,7746.042763616867,4,3,2015-03-01
sarima_temp,2015-07-01,7986.0,8012.728637748088,4,4,2015-03-01
sarima_temp,2015-08-01,7251.0,7697.129514464551,4,5,2015-03-01
sarima_temp,2015-09-01,7163.0,7143.498438247026,4,6,2015-03-01
sarima_temp,2015-05-01,8099.0,7505.903831130011,5,1,2015-04-01
sarima_temp,2015-06-01,7868.0,7869.516566882083,5,2,2015-04-01
sarima_temp,2015-07-01,7986.0,8120.289485698043,5,3,2015-04-01
sarima_temp,2015-08-01,7251.0,7807.66791339786,5,4,2015-04-01
sarima_temp,2015-09-01,7163.0,7253.743709696595,5,5,2015-04-01
sarima_temp,2015-10-01,6690.0,7190.372676577001,5,6,2015-04-01
sarima_temp,2015-06-01,7868.0,7958.411522456383,6,1,2015-05-01
sarima_temp,2015-07-01,7986.0,8288.453156329506,6,2,2015-05-01
sarima_temp,2015-08-01,7251.0,7965.01863632921,6,3,2015-05-01
sarima_temp,2015-09-01,7163.0,7411.756100386123,6,4,2015-05-01
sarima_temp,2015-10-01,6690.0,7350.492627707429,6,5,2015-05-01
sarima_temp,2015-11-01,6392.0,6844.6185802746895,6,6,2015-05-01
sarima_temp,2015-07-01,7986.0,8267.546460109179,7,1,2015-06-01
sarima_temp,2015-08-01,7251.0,7937.264678000274,7,2,2015-06-01
sarima_temp,2015-09-01,7163.0,7381.841672492608,7,3,2015-06-01
sarima_temp,2015-10-01,6690.0,7324.3841805160355,7,4,2015-06-01
sarima_temp,2015-11-01,6392.0,6813.739842966836,7,5,2015-06-01
sarima_temp,2015-12-01,6753.0,7023.600913246588,7,6,2015-06-01
sarima_temp,2015-08-01,7251.0,7892.603747685397,8,1,2015-07-01
sarima_temp,2015-09-01,7163.0,7298.350123056138,8,2,2015-07-01
sarima_temp,2015-10-01,6690.0,7258.057487979093,8,3,2015-07-01
sarima_temp,2015-11-01,6392.0,6729.312175646756,8,4,2015-07-01
sarima_temp,2015-12-01,6753.0,6953.254113530098,8,5,2015-07-01
sarima_temp,2016-01-01,6753.0,6993.492266853509,8,6,2015-07-01
sarima_temp,2015-09-01,7163.0,7186.737516827268,9,1,2015-08-01
sarima_temp,2015-10-01,6690.0,7123.7103286831125,9,2,2015-08-01
sarima_temp,2015-11-01,6392.0,6609.933210670987,9,3,2015-08-01
sarima_temp,2015-12-01,6753.0,6805.182388441633,9,4,2015-08-01
sarima_temp,2016-01-01,6753.0,6835.7944993712,9,5,2015-08-01
sarima_temp,2016-02-01,6385.0,6392.870452342905,9,6,2015-08-01
sarima_temp,2015-10-01,6690.0,7123.0696095479125,10,1,2015-09-01
sarima_temp,2015-11-01,6392.0,6609.074601509026,10,2,2015-09-01
sarima_temp,2015-12-01,6753.0,6805.106049610684,10,3,2015-09-01
sarima_temp,2016-01-01,6753.0,6834.434863690708,10,4,2015-09-01
sarima_temp,2016-02-01,6385.0,6391.33911473547,10,5,2015-09-01
sarima_temp,2016-03-01,7164.0,6728.4983372948045,10,6,2015-09-01
sarima_temp,2015-11-01,6392.0,6522.797296937376,11,1,2015-10-01
sarima_temp,2015-12-01,6753.0,6735.769706367633,11,2,2015-10-01
sarima_temp,2016-01-01,6753.0,6766.953280976909,11,3,2015-10-01
sarima_temp,2016-02-01,6385.0,6324.014228607538,11,4,2015-10-01
sarima_temp,2016-03-01,7164.0,6661.704200479615,11,5,2015-10-01
sarima_temp,2016-04-01,7192.0,6734.612510576501,11,6,2015-10-01
sarima_temp,2015-12-01,6753.0,6727.570376588959,12,1,2015-11-01
sarima_temp,2016-01-01,6753.0,6764.541292926388,12,2,2015-11-01
sarima_temp,2016-02-01,6385.0,6321.722351488656,12,3,2015-11-01
sarima_temp,2016-03-01,7164.0,6659.705443826035,12,4,2015-11-01
sarima_temp,2016-04-01,7192.0,6732.36600189831,12,5,2015-11-01
sarima_temp,2016-05-01,7743.0,7641.613648681818,12,6,2015-11-01
sarima_temp,2016-01-01,6753.0,6768.605631578187,13,1,2015-12-01
sarima_temp,2016-02-01,6385.0,6323.439292517715,13,2,2015-12-01
sarima_temp,2016-03-01,7164.0,6661.372632052885,13,3,2015-12-01
sarima_temp,2016-04-01,7192.0,6734.006581280275,13,4,2015-12-01
sarima_temp,2016-05-01,7743.0,7643.525216498436,13,5,2015-12-01
sarima_temp,2016-06-01,8767.0,7837.85384170383,13,6,2015-12-01
sarima_temp,2016-02-01,6385.0,6320.933449536537,14,1,2016-01-01
sarima_temp,2016-03-01,7164.0,6660.078263741187,14,2,2016-01-01
sarima_temp,2016-04-01,7192.0,6732.6379367958725,14,3,2016-01-01
sarima_temp,2016-05-01,7743.0,7642.275869276199,14,4,2016-01-01
sarima_temp,2016-06-01,8767.0,7836.718173103562,14,5,2016-01-01
sarima_temp,2016-07-01,8479.0,8078.190051922608,14,6,2016-01-01
sarima_temp,2016-03-01,7164.0,6668.27629261046,15,1,2016-02-01
sarima_temp,2016-04-01,7192.0,6736.620490013761,15,2,2016-02-01
sarima_temp,2016-05-01,7743.0,7646.170803672349,15,3,2016-02-01
sarima_temp,2016-06-01,8767.0,7840.547494362963,15,4,2016-02-01
sarima_temp,2016-07-01,8479.0,8082.074226890836,15,5,2016-02-01
sarima_temp,2016-08-01,7890.0,7699.118996659979,15,6,2016-02-01
sarima_temp,2016-04-01,7192.0,6812.145332351758,16,1,2016-03-01
sarima_temp,2016-05-01,7743.0,7695.692915947765,16,2,2016-03-01
sarima_temp,2016-06-01,8767.0,7888.639099662338,16,3,2016-03-01
sarima_temp,2016-07-01,8479.0,8129.943357872356,16,4,2016-03-01
sarima_temp,2016-08-01,7890.0,7747.078624705778,16,5,2016-03-01
sarima_temp,2016-09-01,7317.0,7268.379009787754,16,6,2016-03-01
sarima_temp,2016-05-01,7743.0,7734.208367081102,17,1,2016-04-01
sarima_temp,2016-06-01,8767.0,7882.715384763312,17,2,2016-04-01
sarima_temp,2016-07-01,8479.0,8118.931057870322,17,3,2016-04-01
sarima_temp,2016-08-01,7890.0,7735.482771864397,17,4,2016-04-01
sarima_temp,2016-09-01,7317.0,7257.011337104061,17,5,2016-04-01
sarima_temp,2016-10-01,7426.0,7128.588937302509,17,6,2016-04-01
sarima_temp,2016-06-01,8767.0,7883.709962631703,18,1,2016-05-01
sarima_temp,2016-07-01,8479.0,8119.191540866428,18,2,2016-05-01
sarima_temp,2016-08-01,7890.0,7735.544341864469,18,3,2016-05-01
sarima_temp,2016-09-01,7317.0,7257.048267553974,18,4,2016-05-01
sarima_temp,2016-10-01,7426.0,7128.695704753087,18,5,2016-05-01
sarima_temp,2016-11-01,6700.0,6642.655952127479,18,6,2016-05-01
sarima_temp,2016-07-01,8479.0,8417.32337053292,19,1,2016-06-01
sarima_temp,2016-08-01,7890.0,8065.968145858802,19,2,2016-06-01
sarima_temp,2016-09-01,7317.0,7584.839809395031,19,3,2016-06-01
sarima_temp,2016-10-01,7426.0,7457.20644794581,19,4,2016-06-01
sarima_temp,2016-11-01,6700.0,6982.130364940823,19,5,2016-06-01
sarima_temp,2016-12-01,6994.0,7203.088391614519,19,6,2016-06-01
sarima_temp,2016-08-01,7890.0,8078.520352208506,20,1,2016-07-01
sarima_temp,2016-09-01,7317.0,7599.436764128748,20,2,2016-07-01
sarima_temp,2016-10-01,7426.0,7471.759302212075,20,3,2016-07-01
sarima_temp,2016-11-01,6700.0,6996.661670739871,20,4,2016-07-01
sarima_temp,2016-12-01,6994.0,7218.5838373610595,20,5,2016-07-01
sarima_temp,2017-01-01,6788.0,7264.329771445597,20,6,2016-07-01
sarima_temp,2016-09-01,7317.0,7530.383509116255,21,1,2016-08-01
sarima_temp,2016-10-01,7426.0,7400.507691946737,21,2,2016-08-01
sarima_temp,2016-11-01,6700.0,6922.737674568274,21,3,2016-08-01
sarima_temp,2016-12-01,6994.0,7143.781286266659,21,4,2016-08-01
sarima_temp,2017-01-01,6788.0,7187.886525498868,21,5,2016-08-01
sarima_temp,2017-02-01,6271.0,6755.049634195891,21,6,2016-08-01
sarima_temp,2016-10-01,7426.0,7332.749083709397,22,1,2016-09-01
sarima_temp,2016-11-01,6700.0,6856.301116884454,22,2,2016-09-01
sarima_temp,2016-12-01,6994.0,7077.100554073489,22,3,2016-09-01
sarima_temp,2017-01-01,6788.0,7119.358156535499,22,4,2016-09-01
sarima_temp,2017-02-01,6271.0,6686.364180348679,22,5,2016-09-01
sarima_temp,2017-03-01,6794.0,7086.6333647666725,22,6,2016-09-01
sarima_temp,2016-11-01,6700.0,6880.583526020974,23,1,2016-10-01
sarima_temp,2016-12-01,6994.0,7101.008272495112,23,2,2016-10-01
sarima_temp,2017-01-01,6788.0,7142.728302673465,23,3,2016-10-01
sarima_temp,2017-02-01,6271.0,6709.653436278068,23,4,2016-10-01
sarima_temp,2017-03-01,6794.0,7109.903759472578,23,5,2016-10-01
sarima_temp,2017-04-01,6884.0,7176.238897307742,23,6,2016-10-01
sarima_temp,2016-12-01,6994.0,6933.3797195875895,24,1,2016-11-01
sarima_temp,2017-01-01,6788.0,6986.84647067659,24,2,2016-11-01
sarima_temp,2017-02-01,6271.0,6554.497053359389,24,3,2016-11-01
sarima_temp,2017-03-01,6794.0,6955.747625717235,24,4,2016-11-01
sarima_temp,2017-04-01,6884.0,7021.141427327719,24,5,2016-11-01
sarima_temp,2017-05-01,7651.0,7881.697371769046,24,6,2016-11-01
sarima_temp,2017-01-01,6788.0,6994.7332062502,25,1,2016-12-01
sarima_temp,2017-02-01,6271.0,6557.245220573834,25,2,2016-12-01
sarima_temp,2017-03-01,6794.0,6957.80425830368,25,3,2016-12-01
sarima_temp,2017-04-01,6884.0,7023.014562715625,25,4,2016-12-01
sarima_temp,2017-05-01,7651.0,7883.689628062012,25,5,2016-12-01
sarima_temp,2017-06-01,8009.0,8193.343739216196,25,6,2016-12-01
sarima_temp,2017-02-01,6271.0,6593.367261431624,26,1,2017-01-01
sarima_temp,2017-03-01,6794.0,7007.567728435454,26,2,2017-01-01
sarima_temp,2017-04-01,6884.0,7074.281539227852,26,3,2017-01-01
sarima_temp,2017-05-01,7651.0,7935.222136518255,26,4,2017-01-01
sarima_temp,2017-06-01,8009.0,8245.603762607961,26,5,2017-01-01
sarima_temp,2017-07-01,8694.0,8412.851421688158,26,6,2017-01-01
sarima_temp,2017-03-01,6794.0,6941.910867817311,27,1,2017-02-01
sarima_temp,2017-04-01,6884.0,7031.821406230733,27,2,2017-02-01
sarima_temp,2017-05-01,7651.0,7894.932296913929,27,3,2017-02-01
sarima_temp,2017-06-01,8009.0,8205.260412870266,27,4,2017-02-01
sarima_temp,2017-07-01,8694.0,8372.628879714046,27,5,2017-02-01
sarima_temp,2017-08-01,8130.0,7960.386603015993,27,6,2017-02-01
sarima_temp,2017-04-01,6884.0,7000.50680687875,28,1,2017-03-01
sarima_temp,2017-05-01,7651.0,7876.771288007375,28,2,2017-03-01
sarima_temp,2017-06-01,8009.0,8188.35966934979,28,3,2017-03-01
sarima_temp,2017-07-01,8694.0,8355.944271531964,28,4,2017-03-01
sarima_temp,2017-08-01,8130.0,7943.68826702561,28,5,2017-03-01
sarima_temp,2017-09-01,7446.0,7451.166252949655,28,6,2017-03-01
sarima_temp,2017-05-01,7651.0,7847.675732781116,29,1,2017-04-01
sarima_temp,2017-06-01,8009.0,8171.681521207198,29,2,2017-04-01
sarima_temp,2017-07-01,8694.0,8340.677438204317,29,3,2017-04-01
sarima_temp,2017-08-01,8130.0,7928.524379217327,29,4,2017-04-01
sarima_temp,2017-09-01,7446.0,7436.007447611704,29,5,2017-04-01
sarima_temp,2017-10-01,7282.0,7341.099332600355,29,6,2017-04-01
sarima_temp,2017-06-01,8009.0,8137.576772921184,30,1,2017-05-01
sarima_temp,2017-07-01,8694.0,8320.587649495452,30,2,2017-05-01
sarima_temp,2017-08-01,8130.0,7909.904658932255,30,3,2017-05-01
sarima_temp,2017-09-01,7446.0,7417.490580199929,30,4,2017-05-01
sarima_temp,2017-10-01,7282.0,7322.667772479004,30,5,2017-05-01
sarima_temp,2017-11-01,6830.0,6803.573923322553,30,6,2017-05-01
sarima_temp,2017-07-01,8694.0,8299.27878974951,31,1,2017-06-01
sarima_temp,2017-08-01,8130.0,7903.614219106989,31,2,2017-06-01
sarima_temp,2017-09-01,7446.0,7413.6685975949085,31,3,2017-06-01
sarima_temp,2017-10-01,7282.0,7318.676991606047,31,4,2017-06-01
sarima_temp,2017-11-01,6830.0,6796.8862023961765,31,5,2017-06-01
sarima_temp,2017-12-01,6946.0,7031.9681976471775,31,6,2017-06-01
sarima_temp,2017-08-01,8130.0,7968.052274582366,32,1,2017-07-01
sarima_temp,2017-09-01,7446.0,7447.378151186816,32,2,2017-07-01
sarima_temp,2017-10-01,7282.0,7349.250534150256,32,3,2017-07-01
sarima_temp,2017-11-01,6830.0,6829.34600513582,32,4,2017-07-01
sarima_temp,2017-12-01,6946.0,7062.382377942757,32,5,2017-07-01
sarima_temp,2018-01-01,6886.0,7068.288237897768,32,6,2017-07-01
sarima_temp,2017-09-01,7446.0,7479.109035854447,33,1,2017-08-01
sarima_temp,2017-10-01,7282.0,7365.057681283431,33,2,2017-08-01
sarima_temp,2017-11-01,6830.0,6842.592651097741,33,3,2017-08-01
sarima_temp,2017-12-01,6946.0,7076.151332941759,33,4,2017-08-01
sarima_temp,2018-01-01,6886.0,7082.398357385042,33,5,2017-08-01
sarima_temp,2018-02-01,5960.0,6638.13699850974,33,6,2017-08-01
sarima_temp,2017-10-01,7282.0,7351.474276927032,34,1,2017-09-01
sarima_temp,2017-11-01,6830.0,6821.50719548352,34,2,2017-09-01
sarima_temp,2017-12-01,6946.0,7055.338686913595,34,3,2017-09-01
sarima_temp,2018-01-01,6886.0,7065.739632792081,34,4,2017-09-01
sarima_temp,2018-02-01,5960.0,6621.402221172273,34,5,2017-09-01
sarima_temp,2018-03-01,6930.0,7038.119219638928,34,6,2017-09-01
sarima_temp,2017-11-01,6830.0,6814.551544407457,35,1,2017-10-01
sarima_temp,2017-12-01,6946.0,7053.666433707998,35,2,2017-10-01
sarima_temp,2018-01-01,6886.0,7064.170669810166,35,3,2017-10-01
sarima_temp,2018-02-01,5960.0,6619.886282720704,35,4,2017-10-01
sarima_temp,2018-03-01,6930.0,7036.674383079296,35,5,2017-10-01
sarima_temp,2018-04-01,6769.0,7104.586766577253,35,6,2017-10-01
sarima_temp,2017-12-01,6946.0,7049.153519169951,36,1,2017-11-01
sarima_temp,2018-01-01,6886.0,7062.2615359532,36,2,2017-11-01
sarima_temp,2018-02-01,5960.0,6618.450272796816,36,3,2017-11-01
sarima_temp,2018-03-01,6930.0,7035.376062146936,36,4,2017-11-01
sarima_temp,2018-04-01,6769.0,7103.257920859387,36,5,2017-11-01
sarima_temp,2018-05-01,7511.0,7953.227833181178,36,6,2017-11-01
sarima_temp,2018-01-01,6886.0,7039.1443304377135,37,1,2017-12-01
sarima_temp,2018-02-01,5960.0,6610.65454391526,37,2,2017-12-01
sarima_temp,2018-03-01,6930.0,7030.1478808379725,37,3,2017-12-01
sarima_temp,2018-04-01,6769.0,7098.421046054187,37,4,2017-12-01
sarima_temp,2018-05-01,7511.0,7948.503803133349,37,5,2017-12-01
sarima_temp,2018-06-01,8057.0,8264.248887044092,37,6,2017-12-01
sarima_temp,2018-02-01,5960.0,6581.258665403332,38,1,2018-01-01
sarima_temp,2018-03-01,6930.0,7018.265368612282,38,2,2018-01-01
sarima_temp,2018-04-01,6769.0,7088.929153967783,38,3,2018-01-01
sarima_temp,2018-05-01,7511.0,7939.398547352575,38,4,2018-01-01
sarima_temp,2018-06-01,8057.0,8255.376056194948,38,5,2018-01-01
sarima_temp,2018-07-01,8175.0,8487.044522033164,38,6,2018-01-01
sarima_temp,2018-03-01,6930.0,6863.358424136037,39,1,2018-02-01
sarima_temp,2018-04-01,6769.0,7013.08847030989,39,2,2018-02-01
sarima_temp,2018-05-01,7511.0,7874.912415345395,39,3,2018-02-01
sarima_temp,2018-06-01,8057.0,8192.569187079403,39,4,2018-02-01
sarima_temp,2018-07-01,8175.0,8424.468229461832,39,5,2018-02-01
sarima_temp,2018-08-01,8328.0,7993.500519551987,39,6,2018-02-01
sarima_temp,2018-04-01,6769.0,7040.440085151954,40,1,2018-03-01
sarima_temp,2018-05-01,7511.0,7890.708398097964,40,2,2018-03-01
sarima_temp,2018-06-01,8057.0,8206.650266847491,40,3,2018-03-01
sarima_temp,2018-07-01,8175.0,8438.283991008584,40,4,2018-03-01
sarima_temp,2018-08-01,8328.0,8007.261122814416,40,5,2018-03-01
sarima_temp,2018-09-01,7325.0,7490.959529876252,40,6,2018-03-01
sarima_temp,2018-05-01,7511.0,7807.104266240542,41,1,2018-04-01
sarima_temp,2018-06-01,8057.0,8144.238525774052,41,2,2018-04-01
sarima_temp,2018-07-01,8175.0,8378.18112613729,41,3,2018-04-01
sarima_temp,2018-08-01,8328.0,7947.3443654334915,41,4,2018-04-01
sarima_temp,2018-09-01,7325.0,7431.078261023434,41,5,2018-04-01
sarima_temp,2018-10-01,7202.0,7327.770931648175,41,6,2018-04-01
sarima_temp,2018-06-01,8057.0,8040.183832913618,42,1,2018-05-01
sarima_temp,2018-07-01,8175.0,8285.5452677891,42,2,2018-05-01
sarima_temp,2018-08-01,8328.0,7855.251425970487,42,3,2018-05-01
sarima_temp,2018-09-01,7325.0,7338.969046567012,42,4,2018-05-01
sarima_temp,2018-10-01,7202.0,7236.032030097213,42,5,2018-05-01
sarima_temp,2018-11-01,7161.0,6726.9999078902165,42,6,2018-05-01
sarima_temp,2018-07-01,8175.0,8311.757732585982,43,1,2018-06-01
sarima_temp,2018-08-01,8328.0,7878.606559738112,43,2,2018-06-01
sarima_temp,2018-09-01,7325.0,7362.101362504627,43,3,2018-06-01
sarima_temp,2018-10-01,7202.0,7259.0999911996605,43,4,2018-06-01
sarima_temp,2018-11-01,7161.0,6749.527874096204,43,5,2018-06-01
sarima_temp,2018-12-01,7409.0,6971.962231780723,43,6,2018-06-01
sarima_temp,2018-08-01,8328.0,7839.758670765775,44,1,2018-07-01
sarima_temp,2018-09-01,7325.0,7327.423898366722,44,2,2018-07-01
sarima_temp,2018-10-01,7202.0,7224.833106934631,44,3,2018-07-01
sarima_temp,2018-11-01,7161.0,6716.293240319124,44,4,2018-07-01
sarima_temp,2018-12-01,7409.0,6939.218591445622,44,5,2018-07-01
sarima_temp,2019-01-01,7117.0,6931.059053314633,44,6,2018-07-01
sarima_temp,2018-09-01,7325.0,7549.639335202149,45,1,2018-08-01
sarima_temp,2018-10-01,7202.0,7399.206014260694,45,2,2018-08-01
sarima_temp,2018-11-01,7161.0,6876.848305387968,45,3,2018-08-01
sarima_temp,2018-12-01,7409.0,7097.402529780444,45,4,2018-08-01
sarima_temp,2019-01-01,7117.0,7093.318174179902,45,5,2018-08-01
sarima_temp,2019-02-01,6307.0,6596.496736405729,45,6,2018-08-01
sarima_temp,2018-10-01,7202.0,7300.647940381071,46,1,2018-09-01
sarima_temp,2018-11-01,7161.0,6797.320506685282,46,2,2018-09-01
sarima_temp,2018-12-01,7409.0,7019.034174492611,46,3,2018-09-01
sarima_temp,2019-01-01,7117.0,7011.418535693279,46,4,2018-09-01
sarima_temp,2019-02-01,6307.0,6514.604999934505,46,5,2018-09-01
sarima_temp,2019-03-01,7067.0,6991.190627490811,46,6,2018-09-01
sarima_temp,2018-11-01,7161.0,6833.258857502427,47,1,2018-10-01
sarima_temp,2018-12-01,7409.0,7079.961921427017,47,2,2018-10-01
sarima_temp,2019-01-01,7117.0,7078.772852104092,47,3,2018-10-01
sarima_temp,2019-02-01,6307.0,6582.706690912193,47,4,2018-10-01
sarima_temp,2019-03-01,7067.0,7059.81305091071,47,5,2018-10-01
sarima_temp,2019-04-01,7108.0,7102.844185661,47,6,2018-10-01
sarima_temp,2018-12-01,7409.0,7144.567823934245,48,1,2018-11-01
sarima_temp,2019-01-01,7117.0,7099.037433815449,48,2,2018-11-01
sarima_temp,2019-02-01,6307.0,6595.572926432495,48,3,2018-11-01
sarima_temp,2019-03-01,7067.0,7071.325028950502,48,4,2018-11-01
sarima_temp,2019-04-01,7108.0,7114.252899077822,48,5,2018-11-01
sarima_temp,2019-05-01,7776.0,7951.911434453041,48,6,2018-11-01
sarima_temp,2019-01-01,7117.0,7152.119729638298,49,1,2018-12-01
sarima_temp,2019-02-01,6307.0,6612.865214250634,49,2,2018-12-01
sarima_temp,2019-03-01,7067.0,7082.334566062855,49,3,2018-12-01
sarima_temp,2019-04-01,7108.0,7123.996485386882,49,4,2018-12-01
sarima_temp,2019-05-01,7776.0,7961.530625436486,49,5,2018-12-01
sarima_temp,2019-06-01,8274.0,8302.29558168314,49,6,2018-12-01
sarima_temp,2019-02-01,6307.0,6612.400169940277,50,1,2019-01-01
sarima_temp,2019-03-01,7067.0,7082.140384418658,50,2,2019-01-01
sarima_temp,2019-04-01,7108.0,7123.809873903044,50,3,2019-01-01
sarima_temp,2019-05-01,7776.0,7961.414080688888,50,4,2019-01-01
sarima_temp,2019-06-01,8274.0,8302.183615897764,50,5,2019-01-01
sarima_temp,2019-07-01,8919.0,8521.72535367615,50,6,2019-01-01
sarima_temp,2019-03-01,7067.0,7001.800823814276,51,1,2019-02-01
sarima_temp,2019-04-01,7108.0,7079.583458337405,51,2,2019-02-01
sarima_temp,2019-05-01,7776.0,7922.3414850272065,51,3,2019-02-01
sarima_temp,2019-06-01,8274.0,8264.059429188694,51,4,2019-02-01
sarima_temp,2019-07-01,8919.0,8483.691640023357,51,5,2019-02-01
sarima_temp,2019-08-01,8180.0,8116.585952611883,51,6,2019-02-01
sarima_temp,2019-04-01,7108.0,7111.524590727372,52,1,2019-03-01
sarima_temp,2019-05-01,7776.0,7949.576940784221,52,2,2019-03-01
sarima_temp,2019-06-01,8274.0,8290.45869167693,52,3,2019-03-01
sarima_temp,2019-07-01,8919.0,8510.027267847445,52,4,2019-03-01
sarima_temp,2019-08-01,8180.0,8142.941501612325,52,5,2019-03-01
sarima_temp,2019-09-01,7664.0,7573.333523805881,52,6,2019-03-01
sarima_temp,2019-05-01,7776.0,7956.246465095503,53,1,2019-04-01
sarima_temp,2019-06-01,8274.0,8292.40206436473,53,2,2019-04-01
sarima_temp,2019-07-01,8919.0,8511.17594939438,53,3,2019-04-01
sarima_temp,2019-08-01,8180.0,8143.926336386032,53,4,2019-04-01
sarima_temp,2019-09-01,7664.0,7574.271667056321,53,5,2019-04-01
sarima_temp,2019-10-01,7254.0,7468.45619624617,53,6,2019-04-01
sarima_temp,2019-06-01,8274.0,8257.027378293631,54,1,2019-05-01
sarima_temp,2019-07-01,8919.0,8485.729727607852,54,2,2019-05-01
sarima_temp,2019-08-01,8180.0,8119.826306619127,54,3,2019-05-01
sarima_temp,2019-09-01,7664.0,7550.32956468361,54,4,2019-05-01
sarima_temp,2019-10-01,7254.0,7444.850156074726,54,5,2019-05-01
sarima_temp,2019-11-01,6785.0,6984.454740757984,54,6,2019-05-01
sarima_temp,2019-07-01,8919.0,8500.595404187348,55,1,2019-06-01
sarima_temp,2019-08-01,8180.0,8127.112635727954,55,2,2019-06-01
sarima_temp,2019-09-01,7664.0,7556.526508373205,55,3,2019-06-01
sarima_temp,2019-10-01,7254.0,7450.910887923148,55,4,2019-06-01
sarima_temp,2019-11-01,6785.0,6990.433885547662,55,5,2019-06-01
sarima_temp,2019-12-01,6987.0,7216.199386445502,55,6,2019-06-01
sarima_temp,2019-08-01,8180.0,8217.711818678072,56,1,2019-07-01
sarima_temp,2019-09-01,7664.0,7597.417213413094,56,2,2019-07-01
sarima_temp,2019-10-01,7254.0,7482.988419060351,56,3,2019-07-01
sarima_temp,2019-11-01,6785.0,7020.025525110605,56,4,2019-07-01
sarima_temp,2019-12-01,6987.0,7245.323174702679,56,5,2019-07-01
sarima_temp,2020-01-01,7194.0,7209.106881992908,56,6,2019-07-01
sarima_temp,2019-09-01,7664.0,7588.136721018432,57,1,2019-08-01
sarima_temp,2019-10-01,7254.0,7480.175196687021,57,2,2019-08-01
sarima_temp,2019-11-01,6785.0,7018.424468143834,57,3,2019-08-01
sarima_temp,2019-12-01,6987.0,7244.103972382365,57,4,2019-08-01
sarima_temp,2020-01-01,7194.0,7207.409089285247,57,5,2019-08-01
sarima_temp,2020-02-01,6848.0,6679.375271338194,57,6,2019-08-01
sarima_temp,2019-10-01,7254.0,7499.89989175604,58,1,2019-09-01
sarima_temp,2019-11-01,6785.0,7024.053603636274,58,2,2019-09-01
sarima_temp,2019-12-01,6987.0,7247.708017546953,58,3,2019-09-01
sarima_temp,2020-01-01,7194.0,7210.452680318748,58,4,2019-09-01
sarima_temp,2020-02-01,6848.0,6682.312405023955,58,5,2019-09-01
sarima_temp,2020-03-01,7324.0,7187.345366694859,58,6,2019-09-01
sarima_temp,2019-11-01,6785.0,6988.383008836283,59,1,2019-10-01
sarima_temp,2019-12-01,6987.0,7237.7617849357885,59,2,2019-10-01
sarima_temp,2020-01-01,7194.0,7204.47267755764,59,3,2019-10-01
sarima_temp,2020-02-01,6848.0,6676.998718654332,59,4,2019-10-01
sarima_temp,2020-03-01,7324.0,7182.159274274323,59,5,2019-10-01
sarima_temp,2020-04-01,5978.0,7224.860073459133,59,6,2019-10-01
sarima_temp,2019-12-01,6987.0,7201.668994690147,60,1,2019-11-01
sarima_temp,2020-01-01,7194.0,7193.470891701312,60,2,2019-11-01
sarima_temp,2020-02-01,6848.0,6670.272261522929,60,3,2019-11-01
sarima_temp,2020-03-01,7324.0,7176.225559290223,60,4,2019-11-01
sarima_temp,2020-04-01,5978.0,7218.996906505247,60,5,2019-11-01
sarima_temp,2020-05-01,7062.0,8040.41816053124,60,6,2019-11-01
sarima_temp,2020-01-01,7194.0,7140.017184065222,61,1,2019-12-01
sarima_temp,2020-02-01,6848.0,6646.541015059007,61,2,2019-12-01
sarima_temp,2020-03-01,7324.0,7157.457136613431,61,3,2019-12-01
sarima_temp,2020-04-01,5978.0,7201.048549905845,61,4,2019-12-01
sarima_temp,2020-05-01,7062.0,8022.614439280149,61,5,2019-12-01
sarima_temp,2020-06-01,6948.0,8379.148792455813,61,6,2019-12-01
sarima_temp,2020-02-01,6848.0,6660.200306930871,62,1,2020-01-01
sarima_temp,2020-03-01,7324.0,7168.61593707568,62,2,2020-01-01
sarima_temp,2020-04-01,5978.0,7211.738671162157,62,3,2020-01-01
sarima_temp,2020-05-01,7062.0,8033.262380636264,62,4,2020-01-01
sarima_temp,2020-06-01,6948.0,8389.746963173566,62,5,2020-01-01
sarima_temp,2020-07-01,7392.0,8651.568016232432,62,6,2020-01-01
sarima_temp,2020-03-01,7324.0,7196.916925038921,63,1,2020-02-01
sarima_temp,2020-04-01,5978.0,7220.922925599291,63,2,2020-02-01
sarima_temp,2020-05-01,7062.0,8039.178856948564,63,3,2020-02-01
sarima_temp,2020-06-01,6948.0,8395.091986187294,63,4,2020-02-01
sarima_temp,2020-07-01,7392.0,8656.827287821858,63,5,2020-02-01
sarima_temp,2020-08-01,7678.0,8252.856362823924,63,6,2020-02-01
sarima_temp,2020-04-01,5978.0,7234.001314417,64,1,2020-03-01
sarima_temp,2020-05-01,7062.0,8043.384895703557,64,2,2020-03-01
sarima_temp,2020-06-01,6948.0,8397.726649252734,64,3,2020-03-01
sarima_temp,2020-07-01,7392.0,8659.205475351257,64,4,2020-03-01
sarima_temp,2020-08-01,7678.0,8255.16627896757,64,5,2020-03-01
sarima_temp,2020-09-01,7005.0,7690.295018744658,64,6,2020-03-01
sarima_temp,2020-05-01,7062.0,7796.039003712418,65,1,2020-04-01
sarima_temp,2020-06-01,6948.0,8320.150280011845,65,2,2020-04-01
sarima_temp,2020-07-01,7392.0,8608.96205159936,65,3,2020-04-01
sarima_temp,2020-08-01,7678.0,8209.983933408528,65,4,2020-04-01
sarima_temp,2020-09-01,7005.0,7646.705582669136,65,5,2020-04-01
sarima_temp,2020-10-01,7385.0,7510.41931613434,65,6,2020-04-01
sarima_temp,2020-06-01,6948.0,8088.150539504497,66,1,2020-05-01
sarima_temp,2020-07-01,7392.0,8526.305014516744,66,2,2020-05-01
sarima_temp,2020-08-01,7678.0,8168.699143989927,66,3,2020-05-01
sarima_temp,2020-09-01,7005.0,7616.486857551479,66,4,2020-05-01
sarima_temp,2020-10-01,7385.0,7482.358273994,66,5,2020-05-01
sarima_temp,2020-11-01,6872.0,7017.829728019138,66,6,2020-05-01
sarima_temp,2020-07-01,7392.0,7713.9153589174175,67,1,2020-06-01
sarima_temp,2020-08-01,7678.0,7330.246680114833,67,2,2020-06-01
sarima_temp,2020-09-01,7005.0,6766.842229155054,67,3,2020-06-01
sarima_temp,2020-10-01,7385.0,6631.8322607623,67,4,2020-06-01
sarima_temp,2020-11-01,6872.0,6174.097891890144,67,5,2020-06-01
sarima_temp,2020-12-01,6781.0,6397.968228866492,67,6,2020-06-01
sarima_temp,2020-08-01,7678.0,7156.038501462171,68,1,2020-07-01
sarima_temp,2020-09-01,7005.0,6591.562244921901,68,2,2020-07-01
sarima_temp,2020-10-01,7385.0,6456.721900818796,68,3,2020-07-01
sarima_temp,2020-11-01,6872.0,6000.602483625479,68,4,2020-07-01
sarima_temp,2020-12-01,6781.0,6225.775002202157,68,5,2020-07-01
sarima_temp,2021-01-01,6917.0,6222.435778273026,68,6,2020-07-01
sarima_temp,2020-09-01,7005.0,6882.456090243845,69,1,2020-08-01
sarima_temp,2020-10-01,7385.0,6725.928651881981,69,2,2020-08-01
sarima_temp,2020-11-01,6872.0,6264.189628264187,69,3,2020-08-01
sarima_temp,2020-12-01,6781.0,6487.112727752152,69,4,2020-08-01
sarima_temp,2021-01-01,6917.0,6484.323208887112,69,5,2020-08-01
sarima_temp,2021-02-01,6217.0,5973.078697252657,69,6,2020-08-01
sarima_temp,2020-10-01,7385.0,6846.398433182092,70,1,2020-09-01
sarima_temp,2020-11-01,6872.0,6366.425146781782,70,2,2020-09-01
sarima_temp,2020-12-01,6781.0,6586.926573905994,70,3,2020-09-01
sarima_temp,2021-01-01,6917.0,6582.825367377684,70,4,2020-09-01
sarima_temp,2021-02-01,6217.0,6071.44646666138,70,5,2020-09-01
sarima_temp,2021-03-01,7569.0,6573.197635815882,70,6,2020-09-01
sarima_temp,2020-11-01,6872.0,6696.193003934946,71,1,2020-10-01
sarima_temp,2020-12-01,6781.0,6846.513153275088,71,2,2020-10-01
sarima_temp,2021-01-01,6917.0,6821.796326544092,71,3,2020-10-01
sarima_temp,2021-02-01,6217.0,6304.604139815053,71,4,2020-10-01
sarima_temp,2021-03-01,7569.0,6805.111777815373,71,5,2020-10-01
sarima_temp,2021-04-01,6917.0,6721.853249765904,71,6,2020-10-01
sarima_temp,2020-12-01,6781.0,6925.093565335578,72,1,2020-11-01
sarima_temp,2021-01-01,6917.0,6880.050664622334,72,2,2020-11-01
sarima_temp,2021-02-01,6217.0,6356.067333977599,72,3,2020-11-01
sarima_temp,2021-03-01,7569.0,6854.440887991917,72,4,2020-11-01
sarima_temp,2021-04-01,6917.0,6770.315134971325,72,5,2020-11-01
sarima_temp,2021-05-01,8253.0,7613.9075909646945,72,6,2020-11-01
sarima_temp,2021-01-01,6917.0,6803.27304597281,73,1,2020-12-01
sarima_temp,2021-02-01,6217.0,6303.029298650839,73,2,2020-12-01
sarima_temp,2021-03-01,7569.0,6808.611133309249,73,3,2020-12-01
sarima_temp,2021-04-01,6917.0,6726.705476305897,73,4,2020-12-01
sarima_temp,2021-05-01,8253.0,7571.025412825519,73,5,2020-12-01
sarima_temp,2021-06-01,8153.0,7884.365719237422,73,6,2020-12-01
sarima_temp,2021-02-01,6217.0,6375.626813316934,74,1,2021-01-01
sarima_temp,2021-03-01,7569.0,6856.672176699326,74,2,2021-01-01
sarima_temp,2021-04-01,6917.0,6767.162805238884,74,3,2021-01-01
sarima_temp,2021-05-01,8253.0,7609.215847738505,74,4,2021-01-01
sarima_temp,2021-06-01,8153.0,7921.824769521052,74,5,2021-01-01
sarima_temp,2021-07-01,9251.0,8199.767456401822,74,6,2021-01-01
sarima_temp,2021-03-01,7569.0,6763.590017400063,75,1,2021-02-01
sarima_temp,2021-04-01,6917.0,6707.111004496797,75,2,2021-02-01
sarima_temp,2021-05-01,8253.0,7558.785403812254,75,3,2021-02-01
sarima_temp,2021-06-01,8153.0,7874.291757007553,75,4,2021-02-01
sarima_temp,2021-07-01,9251.0,8153.049976654466,75,5,2021-02-01
sarima_temp,2021-08-01,8830.0,7811.799278734858,75,6,2021-02-01
sarima_temp,2021-04-01,6917.0,7055.193501180148,76,1,2021-03-01
sarima_temp,2021-05-01,8253.0,7762.416031051964,76,2,2021-03-01
sarima_temp,2021-06-01,8153.0,8029.657870539843,76,3,2021-03-01
sarima_temp,2021-07-01,9251.0,8303.274011258558,76,4,2021-03-01
sarima_temp,2021-08-01,8830.0,7972.723811226638,76,5,2021-03-01
sarima_temp,2021-09-01,7512.0,7387.974565545124,76,6,2021-03-01
sarima_temp,2021-05-01,8253.0,7673.058037227656,77,1,2021-04-01
sarima_temp,2021-06-01,8153.0,7968.048030674599,77,2,2021-04-01
sarima_temp,2021-07-01,9251.0,8257.869968161383,77,3,2021-04-01
sarima_temp,2021-08-01,8830.0,7940.409146032893,77,4,2021-04-01
sarima_temp,2021-09-01,7512.0,7351.643769343784,77,5,2021-04-01
sarima_temp,2021-10-01,7656.0,7272.559643271047,77,6,2021-04-01
sarima_temp,2021-06-01,8153.0,8226.987211415286,78,1,2021-05-01
sarima_temp,2021-07-01,9251.0,8405.800429910789,78,2,2021-05-01
sarima_temp,2021-08-01,8830.0,8039.42713773233,78,3,2021-05-01
sarima_temp,2021-09-01,7512.0,7448.246450802152,78,4,2021-05-01
sarima_temp,2021-10-01,7656.0,7357.633560855278,78,5,2021-05-01
sarima_temp,2021-11-01,7603.0,6886.939710467802,78,6,2021-05-01
sarima_temp,2021-07-01,9251.0,8461.496538472446,79,1,2021-06-01
sarima_temp,2021-08-01,8830.0,8149.569000500682,79,2,2021-06-01
sarima_temp,2021-09-01,7512.0,7561.62392583801,79,3,2021-06-01
sarima_temp,2021-10-01,7656.0,7482.17723682302,79,4,2021-06-01
sarima_temp,2021-11-01,7603.0,7014.613366637827,79,5,2021-06-01
sarima_temp,2021-12-01,8237.0,7199.4132179890685,79,6,2021-06-01
sarima_temp,2021-08-01,8830.0,8421.011956554748,80,1,2021-07-01
sarima_temp,2021-09-01,7512.0,7829.170019028111,80,2,2021-07-01
sarima_temp,2021-10-01,7656.0,7745.294749615009,80,3,2021-07-01
sarima_temp,2021-11-01,7603.0,7282.845022691799,80,4,2021-07-01
sarima_temp,2021-12-01,8237.0,7471.185143125188,80,5,2021-07-01
sarima_temp,2022-01-01,9582.0,7487.175152557974,80,6,2021-07-01
sarima_temp,2021-09-01,7512.0,7845.078281440374,81,1,2021-08-01
sarima_temp,2021-10-01,7656.0,7597.93921246607,81,2,2021-08-01
sarima_temp,2021-11-01,7603.0,7061.937010046108,81,3,2021-08-01
sarima_temp,2021-12-01,8237.0,7217.040152151203,81,4,2021-08-01
sarima_temp,2022-01-01,9582.0,7223.949874156712,81,5,2021-08-01
sarima_temp,2022-02-01,7227.0,6651.04375609342,81,6,2021-08-01
sarima_temp,2021-10-01,7656.0,7460.40690750607,82,1,2021-09-01
sarima_temp,2021-11-01,7603.0,6990.846851034634,82,2,2021-09-01
sarima_temp,2021-12-01,8237.0,7171.43409698287,82,3,2021-09-01
sarima_temp,2022-01-01,9582.0,7188.847180616011,82,4,2021-09-01
sarima_temp,2022-02-01,7227.0,6618.820025257557,82,5,2021-09-01
sarima_temp,2022-03-01,7504.0,7281.067590558045,82,6,2021-09-01
sarima_temp,2021-11-01,7603.0,7054.775217075081,83,1,2021-10-01
sarima_temp,2021-12-01,8237.0,7204.746354813166,83,2,2021-10-01
sarima_temp,2022-01-01,9582.0,7210.816630830061,83,3,2021-10-01
sarima_temp,2022-02-01,7227.0,6636.117923554732,83,4,2021-10-01
sarima_temp,2022-03-01,7504.0,7296.685825763351,83,5,2021-10-01
sarima_temp,2022-04-01,7589.0,7066.276104618428,83,6,2021-10-01
sarima_temp,2021-12-01,8237.0,7555.3100529927,84,1,2021-11-01
sarima_temp,2022-01-01,9582.0,7556.613784088645,84,2,2021-11-01
sarima_temp,2022-02-01,7227.0,6990.104168218972,84,3,2021-11-01
sarima_temp,2022-03-01,7504.0,7639.021838711943,84,4,2021-11-01
sarima_temp,2022-04-01,7589.0,7424.982034988286,84,5,2021-11-01
sarima_temp,2022-05-01,8846.0,8335.44272269011,84,6,2021-11-01
sarima_temp,2022-01-01,9582.0,7818.078218830378,85,1,2021-12-01
sarima_temp,2022-02-01,7227.0,7216.7278206491055,85,2,2021-12-01
sarima_temp,2022-03-01,7504.0,7867.485267572407,85,3,2021-12-01
sarima_temp,2022-04-01,7589.0,7648.080025723346,85,4,2021-12-01
sarima_temp,2022-05-01,8846.0,8560.218864645389,85,5,2021-12-01
sarima_temp,2022-06-01,9057.0,8821.248207039083,85,6,2021-12-01
sarima_temp,2022-02-01,7227.0,8128.486696003143,86,1,2022-01-01
sarima_temp,2022-03-01,7504.0,8747.173298310587,86,2,2022-01-01
sarima_temp,2022-04-01,7589.0,8416.821552527505,86,3,2022-01-01
sarima_temp,2022-05-01,8846.0,9357.579186534476,86,4,2022-01-01
sarima_temp,2022-06-01,9057.0,9589.632773565198,86,5,2022-01-01
sarima_temp,2022-07-01,8699.0,10044.64092995281,86,6,2022-01-01
sarima_temp,2022-03-01,7504.0,8284.79369241364,87,1,2022-02-01
sarima_temp,2022-04-01,7589.0,7952.9877261086385,87,2,2022-02-01
sarima_temp,2022-05-01,8846.0,8917.135044113136,87,3,2022-02-01
sarima_temp,2022-06-01,9057.0,9141.058599481968,87,4,2022-02-01
sarima_temp,2022-07-01,8699.0,9615.902226415135,87,5,2022-02-01
sarima_temp,2022-08-01,8834.0,9336.27309846508,87,6,2022-02-01
sarima_temp,2022-04-01,7589.0,7129.813324825366,88,1,2022-03-01
sarima_temp,2022-05-01,8846.0,8075.732670485963,88,2,2022-03-01
sarima_temp,2022-06-01,9057.0,8285.917512673239,88,3,2022-03-01
sarima_temp,2022-07-01,8699.0,8764.849588979936,88,4,2022-03-01
sarima_temp,2022-08-01,8834.0,8482.881493441586,88,5,2022-03-01
sarima_temp,2022-09-01,8228.0,7714.893709636404,88,6,2022-03-01
sarima_temp,2022-05-01,8846.0,8600.474291891567,89,1,2022-04-01
sarima_temp,2022-06-01,9057.0,8852.149166879777,89,2,2022-04-01
sarima_temp,2022-07-01,8699.0,9300.314573445006,89,3,2022-04-01
sarima_temp,2022-08-01,8834.0,9007.79492779562,89,4,2022-04-01
sarima_temp,2022-09-01,8228.0,8275.25275315209,89,5,2022-04-01
sarima_temp,2022-10-01,8388.0,8240.785567849001,89,6,2022-04-01
sarima_temp,2022-06-01,9057.0,8943.137070864948,90,1,2022-05-01
sarima_temp,2022-07-01,8699.0,9368.275109589247,90,2,2022-05-01
sarima_temp,2022-08-01,8834.0,9071.676865276911,90,3,2022-05-01
sarima_temp,2022-09-01,8228.0,8338.898311022005,90,4,2022-05-01
sarima_temp,2022-10-01,8388.0,8303.774202177092,90,5,2022-05-01
sarima_temp,2022-11-01,7588.0,7919.204909901409,90,6,2022-05-01
sarima_temp,2022-07-01,8699.0,9406.972637586674,91,1,2022-06-01
sarima_temp,2022-08-01,8834.0,9098.908874202083,91,2,2022-06-01
sarima_temp,2022-09-01,8228.0,8367.413638502403,91,3,2022-06-01
sarima_temp,2022-10-01,8388.0,8330.62759366922,91,4,2022-06-01
sarima_temp,2022-11-01,7588.0,7944.291522509425,91,5,2022-06-01
sarima_temp,2022-12-01,7850.0,8192.5916888176,91,6,2022-06-01
sarima_temp,2022-08-01,8834.0,8485.526520533922,92,1,2022-07-01
sarima_temp,2022-09-01,8228.0,7769.803732014731,92,2,2022-07-01
sarima_temp,2022-10-01,8388.0,7731.899804241532,92,3,2022-07-01
sarima_temp,2022-11-01,7588.0,7340.221079160496,92,4,2022-07-01
sarima_temp,2022-12-01,7850.0,7588.196244757151,92,5,2022-07-01
sarima_temp,2023-01-01,7563.0,7858.612109643642,92,6,2022-07-01
sarima_temp,2022-09-01,8228.0,8154.2008858557265,93,1,2022-08-01
sarima_temp,2022-10-01,8388.0,8125.102828385465,93,2,2022-08-01
sarima_temp,2022-11-01,7588.0,7733.153021095818,93,3,2022-08-01
sarima_temp,2022-12-01,7850.0,7977.054806608437,93,4,2022-08-01
sarima_temp,2023-01-01,7563.0,8233.815292889076,93,5,2022-08-01
sarima_temp,2023-02-01,6551.0,7344.853356618149,93,6,2022-08-01
sarima_temp,2022-10-01,8388.0,8092.985192042935,94,1,2022-09-01
sarima_temp,2022-11-01,7588.0,7709.276123144265,94,2,2022-09-01
sarima_temp,2022-12-01,7850.0,7955.304750105091,94,3,2022-09-01
sarima_temp,2023-01-01,7563.0,8209.069602244908,94,4,2022-09-01
sarima_temp,2023-02-01,6551.0,7324.698853696434,94,5,2022-09-01
sarima_temp,2023-03-01,7507.0,7964.804782185491,94,6,2022-09-01
sarima_temp,2022-11-01,7588.0,7846.986207096769,95,1,2022-10-01
sarima_temp,2022-12-01,7850.0,8058.927042894668,95,2,2022-10-01
sarima_temp,2023-01-01,7563.0,8306.149975681288,95,3,2022-10-01
sarima_temp,2023-02-01,6551.0,7418.308958210655,95,4,2022-10-01
sarima_temp,2023-03-01,7507.0,8057.983981726306,95,5,2022-10-01
sarima_temp,2023-04-01,7745.0,7836.007290095921,95,6,2022-10-01
sarima_temp,2022-12-01,7850.0,7899.7934065388035,96,1,2022-11-01
sarima_temp,2023-01-01,7563.0,8168.573866856898,96,2,2022-11-01
sarima_temp,2023-02-01,6551.0,7316.174435441002,96,3,2022-11-01
sarima_temp,2023-03-01,7507.0,7947.4151066055165,96,4,2022-11-01
sarima_temp,2023-04-01,7745.0,7738.469651699556,96,5,2022-11-01
sarima_temp,2023-05-01,8600.0,8710.808612180317,96,6,2022-11-01
sarima_temp,2023-01-01,7563.0,8120.178829158672,97,1,2022-12-01
sarima_temp,2023-02-01,6551.0,7287.319110198083,97,2,2022-12-01
sarima_temp,2023-03-01,7507.0,7917.242830618777,97,3,2022-12-01
sarima_temp,2023-04-01,7745.0,7713.036869581149,97,4,2022-12-01
sarima_temp,2023-05-01,8600.0,8682.507054119707,97,5,2022-12-01
sarima_temp,2023-06-01,9151.0,8930.833924686787,97,6,2022-12-01
sarima_temp,2023-02-01,6551.0,7139.8756963645055,98,1,2023-01-01
sarima_temp,2023-03-01,7507.0,7741.195595583329,98,2,2023-01-01
sarima_temp,2023-04-01,7745.0,7638.764330635777,98,3,2023-01-01
sarima_temp,2023-05-01,8600.0,8552.449391011874,98,4,2023-01-01
sarima_temp,2023-06-01,9151.0,8827.160728124993,98,5,2023-01-01
sarima_temp,2023-07-01,9183.0,9118.969328205516,98,6,2023-01-01
sarima_temp,2023-03-01,7507.0,7485.553786253904,99,1,2023-02-01
sarima_temp,2023-04-01,7745.0,7363.13300579915,99,2,2023-02-01
sarima_temp,2023-05-01,8600.0,8337.782657269065,99,3,2023-02-01
sarima_temp,2023-06-01,9151.0,8593.080805229669,99,4,2023-02-01
sarima_temp,2023-07-01,9183.0,8894.427417382358,99,5,2023-02-01
sarima_temp,2023-08-01,8297.0,8635.23440125068,99,6,2023-02-01
sarima_temp,2023-04-01,7745.0,7379.902518747815,100,1,2023-03-01
sarima_temp,2023-05-01,8600.0,8350.40799184115,100,2,2023-03-01
sarima_temp,2023-06-01,9151.0,8605.306318576228,100,3,2023-03-01
sarima_temp,2023-07-01,9183.0,8906.437457731268,100,4,2023-03-01
sarima_temp,2023-08-01,8297.0,8646.474920189872,100,5,2023-03-01
sarima_temp,2023-09-01,7823.0,7962.283056435047,100,6,2023-03-01
sarima_temp,2023-05-01,8600.0,8511.827274305184,101,1,2023-04-01
sarima_temp,2023-06-01,9151.0,8734.538420297768,101,2,2023-04-01
sarima_temp,2023-07-01,9183.0,9026.122500177122,101,3,2023-04-01
sarima_temp,2023-08-01,8297.0,8753.082565101495,101,4,2023-04-01
sarima_temp,2023-09-01,7823.0,8079.674291594807,101,5,2023-04-01
sarima_temp,2023-10-01,7507.0,8057.098137754889,101,6,2023-04-01
sarima_temp,2023-06-01,9151.0,8739.3138978473,102,1,2023-05-01
sarima_temp,2023-07-01,9183.0,8978.413488842256,102,2,2023-05-01
sarima_temp,2023-08-01,8297.0,8693.593375554172,102,3,2023-05-01
sarima_temp,2023-09-01,7823.0,7985.773812768074,102,4,2023-05-01
sarima_temp,2023-10-01,7507.0,7968.326240680446,102,5,2023-05-01
sarima_temp,2023-11-01,8107.0,7493.8857763099,102,6,2023-05-01
sarima_temp,2023-07-01,9183.0,9225.631354675075,103,1,2023-06-01
sarima_temp,2023-08-01,8297.0,8900.067653695456,103,2,2023-06-01
sarima_temp,2023-09-01,7823.0,8218.177292476521,103,3,2023-06-01
sarima_temp,2023-10-01,7507.0,8189.677670604489,103,4,2023-06-01
sarima_temp,2023-11-01,8107.0,7723.397072088135,103,5,2023-06-01
sarima_temp,2023-12-01,7504.0,7963.138755579815,103,6,2023-06-01
xgboost_temp,2015-01-01,7184.0,6274.115234375,1,1,2014-12-01
xgboost_temp,2015-02-01,5958.0,6413.24755859375,1,2,2014-12-01
xgboost_temp,2015-03-01,6658.0,6267.34716796875,1,3,2014-12-01
xgboost_temp,2015-04-01,7069.0,6240.36181640625,1,4,2014-12-01
xgboost_temp,2015-05-01,8099.0,7451.9013671875,1,5,2014-12-01
xgboost_temp,2015-06-01,7868.0,7395.36767578125,1,6,2014-12-01
xgboost_temp,2015-02-01,5958.0,6471.0712890625,2,1,2015-01-01
xgboost_temp,2015-03-01,6658.0,6496.12744140625,2,2,2015-01-01
xgboost_temp,2015-04-01,7069.0,6296.818359375,2,3,2015-01-01
xgboost_temp,2015-05-01,8099.0,7320.8173828125,2,4,2015-01-01
xgboost_temp,2015-06-01,7868.0,7448.40478515625,2,5,2015-01-01
xgboost_temp,2015-07-01,7986.0,7845.42822265625,2,6,2015-01-01
xgboost_temp,2015-03-01,6658.0,6609.0146484375,3,1,2015-02-01
xgboost_temp,2015-04-01,7069.0,6267.57177734375,3,2,2015-02-01
xgboost_temp,2015-05-01,8099.0,7214.44091796875,3,3,2015-02-01
xgboost_temp,2015-06-01,7868.0,7401.84912109375,3,4,2015-02-01
xgboost_temp,2015-07-01,7986.0,7910.9248046875,3,5,2015-02-01
xgboost_temp,2015-08-01,7251.0,7898.58642578125,3,6,2015-02-01
xgboost_temp,2015-04-01,7069.0,6243.46630859375,4,1,2015-03-01
xgboost_temp,2015-05-01,8099.0,7213.0576171875,4,2,2015-03-01
xgboost_temp,2015-06-01,7868.0,7391.6513671875,4,3,2015-03-01
xgboost_temp,2015-07-01,7986.0,7926.20556640625,4,4,2015-03-01
xgboost_temp,2015-08-01,7251.0,7894.5,4,5,2015-03-01
xgboost_temp,2015-09-01,7163.0,6929.892578125,4,6,2015-03-01
xgboost_temp,2015-05-01,8099.0,7185.84521484375,5,1,2015-04-01
xgboost_temp,2015-06-01,7868.0,7405.40234375,5,2,2015-04-01
xgboost_temp,2015-07-01,7986.0,7921.9462890625,5,3,2015-04-01
xgboost_temp,2015-08-01,7251.0,7802.45068359375,5,4,2015-04-01
xgboost_temp,2015-09-01,7163.0,7003.169921875,5,5,2015-04-01
xgboost_temp,2015-10-01,6690.0,7052.23974609375,5,6,2015-04-01
xgboost_temp,2015-06-01,7868.0,7740.94482421875,6,1,2015-05-01
xgboost_temp,2015-07-01,7986.0,7526.4765625,6,2,2015-05-01
xgboost_temp,2015-08-01,7251.0,7750.63037109375,6,3,2015-05-01
xgboost_temp,2015-09-01,7163.0,6732.02685546875,6,4,2015-05-01
xgboost_temp,2015-10-01,6690.0,7255.88525390625,6,5,2015-05-01
xgboost_temp,2015-11-01,6392.0,6296.6875,6,6,2015-05-01
xgboost_temp,2015-07-01,7986.0,7477.2841796875,7,1,2015-06-01
xgboost_temp,2015-08-01,7251.0,7717.52978515625,7,2,2015-06-01
xgboost_temp,2015-09-01,7163.0,6823.802734375,7,3,2015-06-01
xgboost_temp,2015-10-01,6690.0,7290.8232421875,7,4,2015-06-01
xgboost_temp,2015-11-01,6392.0,6371.15283203125,7,5,2015-06-01
xgboost_temp,2015-12-01,6753.0,6702.78515625,7,6,2015-06-01
xgboost_temp,2015-08-01,7251.0,7681.2646484375,8,1,2015-07-01
xgboost_temp,2015-09-01,7163.0,6812.5029296875,8,2,2015-07-01
xgboost_temp,2015-10-01,6690.0,7275.482421875,8,3,2015-07-01
xgboost_temp,2015-11-01,6392.0,6299.9345703125,8,4,2015-07-01
xgboost_temp,2015-12-01,6753.0,6650.21484375,8,5,2015-07-01
xgboost_temp,2016-01-01,6753.0,7124.5185546875,8,6,2015-07-01
xgboost_temp,2015-09-01,7163.0,6929.9794921875,9,1,2015-08-01
xgboost_temp,2015-10-01,6690.0,7215.00244140625,9,2,2015-08-01
xgboost_temp,2015-11-01,6392.0,6342.1142578125,9,3,2015-08-01
xgboost_temp,2015-12-01,6753.0,6693.2333984375,9,4,2015-08-01
xgboost_temp,2016-01-01,6753.0,7138.27880859375,9,5,2015-08-01
xgboost_temp,2016-02-01,6385.0,6162.66796875,9,6,2015-08-01
xgboost_temp,2015-10-01,6690.0,7251.0888671875,10,1,2015-09-01
xgboost_temp,2015-11-01,6392.0,6454.05224609375,10,2,2015-09-01
xgboost_temp,2015-12-01,6753.0,6898.2353515625,10,3,2015-09-01
xgboost_temp,2016-01-01,6753.0,7106.32763671875,10,4,2015-09-01
xgboost_temp,2016-02-01,6385.0,6319.1728515625,10,5,2015-09-01
xgboost_temp,2016-03-01,7164.0,6561.4755859375,10,6,2015-09-01
xgboost_temp,2015-11-01,6392.0,6463.232421875,11,1,2015-10-01
xgboost_temp,2015-12-01,6753.0,6807.76513671875,11,2,2015-10-01
xgboost_temp,2016-01-01,6753.0,6921.86328125,11,3,2015-10-01
xgboost_temp,2016-02-01,6385.0,6256.64990234375,11,4,2015-10-01
xgboost_temp,2016-03-01,7164.0,6637.77490234375,11,5,2015-10-01
xgboost_temp,2016-04-01,7192.0,6995.47705078125,11,6,2015-10-01
xgboost_temp,2015-12-01,6753.0,6790.486328125,12,1,2015-11-01
xgboost_temp,2016-01-01,6753.0,6815.162109375,12,2,2015-11-01
xgboost_temp,2016-02-01,6385.0,6221.71728515625,12,3,2015-11-01
xgboost_temp,2016-03-01,7164.0,6608.44189453125,12,4,2015-11-01
xgboost_temp,2016-04-01,7192.0,6948.10888671875,12,5,2015-11-01
xgboost_temp,2016-05-01,7743.0,7461.32568359375,12,6,2015-11-01
xgboost_temp,2016-01-01,6753.0,6797.03125,13,1,2015-12-01
xgboost_temp,2016-02-01,6385.0,6192.88427734375,13,2,2015-12-01
xgboost_temp,2016-03-01,7164.0,6558.681640625,13,3,2015-12-01
xgboost_temp,2016-04-01,7192.0,6883.79638671875,13,4,2015-12-01
xgboost_temp,2016-05-01,7743.0,7453.96923828125,13,5,2015-12-01
xgboost_temp,2016-06-01,8767.0,7494.6025390625,13,6,2015-12-01
xgboost_temp,2016-02-01,6385.0,6340.7421875,14,1,2016-01-01
xgboost_temp,2016-03-01,7164.0,6575.72412109375,14,2,2016-01-01
xgboost_temp,2016-04-01,7192.0,6841.6474609375,14,3,2016-01-01
xgboost_temp,2016-05-01,7743.0,7486.56982421875,14,4,2016-01-01
xgboost_temp,2016-06-01,8767.0,7509.69140625,14,5,2016-01-01
xgboost_temp,2016-07-01,8479.0,7750.7587890625,14,6,2016-01-01
xgboost_temp,2016-03-01,7164.0,6600.96923828125,15,1,2016-02-01
xgboost_temp,2016-04-01,7192.0,6840.89892578125,15,2,2016-02-01
xgboost_temp,2016-05-01,7743.0,7491.1015625,15,3,2016-02-01
xgboost_temp,2016-06-01,8767.0,7527.30126953125,15,4,2016-02-01
xgboost_temp,2016-07-01,8479.0,7769.3603515625,15,5,2016-02-01
xgboost_temp,2016-08-01,7890.0,7348.38525390625,15,6,2016-02-01
xgboost_temp,2016-04-01,7192.0,7099.4482421875,16,1,2016-03-01
xgboost_temp,2016-05-01,7743.0,7548.560546875,16,2,2016-03-01
xgboost_temp,2016-06-01,8767.0,7495.1103515625,16,3,2016-03-01
xgboost_temp,2016-07-01,8479.0,7660.2412109375,16,4,2016-03-01
xgboost_temp,2016-08-01,7890.0,7309.8212890625,16,5,2016-03-01
xgboost_temp,2016-09-01,7317.0,6917.06640625,16,6,2016-03-01
xgboost_temp,2016-05-01,7743.0,7549.84130859375,17,1,2016-04-01
xgboost_temp,2016-06-01,8767.0,7512.08642578125,17,2,2016-04-01
xgboost_temp,2016-07-01,8479.0,7586.85009765625,17,3,2016-04-01
xgboost_temp,2016-08-01,7890.0,7241.75146484375,17,4,2016-04-01
xgboost_temp,2016-09-01,7317.0,6843.43994140625,17,5,2016-04-01
xgboost_temp,2016-10-01,7426.0,6591.056640625,17,6,2016-04-01
xgboost_temp,2016-06-01,8767.0,7562.2177734375,18,1,2016-05-01
xgboost_temp,2016-07-01,8479.0,7606.939453125,18,2,2016-05-01
xgboost_temp,2016-08-01,7890.0,7312.5380859375,18,3,2016-05-01
xgboost_temp,2016-09-01,7317.0,6882.8798828125,18,4,2016-05-01
xgboost_temp,2016-10-01,7426.0,6593.4140625,18,5,2016-05-01
xgboost_temp,2016-11-01,6700.0,6501.9111328125,18,6,2016-05-01
xgboost_temp,2016-07-01,8479.0,7549.4970703125,19,1,2016-06-01
xgboost_temp,2016-08-01,7890.0,7252.31640625,19,2,2016-06-01
xgboost_temp,2016-09-01,7317.0,6878.2294921875,19,3,2016-06-01
xgboost_temp,2016-10-01,7426.0,6558.9677734375,19,4,2016-06-01
xgboost_temp,2016-11-01,6700.0,6471.00244140625,19,5,2016-06-01
xgboost_temp,2016-12-01,6994.0,6823.201171875,19,6,2016-06-01
xgboost_temp,2016-08-01,7890.0,7394.380859375,20,1,2016-07-01
xgboost_temp,2016-09-01,7317.0,7008.13232421875,20,2,2016-07-01
xgboost_temp,2016-10-01,7426.0,6513.61865234375,20,3,2016-07-01
xgboost_temp,2016-11-01,6700.0,6482.8798828125,20,4,2016-07-01
xgboost_temp,2016-12-01,6994.0,6820.6240234375,20,5,2016-07-01
xgboost_temp,2017-01-01,6788.0,6545.67578125,20,6,2016-07-01
xgboost_temp,2016-09-01,7317.0,7138.8076171875,21,1,2016-08-01
xgboost_temp,2016-10-01,7426.0,6521.63623046875,21,2,2016-08-01
xgboost_temp,2016-11-01,6700.0,6493.8017578125,21,3,2016-08-01
xgboost_temp,2016-12-01,6994.0,6801.31298828125,21,4,2016-08-01
xgboost_temp,2017-01-01,6788.0,6608.13134765625,21,5,2016-08-01
xgboost_temp,2017-02-01,6271.0,6585.02490234375,21,6,2016-08-01
xgboost_temp,2016-10-01,7426.0,6580.5595703125,22,1,2016-09-01
xgboost_temp,2016-11-01,6700.0,6530.98388671875,22,2,2016-09-01
xgboost_temp,2016-12-01,6994.0,6715.1337890625,22,3,2016-09-01
xgboost_temp,2017-01-01,6788.0,6556.57275390625,22,4,2016-09-01
xgboost_temp,2017-02-01,6271.0,6584.5517578125,22,5,2016-09-01
xgboost_temp,2017-03-01,6794.0,7078.77587890625,22,6,2016-09-01
xgboost_temp,2016-11-01,6700.0,6756.84423828125,23,1,2016-10-01
xgboost_temp,2016-12-01,6994.0,6869.07958984375,23,2,2016-10-01
xgboost_temp,2017-01-01,6788.0,6810.822265625,23,3,2016-10-01
xgboost_temp,2017-02-01,6271.0,6798.0751953125,23,4,2016-10-01
xgboost_temp,2017-03-01,6794.0,7397.20947265625,23,5,2016-10-01
xgboost_temp,2017-04-01,6884.0,7499.8994140625,23,6,2016-10-01
xgboost_temp,2016-12-01,6994.0,6928.35302734375,24,1,2016-11-01
xgboost_temp,2017-01-01,6788.0,6817.15966796875,24,2,2016-11-01
xgboost_temp,2017-02-01,6271.0,6704.92236328125,24,3,2016-11-01
xgboost_temp,2017-03-01,6794.0,7421.87060546875,24,4,2016-11-01
xgboost_temp,2017-04-01,6884.0,7467.427734375,24,5,2016-11-01
xgboost_temp,2017-05-01,7651.0,7751.998046875,24,6,2016-11-01
xgboost_temp,2017-01-01,6788.0,6868.82861328125,25,1,2016-12-01
xgboost_temp,2017-02-01,6271.0,6740.93505859375,25,2,2016-12-01
xgboost_temp,2017-03-01,6794.0,7366.11474609375,25,3,2016-12-01
xgboost_temp,2017-04-01,6884.0,7433.43603515625,25,4,2016-12-01
xgboost_temp,2017-05-01,7651.0,7780.697265625,25,5,2016-12-01
xgboost_temp,2017-06-01,8009.0,7890.40771484375,25,6,2016-12-01
xgboost_temp,2017-02-01,6271.0,6775.494140625,26,1,2017-01-01
xgboost_temp,2017-03-01,6794.0,7410.326171875,26,2,2017-01-01
xgboost_temp,2017-04-01,6884.0,7461.02880859375,26,3,2017-01-01
xgboost_temp,2017-05-01,7651.0,7795.45068359375,26,4,2017-01-01
xgboost_temp,2017-06-01,8009.0,7916.9482421875,26,5,2017-01-01
xgboost_temp,2017-07-01,8694.0,8055.98388671875,26,6,2017-01-01
xgboost_temp,2017-03-01,6794.0,7367.798828125,27,1,2017-02-01
xgboost_temp,2017-04-01,6884.0,7344.61767578125,27,2,2017-02-01
xgboost_temp,2017-05-01,7651.0,7757.87939453125,27,3,2017-02-01
xgboost_temp,2017-06-01,8009.0,7813.6171875,27,4,2017-02-01
xgboost_temp,2017-07-01,8694.0,7924.7158203125,27,5,2017-02-01
xgboost_temp,2017-08-01,8130.0,7916.67138671875,27,6,2017-02-01
xgboost_temp,2017-04-01,6884.0,7238.22021484375,28,1,2017-03-01
xgboost_temp,2017-05-01,7651.0,7823.02734375,28,2,2017-03-01
xgboost_temp,2017-06-01,8009.0,7839.26123046875,28,3,2017-03-01
xgboost_temp,2017-07-01,8694.0,7942.5185546875,28,4,2017-03-01
xgboost_temp,2017-08-01,8130.0,7904.15087890625,28,5,2017-03-01
xgboost_temp,2017-09-01,7446.0,7867.2451171875,28,6,2017-03-01
xgboost_temp,2017-05-01,7651.0,7816.654296875,29,1,2017-04-01
xgboost_temp,2017-06-01,8009.0,7850.7568359375,29,2,2017-04-01
xgboost_temp,2017-07-01,8694.0,7955.59912109375,29,3,2017-04-01
xgboost_temp,2017-08-01,8130.0,7888.5537109375,29,4,2017-04-01
xgboost_temp,2017-09-01,7446.0,7894.93798828125,29,5,2017-04-01
xgboost_temp,2017-10-01,7282.0,7464.37744140625,29,6,2017-04-01
xgboost_temp,2017-06-01,8009.0,7941.9140625,30,1,2017-05-01
xgboost_temp,2017-07-01,8694.0,7968.01318359375,30,2,2017-05-01
xgboost_temp,2017-08-01,8130.0,7880.3076171875,30,3,2017-05-01
xgboost_temp,2017-09-01,7446.0,7851.79052734375,30,4,2017-05-01
xgboost_temp,2017-10-01,7282.0,7536.92724609375,30,5,2017-05-01
xgboost_temp,2017-11-01,6830.0,7054.4453125,30,6,2017-05-01
xgboost_temp,2017-07-01,8694.0,7961.82275390625,31,1,2017-06-01
xgboost_temp,2017-08-01,8130.0,7937.4541015625,31,2,2017-06-01
xgboost_temp,2017-09-01,7446.0,7693.2763671875,31,3,2017-06-01
xgboost_temp,2017-10-01,7282.0,7410.61572265625,31,4,2017-06-01
xgboost_temp,2017-11-01,6830.0,7064.94482421875,31,5,2017-06-01
xgboost_temp,2017-12-01,6946.0,6830.8876953125,31,6,2017-06-01
xgboost_temp,2017-08-01,8130.0,7860.328125,32,1,2017-07-01
xgboost_temp,2017-09-01,7446.0,7841.89501953125,32,2,2017-07-01
xgboost_temp,2017-10-01,7282.0,7498.0947265625,32,3,2017-07-01
xgboost_temp,2017-11-01,6830.0,7154.30615234375,32,4,2017-07-01
xgboost_temp,2017-12-01,6946.0,6991.64306640625,32,5,2017-07-01
xgboost_temp,2018-01-01,6886.0,6786.78515625,32,6,2017-07-01
xgboost_temp,2017-09-01,7446.0,7733.0341796875,33,1,2017-08-01
xgboost_temp,2017-10-01,7282.0,7554.5615234375,33,2,2017-08-01
xgboost_temp,2017-11-01,6830.0,7145.3740234375,33,3,2017-08-01
xgboost_temp,2017-12-01,6946.0,7002.93505859375,33,4,2017-08-01
xgboost_temp,2018-01-01,6886.0,6797.0419921875,33,5,2017-08-01
xgboost_temp,2018-02-01,5960.0,6599.076171875,33,6,2017-08-01
xgboost_temp,2017-10-01,7282.0,7585.97412109375,34,1,2017-09-01
xgboost_temp,2017-11-01,6830.0,7067.818359375,34,2,2017-09-01
xgboost_temp,2017-12-01,6946.0,6963.7724609375,34,3,2017-09-01
xgboost_temp,2018-01-01,6886.0,6812.474609375,34,4,2017-09-01
xgboost_temp,2018-02-01,5960.0,6572.9970703125,34,5,2017-09-01
xgboost_temp,2018-03-01,6930.0,6801.66796875,34,6,2017-09-01
xgboost_temp,2017-11-01,6830.0,7109.83447265625,35,1,2017-10-01
xgboost_temp,2017-12-01,6946.0,6867.876953125,35,2,2017-10-01
xgboost_temp,2018-01-01,6886.0,6793.48388671875,35,3,2017-10-01
xgboost_temp,2018-02-01,5960.0,6582.0322265625,35,4,2017-10-01
xgboost_temp,2018-03-01,6930.0,6777.2626953125,35,5,2017-10-01
xgboost_temp,2018-04-01,6769.0,6923.0517578125,35,6,2017-10-01
xgboost_temp,2017-12-01,6946.0,6886.755859375,36,1,2017-11-01
xgboost_temp,2018-01-01,6886.0,6768.8466796875,36,2,2017-11-01
xgboost_temp,2018-02-01,5960.0,6631.68896484375,36,3,2017-11-01
xgboost_temp,2018-03-01,6930.0,6832.5107421875,36,4,2017-11-01
xgboost_temp,2018-04-01,6769.0,6890.7041015625,36,5,2017-11-01
xgboost_temp,2018-05-01,7511.0,7681.5126953125,36,6,2017-11-01
xgboost_temp,2018-01-01,6886.0,6774.5009765625,37,1,2017-12-01
xgboost_temp,2018-02-01,5960.0,6603.2080078125,37,2,2017-12-01
xgboost_temp,2018-03-01,6930.0,6793.771484375,37,3,2017-12-01
xgboost_temp,2018-04-01,6769.0,6902.9599609375,37,4,2017-12-01
xgboost_temp,2018-05-01,7511.0,7711.216796875,37,5,2017-12-01
xgboost_temp,2018-06-01,8057.0,8154.9375,37,6,2017-12-01
xgboost_temp,2018-02-01,5960.0,6562.8515625,38,1,2018-01-01
xgboost_temp,2018-03-01,6930.0,6846.04345703125,38,2,2018-01-01
xgboost_temp,2018-04-01,6769.0,6892.51611328125,38,3,2018-01-01
xgboost_temp,2018-05-01,7511.0,7724.0556640625,38,4,2018-01-01
xgboost_temp,2018-06-01,8057.0,8111.142578125,38,5,2018-01-01
xgboost_temp,2018-07-01,8175.0,8607.806640625,38,6,2018-01-01
xgboost_temp,2018-03-01,6930.0,6657.43310546875,39,1,2018-02-01
xgboost_temp,2018-04-01,6769.0,6844.3017578125,39,2,2018-02-01
xgboost_temp,2018-05-01,7511.0,7647.21240234375,39,3,2018-02-01
xgboost_temp,2018-06-01,8057.0,8081.51220703125,39,4,2018-02-01
xgboost_temp,2018-07-01,8175.0,8551.478515625,39,5,2018-02-01
xgboost_temp,2018-08-01,8328.0,7765.4736328125,39,6,2018-02-01
xgboost_temp,2018-04-01,6769.0,6866.2314453125,40,1,2018-03-01
xgboost_temp,2018-05-01,7511.0,7688.794921875,40,2,2018-03-01
xgboost_temp,2018-06-01,8057.0,8069.8154296875,40,3,2018-03-01
xgboost_temp,2018-07-01,8175.0,8603.37109375,40,4,2018-03-01
xgboost_temp,2018-08-01,8328.0,7916.18017578125,40,5,2018-03-01
xgboost_temp,2018-09-01,7325.0,7566.7646484375,40,6,2018-03-01
xgboost_temp,2018-05-01,7511.0,7727.60888671875,41,1,2018-04-01
xgboost_temp,2018-06-01,8057.0,8107.8515625,41,2,2018-04-01
xgboost_temp,2018-07-01,8175.0,8598.380859375,41,3,2018-04-01
xgboost_temp,2018-08-01,8328.0,7901.36474609375,41,4,2018-04-01
xgboost_temp,2018-09-01,7325.0,7576.361328125,41,5,2018-04-01
xgboost_temp,2018-10-01,7202.0,7287.2802734375,41,6,2018-04-01
xgboost_temp,2018-06-01,8057.0,8026.44970703125,42,1,2018-05-01
xgboost_temp,2018-07-01,8175.0,8588.9921875,42,2,2018-05-01
xgboost_temp,2018-08-01,8328.0,7879.37451171875,42,3,2018-05-01
xgboost_temp,2018-09-01,7325.0,7591.7880859375,42,4,2018-05-01
xgboost_temp,2018-10-01,7202.0,7271.5283203125,42,5,2018-05-01
xgboost_temp,2018-11-01,7161.0,6850.6181640625,42,6,2018-05-01
xgboost_temp,2018-07-01,8175.0,8580.07421875,43,1,2018-06-01
xgboost_temp,2018-08-01,8328.0,7906.8662109375,43,2,2018-06-01
xgboost_temp,2018-09-01,7325.0,7581.01611328125,43,3,2018-06-01
xgboost_temp,2018-10-01,7202.0,7306.494140625,43,4,2018-06-01
xgboost_temp,2018-11-01,7161.0,6898.86376953125,43,5,2018-06-01
xgboost_temp,2018-12-01,7409.0,6933.91796875,43,6,2018-06-01
xgboost_temp,2018-08-01,8328.0,7946.2529296875,44,1,2018-07-01
xgboost_temp,2018-09-01,7325.0,7555.75537109375,44,2,2018-07-01
xgboost_temp,2018-10-01,7202.0,7295.52587890625,44,3,2018-07-01
xgboost_temp,2018-11-01,7161.0,6934.22607421875,44,4,2018-07-01
xgboost_temp,2018-12-01,7409.0,6946.22216796875,44,5,2018-07-01
xgboost_temp,2019-01-01,7117.0,6848.9189453125,44,6,2018-07-01
xgboost_temp,2018-09-01,7325.0,7637.3095703125,45,1,2018-08-01
xgboost_temp,2018-10-01,7202.0,7302.33349609375,45,2,2018-08-01
xgboost_temp,2018-11-01,7161.0,7062.0810546875,45,3,2018-08-01
xgboost_temp,2018-12-01,7409.0,6925.5107421875,45,4,2018-08-01
xgboost_temp,2019-01-01,7117.0,6889.8818359375,45,5,2018-08-01
xgboost_temp,2019-02-01,6307.0,6352.541015625,45,6,2018-08-01
xgboost_temp,2018-10-01,7202.0,7345.98876953125,46,1,2018-09-01
xgboost_temp,2018-11-01,7161.0,6915.9521484375,46,2,2018-09-01
xgboost_temp,2018-12-01,7409.0,6938.4423828125,46,3,2018-09-01
xgboost_temp,2019-01-01,7117.0,6882.37646484375,46,4,2018-09-01
xgboost_temp,2019-02-01,6307.0,6213.7841796875,46,5,2018-09-01
xgboost_temp,2019-03-01,7067.0,6732.9228515625,46,6,2018-09-01
xgboost_temp,2018-11-01,7161.0,6867.94873046875,47,1,2018-10-01
xgboost_temp,2018-12-01,7409.0,6906.568359375,47,2,2018-10-01
xgboost_temp,2019-01-01,7117.0,6839.5947265625,47,3,2018-10-01
xgboost_temp,2019-02-01,6307.0,6127.25390625,47,4,2018-10-01
xgboost_temp,2019-03-01,7067.0,6758.7939453125,47,5,2018-10-01
xgboost_temp,2019-04-01,7108.0,6802.38427734375,47,6,2018-10-01
xgboost_temp,2018-12-01,7409.0,6890.33203125,48,1,2018-11-01
xgboost_temp,2019-01-01,7117.0,6860.47412109375,48,2,2018-11-01
xgboost_temp,2019-02-01,6307.0,6246.333984375,48,3,2018-11-01
xgboost_temp,2019-03-01,7067.0,6706.130859375,48,4,2018-11-01
xgboost_temp,2019-04-01,7108.0,6856.0283203125,48,5,2018-11-01
xgboost_temp,2019-05-01,7776.0,7638.40869140625,48,6,2018-11-01
xgboost_temp,2019-01-01,7117.0,6964.43798828125,49,1,2018-12-01
xgboost_temp,2019-02-01,6307.0,6446.14501953125,49,2,2018-12-01
xgboost_temp,2019-03-01,7067.0,6806.17529296875,49,3,2018-12-01
xgboost_temp,2019-04-01,7108.0,6833.97119140625,49,4,2018-12-01
xgboost_temp,2019-05-01,7776.0,7597.865234375,49,5,2018-12-01
xgboost_temp,2019-06-01,8274.0,8183.44580078125,49,6,2018-12-01
xgboost_temp,2019-02-01,6307.0,6405.4501953125,50,1,2019-01-01
xgboost_temp,2019-03-01,7067.0,6841.087890625,50,2,2019-01-01
xgboost_temp,2019-04-01,7108.0,6868.13232421875,50,3,2019-01-01
xgboost_temp,2019-05-01,7776.0,7607.9912109375,50,4,2019-01-01
xgboost_temp,2019-06-01,8274.0,8164.916015625,50,5,2019-01-01
xgboost_temp,2019-07-01,8919.0,8558.544921875,50,6,2019-01-01
xgboost_temp,2019-03-01,7067.0,6875.23876953125,51,1,2019-02-01
xgboost_temp,2019-04-01,7108.0,6862.478515625,51,2,2019-02-01
xgboost_temp,2019-05-01,7776.0,7628.21044921875,51,3,2019-02-01
xgboost_temp,2019-06-01,8274.0,8131.14599609375,51,4,2019-02-01
xgboost_temp,2019-07-01,8919.0,8569.5458984375,51,5,2019-02-01
xgboost_temp,2019-08-01,8180.0,8130.99072265625,51,6,2019-02-01
xgboost_temp,2019-04-01,7108.0,6890.3310546875,52,1,2019-03-01
xgboost_temp,2019-05-01,7776.0,7770.43994140625,52,2,2019-03-01
xgboost_temp,2019-06-01,8274.0,8171.728515625,52,3,2019-03-01
xgboost_temp,2019-07-01,8919.0,8545.962890625,52,4,2019-03-01
xgboost_temp,2019-08-01,8180.0,8110.49169921875,52,5,2019-03-01
xgboost_temp,2019-09-01,7664.0,7711.91162109375,52,6,2019-03-01
xgboost_temp,2019-05-01,7776.0,7723.892578125,53,1,2019-04-01
xgboost_temp,2019-06-01,8274.0,8151.52001953125,53,2,2019-04-01
xgboost_temp,2019-07-01,8919.0,8555.34375,53,3,2019-04-01
xgboost_temp,2019-08-01,8180.0,8138.375,53,4,2019-04-01
xgboost_temp,2019-09-01,7664.0,7711.21337890625,53,5,2019-04-01
xgboost_temp,2019-10-01,7254.0,7394.42431640625,53,6,2019-04-01
xgboost_temp,2019-06-01,8274.0,8175.00830078125,54,1,2019-05-01
xgboost_temp,2019-07-01,8919.0,8558.82421875,54,2,2019-05-01
xgboost_temp,2019-08-01,8180.0,8121.8330078125,54,3,2019-05-01
xgboost_temp,2019-09-01,7664.0,7725.11279296875,54,4,2019-05-01
xgboost_temp,2019-10-01,7254.0,7465.99560546875,54,5,2019-05-01
xgboost_temp,2019-11-01,6785.0,7151.7705078125,54,6,2019-05-01
xgboost_temp,2019-07-01,8919.0,8562.05078125,55,1,2019-06-01
xgboost_temp,2019-08-01,8180.0,8219.7900390625,55,2,2019-06-01
xgboost_temp,2019-09-01,7664.0,7729.13818359375,55,3,2019-06-01
xgboost_temp,2019-10-01,7254.0,7457.6064453125,55,4,2019-06-01
xgboost_temp,2019-11-01,6785.0,7249.771484375,55,5,2019-06-01
xgboost_temp,2019-12-01,6987.0,7426.6240234375,55,6,2019-06-01
xgboost_temp,2019-08-01,8180.0,8236.4951171875,56,1,2019-07-01
xgboost_temp,2019-09-01,7664.0,7731.474609375,56,2,2019-07-01
xgboost_temp,2019-10-01,7254.0,7468.283203125,56,3,2019-07-01
xgboost_temp,2019-11-01,6785.0,7224.85302734375,56,4,2019-07-01
xgboost_temp,2019-12-01,6987.0,7390.62060546875,56,5,2019-07-01
xgboost_temp,2020-01-01,7194.0,7047.896484375,56,6,2019-07-01
xgboost_temp,2019-09-01,7664.0,7713.5986328125,57,1,2019-08-01
xgboost_temp,2019-10-01,7254.0,7454.06689453125,57,2,2019-08-01
xgboost_temp,2019-11-01,6785.0,7218.86474609375,57,3,2019-08-01
xgboost_temp,2019-12-01,6987.0,7376.669921875,57,4,2019-08-01
xgboost_temp,2020-01-01,7194.0,7026.40283203125,57,5,2019-08-01
xgboost_temp,2020-02-01,6848.0,6436.21337890625,57,6,2019-08-01
xgboost_temp,2019-10-01,7254.0,7451.353515625,58,1,2019-09-01
xgboost_temp,2019-11-01,6785.0,7196.5859375,58,2,2019-09-01
xgboost_temp,2019-12-01,6987.0,7395.21728515625,58,3,2019-09-01
xgboost_temp,2020-01-01,7194.0,6994.84326171875,58,4,2019-09-01
xgboost_temp,2020-02-01,6848.0,6473.08447265625,58,5,2019-09-01
xgboost_temp,2020-03-01,7324.0,6889.849609375,58,6,2019-09-01
xgboost_temp,2019-11-01,6785.0,7212.623046875,59,1,2019-10-01
xgboost_temp,2019-12-01,6987.0,7343.634765625,59,2,2019-10-01
xgboost_temp,2020-01-01,7194.0,7041.181640625,59,3,2019-10-01
xgboost_temp,2020-02-01,6848.0,6482.7138671875,59,4,2019-10-01
xgboost_temp,2020-03-01,7324.0,6891.48974609375,59,5,2019-10-01
xgboost_temp,2020-04-01,5978.0,6877.8525390625,59,6,2019-10-01
xgboost_temp,2019-12-01,6987.0,7266.88037109375,60,1,2019-11-01
xgboost_temp,2020-01-01,7194.0,6892.30517578125,60,2,2019-11-01
xgboost_temp,2020-02-01,6848.0,6455.4033203125,60,3,2019-11-01
xgboost_temp,2020-03-01,7324.0,6895.57861328125,60,4,2019-11-01
xgboost_temp,2020-04-01,5978.0,6866.0478515625,60,5,2019-11-01
xgboost_temp,2020-05-01,7062.0,7584.87841796875,60,6,2019-11-01
xgboost_temp,2020-01-01,7194.0,6841.55615234375,61,1,2019-12-01
xgboost_temp,2020-02-01,6848.0,6395.1220703125,61,2,2019-12-01
xgboost_temp,2020-03-01,7324.0,6858.7060546875,61,3,2019-12-01
xgboost_temp,2020-04-01,5978.0,6868.97021484375,61,4,2019-12-01
xgboost_temp,2020-05-01,7062.0,7588.8251953125,61,5,2019-12-01
xgboost_temp,2020-06-01,6948.0,8063.42578125,61,6,2019-12-01
xgboost_temp,2020-02-01,6848.0,6425.3193359375,62,1,2020-01-01
xgboost_temp,2020-03-01,7324.0,6871.9619140625,62,2,2020-01-01
xgboost_temp,2020-04-01,5978.0,6948.890625,62,3,2020-01-01
xgboost_temp,2020-05-01,7062.0,7744.126953125,62,4,2020-01-01
xgboost_temp,2020-06-01,6948.0,8221.4130859375,62,5,2020-01-01
xgboost_temp,2020-07-01,7392.0,8733.8564453125,62,6,2020-01-01
xgboost_temp,2020-03-01,7324.0,6953.06591796875,63,1,2020-02-01
xgboost_temp,2020-04-01,5978.0,7066.54833984375,63,2,2020-02-01
xgboost_temp,2020-05-01,7062.0,7809.2353515625,63,3,2020-02-01
xgboost_temp,2020-06-01,6948.0,8272.4345703125,63,4,2020-02-01
xgboost_temp,2020-07-01,7392.0,8708.7333984375,63,5,2020-02-01
xgboost_temp,2020-08-01,7678.0,8167.255859375,63,6,2020-02-01
xgboost_temp,2020-04-01,5978.0,7146.11474609375,64,1,2020-03-01
xgboost_temp,2020-05-01,7062.0,7804.40673828125,64,2,2020-03-01
xgboost_temp,2020-06-01,6948.0,8258.7783203125,64,3,2020-03-01
xgboost_temp,2020-07-01,7392.0,8715.3369140625,64,4,2020-03-01
xgboost_temp,2020-08-01,7678.0,8193.4833984375,64,5,2020-03-01
xgboost_temp,2020-09-01,7005.0,7560.6796875,64,6,2020-03-01
xgboost_temp,2020-05-01,7062.0,7607.89453125,65,1,2020-04-01
xgboost_temp,2020-06-01,6948.0,7920.7080078125,65,2,2020-04-01
xgboost_temp,2020-07-01,7392.0,8608.3466796875,65,3,2020-04-01
xgboost_temp,2020-08-01,7678.0,8257.87109375,65,4,2020-04-01
xgboost_temp,2020-09-01,7005.0,7563.0595703125,65,5,2020-04-01
xgboost_temp,2020-10-01,7385.0,7408.0673828125,65,6,2020-04-01
xgboost_temp,2020-06-01,6948.0,7747.9423828125,66,1,2020-05-01
xgboost_temp,2020-07-01,7392.0,8351.0888671875,66,2,2020-05-01
xgboost_temp,2020-08-01,7678.0,8264.3193359375,66,3,2020-05-01
xgboost_temp,2020-09-01,7005.0,7745.74658203125,66,4,2020-05-01
xgboost_temp,2020-10-01,7385.0,7347.56982421875,66,5,2020-05-01
xgboost_temp,2020-11-01,6872.0,7067.21435546875,66,6,2020-05-01
xgboost_temp,2020-07-01,7392.0,7785.009765625,67,1,2020-06-01
xgboost_temp,2020-08-01,7678.0,8177.041015625,67,2,2020-06-01
xgboost_temp,2020-09-01,7005.0,7717.44482421875,67,3,2020-06-01
xgboost_temp,2020-10-01,7385.0,7398.267578125,67,4,2020-06-01
xgboost_temp,2020-11-01,6872.0,6988.21435546875,67,5,2020-06-01
xgboost_temp,2020-12-01,6781.0,7043.69091796875,67,6,2020-06-01
xgboost_temp,2020-08-01,7678.0,7884.9775390625,68,1,2020-07-01
xgboost_temp,2020-09-01,7005.0,7681.65283203125,68,2,2020-07-01
xgboost_temp,2020-10-01,7385.0,7440.0908203125,68,3,2020-07-01
xgboost_temp,2020-11-01,6872.0,6981.83935546875,68,4,2020-07-01
xgboost_temp,2020-12-01,6781.0,7012.73486328125,68,5,2020-07-01
xgboost_temp,2021-01-01,6917.0,6921.998046875,68,6,2020-07-01
xgboost_temp,2020-09-01,7005.0,7651.47021484375,69,1,2020-08-01
xgboost_temp,2020-10-01,7385.0,7412.41259765625,69,2,2020-08-01
xgboost_temp,2020-11-01,6872.0,6980.611328125,69,3,2020-08-01
xgboost_temp,2020-12-01,6781.0,7047.21826171875,69,4,2020-08-01
xgboost_temp,2021-01-01,6917.0,6976.08740234375,69,5,2020-08-01
xgboost_temp,2021-02-01,6217.0,7133.65087890625,69,6,2020-08-01
xgboost_temp,2020-10-01,7385.0,7263.70068359375,70,1,2020-09-01
xgboost_temp,2020-11-01,6872.0,6869.2880859375,70,2,2020-09-01
xgboost_temp,2020-12-01,6781.0,7078.548828125,70,3,2020-09-01
xgboost_temp,2021-01-01,6917.0,6915.03759765625,70,4,2020-09-01
xgboost_temp,2021-02-01,6217.0,7084.40576171875,70,5,2020-09-01
xgboost_temp,2021-03-01,7569.0,7117.6904296875,70,6,2020-09-01
xgboost_temp,2020-11-01,6872.0,6933.03076171875,71,1,2020-10-01
xgboost_temp,2020-12-01,6781.0,7038.17919921875,71,2,2020-10-01
xgboost_temp,2021-01-01,6917.0,6885.79541015625,71,3,2020-10-01
xgboost_temp,2021-02-01,6217.0,7000.2421875,71,4,2020-10-01
xgboost_temp,2021-03-01,7569.0,7132.20458984375,71,5,2020-10-01
xgboost_temp,2021-04-01,6917.0,6490.92578125,71,6,2020-10-01
xgboost_temp,2020-12-01,6781.0,7062.58349609375,72,1,2020-11-01
xgboost_temp,2021-01-01,6917.0,6858.0048828125,72,2,2020-11-01
xgboost_temp,2021-02-01,6217.0,7072.38671875,72,3,2020-11-01
xgboost_temp,2021-03-01,7569.0,7159.14599609375,72,4,2020-11-01
xgboost_temp,2021-04-01,6917.0,6505.921875,72,5,2020-11-01
xgboost_temp,2021-05-01,8253.0,7106.650390625,72,6,2020-11-01
xgboost_temp,2021-01-01,6917.0,6884.72802734375,73,1,2020-12-01
xgboost_temp,2021-02-01,6217.0,6949.4091796875,73,2,2020-12-01
xgboost_temp,2021-03-01,7569.0,7170.87255859375,73,3,2020-12-01
xgboost_temp,2021-04-01,6917.0,6457.4013671875,73,4,2020-12-01
xgboost_temp,2021-05-01,8253.0,7127.7412109375,73,5,2020-12-01
xgboost_temp,2021-06-01,8153.0,7082.361328125,73,6,2020-12-01
xgboost_temp,2021-02-01,6217.0,6994.1005859375,74,1,2021-01-01
xgboost_temp,2021-03-01,7569.0,7207.5751953125,74,2,2021-01-01
xgboost_temp,2021-04-01,6917.0,6470.9453125,74,3,2021-01-01
xgboost_temp,2021-05-01,8253.0,7079.66357421875,74,4,2021-01-01
xgboost_temp,2021-06-01,8153.0,7052.49072265625,74,5,2021-01-01
xgboost_temp,2021-07-01,9251.0,7562.333984375,74,6,2021-01-01
xgboost_temp,2021-03-01,7569.0,7118.419921875,75,1,2021-02-01
xgboost_temp,2021-04-01,6917.0,6371.82958984375,75,2,2021-02-01
xgboost_temp,2021-05-01,8253.0,7125.76318359375,75,3,2021-02-01
xgboost_temp,2021-06-01,8153.0,7168.8896484375,75,4,2021-02-01
xgboost_temp,2021-07-01,9251.0,7908.982421875,75,5,2021-02-01
xgboost_temp,2021-08-01,8830.0,7923.01611328125,75,6,2021-02-01
xgboost_temp,2021-04-01,6917.0,6426.6123046875,76,1,2021-03-01
xgboost_temp,2021-05-01,8253.0,7097.33984375,76,2,2021-03-01
xgboost_temp,2021-06-01,8153.0,7094.7431640625,76,3,2021-03-01
xgboost_temp,2021-07-01,9251.0,7776.47802734375,76,4,2021-03-01
xgboost_temp,2021-08-01,8830.0,7851.66455078125,76,5,2021-03-01
xgboost_temp,2021-09-01,7512.0,7020.16259765625,76,6,2021-03-01
xgboost_temp,2021-05-01,8253.0,7116.39208984375,77,1,2021-04-01
xgboost_temp,2021-06-01,8153.0,7179.02197265625,77,2,2021-04-01
xgboost_temp,2021-07-01,9251.0,7672.47314453125,77,3,2021-04-01
xgboost_temp,2021-08-01,8830.0,7739.0234375,77,4,2021-04-01
xgboost_temp,2021-09-01,7512.0,6907.60986328125,77,5,2021-04-01
xgboost_temp,2021-10-01,7656.0,7335.4638671875,77,6,2021-04-01
xgboost_temp,2021-06-01,8153.0,7603.5078125,78,1,2021-05-01
xgboost_temp,2021-07-01,9251.0,7844.736328125,78,2,2021-05-01
xgboost_temp,2021-08-01,8830.0,7895.9765625,78,3,2021-05-01
xgboost_temp,2021-09-01,7512.0,7215.4931640625,78,4,2021-05-01
xgboost_temp,2021-10-01,7656.0,7420.0302734375,78,5,2021-05-01
xgboost_temp,2021-11-01,7603.0,6947.7216796875,78,6,2021-05-01
xgboost_temp,2021-07-01,9251.0,8074.89013671875,79,1,2021-06-01
xgboost_temp,2021-08-01,8830.0,7951.0458984375,79,2,2021-06-01
xgboost_temp,2021-09-01,7512.0,7250.7333984375,79,3,2021-06-01
xgboost_temp,2021-10-01,7656.0,7325.94482421875,79,4,2021-06-01
xgboost_temp,2021-11-01,7603.0,6959.7109375,79,5,2021-06-01
xgboost_temp,2021-12-01,8237.0,6918.26416015625,79,6,2021-06-01
xgboost_temp,2021-08-01,8830.0,7909.6005859375,80,1,2021-07-01
xgboost_temp,2021-09-01,7512.0,7319.4150390625,80,2,2021-07-01
xgboost_temp,2021-10-01,7656.0,7312.134765625,80,3,2021-07-01
xgboost_temp,2021-11-01,7603.0,6985.1044921875,80,4,2021-07-01
xgboost_temp,2021-12-01,8237.0,6892.46337890625,80,5,2021-07-01
xgboost_temp,2022-01-01,9582.0,7042.50927734375,80,6,2021-07-01
xgboost_temp,2021-09-01,7512.0,7243.2978515625,81,1,2021-08-01
xgboost_temp,2021-10-01,7656.0,7314.6240234375,81,2,2021-08-01
xgboost_temp,2021-11-01,7603.0,7090.12109375,81,3,2021-08-01
xgboost_temp,2021-12-01,8237.0,7048.48046875,81,4,2021-08-01
xgboost_temp,2022-01-01,9582.0,7147.07275390625,81,5,2021-08-01
xgboost_temp,2022-02-01,7227.0,6596.33251953125,81,6,2021-08-01
xgboost_temp,2021-10-01,7656.0,7313.314453125,82,1,2021-09-01
xgboost_temp,2021-11-01,7603.0,7076.380859375,82,2,2021-09-01
xgboost_temp,2021-12-01,8237.0,7053.86328125,82,3,2021-09-01
xgboost_temp,2022-01-01,9582.0,7125.849609375,82,4,2021-09-01
xgboost_temp,2022-02-01,7227.0,6710.2119140625,82,5,2021-09-01
xgboost_temp,2022-03-01,7504.0,7177.22802734375,82,6,2021-09-01
xgboost_temp,2021-11-01,7603.0,7037.7314453125,83,1,2021-10-01
xgboost_temp,2021-12-01,8237.0,6980.654296875,83,2,2021-10-01
xgboost_temp,2022-01-01,9582.0,7076.82958984375,83,3,2021-10-01
xgboost_temp,2022-02-01,7227.0,6790.79150390625,83,4,2021-10-01
xgboost_temp,2022-03-01,7504.0,7165.74365234375,83,5,2021-10-01
xgboost_temp,2022-04-01,7589.0,6320.53125,83,6,2021-10-01
xgboost_temp,2021-12-01,8237.0,7057.03271484375,84,1,2021-11-01
xgboost_temp,2022-01-01,9582.0,7130.49365234375,84,2,2021-11-01
xgboost_temp,2022-02-01,7227.0,6737.37451171875,84,3,2021-11-01
xgboost_temp,2022-03-01,7504.0,7149.0556640625,84,4,2021-11-01
xgboost_temp,2022-04-01,7589.0,6389.4951171875,84,5,2021-11-01
xgboost_temp,2022-05-01,8846.0,7287.541015625,84,6,2021-11-01
xgboost_temp,2022-01-01,9582.0,7610.6630859375,85,1,2021-12-01
xgboost_temp,2022-02-01,7227.0,7294.287109375,85,2,2021-12-01
xgboost_temp,2022-03-01,7504.0,7563.525390625,85,3,2021-12-01
xgboost_temp,2022-04-01,7589.0,7055.68212890625,85,4,2021-12-01
xgboost_temp,2022-05-01,8846.0,7151.97216796875,85,5,2021-12-01
xgboost_temp,2022-06-01,9057.0,7542.5400390625,85,6,2021-12-01
xgboost_temp,2022-02-01,7227.0,7769.15087890625,86,1,2022-01-01
xgboost_temp,2022-03-01,7504.0,8058.85107421875,86,2,2022-01-01
xgboost_temp,2022-04-01,7589.0,7885.455078125,86,3,2022-01-01
xgboost_temp,2022-05-01,8846.0,7816.24072265625,86,4,2022-01-01
xgboost_temp,2022-06-01,9057.0,8229.6923828125,86,5,2022-01-01
xgboost_temp,2022-07-01,8699.0,8937.705078125,86,6,2022-01-01
xgboost_temp,2022-03-01,7504.0,7145.61572265625,87,1,2022-02-01
xgboost_temp,2022-04-01,7589.0,6675.71484375,87,2,2022-02-01
xgboost_temp,2022-05-01,8846.0,6946.62255859375,87,3,2022-02-01
xgboost_temp,2022-06-01,9057.0,7249.07568359375,87,4,2022-02-01
xgboost_temp,2022-07-01,8699.0,7731.6845703125,87,5,2022-02-01
xgboost_temp,2022-08-01,8834.0,8008.947265625,87,6,2022-02-01
xgboost_temp,2022-04-01,7589.0,6801.61865234375,88,1,2022-03-01
xgboost_temp,2022-05-01,8846.0,7055.14208984375,88,2,2022-03-01
xgboost_temp,2022-06-01,9057.0,7278.375,88,3,2022-03-01
xgboost_temp,2022-07-01,8699.0,7711.24462890625,88,4,2022-03-01
xgboost_temp,2022-08-01,8834.0,7999.7216796875,88,5,2022-03-01
xgboost_temp,2022-09-01,8228.0,8056.54345703125,88,6,2022-03-01
xgboost_temp,2022-05-01,8846.0,7603.06103515625,89,1,2022-04-01
xgboost_temp,2022-06-01,9057.0,8114.15771484375,89,2,2022-04-01
xgboost_temp,2022-07-01,8699.0,8646.6943359375,89,3,2022-04-01
xgboost_temp,2022-08-01,8834.0,8446.119140625,89,4,2022-04-01
xgboost_temp,2022-09-01,8228.0,8340.62109375,89,5,2022-04-01
xgboost_temp,2022-10-01,8388.0,8068.91748046875,89,6,2022-04-01
xgboost_temp,2022-06-01,9057.0,9017.5009765625,90,1,2022-05-01
xgboost_temp,2022-07-01,8699.0,8749.345703125,90,2,2022-05-01
xgboost_temp,2022-08-01,8834.0,8362.146484375,90,3,2022-05-01
xgboost_temp,2022-09-01,8228.0,8227.1064453125,90,4,2022-05-01
xgboost_temp,2022-10-01,8388.0,8621.26171875,90,5,2022-05-01
xgboost_temp,2022-11-01,7588.0,8657.44921875,90,6,2022-05-01
xgboost_temp,2022-07-01,8699.0,8816.244140625,91,1,2022-06-01
xgboost_temp,2022-08-01,8834.0,8296.28125,91,2,2022-06-01
xgboost_temp,2022-09-01,8228.0,8148.748046875,91,3,2022-06-01
xgboost_temp,2022-10-01,8388.0,8324.294921875,91,4,2022-06-01
xgboost_temp,2022-11-01,7588.0,8663.9375,91,5,2022-06-01
xgboost_temp,2022-12-01,7850.0,8684.0595703125,91,6,2022-06-01
xgboost_temp,2022-08-01,8834.0,8338.3583984375,92,1,2022-07-01
xgboost_temp,2022-09-01,8228.0,8290.646484375,92,2,2022-07-01
xgboost_temp,2022-10-01,8388.0,8503.0712890625,92,3,2022-07-01
xgboost_temp,2022-11-01,7588.0,8636.6171875,92,4,2022-07-01
xgboost_temp,2022-12-01,7850.0,8650.494140625,92,5,2022-07-01
xgboost_temp,2023-01-01,7563.0,8482.16796875,92,6,2022-07-01
xgboost_temp,2022-09-01,8228.0,8365.0048828125,93,1,2022-08-01
xgboost_temp,2022-10-01,8388.0,8636.1806640625,93,2,2022-08-01
xgboost_temp,2022-11-01,7588.0,8792.375,93,3,2022-08-01
xgboost_temp,2022-12-01,7850.0,8723.220703125,93,4,2022-08-01
xgboost_temp,2023-01-01,7563.0,8766.1572265625,93,5,2022-08-01
xgboost_temp,2023-02-01,6551.0,8716.169921875,93,6,2022-08-01
xgboost_temp,2022-10-01,8388.0,8532.60546875,94,1,2022-09-01
xgboost_temp,2022-11-01,7588.0,8653.4501953125,94,2,2022-09-01
xgboost_temp,2022-12-01,7850.0,8662.0693359375,94,3,2022-09-01
xgboost_temp,2023-01-01,7563.0,8735.0595703125,94,4,2022-09-01
xgboost_temp,2023-02-01,6551.0,8414.3662109375,94,5,2022-09-01
xgboost_temp,2023-03-01,7507.0,8531.7861328125,94,6,2022-09-01
xgboost_temp,2022-11-01,7588.0,8579.6728515625,95,1,2022-10-01
xgboost_temp,2022-12-01,7850.0,8580.927734375,95,2,2022-10-01
xgboost_temp,2023-01-01,7563.0,8570.73046875,95,3,2022-10-01
xgboost_temp,2023-02-01,6551.0,8250.7919921875,95,4,2022-10-01
xgboost_temp,2023-03-01,7507.0,8467.5498046875,95,5,2022-10-01
xgboost_temp,2023-04-01,7745.0,8536.4365234375,95,6,2022-10-01
xgboost_temp,2022-12-01,7850.0,8297.849609375,96,1,2022-11-01
xgboost_temp,2023-01-01,7563.0,8666.28515625,96,2,2022-11-01
xgboost_temp,2023-02-01,6551.0,8515.8056640625,96,3,2022-11-01
xgboost_temp,2023-03-01,7507.0,8444.279296875,96,4,2022-11-01
xgboost_temp,2023-04-01,7745.0,8135.86474609375,96,5,2022-11-01
xgboost_temp,2023-05-01,8600.0,8326.4951171875,96,6,2022-11-01
xgboost_temp,2023-01-01,7563.0,8414.48828125,97,1,2022-12-01
xgboost_temp,2023-02-01,6551.0,8500.53515625,97,2,2022-12-01
xgboost_temp,2023-03-01,7507.0,8260.4208984375,97,3,2022-12-01
xgboost_temp,2023-04-01,7745.0,8087.68017578125,97,4,2022-12-01
xgboost_temp,2023-05-01,8600.0,8132.37890625,97,5,2022-12-01
xgboost_temp,2023-06-01,9151.0,8333.53125,97,6,2022-12-01
xgboost_temp,2023-02-01,6551.0,7876.72216796875,98,1,2023-01-01
xgboost_temp,2023-03-01,7507.0,7814.92041015625,98,2,2023-01-01
xgboost_temp,2023-04-01,7745.0,8114.533203125,98,3,2023-01-01
xgboost_temp,2023-05-01,8600.0,7913.52783203125,98,4,2023-01-01
xgboost_temp,2023-06-01,9151.0,8258.4775390625,98,5,2023-01-01
xgboost_temp,2023-07-01,9183.0,8691.4033203125,98,6,2023-01-01
xgboost_temp,2023-03-01,7507.0,6878.3623046875,99,1,2023-02-01
xgboost_temp,2023-04-01,7745.0,7178.48095703125,99,2,2023-02-01
xgboost_temp,2023-05-01,8600.0,7303.43408203125,99,3,2023-02-01
xgboost_temp,2023-06-01,9151.0,7806.12353515625,99,4,2023-02-01
xgboost_temp,2023-07-01,9183.0,8454.271484375,99,5,2023-02-01
xgboost_temp,2023-08-01,8297.0,8622.95703125,99,6,2023-02-01
xgboost_temp,2023-04-01,7745.0,7459.8740234375,100,1,2023-03-01
xgboost_temp,2023-05-01,8600.0,7649.275390625,100,2,2023-03-01
xgboost_temp,2023-06-01,9151.0,8445.1494140625,100,3,2023-03-01
xgboost_temp,2023-07-01,9183.0,8803.8271484375,100,4,2023-03-01
xgboost_temp,2023-08-01,8297.0,8654.669921875,100,5,2023-03-01
xgboost_temp,2023-09-01,7823.0,8100.3486328125,100,6,2023-03-01
xgboost_temp,2023-05-01,8600.0,8176.7197265625,101,1,2023-04-01
xgboost_temp,2023-06-01,9151.0,8526.7138671875,101,2,2023-04-01
xgboost_temp,2023-07-01,9183.0,8645.6298828125,101,3,2023-04-01
xgboost_temp,2023-08-01,8297.0,8478.0126953125,101,4,2023-04-01
xgboost_temp,2023-09-01,7823.0,8074.86181640625,101,5,2023-04-01
xgboost_temp,2023-10-01,7507.0,7933.927734375,101,6,2023-04-01
xgboost_temp,2023-06-01,9151.0,8630.89453125,102,1,2023-05-01
xgboost_temp,2023-07-01,9183.0,8603.291015625,102,2,2023-05-01
xgboost_temp,2023-08-01,8297.0,8399.73828125,102,3,2023-05-01
xgboost_temp,2023-09-01,7823.0,8071.27734375,102,4,2023-05-01
xgboost_temp,2023-10-01,7507.0,8048.51513671875,102,5,2023-05-01
xgboost_temp,2023-11-01,8107.0,7731.9599609375,102,6,2023-05-01
xgboost_temp,2023-07-01,9183.0,8605.85546875,103,1,2023-06-01
xgboost_temp,2023-08-01,8297.0,8539.9833984375,103,2,2023-06-01
xgboost_temp,2023-09-01,7823.0,8093.146484375,103,3,2023-06-01
xgboost_temp,2023-10-01,7507.0,8091.8203125,103,4,2023-06-01
xgboost_temp,2023-11-01,8107.0,7633.90478515625,103,5,2023-06-01
xgboost_temp,2023-12-01,7504.0,7572.6826171875,103,6,2023-06-01
catboost_temp,2015-01-01,7184.0,6364.529365438785,1,1,2014-12-01
catboost_temp,2015-02-01,5958.0,6290.753995105812,1,2,2014-12-01
catboost_temp,2015-03-01,6658.0,6310.350766689586,1,3,2014-12-01
catboost_temp,2015-04-01,7069.0,6402.087838857648,1,4,2014-12-01
catboost_temp,2015-05-01,8099.0,7386.834934858754,1,5,2014-12-01
catboost_temp,2015-06-01,7868.0,7327.620478924753,1,6,2014-12-01
catboost_temp,2015-02-01,5958.0,6309.8291160978015,2,1,2015-01-01
catboost_temp,2015-03-01,6658.0,6399.075637285431,2,2,2015-01-01
catboost_temp,2015-04-01,7069.0,6382.783103378471,2,3,2015-01-01
catboost_temp,2015-05-01,8099.0,7273.349781691245,2,4,2015-01-01
catboost_temp,2015-06-01,7868.0,7241.054892918752,2,5,2015-01-01
catboost_temp,2015-07-01,7986.0,7744.258628991394,2,6,2015-01-01
catboost_temp,2015-03-01,6658.0,6381.731175892162,3,1,2015-02-01
catboost_temp,2015-04-01,7069.0,6379.540654889329,3,2,2015-02-01
catboost_temp,2015-05-01,8099.0,7191.484429007991,3,3,2015-02-01
catboost_temp,2015-06-01,7868.0,7222.854720786375,3,4,2015-02-01
catboost_temp,2015-07-01,7986.0,7743.898346059786,3,5,2015-02-01
catboost_temp,2015-08-01,7251.0,7587.8842226028655,3,6,2015-02-01
catboost_temp,2015-04-01,7069.0,6297.145829123851,4,1,2015-03-01
catboost_temp,2015-05-01,8099.0,7185.484605615314,4,2,2015-03-01
catboost_temp,2015-06-01,7868.0,7266.192490077112,4,3,2015-03-01
catboost_temp,2015-07-01,7986.0,7739.949600351611,4,4,2015-03-01
catboost_temp,2015-08-01,7251.0,7586.673180234527,4,5,2015-03-01
catboost_temp,2015-09-01,7163.0,6810.3082056886615,4,6,2015-03-01
catboost_temp,2015-05-01,8099.0,7247.6964888728,5,1,2015-04-01
catboost_temp,2015-06-01,7868.0,7429.386979901586,5,2,2015-04-01
catboost_temp,2015-07-01,7986.0,7643.488758726218,5,3,2015-04-01
catboost_temp,2015-08-01,7251.0,7443.7546956854785,5,4,2015-04-01
catboost_temp,2015-09-01,7163.0,6830.715086957713,5,5,2015-04-01
catboost_temp,2015-10-01,6690.0,6909.424729499139,5,6,2015-04-01
catboost_temp,2015-06-01,7868.0,7352.46635638679,6,1,2015-05-01
catboost_temp,2015-07-01,7986.0,7574.46514332942,6,2,2015-05-01
catboost_temp,2015-08-01,7251.0,7472.428448166329,6,3,2015-05-01
catboost_temp,2015-09-01,7163.0,6731.050656160111,6,4,2015-05-01
catboost_temp,2015-10-01,6690.0,6942.393269377197,6,5,2015-05-01
catboost_temp,2015-11-01,6392.0,6434.9156615070215,6,6,2015-05-01
catboost_temp,2015-07-01,7986.0,7570.320427430373,7,1,2015-06-01
catboost_temp,2015-08-01,7251.0,7374.966934940518,7,2,2015-06-01
catboost_temp,2015-09-01,7163.0,6835.15706203382,7,3,2015-06-01
catboost_temp,2015-10-01,6690.0,6807.007333240558,7,4,2015-06-01
catboost_temp,2015-11-01,6392.0,6475.374179281847,7,5,2015-06-01
catboost_temp,2015-12-01,6753.0,6523.129314232191,7,6,2015-06-01
catboost_temp,2015-08-01,7251.0,7479.836427363134,8,1,2015-07-01
catboost_temp,2015-09-01,7163.0,6814.352679385117,8,2,2015-07-01
catboost_temp,2015-10-01,6690.0,6931.121136940879,8,3,2015-07-01
catboost_temp,2015-11-01,6392.0,6465.532335609133,8,4,2015-07-01
catboost_temp,2015-12-01,6753.0,6578.064179919185,8,5,2015-07-01
catboost_temp,2016-01-01,6753.0,6792.745696741,8,6,2015-07-01
catboost_temp,2015-09-01,7163.0,6812.852692089391,9,1,2015-08-01
catboost_temp,2015-10-01,6690.0,6953.830887702388,9,2,2015-08-01
catboost_temp,2015-11-01,6392.0,6457.064606877662,9,3,2015-08-01
catboost_temp,2015-12-01,6753.0,6571.074726201866,9,4,2015-08-01
catboost_temp,2016-01-01,6753.0,6793.797733204221,9,5,2015-08-01
catboost_temp,2016-02-01,6385.0,6226.929652040262,9,6,2015-08-01
catboost_temp,2015-10-01,6690.0,6922.926888224604,10,1,2015-09-01
catboost_temp,2015-11-01,6392.0,6418.374205644639,10,2,2015-09-01
catboost_temp,2015-12-01,6753.0,6672.00975962516,10,3,2015-09-01
catboost_temp,2016-01-01,6753.0,6805.866449351311,10,4,2015-09-01
catboost_temp,2016-02-01,6385.0,6326.99974711518,10,5,2015-09-01
catboost_temp,2016-03-01,7164.0,6639.178873119308,10,6,2015-09-01
catboost_temp,2015-11-01,6392.0,6440.517850590303,11,1,2015-10-01
catboost_temp,2015-12-01,6753.0,6610.144783880679,11,2,2015-10-01
catboost_temp,2016-01-01,6753.0,6724.007449136472,11,3,2015-10-01
catboost_temp,2016-02-01,6385.0,6228.092531417947,11,4,2015-10-01
catboost_temp,2016-03-01,7164.0,6567.619143392398,11,5,2015-10-01
catboost_temp,2016-04-01,7192.0,7035.750268416541,11,6,2015-10-01
catboost_temp,2015-12-01,6753.0,6607.028186326745,12,1,2015-11-01
catboost_temp,2016-01-01,6753.0,6683.813647746822,12,2,2015-11-01
catboost_temp,2016-02-01,6385.0,6173.875526636318,12,3,2015-11-01
catboost_temp,2016-03-01,7164.0,6597.701104414485,12,4,2015-11-01
catboost_temp,2016-04-01,7192.0,7020.967644065087,12,5,2015-11-01
catboost_temp,2016-05-01,7743.0,7573.720807158455,12,6,2015-11-01
catboost_temp,2016-01-01,6753.0,6727.6354062886685,13,1,2015-12-01
catboost_temp,2016-02-01,6385.0,6224.392813973513,13,2,2015-12-01
catboost_temp,2016-03-01,7164.0,6657.379827013458,13,3,2015-12-01
catboost_temp,2016-04-01,7192.0,7158.619174074147,13,4,2015-12-01
catboost_temp,2016-05-01,7743.0,7649.732623600306,13,5,2015-12-01
catboost_temp,2016-06-01,8767.0,7731.388994116731,13,6,2015-12-01
catboost_temp,2016-02-01,6385.0,6204.874347130331,14,1,2016-01-01
catboost_temp,2016-03-01,7164.0,6606.239270445923,14,2,2016-01-01
catboost_temp,2016-04-01,7192.0,7047.014031257148,14,3,2016-01-01
catboost_temp,2016-05-01,7743.0,7655.853082818499,14,4,2016-01-01
catboost_temp,2016-06-01,8767.0,7642.419061279273,14,5,2016-01-01
catboost_temp,2016-07-01,8479.0,7567.8207786758,14,6,2016-01-01
catboost_temp,2016-03-01,7164.0,6595.841892570918,15,1,2016-02-01
catboost_temp,2016-04-01,7192.0,6990.582514042263,15,2,2016-02-01
catboost_temp,2016-05-01,7743.0,7599.008665531062,15,3,2016-02-01
catboost_temp,2016-06-01,8767.0,7676.367508840118,15,4,2016-02-01
catboost_temp,2016-07-01,8479.0,7669.473263612716,15,5,2016-02-01
catboost_temp,2016-08-01,7890.0,7412.641891764277,15,6,2016-02-01
catboost_temp,2016-04-01,7192.0,7192.755299186509,16,1,2016-03-01
catboost_temp,2016-05-01,7743.0,7670.2587638639825,16,2,2016-03-01
catboost_temp,2016-06-01,8767.0,7650.291121456868,16,3,2016-03-01
catboost_temp,2016-07-01,8479.0,7537.239754651701,16,4,2016-03-01
catboost_temp,2016-08-01,7890.0,7476.467428182861,16,5,2016-03-01
catboost_temp,2016-09-01,7317.0,7013.911593513834,16,6,2016-03-01
catboost_temp,2016-05-01,7743.0,7654.437745496564,17,1,2016-04-01
catboost_temp,2016-06-01,8767.0,7686.041120395779,17,2,2016-04-01
catboost_temp,2016-07-01,8479.0,7527.204543573704,17,3,2016-04-01
catboost_temp,2016-08-01,7890.0,7510.487044192941,17,4,2016-04-01
catboost_temp,2016-09-01,7317.0,7040.181110284118,17,5,2016-04-01
catboost_temp,2016-10-01,7426.0,6720.489366538488,17,6,2016-04-01
catboost_temp,2016-06-01,8767.0,7708.893731946235,18,1,2016-05-01
catboost_temp,2016-07-01,8479.0,7549.505853607003,18,2,2016-05-01
catboost_temp,2016-08-01,7890.0,7474.253008171139,18,3,2016-05-01
catboost_temp,2016-09-01,7317.0,6961.620340683834,18,4,2016-05-01
catboost_temp,2016-10-01,7426.0,6659.7013849578425,18,5,2016-05-01
catboost_temp,2016-11-01,6700.0,6552.469407850587,18,6,2016-05-01
catboost_temp,2016-07-01,8479.0,7660.963054375848,19,1,2016-06-01
catboost_temp,2016-08-01,7890.0,7515.572348267739,19,2,2016-06-01
catboost_temp,2016-09-01,7317.0,7040.985754003344,19,3,2016-06-01
catboost_temp,2016-10-01,7426.0,6682.572420033069,19,4,2016-06-01
catboost_temp,2016-11-01,6700.0,6572.9002547002565,19,5,2016-06-01
catboost_temp,2016-12-01,6994.0,6652.315691327332,19,6,2016-06-01
catboost_temp,2016-08-01,7890.0,7511.368028428742,20,1,2016-07-01
catboost_temp,2016-09-01,7317.0,7073.807523073753,20,2,2016-07-01
catboost_temp,2016-10-01,7426.0,6629.004862696782,20,3,2016-07-01
catboost_temp,2016-11-01,6700.0,6496.429593156677,20,4,2016-07-01
catboost_temp,2016-12-01,6994.0,6616.384936050295,20,5,2016-07-01
catboost_temp,2017-01-01,6788.0,6523.567210031684,20,6,2016-07-01
catboost_temp,2016-09-01,7317.0,7072.208406806734,21,1,2016-08-01
catboost_temp,2016-10-01,7426.0,6555.243108421362,21,2,2016-08-01
catboost_temp,2016-11-01,6700.0,6522.825204346005,21,3,2016-08-01
catboost_temp,2016-12-01,6994.0,6666.949578675393,21,4,2016-08-01
catboost_temp,2017-01-01,6788.0,6442.8932335307,21,5,2016-08-01
catboost_temp,2017-02-01,6271.0,6623.200734482149,21,6,2016-08-01
catboost_temp,2016-10-01,7426.0,6737.033140786265,22,1,2016-09-01
catboost_temp,2016-11-01,6700.0,6526.82399516127,22,2,2016-09-01
catboost_temp,2016-12-01,6994.0,6612.127929545419,22,3,2016-09-01
catboost_temp,2017-01-01,6788.0,6576.168905166307,22,4,2016-09-01
catboost_temp,2017-02-01,6271.0,6614.004398829428,22,5,2016-09-01
catboost_temp,2017-03-01,6794.0,7115.264385166407,22,6,2016-09-01
catboost_temp,2016-11-01,6700.0,6918.479728749889,23,1,2016-10-01
catboost_temp,2016-12-01,6994.0,6788.746990859799,23,2,2016-10-01
catboost_temp,2017-01-01,6788.0,6729.191510371421,23,3,2016-10-01
catboost_temp,2017-02-01,6271.0,6869.837098524529,23,4,2016-10-01
catboost_temp,2017-03-01,6794.0,7268.372827659578,23,5,2016-10-01
catboost_temp,2017-04-01,6884.0,7449.391083416809,23,6,2016-10-01
catboost_temp,2016-12-01,6994.0,6766.471103726549,24,1,2016-11-01
catboost_temp,2017-01-01,6788.0,6695.200285681311,24,2,2016-11-01
catboost_temp,2017-02-01,6271.0,6817.250575005509,24,3,2016-11-01
catboost_temp,2017-03-01,6794.0,7169.629448956453,24,4,2016-11-01
catboost_temp,2017-04-01,6884.0,7342.308329290061,24,5,2016-11-01
catboost_temp,2017-05-01,7651.0,7820.189069098537,24,6,2016-11-01
catboost_temp,2017-01-01,6788.0,6758.632240283261,25,1,2016-12-01
catboost_temp,2017-02-01,6271.0,6790.967216857173,25,2,2016-12-01
catboost_temp,2017-03-01,6794.0,7269.643288923073,25,3,2016-12-01
catboost_temp,2017-04-01,6884.0,7484.286009810367,25,4,2016-12-01
catboost_temp,2017-05-01,7651.0,7879.926805610592,25,5,2016-12-01
catboost_temp,2017-06-01,8009.0,8069.426506828055,25,6,2016-12-01
catboost_temp,2017-02-01,6271.0,6855.6326460380005,26,1,2017-01-01
catboost_temp,2017-03-01,6794.0,7263.189907742585,26,2,2017-01-01
catboost_temp,2017-04-01,6884.0,7441.879520161736,26,3,2017-01-01
catboost_temp,2017-05-01,7651.0,7910.795530584622,26,4,2017-01-01
catboost_temp,2017-06-01,8009.0,8032.948935948546,26,5,2017-01-01
catboost_temp,2017-07-01,8694.0,8067.693663631382,26,6,2017-01-01
catboost_temp,2017-03-01,6794.0,7125.896321379416,27,1,2017-02-01
catboost_temp,2017-04-01,6884.0,7424.238534409099,27,2,2017-02-01
catboost_temp,2017-05-01,7651.0,7744.109646233665,27,3,2017-02-01
catboost_temp,2017-06-01,8009.0,8009.042784872346,27,4,2017-02-01
catboost_temp,2017-07-01,8694.0,7933.250818279097,27,5,2017-02-01
catboost_temp,2017-08-01,8130.0,7948.249398118612,27,6,2017-02-01
catboost_temp,2017-04-01,6884.0,7387.268619251393,28,1,2017-03-01
catboost_temp,2017-05-01,7651.0,7746.836592483929,28,2,2017-03-01
catboost_temp,2017-06-01,8009.0,8018.362606411981,28,3,2017-03-01
catboost_temp,2017-07-01,8694.0,7946.961997577841,28,4,2017-03-01
catboost_temp,2017-08-01,8130.0,7986.45146806391,28,5,2017-03-01
catboost_temp,2017-09-01,7446.0,7614.688259814196,28,6,2017-03-01
catboost_temp,2017-05-01,7651.0,7676.602284949384,29,1,2017-04-01
catboost_temp,2017-06-01,8009.0,7992.101933307205,29,2,2017-04-01
catboost_temp,2017-07-01,8694.0,7867.313824443799,29,3,2017-04-01
catboost_temp,2017-08-01,8130.0,7958.5306400890895,29,4,2017-04-01
catboost_temp,2017-09-01,7446.0,7773.869978351451,29,5,2017-04-01
catboost_temp,2017-10-01,7282.0,7460.423730727147,29,6,2017-04-01
catboost_temp,2017-06-01,8009.0,7974.100213583039,30,1,2017-05-01
catboost_temp,2017-07-01,8694.0,7932.385224342047,30,2,2017-05-01
catboost_temp,2017-08-01,8130.0,7945.768956715568,30,3,2017-05-01
catboost_temp,2017-09-01,7446.0,7675.12537149593,30,4,2017-05-01
catboost_temp,2017-10-01,7282.0,7458.575478937495,30,5,2017-05-01
catboost_temp,2017-11-01,6830.0,6909.673387145541,30,6,2017-05-01
catboost_temp,2017-07-01,8694.0,7892.22496338649,31,1,2017-06-01
catboost_temp,2017-08-01,8130.0,7981.928705538608,31,2,2017-06-01
catboost_temp,2017-09-01,7446.0,7790.116707602708,31,3,2017-06-01
catboost_temp,2017-10-01,7282.0,7526.202300207362,31,4,2017-06-01
catboost_temp,2017-11-01,6830.0,6915.095278262674,31,5,2017-06-01
catboost_temp,2017-12-01,6946.0,6979.448727090055,31,6,2017-06-01
catboost_temp,2017-08-01,8130.0,8018.818773143736,32,1,2017-07-01
catboost_temp,2017-09-01,7446.0,7825.673083889912,32,2,2017-07-01
catboost_temp,2017-10-01,7282.0,7624.715219340735,32,3,2017-07-01
catboost_temp,2017-11-01,6830.0,7035.635718074654,32,4,2017-07-01
catboost_temp,2017-12-01,6946.0,6932.078874088512,32,5,2017-07-01
catboost_temp,2018-01-01,6886.0,6768.274310861977,32,6,2017-07-01
catboost_temp,2017-09-01,7446.0,7805.870909463241,33,1,2017-08-01
catboost_temp,2017-10-01,7282.0,7599.917248801958,33,2,2017-08-01
catboost_temp,2017-11-01,6830.0,7147.805763822988,33,3,2017-08-01
catboost_temp,2017-12-01,6946.0,6967.996334592592,33,4,2017-08-01
catboost_temp,2018-01-01,6886.0,6819.225166487572,33,5,2017-08-01
catboost_temp,2018-02-01,5960.0,6539.91867185659,33,6,2017-08-01
catboost_temp,2017-10-01,7282.0,7545.639000321987,34,1,2017-09-01
catboost_temp,2017-11-01,6830.0,7058.517343022222,34,2,2017-09-01
catboost_temp,2017-12-01,6946.0,6953.318065569007,34,3,2017-09-01
catboost_temp,2018-01-01,6886.0,6782.584925612084,34,4,2017-09-01
catboost_temp,2018-02-01,5960.0,6456.499057101515,34,5,2017-09-01
catboost_temp,2018-03-01,6930.0,6673.168399478623,34,6,2017-09-01
catboost_temp,2017-11-01,6830.0,7082.26913399689,35,1,2017-10-01
catboost_temp,2017-12-01,6946.0,6881.706112736354,35,2,2017-10-01
catboost_temp,2018-01-01,6886.0,6733.859076423457,35,3,2017-10-01
catboost_temp,2018-02-01,5960.0,6569.992354381594,35,4,2017-10-01
catboost_temp,2018-03-01,6930.0,6625.9645754453895,35,5,2017-10-01
catboost_temp,2018-04-01,6769.0,6852.332028696577,35,6,2017-10-01
catboost_temp,2017-12-01,6946.0,6892.945118111124,36,1,2017-11-01
catboost_temp,2018-01-01,6886.0,6749.373728941205,36,2,2017-11-01
catboost_temp,2018-02-01,5960.0,6463.601868263104,36,3,2017-11-01
catboost_temp,2018-03-01,6930.0,6595.636226257312,36,4,2017-11-01
catboost_temp,2018-04-01,6769.0,6841.030268298501,36,5,2017-11-01
catboost_temp,2018-05-01,7511.0,7470.337467875391,36,6,2017-11-01
catboost_temp,2018-01-01,6886.0,6755.615060794472,37,1,2017-12-01
catboost_temp,2018-02-01,5960.0,6536.1512752899735,37,2,2017-12-01
catboost_temp,2018-03-01,6930.0,6618.363764039039,37,3,2017-12-01
catboost_temp,2018-04-01,6769.0,6883.234245685379,37,4,2017-12-01
catboost_temp,2018-05-01,7511.0,7550.064420359282,37,5,2017-12-01
catboost_temp,2018-06-01,8057.0,8014.883594871266,37,6,2017-12-01
catboost_temp,2018-02-01,5960.0,6463.381692933821,38,1,2018-01-01
catboost_temp,2018-03-01,6930.0,6611.997880444631,38,2,2018-01-01
catboost_temp,2018-04-01,6769.0,6861.32691750908,38,3,2018-01-01
catboost_temp,2018-05-01,7511.0,7525.124426448546,38,4,2018-01-01
catboost_temp,2018-06-01,8057.0,7980.289744320908,38,5,2018-01-01
catboost_temp,2018-07-01,8175.0,8366.829968976874,38,6,2018-01-01
catboost_temp,2018-03-01,6930.0,6553.706405917325,39,1,2018-02-01
catboost_temp,2018-04-01,6769.0,6825.611641393089,39,2,2018-02-01
catboost_temp,2018-05-01,7511.0,7515.745098145026,39,3,2018-02-01
catboost_temp,2018-06-01,8057.0,7948.23010039765,39,4,2018-02-01
catboost_temp,2018-07-01,8175.0,8422.6833029882,39,5,2018-02-01
catboost_temp,2018-08-01,8328.0,7908.582134949735,39,6,2018-02-01
catboost_temp,2018-04-01,6769.0,6896.11204841465,40,1,2018-03-01
catboost_temp,2018-05-01,7511.0,7625.301223840787,40,2,2018-03-01
catboost_temp,2018-06-01,8057.0,8059.427569724537,40,3,2018-03-01
catboost_temp,2018-07-01,8175.0,8450.371514791776,40,4,2018-03-01
catboost_temp,2018-08-01,8328.0,7937.4616766329855,40,5,2018-03-01
catboost_temp,2018-09-01,7325.0,7544.518665673482,40,6,2018-03-01
catboost_temp,2018-05-01,7511.0,7524.455361068697,41,1,2018-04-01
catboost_temp,2018-06-01,8057.0,7993.127750961375,41,2,2018-04-01
catboost_temp,2018-07-01,8175.0,8392.876376591747,41,3,2018-04-01
catboost_temp,2018-08-01,8328.0,7906.127027343674,41,4,2018-04-01
catboost_temp,2018-09-01,7325.0,7633.779550183783,41,5,2018-04-01
catboost_temp,2018-10-01,7202.0,7373.848580216388,41,6,2018-04-01
catboost_temp,2018-06-01,8057.0,7999.155044474688,42,1,2018-05-01
catboost_temp,2018-07-01,8175.0,8351.94838384195,42,2,2018-05-01
catboost_temp,2018-08-01,8328.0,7904.129802242876,42,3,2018-05-01
catboost_temp,2018-09-01,7325.0,7652.456857830451,42,4,2018-05-01
catboost_temp,2018-10-01,7202.0,7363.04574605685,42,5,2018-05-01
catboost_temp,2018-11-01,7161.0,6759.493908758297,42,6,2018-05-01
catboost_temp,2018-07-01,8175.0,8385.146057116577,43,1,2018-06-01
catboost_temp,2018-08-01,8328.0,7926.147269576247,43,2,2018-06-01
catboost_temp,2018-09-01,7325.0,7651.320694363063,43,3,2018-06-01
catboost_temp,2018-10-01,7202.0,7321.664924996299,43,4,2018-06-01
catboost_temp,2018-11-01,7161.0,6784.777236277597,43,5,2018-06-01
catboost_temp,2018-12-01,7409.0,6841.690663630818,43,6,2018-06-01
catboost_temp,2018-08-01,8328.0,7949.7957923102,44,1,2018-07-01
catboost_temp,2018-09-01,7325.0,7695.854514502158,44,2,2018-07-01
catboost_temp,2018-10-01,7202.0,7361.90995401363,44,3,2018-07-01
catboost_temp,2018-11-01,7161.0,6803.078177478768,44,4,2018-07-01
catboost_temp,2018-12-01,7409.0,6885.764233896071,44,5,2018-07-01
catboost_temp,2019-01-01,7117.0,6839.269504851354,44,6,2018-07-01
catboost_temp,2018-09-01,7325.0,7713.822772530503,45,1,2018-08-01
catboost_temp,2018-10-01,7202.0,7336.371635310683,45,2,2018-08-01
catboost_temp,2018-11-01,7161.0,6856.526186806789,45,3,2018-08-01
catboost_temp,2018-12-01,7409.0,6942.119340059638,45,4,2018-08-01
catboost_temp,2019-01-01,7117.0,6861.765331360109,45,5,2018-08-01
catboost_temp,2019-02-01,6307.0,6282.617600735786,45,6,2018-08-01
catboost_temp,2018-10-01,7202.0,7297.346217743165,46,1,2018-09-01
catboost_temp,2018-11-01,7161.0,6844.930266163892,46,2,2018-09-01
catboost_temp,2018-12-01,7409.0,6914.225474806852,46,3,2018-09-01
catboost_temp,2019-01-01,7117.0,6842.1618710645,46,4,2018-09-01
catboost_temp,2019-02-01,6307.0,6301.613904845274,46,5,2018-09-01
catboost_temp,2019-03-01,7067.0,6698.062636482033,46,6,2018-09-01
catboost_temp,2018-11-01,7161.0,6825.159465596803,47,1,2018-10-01
catboost_temp,2018-12-01,7409.0,6879.200377236149,47,2,2018-10-01
catboost_temp,2019-01-01,7117.0,6818.47702930624,47,3,2018-10-01
catboost_temp,2019-02-01,6307.0,6328.05306189591,47,4,2018-10-01
catboost_temp,2019-03-01,7067.0,6684.549172733722,47,5,2018-10-01
catboost_temp,2019-04-01,7108.0,6791.222161454192,47,6,2018-10-01
catboost_temp,2018-12-01,7409.0,6930.713017372415,48,1,2018-11-01
catboost_temp,2019-01-01,7117.0,6862.690678134955,48,2,2018-11-01
catboost_temp,2019-02-01,6307.0,6291.465277321913,48,3,2018-11-01
catboost_temp,2019-03-01,7067.0,6595.453065366645,48,4,2018-11-01
catboost_temp,2019-04-01,7108.0,6839.2667656955055,48,5,2018-11-01
catboost_temp,2019-05-01,7776.0,7526.945238795128,48,6,2018-11-01
catboost_temp,2019-01-01,7117.0,7029.17527635335,49,1,2018-12-01
catboost_temp,2019-02-01,6307.0,6469.016944647602,49,2,2018-12-01
catboost_temp,2019-03-01,7067.0,6811.98729400358,49,3,2018-12-01
catboost_temp,2019-04-01,7108.0,6830.843838029332,49,4,2018-12-01
catboost_temp,2019-05-01,7776.0,7469.443737317053,49,5,2018-12-01
catboost_temp,2019-06-01,8274.0,7976.715094999026,49,6,2018-12-01
catboost_temp,2019-02-01,6307.0,6503.409492834612,50,1,2019-01-01
catboost_temp,2019-03-01,7067.0,6818.780941980838,50,2,2019-01-01
catboost_temp,2019-04-01,7108.0,6851.553883343674,50,3,2019-01-01
catboost_temp,2019-05-01,7776.0,7498.312419162338,50,4,2019-01-01
catboost_temp,2019-06-01,8274.0,7927.805704883712,50,5,2019-01-01
catboost_temp,2019-07-01,8919.0,8363.230246509012,50,6,2019-01-01
catboost_temp,2019-03-01,7067.0,6780.504140262135,51,1,2019-02-01
catboost_temp,2019-04-01,7108.0,6922.842431674234,51,2,2019-02-01
catboost_temp,2019-05-01,7776.0,7512.830688847416,51,3,2019-02-01
catboost_temp,2019-06-01,8274.0,7940.608348413014,51,4,2019-02-01
catboost_temp,2019-07-01,8919.0,8390.701969939473,51,5,2019-02-01
catboost_temp,2019-08-01,8180.0,8033.017084085754,51,6,2019-02-01
catboost_temp,2019-04-01,7108.0,6906.889769574674,52,1,2019-03-01
catboost_temp,2019-05-01,7776.0,7507.568001286234,52,2,2019-03-01
catboost_temp,2019-06-01,8274.0,8065.124670970801,52,3,2019-03-01
catboost_temp,2019-07-01,8919.0,8388.632872739734,52,4,2019-03-01
catboost_temp,2019-08-01,8180.0,8025.52300387375,52,5,2019-03-01
catboost_temp,2019-09-01,7664.0,7560.132434182538,52,6,2019-03-01
catboost_temp,2019-05-01,7776.0,7497.188271438916,53,1,2019-04-01
catboost_temp,2019-06-01,8274.0,8055.8936060480755,53,2,2019-04-01
catboost_temp,2019-07-01,8919.0,8416.247116640225,53,3,2019-04-01
catboost_temp,2019-08-01,8180.0,8033.563461526816,53,4,2019-04-01
catboost_temp,2019-09-01,7664.0,7522.751284057589,53,5,2019-04-01
catboost_temp,2019-10-01,7254.0,7497.363004878237,53,6,2019-04-01
catboost_temp,2019-06-01,8274.0,8093.020009447207,54,1,2019-05-01
catboost_temp,2019-07-01,8919.0,8446.959191038091,54,2,2019-05-01
catboost_temp,2019-08-01,8180.0,8009.046119046417,54,3,2019-05-01
catboost_temp,2019-09-01,7664.0,7547.742389318271,54,4,2019-05-01
catboost_temp,2019-10-01,7254.0,7569.233962706952,54,5,2019-05-01
catboost_temp,2019-11-01,6785.0,7267.041201604836,54,6,2019-05-01
catboost_temp,2019-07-01,8919.0,8410.787785994506,55,1,2019-06-01
catboost_temp,2019-08-01,8180.0,7974.724190636045,55,2,2019-06-01
catboost_temp,2019-09-01,7664.0,7547.562310974463,55,3,2019-06-01
catboost_temp,2019-10-01,7254.0,7522.555856969462,55,4,2019-06-01
catboost_temp,2019-11-01,6785.0,7353.428066461233,55,5,2019-06-01
catboost_temp,2019-12-01,6987.0,7378.785994636821,55,6,2019-06-01
catboost_temp,2019-08-01,8180.0,8095.05759173029,56,1,2019-07-01
catboost_temp,2019-09-01,7664.0,7570.051131875975,56,2,2019-07-01
catboost_temp,2019-10-01,7254.0,7544.469689831328,56,3,2019-07-01
catboost_temp,2019-11-01,6785.0,7515.371878724703,56,4,2019-07-01
catboost_temp,2019-12-01,6987.0,7417.214423381591,56,5,2019-07-01
catboost_temp,2020-01-01,7194.0,7122.787890429815,56,6,2019-07-01
catboost_temp,2019-09-01,7664.0,7630.415244055659,57,1,2019-08-01
catboost_temp,2019-10-01,7254.0,7604.349845892596,57,2,2019-08-01
catboost_temp,2019-11-01,6785.0,7561.36204669402,57,3,2019-08-01
catboost_temp,2019-12-01,6987.0,7425.710061401514,57,4,2019-08-01
catboost_temp,2020-01-01,7194.0,7120.295322210515,57,5,2019-08-01
catboost_temp,2020-02-01,6848.0,6459.598549683235,57,6,2019-08-01
catboost_temp,2019-10-01,7254.0,7633.493048480556,58,1,2019-09-01
catboost_temp,2019-11-01,6785.0,7538.807082630457,58,2,2019-09-01
catboost_temp,2019-12-01,6987.0,7510.191458601942,58,3,2019-09-01
catboost_temp,2020-01-01,7194.0,7098.195531644739,58,4,2019-09-01
catboost_temp,2020-02-01,6848.0,6531.348857482464,58,5,2019-09-01
catboost_temp,2020-03-01,7324.0,7041.150660312936,58,6,2019-09-01
catboost_temp,2019-11-01,6785.0,7452.998423112181,59,1,2019-10-01
catboost_temp,2019-12-01,6987.0,7439.0725045399295,59,2,2019-10-01
catboost_temp,2020-01-01,7194.0,7082.724987984263,59,3,2019-10-01
catboost_temp,2020-02-01,6848.0,6504.374978836962,59,4,2019-10-01
catboost_temp,2020-03-01,7324.0,7068.255022826451,59,5,2019-10-01
catboost_temp,2020-04-01,5978.0,7113.483239007906,59,6,2019-10-01
catboost_temp,2019-12-01,6987.0,7270.228862113064,60,1,2019-11-01
catboost_temp,2020-01-01,7194.0,6947.078170096854,60,2,2019-11-01
catboost_temp,2020-02-01,6848.0,6323.62763083814,60,3,2019-11-01
catboost_temp,2020-03-01,7324.0,7026.711536101157,60,4,2019-11-01
catboost_temp,2020-04-01,5978.0,6963.569393469615,60,5,2019-11-01
catboost_temp,2020-05-01,7062.0,7773.214390039993,60,6,2019-11-01
catboost_temp,2020-01-01,7194.0,6920.26707867394,61,1,2019-12-01
catboost_temp,2020-02-01,6848.0,6271.523152447442,61,2,2019-12-01
catboost_temp,2020-03-01,7324.0,6953.308780742141,61,3,2019-12-01
catboost_temp,2020-04-01,5978.0,6946.113993445947,61,4,2019-12-01
catboost_temp,2020-05-01,7062.0,7720.4591293961985,61,5,2019-12-01
catboost_temp,2020-06-01,6948.0,8138.59088380998,61,6,2019-12-01
catboost_temp,2020-02-01,6848.0,6279.25309435664,62,1,2020-01-01
catboost_temp,2020-03-01,7324.0,7000.132153411842,62,2,2020-01-01
catboost_temp,2020-04-01,5978.0,7063.13178801433,62,3,2020-01-01
catboost_temp,2020-05-01,7062.0,7848.250720037799,62,4,2020-01-01
catboost_temp,2020-06-01,6948.0,8204.356163695807,62,5,2020-01-01
catboost_temp,2020-07-01,7392.0,8692.813608331384,62,6,2020-01-01
catboost_temp,2020-03-01,7324.0,7000.483104517494,63,1,2020-02-01
catboost_temp,2020-04-01,5978.0,7135.196125006691,63,2,2020-02-01
catboost_temp,2020-05-01,7062.0,7854.875768021511,63,3,2020-02-01
catboost_temp,2020-06-01,6948.0,8196.913346790629,63,4,2020-02-01
catboost_temp,2020-07-01,7392.0,8672.204010562346,63,5,2020-02-01
catboost_temp,2020-08-01,7678.0,8099.657447390653,63,6,2020-02-01
catboost_temp,2020-04-01,5978.0,7217.211315993735,64,1,2020-03-01
catboost_temp,2020-05-01,7062.0,7860.420199809791,64,2,2020-03-01
catboost_temp,2020-06-01,6948.0,8282.755032766932,64,3,2020-03-01
catboost_temp,2020-07-01,7392.0,8545.630964155534,64,4,2020-03-01
catboost_temp,2020-08-01,7678.0,8035.591656912874,64,5,2020-03-01
catboost_temp,2020-09-01,7005.0,7736.708167008935,64,6,2020-03-01
catboost_temp,2020-05-01,7062.0,7824.5797875091375,65,1,2020-04-01
catboost_temp,2020-06-01,6948.0,8087.486415040249,65,2,2020-04-01
catboost_temp,2020-07-01,7392.0,8473.667190953345,65,3,2020-04-01
catboost_temp,2020-08-01,7678.0,8012.668247817064,65,4,2020-04-01
catboost_temp,2020-09-01,7005.0,7678.999398333711,65,5,2020-04-01
catboost_temp,2020-10-01,7385.0,7301.6171230793,65,6,2020-04-01
catboost_temp,2020-06-01,6948.0,7881.04125705316,66,1,2020-05-01
catboost_temp,2020-07-01,7392.0,8217.344039153164,66,2,2020-05-01
catboost_temp,2020-08-01,7678.0,8077.781072092532,66,3,2020-05-01
catboost_temp,2020-09-01,7005.0,7768.928222227573,66,4,2020-05-01
catboost_temp,2020-10-01,7385.0,7242.421438907131,66,5,2020-05-01
catboost_temp,2020-11-01,6872.0,6913.832470379009,66,6,2020-05-01
catboost_temp,2020-07-01,7392.0,7890.561278422376,67,1,2020-06-01
catboost_temp,2020-08-01,7678.0,8013.188039458362,67,2,2020-06-01
catboost_temp,2020-09-01,7005.0,7822.359455828254,67,3,2020-06-01
catboost_temp,2020-10-01,7385.0,7220.633993457814,67,4,2020-06-01
catboost_temp,2020-11-01,6872.0,6880.165887635563,67,5,2020-06-01
catboost_temp,2020-12-01,6781.0,7028.223348739118,67,6,2020-06-01
catboost_temp,2020-08-01,7678.0,7805.468382056392,68,1,2020-07-01
catboost_temp,2020-09-01,7005.0,7793.324733952945,68,2,2020-07-01
catboost_temp,2020-10-01,7385.0,7193.478374154747,68,3,2020-07-01
catboost_temp,2020-11-01,6872.0,6889.883130271753,68,4,2020-07-01
catboost_temp,2020-12-01,6781.0,7010.632869257122,68,5,2020-07-01
catboost_temp,2021-01-01,6917.0,6924.9879964952615,68,6,2020-07-01
catboost_temp,2020-09-01,7005.0,7726.288649564623,69,1,2020-08-01
catboost_temp,2020-10-01,7385.0,7241.117894423091,69,2,2020-08-01
catboost_temp,2020-11-01,6872.0,6891.201981054799,69,3,2020-08-01
catboost_temp,2020-12-01,6781.0,7038.508188985734,69,4,2020-08-01
catboost_temp,2021-01-01,6917.0,6939.526446324606,69,5,2020-08-01
catboost_temp,2021-02-01,6217.0,6982.965245305233,69,6,2020-08-01
catboost_temp,2020-10-01,7385.0,7082.1406737597135,70,1,2020-09-01
catboost_temp,2020-11-01,6872.0,6774.874461761406,70,2,2020-09-01
catboost_temp,2020-12-01,6781.0,6958.966246286173,70,3,2020-09-01
catboost_temp,2021-01-01,6917.0,6924.962766500588,70,4,2020-09-01
catboost_temp,2021-02-01,6217.0,6907.443309094665,70,5,2020-09-01
catboost_temp,2021-03-01,7569.0,7008.126853957161,70,6,2020-09-01
catboost_temp,2020-11-01,6872.0,6834.222400180966,71,1,2020-10-01
catboost_temp,2020-12-01,6781.0,7008.968268050083,71,2,2020-10-01
catboost_temp,2021-01-01,6917.0,6972.8183509991695,71,3,2020-10-01
catboost_temp,2021-02-01,6217.0,6894.535387679264,71,4,2020-10-01
catboost_temp,2021-03-01,7569.0,7083.245571296895,71,5,2020-10-01
catboost_temp,2021-04-01,6917.0,6303.596047192075,71,6,2020-10-01
catboost_temp,2020-12-01,6781.0,7084.109175034157,72,1,2020-11-01
catboost_temp,2021-01-01,6917.0,7007.246573086751,72,2,2020-11-01
catboost_temp,2021-02-01,6217.0,6910.114856610681,72,3,2020-11-01
catboost_temp,2021-03-01,7569.0,7057.598210815615,72,4,2020-11-01
catboost_temp,2021-04-01,6917.0,6307.67792323415,72,5,2020-11-01
catboost_temp,2021-05-01,8253.0,7202.311644840612,72,6,2020-11-01
catboost_temp,2021-01-01,6917.0,6984.259228043328,73,1,2020-12-01
catboost_temp,2021-02-01,6217.0,6858.116763682524,73,2,2020-12-01
catboost_temp,2021-03-01,7569.0,7086.816158248923,73,3,2020-12-01
catboost_temp,2021-04-01,6917.0,6321.999781213758,73,4,2020-12-01
catboost_temp,2021-05-01,8253.0,7109.316441877465,73,5,2020-12-01
catboost_temp,2021-06-01,8153.0,7212.125242979151,73,6,2020-12-01
catboost_temp,2021-02-01,6217.0,6787.376288090438,74,1,2021-01-01
catboost_temp,2021-03-01,7569.0,7067.550782584351,74,2,2021-01-01
catboost_temp,2021-04-01,6917.0,6291.782541741535,74,3,2021-01-01
catboost_temp,2021-05-01,8253.0,7087.3867326055015,74,4,2021-01-01
catboost_temp,2021-06-01,8153.0,7171.084047292638,74,5,2021-01-01
catboost_temp,2021-07-01,9251.0,7791.74595069435,74,6,2021-01-01
catboost_temp,2021-03-01,7569.0,6973.800491015983,75,1,2021-02-01
catboost_temp,2021-04-01,6917.0,6271.473733769633,75,2,2021-02-01
catboost_temp,2021-05-01,8253.0,7060.672049241866,75,3,2021-02-01
catboost_temp,2021-06-01,8153.0,7171.019313904593,75,4,2021-02-01
catboost_temp,2021-07-01,9251.0,7680.572951062427,75,5,2021-02-01
catboost_temp,2021-08-01,8830.0,7828.770302197111,75,6,2021-02-01
catboost_temp,2021-04-01,6917.0,6398.336503558855,76,1,2021-03-01
catboost_temp,2021-05-01,8253.0,7203.672175611592,76,2,2021-03-01
catboost_temp,2021-06-01,8153.0,7326.867041477013,76,3,2021-03-01
catboost_temp,2021-07-01,9251.0,7768.303869545507,76,4,2021-03-01
catboost_temp,2021-08-01,8830.0,7813.321290023015,76,5,2021-03-01
catboost_temp,2021-09-01,7512.0,7134.19358138486,76,6,2021-03-01
catboost_temp,2021-05-01,8253.0,7240.213879495528,77,1,2021-04-01
catboost_temp,2021-06-01,8153.0,7335.68829437682,77,2,2021-04-01
catboost_temp,2021-07-01,9251.0,7797.980707444901,77,3,2021-04-01
catboost_temp,2021-08-01,8830.0,7864.109371245886,77,4,2021-04-01
catboost_temp,2021-09-01,7512.0,7199.87736857746,77,5,2021-04-01
catboost_temp,2021-10-01,7656.0,7296.212880976023,77,6,2021-04-01
catboost_temp,2021-06-01,8153.0,7618.748014542679,78,1,2021-05-01
catboost_temp,2021-07-01,9251.0,8089.061400081635,78,2,2021-05-01
catboost_temp,2021-08-01,8830.0,7897.735020458253,78,3,2021-05-01
catboost_temp,2021-09-01,7512.0,7283.571430598285,78,4,2021-05-01
catboost_temp,2021-10-01,7656.0,7294.4786181966,78,5,2021-05-01
catboost_temp,2021-11-01,7603.0,6884.166094742398,78,6,2021-05-01
catboost_temp,2021-07-01,9251.0,8126.753779017728,79,1,2021-06-01
catboost_temp,2021-08-01,8830.0,7939.530628701939,79,2,2021-06-01
catboost_temp,2021-09-01,7512.0,7262.285589904188,79,3,2021-06-01
catboost_temp,2021-10-01,7656.0,7292.097269572363,79,4,2021-06-01
catboost_temp,2021-11-01,7603.0,6903.205482115243,79,5,2021-06-01
catboost_temp,2021-12-01,8237.0,6902.116259205616,79,6,2021-06-01
catboost_temp,2021-08-01,8830.0,7965.226087731933,80,1,2021-07-01
catboost_temp,2021-09-01,7512.0,7199.931405130077,80,2,2021-07-01
catboost_temp,2021-10-01,7656.0,7308.909181552042,80,3,2021-07-01
catboost_temp,2021-11-01,7603.0,6914.352641062484,80,4,2021-07-01
catboost_temp,2021-12-01,8237.0,6835.937491530574,80,5,2021-07-01
catboost_temp,2022-01-01,9582.0,6995.978268648504,80,6,2021-07-01
catboost_temp,2021-09-01,7512.0,7329.764227775304,81,1,2021-08-01
catboost_temp,2021-10-01,7656.0,7380.330935851866,81,2,2021-08-01
catboost_temp,2021-11-01,7603.0,7029.814809061321,81,3,2021-08-01
catboost_temp,2021-12-01,8237.0,6916.144046095556,81,4,2021-08-01
catboost_temp,2022-01-01,9582.0,7064.9797603981,81,5,2021-08-01
catboost_temp,2022-02-01,7227.0,6503.26715276564,81,6,2021-08-01
catboost_temp,2021-10-01,7656.0,7348.968034376714,82,1,2021-09-01
catboost_temp,2021-11-01,7603.0,7008.484641213159,82,2,2021-09-01
catboost_temp,2021-12-01,8237.0,6877.820313392693,82,3,2021-09-01
catboost_temp,2022-01-01,9582.0,7087.765050573955,82,4,2021-09-01
catboost_temp,2022-02-01,7227.0,6580.953793887981,82,5,2021-09-01
catboost_temp,2022-03-01,7504.0,7196.321688517306,82,6,2021-09-01
catboost_temp,2021-11-01,7603.0,7090.09205983682,83,1,2021-10-01
catboost_temp,2021-12-01,8237.0,6966.389844500435,83,2,2021-10-01
catboost_temp,2022-01-01,9582.0,7083.285585536351,83,3,2021-10-01
catboost_temp,2022-02-01,7227.0,6676.721587722883,83,4,2021-10-01
catboost_temp,2022-03-01,7504.0,7216.401333275158,83,5,2021-10-01
catboost_temp,2022-04-01,7589.0,6302.237872626097,83,6,2021-10-01
catboost_temp,2021-12-01,8237.0,7102.092275235819,84,1,2021-11-01
catboost_temp,2022-01-01,9582.0,7212.847663175179,84,2,2021-11-01
catboost_temp,2022-02-01,7227.0,6711.134411357967,84,3,2021-11-01
catboost_temp,2022-03-01,7504.0,7284.959313941667,84,4,2021-11-01
catboost_temp,2022-04-01,7589.0,6521.905332826206,84,5,2021-11-01
catboost_temp,2022-05-01,8846.0,7277.520152369998,84,6,2021-11-01
catboost_temp,2022-01-01,9582.0,7480.225500003942,85,1,2021-12-01
catboost_temp,2022-02-01,7227.0,7008.685367183573,85,2,2021-12-01
catboost_temp,2022-03-01,7504.0,7386.901011844149,85,3,2021-12-01
catboost_temp,2022-04-01,7589.0,6436.237288126635,85,4,2021-12-01
catboost_temp,2022-05-01,8846.0,7232.673969268157,85,5,2021-12-01
catboost_temp,2022-06-01,9057.0,7507.263170182159,85,6,2021-12-01
catboost_temp,2022-02-01,7227.0,7628.788916805622,86,1,2022-01-01
catboost_temp,2022-03-01,7504.0,7824.409728553075,86,2,2022-01-01
catboost_temp,2022-04-01,7589.0,7132.669343410734,86,3,2022-01-01
catboost_temp,2022-05-01,8846.0,7394.378311405253,86,4,2022-01-01
catboost_temp,2022-06-01,9057.0,7712.289279544342,86,5,2022-01-01
catboost_temp,2022-07-01,8699.0,8281.145240057054,86,6,2022-01-01
catboost_temp,2022-03-01,7504.0,7520.203788088813,87,1,2022-02-01
catboost_temp,2022-04-01,7589.0,6619.500520483776,87,2,2022-02-01
catboost_temp,2022-05-01,8846.0,7291.7383427057075,87,3,2022-02-01
catboost_temp,2022-06-01,9057.0,7643.293642465465,87,4,2022-02-01
catboost_temp,2022-07-01,8699.0,8085.538977058288,87,5,2022-02-01
catboost_temp,2022-08-01,8834.0,8133.780913467682,87,6,2022-02-01
catboost_temp,2022-04-01,7589.0,6571.179288705804,88,1,2022-03-01
catboost_temp,2022-05-01,8846.0,7286.940560170642,88,2,2022-03-01
catboost_temp,2022-06-01,9057.0,7591.353624730251,88,3,2022-03-01
catboost_temp,2022-07-01,8699.0,8216.701791507236,88,4,2022-03-01
catboost_temp,2022-08-01,8834.0,8287.914466097829,88,5,2022-03-01
catboost_temp,2022-09-01,8228.0,7928.217645588398,88,6,2022-03-01
catboost_temp,2022-05-01,8846.0,7410.208415996697,89,1,2022-04-01
catboost_temp,2022-06-01,9057.0,7786.3034816657855,89,2,2022-04-01
catboost_temp,2022-07-01,8699.0,8106.668510896746,89,3,2022-04-01
catboost_temp,2022-08-01,8834.0,8239.041282243343,89,4,2022-04-01
catboost_temp,2022-09-01,8228.0,8102.158886462035,89,5,2022-04-01
catboost_temp,2022-10-01,8388.0,7424.659136615695,89,6,2022-04-01
catboost_temp,2022-06-01,9057.0,8696.660766848727,90,1,2022-05-01
catboost_temp,2022-07-01,8699.0,8607.388996449858,90,2,2022-05-01
catboost_temp,2022-08-01,8834.0,8295.832366887618,90,3,2022-05-01
catboost_temp,2022-09-01,8228.0,8225.78173196105,90,4,2022-05-01
catboost_temp,2022-10-01,8388.0,8004.842220127577,90,5,2022-05-01
catboost_temp,2022-11-01,7588.0,8081.007834257965,90,6,2022-05-01
catboost_temp,2022-07-01,8699.0,8607.997033775317,91,1,2022-06-01
catboost_temp,2022-08-01,8834.0,8332.573137346491,91,2,2022-06-01
catboost_temp,2022-09-01,8228.0,8326.355433442111,91,3,2022-06-01
catboost_temp,2022-10-01,8388.0,8283.726686510421,91,4,2022-06-01
catboost_temp,2022-11-01,7588.0,8420.798581078565,91,5,2022-06-01
catboost_temp,2022-12-01,7850.0,8281.315888042935,91,6,2022-06-01
catboost_temp,2022-08-01,8834.0,8404.14556095424,92,1,2022-07-01
catboost_temp,2022-09-01,8228.0,8321.2106568279,92,2,2022-07-01
catboost_temp,2022-10-01,8388.0,8248.126605848292,92,3,2022-07-01
catboost_temp,2022-11-01,7588.0,8428.00524584596,92,4,2022-07-01
catboost_temp,2022-12-01,7850.0,8283.879912303486,92,5,2022-07-01
catboost_temp,2023-01-01,7563.0,8349.596804086192,92,6,2022-07-01
catboost_temp,2022-09-01,8228.0,8218.957654450598,93,1,2022-08-01
catboost_temp,2022-10-01,8388.0,8224.360863291125,93,2,2022-08-01
catboost_temp,2022-11-01,7588.0,8453.1525779169,93,3,2022-08-01
catboost_temp,2022-12-01,7850.0,8183.018581745513,93,4,2022-08-01
catboost_temp,2023-01-01,7563.0,8368.099573608082,93,5,2022-08-01
catboost_temp,2023-02-01,6551.0,8265.264384275522,93,6,2022-08-01
catboost_temp,2022-10-01,8388.0,8290.561176144383,94,1,2022-09-01
catboost_temp,2022-11-01,7588.0,8336.458499407952,94,2,2022-09-01
catboost_temp,2022-12-01,7850.0,8196.206334011498,94,3,2022-09-01
catboost_temp,2023-01-01,7563.0,8296.08659041188,94,4,2022-09-01
catboost_temp,2023-02-01,6551.0,8212.538151970299,94,5,2022-09-01
catboost_temp,2023-03-01,7507.0,8101.226237322162,94,6,2022-09-01
catboost_temp,2022-11-01,7588.0,8483.639123369503,95,1,2022-10-01
catboost_temp,2022-12-01,7850.0,8283.407783883633,95,2,2022-10-01
catboost_temp,2023-01-01,7563.0,8374.128478998087,95,3,2022-10-01
catboost_temp,2023-02-01,6551.0,8302.15183721753,95,4,2022-10-01
catboost_temp,2023-03-01,7507.0,8193.371834651562,95,5,2022-10-01
catboost_temp,2023-04-01,7745.0,8351.318651874408,95,6,2022-10-01
catboost_temp,2022-12-01,7850.0,8040.170860306565,96,1,2022-11-01
catboost_temp,2023-01-01,7563.0,8156.310318614384,96,2,2022-11-01
catboost_temp,2023-02-01,6551.0,8187.307660672929,96,3,2022-11-01
catboost_temp,2023-03-01,7507.0,8215.667686825393,96,4,2022-11-01
catboost_temp,2023-04-01,7745.0,8019.298670231872,96,5,2022-11-01
catboost_temp,2023-05-01,8600.0,8257.704957355167,96,6,2022-11-01
catboost_temp,2023-01-01,7563.0,8097.472123621267,97,1,2022-12-01
catboost_temp,2023-02-01,6551.0,8123.769955660335,97,2,2022-12-01
catboost_temp,2023-03-01,7507.0,8009.751106543614,97,3,2022-12-01
catboost_temp,2023-04-01,7745.0,7889.805235703408,97,4,2022-12-01
catboost_temp,2023-05-01,8600.0,8259.765422212238,97,5,2022-12-01
catboost_temp,2023-06-01,9151.0,8479.26407749841,97,6,2022-12-01
catboost_temp,2023-02-01,6551.0,7731.023107691649,98,1,2023-01-01
catboost_temp,2023-03-01,7507.0,7917.856579081894,98,2,2023-01-01
catboost_temp,2023-04-01,7745.0,7783.051391233805,98,3,2023-01-01
catboost_temp,2023-05-01,8600.0,8073.423093843443,98,4,2023-01-01
catboost_temp,2023-06-01,9151.0,8259.35739190184,98,5,2023-01-01
catboost_temp,2023-07-01,9183.0,8458.011906656257,98,6,2023-01-01
catboost_temp,2023-03-01,7507.0,7074.223352300115,99,1,2023-02-01
catboost_temp,2023-04-01,7745.0,7173.990246866857,99,2,2023-02-01
catboost_temp,2023-05-01,8600.0,7464.101218383092,99,3,2023-02-01
catboost_temp,2023-06-01,9151.0,7848.5909110991215,99,4,2023-02-01
catboost_temp,2023-07-01,9183.0,8218.286277093654,99,5,2023-02-01
catboost_temp,2023-08-01,8297.0,8416.889081330215,99,6,2023-02-01
catboost_temp,2023-04-01,7745.0,7318.592547715019,100,1,2023-03-01
catboost_temp,2023-05-01,8600.0,7724.667465271847,100,2,2023-03-01
catboost_temp,2023-06-01,9151.0,8230.898164995937,100,3,2023-03-01
catboost_temp,2023-07-01,9183.0,8464.437455104278,100,4,2023-03-01
catboost_temp,2023-08-01,8297.0,8567.063594646086,100,5,2023-03-01
catboost_temp,2023-09-01,7823.0,8211.542575801108,100,6,2023-03-01
catboost_temp,2023-05-01,8600.0,8065.775972325133,101,1,2023-04-01
catboost_temp,2023-06-01,9151.0,8395.170542966827,101,2,2023-04-01
catboost_temp,2023-07-01,9183.0,8392.605745349818,101,3,2023-04-01
catboost_temp,2023-08-01,8297.0,8539.819279493611,101,4,2023-04-01
catboost_temp,2023-09-01,7823.0,8161.862541291913,101,5,2023-04-01
catboost_temp,2023-10-01,7507.0,7921.255470095485,101,6,2023-04-01
catboost_temp,2023-06-01,9151.0,8624.304074270796,102,1,2023-05-01
catboost_temp,2023-07-01,9183.0,8489.592522426652,102,2,2023-05-01
catboost_temp,2023-08-01,8297.0,8549.959841571223,102,3,2023-05-01
catboost_temp,2023-09-01,7823.0,8055.236198542042,102,4,2023-05-01
catboost_temp,2023-10-01,7507.0,7852.467947684987,102,5,2023-05-01
catboost_temp,2023-11-01,8107.0,7694.985116923295,102,6,2023-05-01
catboost_temp,2023-07-01,9183.0,8552.198900738922,103,1,2023-06-01
catboost_temp,2023-08-01,8297.0,8667.44019111085,103,2,2023-06-01
catboost_temp,2023-09-01,7823.0,8137.539708672268,103,3,2023-06-01
catboost_temp,2023-10-01,7507.0,8087.441211373763,103,4,2023-06-01
catboost_temp,2023-11-01,8107.0,7940.793600636101,103,5,2023-06-01
catboost_temp,2023-12-01,7504.0,7820.645686701517,103,6,2023-06-01
