model,date,y_true,y_pred,window,horizon,train_end
sarima_temp,2015-01-01,7184.0,6449.366168213781,1,1,2014-12-01
sarima_temp,2015-02-01,5958.0,6256.403554970995,1,2,2014-12-01
sarima_temp,2015-03-01,6658.0,6506.657225383526,1,3,2014-12-01
sarima_temp,2015-04-01,7069.0,6498.518528260009,1,4,2014-12-01
sarima_temp,2015-05-01,8099.0,7368.304143504472,1,5,2014-12-01
sarima_temp,2015-06-01,7868.0,7667.733273726921,1,6,2014-12-01
sarima_temp,2015-02-01,5958.0,6335.720895330799,2,1,2015-01-01
sarima_temp,2015-03-01,6658.0,6680.837089593021,2,2,2015-01-01
sarima_temp,2015-04-01,7069.0,6670.107409892001,2,3,2015-01-01
sarima_temp,2015-05-01,8099.0,7550.85403797263,2,4,2015-01-01
sarima_temp,2015-06-01,7868.0,7838.408019187385,2,5,2015-01-01
sarima_temp,2015-07-01,7986.0,8099.413144394925,2,6,2015-01-01
sarima_temp,2015-03-01,6658.0,6624.093636939784,3,1,2015-02-01
sarima_temp,2015-04-01,7069.0,6561.447900065349,3,2,2015-02-01
sarima_temp,2015-05-01,8099.0,7456.523344765207,3,3,2015-02-01
sarima_temp,2015-06-01,7868.0,7737.519712208315,3,4,2015-02-01
sarima_temp,2015-07-01,7986.0,8002.513264315131,3,5,2015-02-01
sarima_temp,2015-08-01,7251.0,7684.304401428712,3,6,2015-02-01
sarima_temp,2015-04-01,7069.0,6562.826559131837,4,1,2015-03-01
sarima_temp,2015-05-01,8099.0,7463.575603896124,4,2,2015-03-01
sarima_temp,2015-06-01,7868.0,7744.145156824634,4,3,2015-03-01
sarima_temp,2015-07-01,7986.0,8008.869817232039,4,4,2015-03-01
sarima_temp,2015-08-01,7251.0,7689.486081519302,4,5,2015-03-01
sarima_temp,2015-09-01,7163.0,7134.731282843807,4,6,2015-03-01
sarima_temp,2015-05-01,8099.0,7502.103409761455,5,1,2015-04-01
sarima_temp,2015-06-01,7868.0,7867.963426642422,5,2,2015-04-01
sarima_temp,2015-07-01,7986.0,8117.131144652028,5,3,2015-04-01
sarima_temp,2015-08-01,7251.0,7801.411968633638,5,4,2015-04-01
sarima_temp,2015-09-01,7163.0,7246.568028254139,5,5,2015-04-01
sarima_temp,2015-10-01,6690.0,7183.41391416243,5,6,2015-04-01
sarima_temp,2015-06-01,7868.0,7959.358035216806,6,1,2015-05-01
sarima_temp,2015-07-01,7986.0,8290.377908535058,6,2,2015-05-01
sarima_temp,2015-08-01,7251.0,7968.831126274823,6,3,2015-05-01
sarima_temp,2015-09-01,7163.0,7416.12909509489,6,4,2015-05-01
sarima_temp,2015-10-01,6690.0,7354.733427896585,6,5,2015-05-01
sarima_temp,2015-11-01,6392.0,6849.800605443484,6,6,2015-05-01
sarima_temp,2015-07-01,7986.0,8269.160464511877,7,1,2015-06-01
sarima_temp,2015-08-01,7251.0,7940.461648259466,7,2,2015-06-01
sarima_temp,2015-09-01,7163.0,7385.508655022914,7,3,2015-06-01
sarima_temp,2015-10-01,6690.0,7327.940311095607,7,4,2015-06-01
sarima_temp,2015-11-01,6392.0,6818.085239435639,7,5,2015-06-01
sarima_temp,2015-12-01,6753.0,7024.9000981092,7,6,2015-06-01
sarima_temp,2015-08-01,7251.0,7892.070166441219,8,1,2015-07-01
sarima_temp,2015-09-01,7163.0,7297.738095748323,8,2,2015-07-01
sarima_temp,2015-10-01,6690.0,7257.46396210138,8,3,2015-07-01
sarima_temp,2015-11-01,6392.0,6728.586919586708,8,4,2015-07-01
sarima_temp,2015-12-01,6753.0,6953.037276769288,8,5,2015-07-01
sarima_temp,2016-01-01,6753.0,6993.569972859943,8,6,2015-07-01
sarima_temp,2015-09-01,7163.0,7168.406344245783,9,1,2015-08-01
sarima_temp,2015-10-01,6690.0,7105.933302793932,9,2,2015-08-01
sarima_temp,2015-11-01,6392.0,6588.210660332587,9,3,2015-08-01
sarima_temp,2015-12-01,6753.0,6798.687789207805,9,4,2015-08-01
sarima_temp,2016-01-01,6753.0,6838.121915478886,9,5,2015-08-01
sarima_temp,2016-02-01,6385.0,6388.585051255738,9,6,2015-08-01
sarima_temp,2015-10-01,6690.0,7103.659500606486,10,1,2015-09-01
sarima_temp,2015-11-01,6392.0,6585.3565132763615,10,2,2015-09-01
sarima_temp,2015-12-01,6753.0,6798.014825271734,10,3,2015-09-01
sarima_temp,2016-01-01,6753.0,6836.976087429922,10,4,2015-09-01
sarima_temp,2016-02-01,6385.0,6386.660036104536,10,5,2015-09-01
sarima_temp,2016-03-01,7164.0,6718.696474300693,10,6,2015-09-01
sarima_temp,2015-11-01,6392.0,6493.862456392991,11,1,2015-10-01
sarima_temp,2015-12-01,6753.0,6727.118779551812,11,2,2015-10-01
sarima_temp,2016-01-01,6753.0,6770.053442463808,11,3,2015-10-01
sarima_temp,2016-02-01,6385.0,6318.305994758646,11,4,2015-10-01
sarima_temp,2016-03-01,7164.0,6649.746434744435,11,5,2015-10-01
sarima_temp,2016-04-01,7192.0,6704.718096238553,11,6,2015-10-01
sarima_temp,2015-12-01,6753.0,6716.74048332624,12,1,2015-11-01
sarima_temp,2016-01-01,6753.0,6768.422312696303,12,2,2015-11-01
sarima_temp,2016-02-01,6385.0,6314.576346832937,12,3,2015-11-01
sarima_temp,2016-03-01,7164.0,6644.735796142071,12,4,2015-11-01
sarima_temp,2016-04-01,7192.0,6694.9418826884,12,5,2015-11-01
sarima_temp,2016-05-01,7743.0,7643.276942868924,12,6,2015-11-01
sarima_temp,2016-01-01,6753.0,6772.649113482958,13,1,2015-12-01
sarima_temp,2016-02-01,6385.0,6315.9941512327405,13,2,2015-12-01
sarima_temp,2016-03-01,7164.0,6645.776344705912,13,3,2015-12-01
sarima_temp,2016-04-01,7192.0,6695.015862912841,13,4,2015-12-01
sarima_temp,2016-05-01,7743.0,7645.258137314766,13,5,2015-12-01
sarima_temp,2016-06-01,8767.0,7877.165471333548,13,6,2015-12-01
sarima_temp,2016-02-01,6385.0,6313.356620000639,14,1,2016-01-01
sarima_temp,2016-03-01,7164.0,6644.206112213399,14,2,2016-01-01
sarima_temp,2016-04-01,7192.0,6692.957557976404,14,3,2016-01-01
sarima_temp,2016-05-01,7743.0,7644.039441668176,14,4,2016-01-01
sarima_temp,2016-06-01,8767.0,7876.725139403026,14,5,2016-01-01
sarima_temp,2016-07-01,8479.0,8085.113706498516,14,6,2016-01-01
sarima_temp,2016-03-01,7164.0,6651.581641030663,15,1,2016-02-01
sarima_temp,2016-04-01,7192.0,6694.883861064269,15,2,2016-02-01
sarima_temp,2016-05-01,7743.0,7648.025764958993,15,3,2016-02-01
sarima_temp,2016-06-01,8767.0,7882.627634661834,15,4,2016-02-01
sarima_temp,2016-07-01,8479.0,8089.356667497661,15,5,2016-02-01
sarima_temp,2016-08-01,7890.0,7700.527393192431,15,6,2016-02-01
sarima_temp,2016-04-01,7192.0,6770.639099415969,16,1,2016-03-01
sarima_temp,2016-05-01,7743.0,7697.537637411578,16,2,2016-03-01
sarima_temp,2016-06-01,8767.0,7930.486947684019,16,3,2016-03-01
sarima_temp,2016-07-01,8479.0,8137.18559769325,16,4,2016-03-01
sarima_temp,2016-08-01,7890.0,7748.479246557931,16,5,2016-03-01
sarima_temp,2016-09-01,7317.0,7272.307583275504,16,6,2016-03-01
sarima_temp,2016-05-01,7743.0,7734.763594742866,17,1,2016-04-01
sarima_temp,2016-06-01,8767.0,7895.310827090366,17,2,2016-04-01
sarima_temp,2016-07-01,8479.0,8121.110840542432,17,3,2016-04-01
sarima_temp,2016-08-01,7890.0,7735.904333607589,17,4,2016-04-01
sarima_temp,2016-09-01,7317.0,7258.193766383743,17,5,2016-04-01
sarima_temp,2016-10-01,7426.0,7127.437354004036,17,6,2016-04-01
sarima_temp,2016-06-01,8767.0,7897.151901483871,18,1,2016-05-01
sarima_temp,2016-07-01,8479.0,8121.517819263701,18,2,2016-05-01
sarima_temp,2016-08-01,7890.0,7735.994235328093,18,3,2016-05-01
sarima_temp,2016-09-01,7317.0,7258.310163854382,18,4,2016-05-01
sarima_temp,2016-10-01,7426.0,7127.466727486603,18,5,2016-05-01
sarima_temp,2016-11-01,6700.0,6645.399204954451,18,6,2016-05-01
sarima_temp,2016-07-01,8479.0,8432.397606475584,19,1,2016-06-01
sarima_temp,2016-08-01,7890.0,8068.883446206204,19,2,2016-06-01
sarima_temp,2016-09-01,7317.0,7593.016871345061,19,3,2016-06-01
sarima_temp,2016-10-01,7426.0,7449.242700655346,19,4,2016-06-01
sarima_temp,2016-11-01,6700.0,6999.906586571324,19,5,2016-06-01
sarima_temp,2016-12-01,6994.0,7219.798039947191,19,6,2016-06-01
sarima_temp,2016-08-01,7890.0,8081.489708446673,20,1,2016-07-01
sarima_temp,2016-09-01,7317.0,7607.765446260193,20,2,2016-07-01
sarima_temp,2016-10-01,7426.0,7463.647890049277,20,3,2016-07-01
sarima_temp,2016-11-01,6700.0,7014.767501460403,20,4,2016-07-01
sarima_temp,2016-12-01,6994.0,7235.60331823836,20,5,2016-07-01
sarima_temp,2017-01-01,6788.0,7252.597193138693,20,6,2016-07-01
sarima_temp,2016-09-01,7317.0,7539.188031250163,21,1,2016-08-01
sarima_temp,2016-10-01,7426.0,7391.932852998932,21,2,2016-08-01
sarima_temp,2016-11-01,6700.0,6941.877940076767,21,3,2016-08-01
sarima_temp,2016-12-01,6994.0,7161.773135844642,21,4,2016-08-01
sarima_temp,2017-01-01,6788.0,7175.483633449365,21,5,2016-08-01
sarima_temp,2017-02-01,6271.0,6753.605911311822,21,6,2016-08-01
sarima_temp,2016-10-01,7426.0,7323.996334580478,22,1,2016-09-01
sarima_temp,2016-11-01,6700.0,6875.838503332936,22,2,2016-09-01
sarima_temp,2016-12-01,6994.0,7095.465697335061,22,3,2016-09-01
sarima_temp,2017-01-01,6788.0,7106.697930116883,22,4,2016-09-01
sarima_temp,2017-02-01,6271.0,6684.890503199422,22,5,2016-09-01
sarima_temp,2017-03-01,6794.0,7094.403662462754,22,6,2016-09-01
sarima_temp,2016-11-01,6700.0,6900.156935811755,23,1,2016-10-01
sarima_temp,2016-12-01,6994.0,7119.407277698446,23,2,2016-10-01
sarima_temp,2017-01-01,6788.0,7130.044733129039,23,3,2016-10-01
sarima_temp,2017-02-01,6271.0,6708.177041939563,23,4,2016-10-01
sarima_temp,2017-03-01,6794.0,7117.68838416651,23,5,2016-10-01
sarima_temp,2017-04-01,6884.0,7205.565457577129,23,6,2016-10-01
sarima_temp,2016-12-01,6994.0,6951.719833078062,24,1,2016-11-01
sarima_temp,2017-01-01,6788.0,6974.203498823584,24,2,2016-11-01
sarima_temp,2017-02-01,6271.0,6553.025384678086,24,3,2016-11-01
sarima_temp,2017-03-01,6794.0,6963.507333309557,24,4,2016-11-01
sarima_temp,2017-04-01,6884.0,7050.374118860861,24,5,2016-11-01
sarima_temp,2017-05-01,7651.0,7849.253766749426,24,6,2016-11-01
sarima_temp,2017-01-01,6788.0,6981.815906411029,25,1,2016-12-01
sarima_temp,2017-02-01,6271.0,6555.741619534353,25,2,2016-12-01
sarima_temp,2017-03-01,6794.0,6965.732336511849,25,3,2016-12-01
sarima_temp,2017-04-01,6884.0,7052.881546999847,25,4,2016-12-01
sarima_temp,2017-05-01,7651.0,7850.542059691652,25,5,2016-12-01
sarima_temp,2017-06-01,8009.0,8169.4228135881,25,6,2016-12-01
sarima_temp,2017-02-01,6271.0,6591.864039504148,26,1,2017-01-01
sarima_temp,2017-03-01,6794.0,7015.493807689415,26,2,2017-01-01
sarima_temp,2017-04-01,6884.0,7104.140992969067,26,3,2017-01-01
sarima_temp,2017-05-01,7651.0,7902.082925844366,26,4,2017-01-01
sarima_temp,2017-06-01,8009.0,8221.688868307217,26,5,2017-01-01
sarima_temp,2017-07-01,8694.0,8473.73190975091,26,6,2017-01-01
sarima_temp,2017-03-01,6794.0,6949.642428301784,27,1,2017-02-01
sarima_temp,2017-04-01,6884.0,7060.948060814485,27,2,2017-02-01
sarima_temp,2017-05-01,7651.0,7862.60637592281,27,3,2017-02-01
sarima_temp,2017-06-01,8009.0,8181.932428649871,27,4,2017-02-01
sarima_temp,2017-07-01,8694.0,8432.015262400824,27,5,2017-02-01
sarima_temp,2017-08-01,8130.0,7965.918667845401,27,6,2017-02-01
sarima_temp,2017-04-01,6884.0,7029.123955472832,28,1,2017-03-01
sarima_temp,2017-05-01,7651.0,7845.010837050556,28,2,2017-03-01
sarima_temp,2017-06-01,8009.0,8165.439756288169,28,3,2017-03-01
sarima_temp,2017-07-01,8694.0,8414.291821640263,28,4,2017-03-01
sarima_temp,2017-08-01,8130.0,7949.123560694509,28,5,2017-03-01
sarima_temp,2017-09-01,7446.0,7410.565264097639,28,6,2017-03-01
sarima_temp,2017-05-01,7651.0,7817.041589311583,29,1,2017-04-01
sarima_temp,2017-06-01,8009.0,8149.574407363205,29,2,2017-04-01
sarima_temp,2017-07-01,8694.0,8396.955833732882,29,3,2017-04-01
sarima_temp,2017-08-01,8130.0,7933.766923357473,29,4,2017-04-01
sarima_temp,2017-09-01,7446.0,7396.846274516632,29,5,2017-04-01
sarima_temp,2017-10-01,7282.0,7315.012938264444,29,6,2017-04-01
sarima_temp,2017-06-01,8009.0,8114.402215104679,30,1,2017-05-01
sarima_temp,2017-07-01,8694.0,8379.58345239404,30,2,2017-05-01
sarima_temp,2017-08-01,8130.0,7915.400339785883,30,3,2017-05-01
sarima_temp,2017-09-01,7446.0,7376.43850635355,30,4,2017-05-01
sarima_temp,2017-10-01,7282.0,7295.321794255529,30,5,2017-05-01
sarima_temp,2017-11-01,6830.0,6837.276351689983,30,6,2017-05-01
sarima_temp,2017-07-01,8694.0,8357.03706039415,31,1,2017-06-01
sarima_temp,2017-08-01,8130.0,7908.994619178264,31,2,2017-06-01
sarima_temp,2017-09-01,7446.0,7373.477657303465,31,3,2017-06-01
sarima_temp,2017-10-01,7282.0,7291.904639444167,31,4,2017-06-01
sarima_temp,2017-11-01,6830.0,6829.881667893506,31,5,2017-06-01
sarima_temp,2017-12-01,6946.0,7043.117942373191,31,6,2017-06-01
sarima_temp,2017-08-01,8130.0,7974.574392256314,32,1,2017-07-01
sarima_temp,2017-09-01,7446.0,7398.658717959734,32,2,2017-07-01
sarima_temp,2017-10-01,7282.0,7316.797105242538,32,3,2017-07-01
sarima_temp,2017-11-01,6830.0,6869.343088220634,32,4,2017-07-01
sarima_temp,2017-12-01,6946.0,7075.898091676721,32,5,2017-07-01
sarima_temp,2018-01-01,6886.0,7080.595788267432,32,6,2017-07-01
sarima_temp,2017-09-01,7446.0,7430.115061431914,33,1,2017-08-01
sarima_temp,2017-10-01,7282.0,7332.421372514873,33,2,2017-08-01
sarima_temp,2017-11-01,6830.0,6882.8151236478525,33,3,2017-08-01
sarima_temp,2017-12-01,6946.0,7089.743209717042,33,4,2017-08-01
sarima_temp,2018-01-01,6886.0,7094.775262617186,33,5,2017-08-01
sarima_temp,2018-02-01,5960.0,6718.483165435725,33,6,2017-08-01
sarima_temp,2017-10-01,7282.0,7318.664480706518,34,1,2017-09-01
sarima_temp,2017-11-01,6830.0,6861.943481866673,34,2,2017-09-01
sarima_temp,2017-12-01,6946.0,7069.002815121655,34,3,2017-09-01
sarima_temp,2018-01-01,6886.0,7078.182330935029,34,4,2017-09-01
sarima_temp,2018-02-01,5960.0,6702.175490681253,34,5,2017-09-01
sarima_temp,2018-03-01,6930.0,6979.450855210719,34,6,2017-09-01
sarima_temp,2017-11-01,6830.0,6855.374858854735,35,1,2017-10-01
sarima_temp,2017-12-01,6946.0,7067.461345466214,35,2,2017-10-01
sarima_temp,2018-01-01,6886.0,7076.732460822553,35,3,2017-10-01
sarima_temp,2018-02-01,5960.0,6701.432657896085,35,4,2017-10-01
sarima_temp,2018-03-01,6930.0,6977.444485791841,35,5,2017-10-01
sarima_temp,2018-04-01,6769.0,7103.81481293962,35,6,2017-10-01
sarima_temp,2017-12-01,6946.0,7062.91697597361,36,1,2017-11-01
sarima_temp,2018-01-01,6886.0,7074.794683754788,36,2,2017-11-01
sarima_temp,2018-02-01,5960.0,6699.810707128907,36,3,2017-11-01
sarima_temp,2018-03-01,6930.0,6976.281219998669,36,4,2017-11-01
sarima_temp,2018-04-01,6769.0,7102.487727419066,36,5,2017-11-01
sarima_temp,2018-05-01,7511.0,7939.4343688408835,36,6,2017-11-01
sarima_temp,2018-01-01,6886.0,7051.618936166949,37,1,2017-12-01
sarima_temp,2018-02-01,5960.0,6691.634945353093,37,2,2017-12-01
sarima_temp,2018-03-01,6930.0,6971.329069466604,37,3,2017-12-01
sarima_temp,2018-04-01,6769.0,7097.654450171385,37,4,2017-12-01
sarima_temp,2018-05-01,7511.0,7934.77476777771,37,5,2017-12-01
sarima_temp,2018-06-01,8057.0,8194.697733313493,37,6,2017-12-01
sarima_temp,2018-02-01,5960.0,6661.093050475522,38,1,2018-01-01
sarima_temp,2018-03-01,6930.0,6960.278947785321,38,2,2018-01-01
sarima_temp,2018-04-01,6769.0,7088.17340677691,38,3,2018-01-01
sarima_temp,2018-05-01,7511.0,7925.863802206946,38,4,2018-01-01
sarima_temp,2018-06-01,8057.0,8186.809174695768,38,5,2018-01-01
sarima_temp,2018-07-01,8175.0,8452.07403838278,38,6,2018-01-01
sarima_temp,2018-03-01,6930.0,6824.635080991082,39,1,2018-02-01
sarima_temp,2018-04-01,6769.0,7012.583782188332,39,2,2018-02-01
sarima_temp,2018-05-01,7511.0,7865.873909895684,39,3,2018-02-01
sarima_temp,2018-06-01,8057.0,8146.780210232644,39,4,2018-02-01
sarima_temp,2018-07-01,8175.0,8401.114933655217,39,5,2018-02-01
sarima_temp,2018-08-01,8328.0,8002.080217618463,39,6,2018-02-01
sarima_temp,2018-04-01,6769.0,7039.959525538031,40,1,2018-03-01
sarima_temp,2018-05-01,7511.0,7882.102012284982,40,2,2018-03-01
sarima_temp,2018-06-01,8057.0,8163.050403693404,40,3,2018-03-01
sarima_temp,2018-07-01,8175.0,8416.047187055246,40,4,2018-03-01
sarima_temp,2018-08-01,8328.0,8015.430636251104,40,5,2018-03-01
sarima_temp,2018-09-01,7325.0,7486.940304014353,40,6,2018-03-01
sarima_temp,2018-05-01,7511.0,7798.212684174807,41,1,2018-04-01
sarima_temp,2018-06-01,8057.0,8099.193861298911,41,2,2018-04-01
sarima_temp,2018-07-01,8175.0,8355.207444556281,41,3,2018-04-01
sarima_temp,2018-08-01,8328.0,7955.784598155787,41,4,2018-04-01
sarima_temp,2018-09-01,7325.0,7426.9258470638015,41,5,2018-04-01
sarima_temp,2018-10-01,7202.0,7322.851223804698,41,6,2018-04-01
sarima_temp,2018-06-01,8057.0,7991.965784685797,42,1,2018-05-01
sarima_temp,2018-07-01,8175.0,8260.95309689936,42,2,2018-05-01
sarima_temp,2018-08-01,8328.0,7864.286270678505,42,3,2018-05-01
sarima_temp,2018-09-01,7325.0,7334.524096229377,42,4,2018-05-01
sarima_temp,2018-10-01,7202.0,7230.765730240667,42,5,2018-05-01
sarima_temp,2018-11-01,7161.0,6718.738098023526,42,6,2018-05-01
sarima_temp,2018-07-01,8175.0,8287.746247610603,43,1,2018-06-01
sarima_temp,2018-08-01,8328.0,7887.428067970716,43,2,2018-06-01
sarima_temp,2018-09-01,7325.0,7357.761369149549,43,3,2018-06-01
sarima_temp,2018-10-01,7202.0,7253.958042550709,43,4,2018-06-01
sarima_temp,2018-11-01,7161.0,6741.461147316656,43,5,2018-06-01
sarima_temp,2018-12-01,7409.0,6982.717867486786,43,6,2018-06-01
sarima_temp,2018-08-01,8328.0,7848.7974451774335,44,1,2018-07-01
sarima_temp,2018-09-01,7325.0,7322.977014698954,44,2,2018-07-01
sarima_temp,2018-10-01,7202.0,7219.564516502168,44,3,2018-07-01
sarima_temp,2018-11-01,7161.0,6708.027836980122,44,4,2018-07-01
sarima_temp,2018-12-01,7409.0,6950.23912923096,44,5,2018-07-01
sarima_temp,2019-01-01,7117.0,6896.987761058209,44,6,2018-07-01
sarima_temp,2018-09-01,7325.0,7545.491649574823,45,1,2018-08-01
sarima_temp,2018-10-01,7202.0,7394.291908463101,45,2,2018-08-01
sarima_temp,2018-11-01,7161.0,6869.1390201458735,45,3,2018-08-01
sarima_temp,2018-12-01,7409.0,7107.681576769903,45,4,2018-08-01
sarima_temp,2019-01-01,7117.0,7061.539288165705,45,5,2018-08-01
sarima_temp,2019-02-01,6307.0,6621.422924426953,45,6,2018-08-01
sarima_temp,2018-10-01,7202.0,7294.978277964576,46,1,2018-09-01
sarima_temp,2018-11-01,7161.0,6788.425898674082,46,2,2018-09-01
sarima_temp,2018-12-01,7409.0,7030.893651840877,46,3,2018-09-01
sarima_temp,2019-01-01,7117.0,6974.753562838795,46,4,2018-09-01
sarima_temp,2019-02-01,6307.0,6543.363654556812,46,5,2018-09-01
sarima_temp,2019-03-01,7067.0,6991.283099049082,46,6,2018-09-01
sarima_temp,2018-11-01,7161.0,6825.592525456877,47,1,2018-10-01
sarima_temp,2018-12-01,7409.0,7090.183697487751,47,2,2018-10-01
sarima_temp,2019-01-01,7117.0,7047.1710259202255,47,3,2018-10-01
sarima_temp,2019-02-01,6307.0,6607.493999722237,47,4,2018-10-01
sarima_temp,2019-03-01,7067.0,7059.892752868299,47,5,2018-10-01
sarima_temp,2019-04-01,7108.0,7061.877379460477,47,6,2018-10-01
sarima_temp,2018-12-01,7409.0,7154.882106790059,48,1,2018-11-01
sarima_temp,2019-01-01,7117.0,7067.149611964924,48,2,2018-11-01
sarima_temp,2019-02-01,6307.0,6620.584559712478,48,3,2018-11-01
sarima_temp,2019-03-01,7067.0,7071.405452208637,48,4,2018-11-01
sarima_temp,2019-04-01,7108.0,7072.915344396434,48,5,2018-11-01
sarima_temp,2019-05-01,7776.0,7879.932618422221,48,6,2018-11-01
sarima_temp,2019-01-01,7117.0,7118.7926714838,49,1,2018-12-01
sarima_temp,2019-02-01,6307.0,6639.005731491615,49,2,2018-12-01
sarima_temp,2019-03-01,7067.0,7082.418619172954,49,3,2018-12-01
sarima_temp,2019-04-01,7108.0,7080.79318679568,49,4,2018-12-01
sarima_temp,2019-05-01,7776.0,7886.30309189733,49,5,2018-12-01
sarima_temp,2019-06-01,8274.0,8249.76238787088,49,6,2018-12-01
sarima_temp,2019-02-01,6307.0,6638.758992169043,50,1,2019-01-01
sarima_temp,2019-03-01,7067.0,7082.225139474056,50,2,2019-01-01
sarima_temp,2019-04-01,7108.0,7080.245775428491,50,3,2019-01-01
sarima_temp,2019-05-01,7776.0,7885.55830610771,50,4,2019-01-01
sarima_temp,2019-06-01,8274.0,8249.211706274036,50,5,2019-01-01
sarima_temp,2019-07-01,8919.0,8556.602058972412,50,6,2019-01-01
sarima_temp,2019-03-01,7067.0,7001.879543663795,51,1,2019-02-01
sarima_temp,2019-04-01,7108.0,7039.121455684852,51,2,2019-02-01
sarima_temp,2019-05-01,7776.0,7851.887219708071,51,3,2019-02-01
sarima_temp,2019-06-01,8274.0,8214.859523239576,51,4,2019-02-01
sarima_temp,2019-07-01,8919.0,8516.084858100256,51,5,2019-02-01
sarima_temp,2019-08-01,8180.0,8123.9462585418705,51,6,2019-02-01
sarima_temp,2019-04-01,7108.0,7073.730491247353,52,1,2019-03-01
sarima_temp,2019-05-01,7776.0,7883.768148888079,52,2,2019-03-01
sarima_temp,2019-06-01,8274.0,8244.50283141426,52,3,2019-03-01
sarima_temp,2019-07-01,8919.0,8540.284606244386,52,4,2019-03-01
sarima_temp,2019-08-01,8180.0,8149.816498307619,52,5,2019-03-01
sarima_temp,2019-09-01,7664.0,7551.42176963264,52,6,2019-03-01
sarima_temp,2019-05-01,7776.0,7890.724193153703,53,1,2019-04-01
sarima_temp,2019-06-01,8274.0,8246.64628786906,53,2,2019-04-01
sarima_temp,2019-07-01,8919.0,8541.301552639128,53,3,2019-04-01
sarima_temp,2019-08-01,8180.0,8150.771400549785,53,4,2019-04-01
sarima_temp,2019-09-01,7664.0,7552.4553128231855,53,5,2019-04-01
sarima_temp,2019-10-01,7254.0,7428.886600732713,53,6,2019-04-01
sarima_temp,2019-06-01,8274.0,8204.883246118265,54,1,2019-05-01
sarima_temp,2019-07-01,8919.0,8520.061424232113,54,2,2019-05-01
sarima_temp,2019-08-01,8180.0,8127.627068792562,54,3,2019-05-01
sarima_temp,2019-09-01,7664.0,7525.467242462395,54,4,2019-05-01
sarima_temp,2019-10-01,7254.0,7399.755910569468,54,5,2019-05-01
sarima_temp,2019-11-01,6785.0,6970.188106194803,54,6,2019-05-01
sarima_temp,2019-07-01,8919.0,8534.318894466072,55,1,2019-06-01
sarima_temp,2019-08-01,8180.0,8134.775202777919,55,2,2019-06-01
sarima_temp,2019-09-01,7664.0,7532.104636919839,55,3,2019-06-01
sarima_temp,2019-10-01,7254.0,7406.615513693135,55,4,2019-06-01
sarima_temp,2019-11-01,6785.0,6976.419992868046,55,5,2019-06-01
sarima_temp,2019-12-01,6987.0,7231.811354606127,55,6,2019-06-01
sarima_temp,2019-08-01,8180.0,8226.540522570514,56,1,2019-07-01
sarima_temp,2019-09-01,7664.0,7569.278670525951,56,2,2019-07-01
sarima_temp,2019-10-01,7254.0,7431.9519008371935,56,3,2019-07-01
sarima_temp,2019-11-01,6785.0,7003.878911574693,56,4,2019-07-01
sarima_temp,2019-12-01,6987.0,7263.311068729527,56,5,2019-07-01
sarima_temp,2020-01-01,7194.0,7233.199329032017,56,6,2019-07-01
sarima_temp,2019-09-01,7664.0,7559.967365868897,57,1,2019-08-01
sarima_temp,2019-10-01,7254.0,7429.082792464459,57,2,2019-08-01
sarima_temp,2019-11-01,6785.0,7002.260173745946,57,3,2019-08-01
sarima_temp,2019-12-01,6987.0,7262.111563509836,57,4,2019-08-01
sarima_temp,2020-01-01,7194.0,7231.527918031569,57,5,2019-08-01
sarima_temp,2020-02-01,6848.0,6726.677101260432,57,6,2019-08-01
sarima_temp,2019-10-01,7254.0,7449.482785611054,58,1,2019-09-01
sarima_temp,2019-11-01,6785.0,7008.102955808719,58,2,2019-09-01
sarima_temp,2019-12-01,6987.0,7265.4775988987,58,3,2019-09-01
sarima_temp,2020-01-01,7194.0,7234.2527258930195,58,4,2019-09-01
sarima_temp,2020-02-01,6848.0,6728.989037614059,58,5,2019-09-01
sarima_temp,2020-03-01,7324.0,7244.515846539933,58,6,2019-09-01
sarima_temp,2019-11-01,6785.0,6971.527711704497,59,1,2019-10-01
sarima_temp,2019-12-01,6987.0,7256.539177354533,59,2,2019-10-01
sarima_temp,2020-01-01,7194.0,7229.622555120069,59,3,2019-10-01
sarima_temp,2020-02-01,6848.0,6726.322640787349,59,4,2019-10-01
sarima_temp,2020-03-01,7324.0,7242.572207678252,59,5,2019-10-01
sarima_temp,2020-04-01,5978.0,7287.934369568082,59,6,2019-10-01
sarima_temp,2019-12-01,6987.0,7220.317481820744,60,1,2019-11-01
sarima_temp,2020-01-01,7194.0,7218.448117377805,60,2,2019-11-01
sarima_temp,2020-02-01,6848.0,6719.257578899048,60,3,2019-11-01
sarima_temp,2020-03-01,7324.0,7236.223762767089,60,4,2019-11-01
sarima_temp,2020-04-01,5978.0,7281.638202646292,60,5,2019-11-01
sarima_temp,2020-05-01,7062.0,8121.032486788703,60,6,2019-11-01
sarima_temp,2020-01-01,7194.0,7164.124069897322,61,1,2019-12-01
sarima_temp,2020-02-01,6848.0,6693.819422546302,61,2,2019-12-01
sarima_temp,2020-03-01,7324.0,7215.364682474669,61,3,2019-12-01
sarima_temp,2020-04-01,5978.0,7261.5070889768285,61,4,2019-12-01
sarima_temp,2020-05-01,7062.0,8100.419732177406,61,5,2019-12-01
sarima_temp,2020-06-01,6948.0,8306.445485978047,61,6,2019-12-01
sarima_temp,2020-02-01,6848.0,6707.23932538029,62,1,2020-01-01
sarima_temp,2020-03-01,7324.0,7226.230274421102,62,2,2020-01-01
sarima_temp,2020-04-01,5978.0,7271.891085042619,62,3,2020-01-01
sarima_temp,2020-05-01,7062.0,8110.673714955002,62,4,2020-01-01
sarima_temp,2020-06-01,6948.0,8317.41178192491,62,5,2020-01-01
sarima_temp,2020-07-01,7392.0,8618.699925103656,62,6,2020-01-01
sarima_temp,2020-03-01,7324.0,7257.970538471377,63,1,2020-02-01
sarima_temp,2020-04-01,5978.0,7284.666125526569,63,2,2020-02-01
sarima_temp,2020-05-01,7062.0,8121.211245040631,63,3,2020-02-01
sarima_temp,2020-06-01,6948.0,8318.438771084871,63,4,2020-02-01
sarima_temp,2020-07-01,7392.0,8621.997142713915,63,5,2020-02-01
sarima_temp,2020-08-01,7678.0,8272.445517794544,63,6,2020-02-01
sarima_temp,2020-04-01,5978.0,7299.693678599106,64,1,2020-03-01
sarima_temp,2020-05-01,7062.0,8127.925701929473,64,2,2020-03-01
sarima_temp,2020-06-01,6948.0,8318.729502451468,64,3,2020-03-01
sarima_temp,2020-07-01,7392.0,8623.310280576647,64,4,2020-03-01
sarima_temp,2020-08-01,7678.0,8275.354438705672,64,5,2020-03-01
sarima_temp,2020-09-01,7005.0,7607.324916022393,64,6,2020-03-01
sarima_temp,2020-05-01,7062.0,7830.266208275533,65,1,2020-04-01
sarima_temp,2020-06-01,6948.0,8288.167482305327,65,2,2020-04-01
sarima_temp,2020-07-01,7392.0,8594.429517202889,65,3,2020-04-01
sarima_temp,2020-08-01,7678.0,8218.157315044638,65,4,2020-04-01
sarima_temp,2020-09-01,7005.0,7613.114293382056,65,5,2020-04-01
sarima_temp,2020-10-01,7385.0,7498.804510651447,65,6,2020-04-01
sarima_temp,2020-06-01,6948.0,8078.214485336435,66,1,2020-05-01
sarima_temp,2020-07-01,7392.0,8521.790210956167,66,2,2020-05-01
sarima_temp,2020-08-01,7678.0,8171.238357832875,66,3,2020-05-01
sarima_temp,2020-09-01,7005.0,7606.051095396018,66,4,2020-05-01
sarima_temp,2020-10-01,7385.0,7478.749917480336,66,5,2020-05-01
sarima_temp,2020-11-01,6872.0,7022.466553297568,66,6,2020-05-01
sarima_temp,2020-07-01,7392.0,7674.29270982816,67,1,2020-06-01
sarima_temp,2020-08-01,7678.0,7352.531233077517,67,2,2020-06-01
sarima_temp,2020-09-01,7005.0,6675.25628608645,67,3,2020-06-01
sarima_temp,2020-10-01,7385.0,6600.164738131118,67,4,2020-06-01
sarima_temp,2020-11-01,6872.0,6214.791423387218,67,5,2020-06-01
sarima_temp,2020-12-01,6781.0,6409.747935352487,67,6,2020-06-01
sarima_temp,2020-08-01,7678.0,7179.416276501887,68,1,2020-07-01
sarima_temp,2020-09-01,7005.0,6495.483334232355,68,2,2020-07-01
sarima_temp,2020-10-01,7385.0,6423.500852078146,68,3,2020-07-01
sarima_temp,2020-11-01,6872.0,6043.292333698006,68,4,2020-07-01
sarima_temp,2020-12-01,6781.0,6238.132590381047,68,5,2020-07-01
sarima_temp,2021-01-01,6917.0,6177.79089063737,68,6,2020-07-01
sarima_temp,2020-09-01,7005.0,6783.961048907795,69,1,2020-08-01
sarima_temp,2020-10-01,7385.0,6691.872181575919,69,2,2020-08-01
sarima_temp,2020-11-01,6872.0,6307.953015227533,69,3,2020-08-01
sarima_temp,2020-12-01,6781.0,6499.781076609963,69,4,2020-08-01
sarima_temp,2021-01-01,6917.0,6438.555620333511,69,5,2020-08-01
sarima_temp,2021-02-01,6217.0,6028.518303430875,69,6,2020-08-01
sarima_temp,2020-10-01,7385.0,6815.291349786576,70,1,2020-09-01
sarima_temp,2020-11-01,6872.0,6406.398500323847,70,2,2020-09-01
sarima_temp,2020-12-01,6781.0,6598.497807826066,70,3,2020-09-01
sarima_temp,2021-01-01,6917.0,6541.021381786871,70,4,2020-09-01
sarima_temp,2021-02-01,6217.0,6122.084845721276,70,5,2020-09-01
sarima_temp,2021-03-01,7569.0,6538.543133599533,70,6,2020-09-01
sarima_temp,2020-11-01,6872.0,6734.507844353852,71,1,2020-10-01
sarima_temp,2020-12-01,6781.0,6857.604291291088,71,2,2020-10-01
sarima_temp,2021-01-01,6917.0,6781.72680785583,71,3,2020-10-01
sarima_temp,2021-02-01,6217.0,6353.141508857914,71,4,2020-10-01
sarima_temp,2021-03-01,7569.0,6771.895107094494,71,5,2020-10-01
sarima_temp,2021-04-01,6917.0,6770.95805207995,71,6,2020-10-01
sarima_temp,2020-12-01,6781.0,6936.415893933921,72,1,2020-11-01
sarima_temp,2021-01-01,6917.0,6839.145911952995,72,2,2020-11-01
sarima_temp,2021-02-01,6217.0,6405.616446143507,72,3,2020-11-01
sarima_temp,2021-03-01,7569.0,6820.531828317226,72,4,2020-11-01
sarima_temp,2021-04-01,6917.0,6820.443508340612,72,5,2020-11-01
sarima_temp,2021-05-01,8253.0,7636.142309463605,72,6,2020-11-01
sarima_temp,2021-01-01,6917.0,6761.726445808475,73,1,2020-12-01
sarima_temp,2021-02-01,6217.0,6353.355899285632,73,2,2020-12-01
sarima_temp,2021-03-01,7569.0,6774.169997443172,73,3,2020-12-01
sarima_temp,2021-04-01,6917.0,6777.620427487679,73,4,2020-12-01
sarima_temp,2021-05-01,8253.0,7593.609022283039,73,5,2020-12-01
sarima_temp,2021-06-01,8153.0,7882.148090252615,73,6,2020-12-01
sarima_temp,2021-02-01,6217.0,6424.547193054605,74,1,2021-01-01
sarima_temp,2021-03-01,7569.0,6823.193391645039,74,2,2021-01-01
sarima_temp,2021-04-01,6917.0,6816.655095890754,74,3,2021-01-01
sarima_temp,2021-05-01,8253.0,7631.168428214311,74,4,2021-01-01
sarima_temp,2021-06-01,8153.0,7919.669105305992,74,5,2021-01-01
sarima_temp,2021-07-01,9251.0,8321.892433157012,74,6,2021-01-01
sarima_temp,2021-03-01,7569.0,6731.801383621522,75,1,2021-02-01
sarima_temp,2021-04-01,6917.0,6754.104714090566,75,2,2021-02-01
sarima_temp,2021-05-01,8253.0,7579.629724778734,75,3,2021-02-01
sarima_temp,2021-06-01,8153.0,7872.244919878581,75,4,2021-02-01
sarima_temp,2021-07-01,9251.0,8269.009565838734,75,5,2021-02-01
sarima_temp,2021-08-01,8830.0,7783.185331115542,75,6,2021-02-01
sarima_temp,2021-04-01,6917.0,7092.208609911053,76,1,2021-03-01
sarima_temp,2021-05-01,8253.0,7778.83428816905,76,2,2021-03-01
sarima_temp,2021-06-01,8153.0,8028.045656915119,76,3,2021-03-01
sarima_temp,2021-07-01,9251.0,8394.610848446997,76,4,2021-03-01
sarima_temp,2021-08-01,8830.0,7950.185722799375,76,5,2021-03-01
sarima_temp,2021-09-01,7512.0,7362.902998564725,76,6,2021-03-01
sarima_temp,2021-05-01,8253.0,7689.060060096947,77,1,2021-04-01
sarima_temp,2021-06-01,8153.0,7966.476689751563,77,2,2021-04-01
sarima_temp,2021-07-01,9251.0,8346.891241678723,77,3,2021-04-01
sarima_temp,2021-08-01,8830.0,7918.442441292484,77,4,2021-04-01
sarima_temp,2021-09-01,7512.0,7327.207814581459,77,5,2021-04-01
sarima_temp,2021-10-01,7656.0,7312.260052714299,77,6,2021-04-01
sarima_temp,2021-06-01,8153.0,8225.51918877822,78,1,2021-05-01
sarima_temp,2021-07-01,9251.0,8488.96840624744,78,2,2021-05-01
sarima_temp,2021-08-01,8830.0,8018.904780459057,78,3,2021-05-01
sarima_temp,2021-09-01,7512.0,7425.417200813489,78,4,2021-05-01
sarima_temp,2021-10-01,7656.0,7394.723602175442,78,5,2021-05-01
sarima_temp,2021-11-01,7603.0,6905.904166167045,78,6,2021-05-01
sarima_temp,2021-07-01,9251.0,8528.522688019028,79,1,2021-06-01
sarima_temp,2021-08-01,8830.0,8133.029766912999,79,2,2021-06-01
sarima_temp,2021-09-01,7512.0,7543.225537525872,79,3,2021-06-01
sarima_temp,2021-10-01,7656.0,7512.0685816136065,79,4,2021-06-01
sarima_temp,2021-11-01,7603.0,7029.897067164839,79,5,2021-06-01
sarima_temp,2021-12-01,8237.0,7236.065125414036,79,6,2021-06-01
sarima_temp,2021-08-01,8830.0,8386.472813725195,80,1,2021-07-01
sarima_temp,2021-09-01,7512.0,7790.748374011878,80,2,2021-07-01
sarima_temp,2021-10-01,7656.0,7807.717317239807,80,3,2021-07-01
sarima_temp,2021-11-01,7603.0,7314.762215992686,80,4,2021-07-01
sarima_temp,2021-12-01,8237.0,7547.72590051973,80,5,2021-07-01
sarima_temp,2022-01-01,9582.0,7505.755698737084,80,6,2021-07-01
sarima_temp,2021-09-01,7512.0,7815.72990451767,81,1,2021-08-01
sarima_temp,2021-10-01,7656.0,7645.620696232878,81,2,2021-08-01
sarima_temp,2021-11-01,7603.0,7086.316960954339,81,3,2021-08-01
sarima_temp,2021-12-01,8237.0,7275.505816414543,81,4,2021-08-01
sarima_temp,2022-01-01,9582.0,7238.142625988755,81,5,2021-08-01
sarima_temp,2022-02-01,7227.0,6669.120096735225,81,6,2021-08-01
sarima_temp,2021-10-01,7656.0,7508.514350241432,82,1,2021-09-01
sarima_temp,2021-11-01,7603.0,7015.444598410631,82,2,2021-09-01
sarima_temp,2021-12-01,8237.0,7230.422059884549,82,3,2021-09-01
sarima_temp,2022-01-01,9582.0,7203.166722334897,82,4,2021-09-01
sarima_temp,2022-02-01,7227.0,6637.057849536337,82,5,2021-09-01
sarima_temp,2022-03-01,7504.0,7250.113158334881,82,6,2021-09-01
sarima_temp,2021-11-01,7603.0,7080.551193384661,83,1,2021-10-01
sarima_temp,2021-12-01,8237.0,7266.559833546092,83,2,2021-10-01
sarima_temp,2022-01-01,9582.0,7225.822076754359,83,3,2021-10-01
sarima_temp,2022-02-01,7227.0,6655.229337269258,83,4,2021-10-01
sarima_temp,2022-03-01,7504.0,7264.248680220529,83,5,2021-10-01
sarima_temp,2022-04-01,7589.0,7064.372428642957,83,6,2021-10-01
sarima_temp,2021-12-01,8237.0,7625.867790806835,84,1,2021-11-01
sarima_temp,2022-01-01,9582.0,7573.7419305870035,84,2,2021-11-01
sarima_temp,2022-02-01,7227.0,7011.9191209731,84,3,2021-11-01
sarima_temp,2022-03-01,7504.0,7601.996069291362,84,4,2021-11-01
sarima_temp,2022-04-01,7589.0,7422.809061178793,84,5,2021-11-01
sarima_temp,2022-05-01,8846.0,8383.290753828562,84,6,2021-11-01
sarima_temp,2022-01-01,9582.0,7836.251382204112,85,1,2021-12-01
sarima_temp,2022-02-01,7227.0,7239.87374016988,85,2,2021-12-01
sarima_temp,2022-03-01,7504.0,7828.20049401078,85,3,2021-12-01
sarima_temp,2022-04-01,7589.0,7645.77447514608,85,4,2021-12-01
sarima_temp,2022-05-01,8846.0,8610.986184219277,85,5,2021-12-01
sarima_temp,2022-06-01,9057.0,8845.614712159588,85,6,2021-12-01
sarima_temp,2022-02-01,7227.0,8144.071228751762,86,1,2022-01-01
sarima_temp,2022-03-01,7504.0,8720.722206594668,86,2,2022-01-01
sarima_temp,2022-04-01,7589.0,8415.269186960748,86,3,2022-01-01
sarima_temp,2022-05-01,8846.0,9391.761667543651,86,4,2022-01-01
sarima_temp,2022-06-01,9057.0,9606.039146907982,86,5,2022-01-01
sarima_temp,2022-07-01,8699.0,9998.374348355348,86,6,2022-01-01
sarima_temp,2022-03-01,7504.0,8249.88164378117,87,1,2022-02-01
sarima_temp,2022-04-01,7589.0,7950.9388026561,87,2,2022-02-01
sarima_temp,2022-05-01,8846.0,8962.251535038642,87,3,2022-02-01
sarima_temp,2022-06-01,9057.0,9162.712908127423,87,4,2022-02-01
sarima_temp,2022-07-01,8699.0,9554.836272535553,87,5,2022-02-01
sarima_temp,2022-08-01,8834.0,9366.12310092069,87,6,2022-02-01
sarima_temp,2022-04-01,7589.0,7127.997657638696,88,1,2022-03-01
sarima_temp,2022-05-01,8846.0,8115.712949910096,88,2,2022-03-01
sarima_temp,2022-06-01,9057.0,8305.106622744126,88,3,2022-03-01
sarima_temp,2022-07-01,8699.0,8710.735586553683,88,4,2022-03-01
sarima_temp,2022-08-01,8834.0,8509.333272259155,88,5,2022-03-01
sarima_temp,2022-09-01,8228.0,7825.328996166822,88,6,2022-03-01
sarima_temp,2022-05-01,8846.0,8647.490186596804,89,1,2022-04-01
sarima_temp,2022-06-01,9057.0,8874.715121684872,89,2,2022-04-01
sarima_temp,2022-07-01,8699.0,9236.677743567929,89,3,2022-04-01
sarima_temp,2022-08-01,8834.0,9038.901615031586,89,4,2022-04-01
sarima_temp,2022-09-01,8228.0,8405.122125703863,89,5,2022-04-01
sarima_temp,2022-10-01,8388.0,8233.835756165057,89,6,2022-04-01
sarima_temp,2022-06-01,9057.0,8966.48152734384,90,1,2022-05-01
sarima_temp,2022-07-01,8699.0,9302.442876105171,90,2,2022-05-01
sarima_temp,2022-08-01,8834.0,9103.856700460246,90,3,2022-05-01
sarima_temp,2022-09-01,8228.0,8473.248040145427,90,4,2022-05-01
sarima_temp,2022-10-01,8388.0,8296.584629309751,90,5,2022-05-01
sarima_temp,2022-11-01,7588.0,8007.94849306514,90,6,2022-05-01
sarima_temp,2022-07-01,8699.0,9340.825155791512,91,1,2022-06-01
sarima_temp,2022-08-01,8834.0,9131.24280773748,91,2,2022-06-01
sarima_temp,2022-09-01,8228.0,8502.406723060685,91,3,2022-06-01
sarima_temp,2022-10-01,8388.0,8323.403592367908,91,4,2022-06-01
sarima_temp,2022-11-01,7588.0,8033.460068692507,91,5,2022-06-01
sarima_temp,2022-12-01,7850.0,8236.196805106252,91,6,2022-06-01
sarima_temp,2022-08-01,8834.0,8519.577729368564,92,1,2022-07-01
sarima_temp,2022-09-01,8228.0,7911.966383165554,92,2,2022-07-01
sarima_temp,2022-10-01,8388.0,7724.29213174281,92,3,2022-07-01
sarima_temp,2022-11-01,7588.0,7434.125422232075,92,4,2022-07-01
sarima_temp,2022-12-01,7850.0,7634.117255863896,92,5,2022-07-01
sarima_temp,2023-01-01,7563.0,7905.865697304844,92,6,2022-07-01
sarima_temp,2022-09-01,8228.0,8311.251691534659,93,1,2022-08-01
sarima_temp,2022-10-01,8388.0,8116.698433239526,93,2,2022-08-01
sarima_temp,2022-11-01,7588.0,7836.8916093731,93,3,2022-08-01
sarima_temp,2022-12-01,7850.0,8027.784950802599,93,4,2022-08-01
sarima_temp,2023-01-01,7563.0,8286.01756931918,93,5,2022-08-01
sarima_temp,2023-02-01,6551.0,7365.136067424475,93,6,2022-08-01
sarima_temp,2022-10-01,8388.0,8085.143947526983,94,1,2022-09-01
sarima_temp,2022-11-01,7588.0,7806.06353286225,94,2,2022-09-01
sarima_temp,2022-12-01,7850.0,8002.635635677283,94,3,2022-09-01
sarima_temp,2023-01-01,7563.0,8257.773977356965,94,4,2022-09-01
sarima_temp,2023-02-01,6551.0,7343.6224873568035,94,5,2022-09-01
sarima_temp,2023-03-01,7507.0,7952.988411858393,94,6,2022-09-01
sarima_temp,2022-11-01,7588.0,7937.798845500982,95,1,2022-10-01
sarima_temp,2022-12-01,7850.0,8103.33615157257,95,2,2022-10-01
sarima_temp,2023-01-01,7563.0,8351.84778719047,95,3,2022-10-01
sarima_temp,2023-02-01,6551.0,7436.064419441618,95,4,2022-10-01
sarima_temp,2023-03-01,7507.0,8046.897046257203,95,5,2022-10-01
sarima_temp,2023-04-01,7745.0,7862.640481942364,95,6,2022-10-01
sarima_temp,2022-12-01,7850.0,7943.654951068944,96,1,2022-11-01
sarima_temp,2023-01-01,7563.0,8213.708224517117,96,2,2022-11-01
sarima_temp,2023-02-01,6551.0,7333.710971899851,96,3,2022-11-01
sarima_temp,2023-03-01,7507.0,7936.4648730102435,96,4,2022-11-01
sarima_temp,2023-04-01,7745.0,7764.77445638783,96,5,2022-11-01
sarima_temp,2023-05-01,8600.0,8690.524415631142,96,6,2022-11-01
sarima_temp,2023-01-01,7563.0,8165.444960835247,97,1,2022-12-01
sarima_temp,2023-02-01,6551.0,7304.906846229985,97,2,2022-12-01
sarima_temp,2023-03-01,7507.0,7906.260626783188,97,3,2022-12-01
sarima_temp,2023-04-01,7745.0,7739.418473629001,97,4,2022-12-01
sarima_temp,2023-05-01,8600.0,8662.16363594456,97,5,2022-12-01
sarima_temp,2023-06-01,9151.0,8946.881720697462,97,6,2022-12-01
sarima_temp,2023-02-01,6551.0,7153.779883462306,98,1,2023-01-01
sarima_temp,2023-03-01,7507.0,7732.513487971569,98,2,2023-01-01
sarima_temp,2023-04-01,7745.0,7659.620611282478,98,3,2023-01-01
sarima_temp,2023-05-01,8600.0,8536.366667686767,98,4,2023-01-01
sarima_temp,2023-06-01,9151.0,8839.8474979193,98,5,2023-01-01
sarima_temp,2023-07-01,9183.0,9098.177122153736,98,6,2023-01-01
sarima_temp,2023-03-01,7507.0,7474.489773363626,99,1,2023-02-01
sarima_temp,2023-04-01,7745.0,7389.7111327053135,99,2,2023-02-01
sarima_temp,2023-05-01,8600.0,8317.287696121763,99,3,2023-02-01
sarima_temp,2023-06-01,9151.0,8609.248145098856,99,4,2023-02-01
sarima_temp,2023-07-01,9183.0,8867.930943707857,99,5,2023-02-01
sarima_temp,2023-08-01,8297.0,8541.374011454565,99,6,2023-02-01
sarima_temp,2023-04-01,7745.0,7406.445522450114,100,1,2023-03-01
sarima_temp,2023-05-01,8600.0,8329.94011494629,100,2,2023-03-01
sarima_temp,2023-06-01,9151.0,8621.452293178549,100,3,2023-03-01
sarima_temp,2023-07-01,9183.0,8879.975999355243,100,4,2023-03-01
sarima_temp,2023-08-01,8297.0,8552.738567637512,100,5,2023-03-01
sarima_temp,2023-09-01,7823.0,7853.9500904795805,100,6,2023-03-01
sarima_temp,2023-05-01,8600.0,8491.804931075361,101,1,2023-04-01
sarima_temp,2023-06-01,9151.0,8750.33293806472,101,2,2023-04-01
sarima_temp,2023-07-01,9183.0,9000.237040503505,101,3,2023-04-01
sarima_temp,2023-08-01,8297.0,8661.386614732246,101,4,2023-04-01
sarima_temp,2023-09-01,7823.0,7973.6994590019,101,5,2023-04-01
sarima_temp,2023-10-01,7507.0,8008.478144931872,101,6,2023-04-01
sarima_temp,2023-06-01,9151.0,8754.126864730119,102,1,2023-05-01
sarima_temp,2023-07-01,9183.0,8954.136682006523,102,2,2023-05-01
sarima_temp,2023-08-01,8297.0,8607.595873373357,102,3,2023-05-01
sarima_temp,2023-09-01,7823.0,7886.384790021478,102,4,2023-05-01
sarima_temp,2023-10-01,7507.0,7922.7277390891395,102,5,2023-05-01
sarima_temp,2023-11-01,8107.0,7397.414459161434,102,6,2023-05-01
sarima_temp,2023-07-01,9183.0,9200.078921489114,103,1,2023-06-01
sarima_temp,2023-08-01,8297.0,8809.551407324847,103,2,2023-06-01
sarima_temp,2023-09-01,7823.0,8113.565867245243,103,3,2023-06-01
sarima_temp,2023-10-01,7507.0,8141.683192863831,103,4,2023-06-01
sarima_temp,2023-11-01,8107.0,7621.856663480131,103,5,2023-06-01
sarima_temp,2023-12-01,7504.0,7928.373272524031,103,6,2023-06-01
xgboost_temp,2015-01-01,7184.0,6361.1748046875,1,1,2014-12-01
xgboost_temp,2015-02-01,5958.0,6417.77197265625,1,2,2014-12-01
xgboost_temp,2015-03-01,6658.0,6269.5869140625,1,3,2014-12-01
xgboost_temp,2015-04-01,7069.0,6241.5185546875,1,4,2014-12-01
xgboost_temp,2015-05-01,8099.0,7330.39013671875,1,5,2014-12-01
xgboost_temp,2015-06-01,7868.0,7415.60107421875,1,6,2014-12-01
xgboost_temp,2015-02-01,5958.0,6448.96826171875,2,1,2015-01-01
xgboost_temp,2015-03-01,6658.0,6496.12744140625,2,2,2015-01-01
xgboost_temp,2015-04-01,7069.0,6282.7412109375,2,3,2015-01-01
xgboost_temp,2015-05-01,8099.0,7253.0693359375,2,4,2015-01-01
xgboost_temp,2015-06-01,7868.0,7417.32568359375,2,5,2015-01-01
xgboost_temp,2015-07-01,7986.0,7400.078125,2,6,2015-01-01
xgboost_temp,2015-03-01,6658.0,6609.0146484375,3,1,2015-02-01
xgboost_temp,2015-04-01,7069.0,6251.77978515625,3,2,2015-02-01
xgboost_temp,2015-05-01,8099.0,7130.71728515625,3,3,2015-02-01
xgboost_temp,2015-06-01,7868.0,7393.41259765625,3,4,2015-02-01
xgboost_temp,2015-07-01,7986.0,7361.4033203125,3,5,2015-02-01
xgboost_temp,2015-08-01,7251.0,7376.328125,3,6,2015-02-01
xgboost_temp,2015-04-01,7069.0,6210.66650390625,4,1,2015-03-01
xgboost_temp,2015-05-01,8099.0,7145.73388671875,4,2,2015-03-01
xgboost_temp,2015-06-01,7868.0,7376.306640625,4,3,2015-03-01
xgboost_temp,2015-07-01,7986.0,7380.11376953125,4,4,2015-03-01
xgboost_temp,2015-08-01,7251.0,7380.3798828125,4,5,2015-03-01
xgboost_temp,2015-09-01,7163.0,6879.49755859375,4,6,2015-03-01
xgboost_temp,2015-05-01,8099.0,7115.04736328125,5,1,2015-04-01
xgboost_temp,2015-06-01,7868.0,7394.5029296875,5,2,2015-04-01
xgboost_temp,2015-07-01,7986.0,7324.4482421875,5,3,2015-04-01
xgboost_temp,2015-08-01,7251.0,7235.7060546875,5,4,2015-04-01
xgboost_temp,2015-09-01,7163.0,6990.6611328125,5,5,2015-04-01
xgboost_temp,2015-10-01,6690.0,7111.5546875,5,6,2015-04-01
xgboost_temp,2015-06-01,7868.0,7739.18701171875,6,1,2015-05-01
xgboost_temp,2015-07-01,7986.0,7379.49072265625,6,2,2015-05-01
xgboost_temp,2015-08-01,7251.0,7656.3525390625,6,3,2015-05-01
xgboost_temp,2015-09-01,7163.0,6713.92578125,6,4,2015-05-01
xgboost_temp,2015-10-01,6690.0,7306.576171875,6,5,2015-05-01
xgboost_temp,2015-11-01,6392.0,6377.88134765625,6,6,2015-05-01
xgboost_temp,2015-07-01,7986.0,7366.484375,7,1,2015-06-01
xgboost_temp,2015-08-01,7251.0,7623.7509765625,7,2,2015-06-01
xgboost_temp,2015-09-01,7163.0,6776.6337890625,7,3,2015-06-01
xgboost_temp,2015-10-01,6690.0,7341.04296875,7,4,2015-06-01
xgboost_temp,2015-11-01,6392.0,6408.1806640625,7,5,2015-06-01
xgboost_temp,2015-12-01,6753.0,6537.3388671875,7,6,2015-06-01
xgboost_temp,2015-08-01,7251.0,7652.49951171875,8,1,2015-07-01
xgboost_temp,2015-09-01,7163.0,6775.21337890625,8,2,2015-07-01
xgboost_temp,2015-10-01,6690.0,7272.5498046875,8,3,2015-07-01
xgboost_temp,2015-11-01,6392.0,6319.134765625,8,4,2015-07-01
xgboost_temp,2015-12-01,6753.0,6655.5830078125,8,5,2015-07-01
xgboost_temp,2016-01-01,6753.0,7129.1904296875,8,6,2015-07-01
xgboost_temp,2015-09-01,7163.0,6814.513671875,9,1,2015-08-01
xgboost_temp,2015-10-01,6690.0,7218.15576171875,9,2,2015-08-01
xgboost_temp,2015-11-01,6392.0,6302.533203125,9,3,2015-08-01
xgboost_temp,2015-12-01,6753.0,6684.37109375,9,4,2015-08-01
xgboost_temp,2016-01-01,6753.0,7142.416015625,9,5,2015-08-01
xgboost_temp,2016-02-01,6385.0,6232.33740234375,9,6,2015-08-01
xgboost_temp,2015-10-01,6690.0,7251.87841796875,10,1,2015-09-01
xgboost_temp,2015-11-01,6392.0,6460.9580078125,10,2,2015-09-01
xgboost_temp,2015-12-01,6753.0,6898.2353515625,10,3,2015-09-01
xgboost_temp,2016-01-01,6753.0,7106.32763671875,10,4,2015-09-01
xgboost_temp,2016-02-01,6385.0,6455.353515625,10,5,2015-09-01
xgboost_temp,2016-03-01,7164.0,6576.4970703125,10,6,2015-09-01
xgboost_temp,2015-11-01,6392.0,6489.34423828125,11,1,2015-10-01
xgboost_temp,2015-12-01,6753.0,6811.41064453125,11,2,2015-10-01
xgboost_temp,2016-01-01,6753.0,6921.86328125,11,3,2015-10-01
xgboost_temp,2016-02-01,6385.0,6360.8798828125,11,4,2015-10-01
xgboost_temp,2016-03-01,7164.0,6663.9384765625,11,5,2015-10-01
xgboost_temp,2016-04-01,7192.0,7001.939453125,11,6,2015-10-01
xgboost_temp,2015-12-01,6753.0,6790.486328125,12,1,2015-11-01
xgboost_temp,2016-01-01,6753.0,6815.162109375,12,2,2015-11-01
xgboost_temp,2016-02-01,6385.0,6350.79541015625,12,3,2015-11-01
xgboost_temp,2016-03-01,7164.0,6620.01416015625,12,4,2015-11-01
xgboost_temp,2016-04-01,7192.0,6902.0361328125,12,5,2015-11-01
xgboost_temp,2016-05-01,7743.0,7461.14306640625,12,6,2015-11-01
xgboost_temp,2016-01-01,6753.0,6797.03125,13,1,2015-12-01
xgboost_temp,2016-02-01,6385.0,6265.78173828125,13,2,2015-12-01
xgboost_temp,2016-03-01,7164.0,6559.681640625,13,3,2015-12-01
xgboost_temp,2016-04-01,7192.0,6891.865234375,13,4,2015-12-01
xgboost_temp,2016-05-01,7743.0,7453.96923828125,13,5,2015-12-01
xgboost_temp,2016-06-01,8767.0,7598.06494140625,13,6,2015-12-01
xgboost_temp,2016-02-01,6385.0,6435.650390625,14,1,2016-01-01
xgboost_temp,2016-03-01,7164.0,6576.470703125,14,2,2016-01-01
xgboost_temp,2016-04-01,7192.0,6783.31689453125,14,3,2016-01-01
xgboost_temp,2016-05-01,7743.0,7486.56982421875,14,4,2016-01-01
xgboost_temp,2016-06-01,8767.0,7606.16650390625,14,5,2016-01-01
xgboost_temp,2016-07-01,8479.0,7884.49169921875,14,6,2016-01-01
xgboost_temp,2016-03-01,7164.0,6600.96923828125,15,1,2016-02-01
xgboost_temp,2016-04-01,7192.0,6828.9638671875,15,2,2016-02-01
xgboost_temp,2016-05-01,7743.0,7491.1015625,15,3,2016-02-01
xgboost_temp,2016-06-01,8767.0,7623.2607421875,15,4,2016-02-01
xgboost_temp,2016-07-01,8479.0,7906.35546875,15,5,2016-02-01
xgboost_temp,2016-08-01,7890.0,7347.26611328125,15,6,2016-02-01
xgboost_temp,2016-04-01,7192.0,7072.63720703125,16,1,2016-03-01
xgboost_temp,2016-05-01,7743.0,7548.560546875,16,2,2016-03-01
xgboost_temp,2016-06-01,8767.0,7588.85888671875,16,3,2016-03-01
xgboost_temp,2016-07-01,8479.0,7801.3515625,16,4,2016-03-01
xgboost_temp,2016-08-01,7890.0,7309.62451171875,16,5,2016-03-01
xgboost_temp,2016-09-01,7317.0,6917.06640625,16,6,2016-03-01
xgboost_temp,2016-05-01,7743.0,7549.84130859375,17,1,2016-04-01
xgboost_temp,2016-06-01,8767.0,7625.39013671875,17,2,2016-04-01
xgboost_temp,2016-07-01,8479.0,7737.57421875,17,3,2016-04-01
xgboost_temp,2016-08-01,7890.0,7243.78125,17,4,2016-04-01
xgboost_temp,2016-09-01,7317.0,6845.4697265625,17,5,2016-04-01
xgboost_temp,2016-10-01,7426.0,6594.53759765625,17,6,2016-04-01
xgboost_temp,2016-06-01,8767.0,7659.0439453125,18,1,2016-05-01
xgboost_temp,2016-07-01,8479.0,7763.3291015625,18,2,2016-05-01
xgboost_temp,2016-08-01,7890.0,7314.9990234375,18,3,2016-05-01
xgboost_temp,2016-09-01,7317.0,6882.8798828125,18,4,2016-05-01
xgboost_temp,2016-10-01,7426.0,6597.3466796875,18,5,2016-05-01
xgboost_temp,2016-11-01,6700.0,6520.658203125,18,6,2016-05-01
xgboost_temp,2016-07-01,8479.0,7852.9140625,19,1,2016-06-01
xgboost_temp,2016-08-01,7890.0,7273.74169921875,19,2,2016-06-01
xgboost_temp,2016-09-01,7317.0,6878.2294921875,19,3,2016-06-01
xgboost_temp,2016-10-01,7426.0,6564.23974609375,19,4,2016-06-01
xgboost_temp,2016-11-01,6700.0,6494.79443359375,19,5,2016-06-01
xgboost_temp,2016-12-01,6994.0,6823.2880859375,19,6,2016-06-01
xgboost_temp,2016-08-01,7890.0,7394.380859375,20,1,2016-07-01
xgboost_temp,2016-09-01,7317.0,7008.13232421875,20,2,2016-07-01
xgboost_temp,2016-10-01,7426.0,6517.61083984375,20,3,2016-07-01
xgboost_temp,2016-11-01,6700.0,6497.98681640625,20,4,2016-07-01
xgboost_temp,2016-12-01,6994.0,6820.6240234375,20,5,2016-07-01
xgboost_temp,2017-01-01,6788.0,6553.84326171875,20,6,2016-07-01
xgboost_temp,2016-09-01,7317.0,7138.8076171875,21,1,2016-08-01
xgboost_temp,2016-10-01,7426.0,6521.63623046875,21,2,2016-08-01
xgboost_temp,2016-11-01,6700.0,6508.92431640625,21,3,2016-08-01
xgboost_temp,2016-12-01,6994.0,6801.31298828125,21,4,2016-08-01
xgboost_temp,2017-01-01,6788.0,6616.95263671875,21,5,2016-08-01
xgboost_temp,2017-02-01,6271.0,6585.02490234375,21,6,2016-08-01
xgboost_temp,2016-10-01,7426.0,6581.3828125,22,1,2016-09-01
xgboost_temp,2016-11-01,6700.0,6551.943359375,22,2,2016-09-01
xgboost_temp,2016-12-01,6994.0,6715.0634765625,22,3,2016-09-01
xgboost_temp,2017-01-01,6788.0,6565.01806640625,22,4,2016-09-01
xgboost_temp,2017-02-01,6271.0,6600.90966796875,22,5,2016-09-01
xgboost_temp,2017-03-01,6794.0,7077.41064453125,22,6,2016-09-01
xgboost_temp,2016-11-01,6700.0,6787.96923828125,23,1,2016-10-01
xgboost_temp,2016-12-01,6994.0,6906.22802734375,23,2,2016-10-01
xgboost_temp,2017-01-01,6788.0,6810.564453125,23,3,2016-10-01
xgboost_temp,2017-02-01,6271.0,6811.2509765625,23,4,2016-10-01
xgboost_temp,2017-03-01,6794.0,7398.97412109375,23,5,2016-10-01
xgboost_temp,2017-04-01,6884.0,7506.859375,23,6,2016-10-01
xgboost_temp,2016-12-01,6994.0,6926.31787109375,24,1,2016-11-01
xgboost_temp,2017-01-01,6788.0,6817.15966796875,24,2,2016-11-01
xgboost_temp,2017-02-01,6271.0,6704.92236328125,24,3,2016-11-01
xgboost_temp,2017-03-01,6794.0,7423.5087890625,24,4,2016-11-01
xgboost_temp,2017-04-01,6884.0,7470.2255859375,24,5,2016-11-01
xgboost_temp,2017-05-01,7651.0,7751.998046875,24,6,2016-11-01
xgboost_temp,2017-01-01,6788.0,6868.82861328125,25,1,2016-12-01
xgboost_temp,2017-02-01,6271.0,6740.93505859375,25,2,2016-12-01
xgboost_temp,2017-03-01,6794.0,7366.78515625,25,3,2016-12-01
xgboost_temp,2017-04-01,6884.0,7441.72509765625,25,4,2016-12-01
xgboost_temp,2017-05-01,7651.0,7783.86474609375,25,5,2016-12-01
xgboost_temp,2017-06-01,8009.0,7850.94140625,25,6,2016-12-01
xgboost_temp,2017-02-01,6271.0,6775.494140625,26,1,2017-01-01
xgboost_temp,2017-03-01,6794.0,7410.658203125,26,2,2017-01-01
xgboost_temp,2017-04-01,6884.0,7471.12548828125,26,3,2017-01-01
xgboost_temp,2017-05-01,7651.0,7794.87939453125,26,4,2017-01-01
xgboost_temp,2017-06-01,8009.0,7878.99658203125,26,5,2017-01-01
xgboost_temp,2017-07-01,8694.0,8455.7470703125,26,6,2017-01-01
xgboost_temp,2017-03-01,6794.0,7367.798828125,27,1,2017-02-01
xgboost_temp,2017-04-01,6884.0,7345.2822265625,27,2,2017-02-01
xgboost_temp,2017-05-01,7651.0,7761.02294921875,27,3,2017-02-01
xgboost_temp,2017-06-01,8009.0,7775.33984375,27,4,2017-02-01
xgboost_temp,2017-07-01,8694.0,8390.4111328125,27,5,2017-02-01
xgboost_temp,2017-08-01,8130.0,7916.67138671875,27,6,2017-02-01
xgboost_temp,2017-04-01,6884.0,7259.87646484375,28,1,2017-03-01
xgboost_temp,2017-05-01,7651.0,7821.77197265625,28,2,2017-03-01
xgboost_temp,2017-06-01,8009.0,7800.64453125,28,3,2017-03-01
xgboost_temp,2017-07-01,8694.0,8439.6240234375,28,4,2017-03-01
xgboost_temp,2017-08-01,8130.0,7906.9287109375,28,5,2017-03-01
xgboost_temp,2017-09-01,7446.0,7571.87890625,28,6,2017-03-01
xgboost_temp,2017-05-01,7651.0,7819.6494140625,29,1,2017-04-01
xgboost_temp,2017-06-01,8009.0,7814.19775390625,29,2,2017-04-01
xgboost_temp,2017-07-01,8694.0,8410.2216796875,29,3,2017-04-01
xgboost_temp,2017-08-01,8130.0,7890.55419921875,29,4,2017-04-01
xgboost_temp,2017-09-01,7446.0,7540.95458984375,29,5,2017-04-01
xgboost_temp,2017-10-01,7282.0,7525.9091796875,29,6,2017-04-01
xgboost_temp,2017-06-01,8009.0,7878.13623046875,30,1,2017-05-01
xgboost_temp,2017-07-01,8694.0,8416.341796875,30,2,2017-05-01
xgboost_temp,2017-08-01,8130.0,7872.68408203125,30,3,2017-05-01
xgboost_temp,2017-09-01,7446.0,7596.5546875,30,4,2017-05-01
xgboost_temp,2017-10-01,7282.0,7527.12060546875,30,5,2017-05-01
xgboost_temp,2017-11-01,6830.0,7104.978515625,30,6,2017-05-01
xgboost_temp,2017-07-01,8694.0,8419.966796875,31,1,2017-06-01
xgboost_temp,2017-08-01,8130.0,7940.345703125,31,2,2017-06-01
xgboost_temp,2017-09-01,7446.0,7426.1552734375,31,3,2017-06-01
xgboost_temp,2017-10-01,7282.0,7421.607421875,31,4,2017-06-01
xgboost_temp,2017-11-01,6830.0,7080.48583984375,31,5,2017-06-01
xgboost_temp,2017-12-01,6946.0,6978.63671875,31,6,2017-06-01
xgboost_temp,2017-08-01,8130.0,7860.328125,32,1,2017-07-01
xgboost_temp,2017-09-01,7446.0,7587.9951171875,32,2,2017-07-01
xgboost_temp,2017-10-01,7282.0,7489.64990234375,32,3,2017-07-01
xgboost_temp,2017-11-01,6830.0,7172.9560546875,32,4,2017-07-01
xgboost_temp,2017-12-01,6946.0,7009.767578125,32,5,2017-07-01
xgboost_temp,2018-01-01,6886.0,6786.99169921875,32,6,2017-07-01
xgboost_temp,2017-09-01,7446.0,7508.9111328125,33,1,2017-08-01
xgboost_temp,2017-10-01,7282.0,7511.83984375,33,2,2017-08-01
xgboost_temp,2017-11-01,6830.0,7183.12890625,33,3,2017-08-01
xgboost_temp,2017-12-01,6946.0,7015.4814453125,33,4,2017-08-01
xgboost_temp,2018-01-01,6886.0,6796.04345703125,33,5,2017-08-01
xgboost_temp,2018-02-01,5960.0,6588.82275390625,33,6,2017-08-01
xgboost_temp,2017-10-01,7282.0,7547.96240234375,34,1,2017-09-01
xgboost_temp,2017-11-01,6830.0,7113.46435546875,34,2,2017-09-01
xgboost_temp,2017-12-01,6946.0,6969.974609375,34,3,2017-09-01
xgboost_temp,2018-01-01,6886.0,6812.474609375,34,4,2017-09-01
xgboost_temp,2018-02-01,5960.0,6566.53076171875,34,5,2017-09-01
xgboost_temp,2018-03-01,6930.0,6804.5126953125,34,6,2017-09-01
xgboost_temp,2017-11-01,6830.0,7150.65087890625,35,1,2017-10-01
xgboost_temp,2017-12-01,6946.0,6859.7255859375,35,2,2017-10-01
xgboost_temp,2018-01-01,6886.0,6793.48388671875,35,3,2017-10-01
xgboost_temp,2018-02-01,5960.0,6565.318359375,35,4,2017-10-01
xgboost_temp,2018-03-01,6930.0,6784.32373046875,35,5,2017-10-01
xgboost_temp,2018-04-01,6769.0,6913.3193359375,35,6,2017-10-01
xgboost_temp,2017-12-01,6946.0,6882.7255859375,36,1,2017-11-01
xgboost_temp,2018-01-01,6886.0,6768.8466796875,36,2,2017-11-01
xgboost_temp,2018-02-01,5960.0,6577.96142578125,36,3,2017-11-01
xgboost_temp,2018-03-01,6930.0,6854.19140625,36,4,2017-11-01
xgboost_temp,2018-04-01,6769.0,6893.42578125,36,5,2017-11-01
xgboost_temp,2018-05-01,7511.0,7677.8759765625,36,6,2017-11-01
xgboost_temp,2018-01-01,6886.0,6774.5009765625,37,1,2017-12-01
xgboost_temp,2018-02-01,5960.0,6569.38427734375,37,2,2017-12-01
xgboost_temp,2018-03-01,6930.0,6803.55126953125,37,3,2017-12-01
xgboost_temp,2018-04-01,6769.0,6902.0439453125,37,4,2017-12-01
xgboost_temp,2018-05-01,7511.0,7706.630859375,37,5,2017-12-01
xgboost_temp,2018-06-01,8057.0,7931.533203125,37,6,2017-12-01
xgboost_temp,2018-02-01,5960.0,6535.38330078125,38,1,2018-01-01
xgboost_temp,2018-03-01,6930.0,6846.728515625,38,2,2018-01-01
xgboost_temp,2018-04-01,6769.0,6892.51611328125,38,3,2018-01-01
xgboost_temp,2018-05-01,7511.0,7719.81689453125,38,4,2018-01-01
xgboost_temp,2018-06-01,8057.0,7914.5400390625,38,5,2018-01-01
xgboost_temp,2018-07-01,8175.0,7968.21728515625,38,6,2018-01-01
xgboost_temp,2018-03-01,6930.0,6712.2490234375,39,1,2018-02-01
xgboost_temp,2018-04-01,6769.0,6844.3017578125,39,2,2018-02-01
xgboost_temp,2018-05-01,7511.0,7741.29638671875,39,3,2018-02-01
xgboost_temp,2018-06-01,8057.0,7935.76611328125,39,4,2018-02-01
xgboost_temp,2018-07-01,8175.0,7966.1982421875,39,5,2018-02-01
xgboost_temp,2018-08-01,8328.0,8241.7197265625,39,6,2018-02-01
xgboost_temp,2018-04-01,6769.0,6866.2314453125,40,1,2018-03-01
xgboost_temp,2018-05-01,7511.0,7686.888671875,40,2,2018-03-01
xgboost_temp,2018-06-01,8057.0,7853.44873046875,40,3,2018-03-01
xgboost_temp,2018-07-01,8175.0,7954.841796875,40,4,2018-03-01
xgboost_temp,2018-08-01,8328.0,8230.3232421875,40,5,2018-03-01
xgboost_temp,2018-09-01,7325.0,7677.86328125,40,6,2018-03-01
xgboost_temp,2018-05-01,7511.0,7731.72216796875,41,1,2018-04-01
xgboost_temp,2018-06-01,8057.0,7906.68408203125,41,2,2018-04-01
xgboost_temp,2018-07-01,8175.0,7961.01806640625,41,3,2018-04-01
xgboost_temp,2018-08-01,8328.0,8231.91015625,41,4,2018-04-01
xgboost_temp,2018-09-01,7325.0,7628.8251953125,41,5,2018-04-01
xgboost_temp,2018-10-01,7202.0,7253.42236328125,41,6,2018-04-01
xgboost_temp,2018-06-01,8057.0,7790.34130859375,42,1,2018-05-01
xgboost_temp,2018-07-01,8175.0,7968.73779296875,42,2,2018-05-01
xgboost_temp,2018-08-01,8328.0,8282.984375,42,3,2018-05-01
xgboost_temp,2018-09-01,7325.0,7699.39501953125,42,4,2018-05-01
xgboost_temp,2018-10-01,7202.0,7227.69873046875,42,5,2018-05-01
xgboost_temp,2018-11-01,7161.0,6968.58447265625,42,6,2018-05-01
xgboost_temp,2018-07-01,8175.0,7970.5556640625,43,1,2018-06-01
xgboost_temp,2018-08-01,8328.0,8211.1953125,43,2,2018-06-01
xgboost_temp,2018-09-01,7325.0,7606.52099609375,43,3,2018-06-01
xgboost_temp,2018-10-01,7202.0,7265.49560546875,43,4,2018-06-01
xgboost_temp,2018-11-01,7161.0,6907.470703125,43,5,2018-06-01
xgboost_temp,2018-12-01,7409.0,6899.97216796875,43,6,2018-06-01
xgboost_temp,2018-08-01,8328.0,8248.072265625,44,1,2018-07-01
xgboost_temp,2018-09-01,7325.0,7601.80810546875,44,2,2018-07-01
xgboost_temp,2018-10-01,7202.0,7301.18701171875,44,3,2018-07-01
xgboost_temp,2018-11-01,7161.0,7045.77978515625,44,4,2018-07-01
xgboost_temp,2018-12-01,7409.0,6948.64404296875,44,5,2018-07-01
xgboost_temp,2019-01-01,7117.0,6878.916015625,44,6,2018-07-01
xgboost_temp,2018-09-01,7325.0,7637.3095703125,45,1,2018-08-01
xgboost_temp,2018-10-01,7202.0,7302.33349609375,45,2,2018-08-01
xgboost_temp,2018-11-01,7161.0,7046.60546875,45,3,2018-08-01
xgboost_temp,2018-12-01,7409.0,6924.55908203125,45,4,2018-08-01
xgboost_temp,2019-01-01,7117.0,6903.2177734375,45,5,2018-08-01
xgboost_temp,2019-02-01,6307.0,6339.384765625,45,6,2018-08-01
xgboost_temp,2018-10-01,7202.0,7345.98876953125,46,1,2018-09-01
xgboost_temp,2018-11-01,7161.0,6904.845703125,46,2,2018-09-01
xgboost_temp,2018-12-01,7409.0,6936.07177734375,46,3,2018-09-01
xgboost_temp,2019-01-01,7117.0,6901.2275390625,46,4,2018-09-01
xgboost_temp,2019-02-01,6307.0,6199.35888671875,46,5,2018-09-01
xgboost_temp,2019-03-01,7067.0,6734.63671875,46,6,2018-09-01
xgboost_temp,2018-11-01,7161.0,6854.5068359375,47,1,2018-10-01
xgboost_temp,2018-12-01,7409.0,6893.84521484375,47,2,2018-10-01
xgboost_temp,2019-01-01,7117.0,6846.4775390625,47,3,2018-10-01
xgboost_temp,2019-02-01,6307.0,6125.55126953125,47,4,2018-10-01
xgboost_temp,2019-03-01,7067.0,6758.7939453125,47,5,2018-10-01
xgboost_temp,2019-04-01,7108.0,6807.09375,47,6,2018-10-01
xgboost_temp,2018-12-01,7409.0,6871.8125,48,1,2018-11-01
xgboost_temp,2019-01-01,7117.0,6861.46533203125,48,2,2018-11-01
xgboost_temp,2019-02-01,6307.0,6222.142578125,48,3,2018-11-01
xgboost_temp,2019-03-01,7067.0,6706.130859375,48,4,2018-11-01
xgboost_temp,2019-04-01,7108.0,6850.65087890625,48,5,2018-11-01
xgboost_temp,2019-05-01,7776.0,7238.6103515625,48,6,2018-11-01
xgboost_temp,2019-01-01,7117.0,6974.13427734375,49,1,2018-12-01
xgboost_temp,2019-02-01,6307.0,6428.79443359375,49,2,2018-12-01
xgboost_temp,2019-03-01,7067.0,6806.17529296875,49,3,2018-12-01
xgboost_temp,2019-04-01,7108.0,6833.4990234375,49,4,2018-12-01
xgboost_temp,2019-05-01,7776.0,7271.642578125,49,5,2018-12-01
xgboost_temp,2019-06-01,8274.0,7893.02783203125,49,6,2018-12-01
xgboost_temp,2019-02-01,6307.0,6394.2314453125,50,1,2019-01-01
xgboost_temp,2019-03-01,7067.0,6841.087890625,50,2,2019-01-01
xgboost_temp,2019-04-01,7108.0,6867.494140625,50,3,2019-01-01
xgboost_temp,2019-05-01,7776.0,7292.4462890625,50,4,2019-01-01
xgboost_temp,2019-06-01,8274.0,7969.3779296875,50,5,2019-01-01
xgboost_temp,2019-07-01,8919.0,8576.044921875,50,6,2019-01-01
xgboost_temp,2019-03-01,7067.0,6875.23876953125,51,1,2019-02-01
xgboost_temp,2019-04-01,7108.0,6863.283203125,51,2,2019-02-01
xgboost_temp,2019-05-01,7776.0,7281.49658203125,51,3,2019-02-01
xgboost_temp,2019-06-01,8274.0,7887.7197265625,51,4,2019-02-01
xgboost_temp,2019-07-01,8919.0,8578.9765625,51,5,2019-02-01
xgboost_temp,2019-08-01,8180.0,8436.3134765625,51,6,2019-02-01
xgboost_temp,2019-04-01,7108.0,6887.0048828125,52,1,2019-03-01
xgboost_temp,2019-05-01,7776.0,7422.40087890625,52,2,2019-03-01
xgboost_temp,2019-06-01,8274.0,7974.1025390625,52,3,2019-03-01
xgboost_temp,2019-07-01,8919.0,8566.7939453125,52,4,2019-03-01
xgboost_temp,2019-08-01,8180.0,8388.1328125,52,5,2019-03-01
xgboost_temp,2019-09-01,7664.0,7591.05712890625,52,6,2019-03-01
xgboost_temp,2019-05-01,7776.0,7403.62060546875,53,1,2019-04-01
xgboost_temp,2019-06-01,8274.0,7954.4853515625,53,2,2019-04-01
xgboost_temp,2019-07-01,8919.0,8567.6494140625,53,3,2019-04-01
xgboost_temp,2019-08-01,8180.0,8423.6279296875,53,4,2019-04-01
xgboost_temp,2019-09-01,7664.0,7564.85986328125,53,5,2019-04-01
xgboost_temp,2019-10-01,7254.0,7338.5986328125,53,6,2019-04-01
xgboost_temp,2019-06-01,8274.0,8013.083984375,54,1,2019-05-01
xgboost_temp,2019-07-01,8919.0,8574.462890625,54,2,2019-05-01
xgboost_temp,2019-08-01,8180.0,8392.0341796875,54,3,2019-05-01
xgboost_temp,2019-09-01,7664.0,7635.4365234375,54,4,2019-05-01
xgboost_temp,2019-10-01,7254.0,7388.130859375,54,5,2019-05-01
xgboost_temp,2019-11-01,6785.0,7189.94189453125,54,6,2019-05-01
xgboost_temp,2019-07-01,8919.0,8580.3173828125,55,1,2019-06-01
xgboost_temp,2019-08-01,8180.0,8442.66015625,55,2,2019-06-01
xgboost_temp,2019-09-01,7664.0,7642.33056640625,55,3,2019-06-01
xgboost_temp,2019-10-01,7254.0,7457.81201171875,55,4,2019-06-01
xgboost_temp,2019-11-01,6785.0,7256.44921875,55,5,2019-06-01
xgboost_temp,2019-12-01,6987.0,7452.85595703125,55,6,2019-06-01
xgboost_temp,2019-08-01,8180.0,8495.6435546875,56,1,2019-07-01
xgboost_temp,2019-09-01,7664.0,7635.42431640625,56,2,2019-07-01
xgboost_temp,2019-10-01,7254.0,7453.548828125,56,3,2019-07-01
xgboost_temp,2019-11-01,6785.0,7229.2890625,56,4,2019-07-01
xgboost_temp,2019-12-01,6987.0,7398.6845703125,56,5,2019-07-01
xgboost_temp,2020-01-01,7194.0,7052.2021484375,56,6,2019-07-01
xgboost_temp,2019-09-01,7664.0,7634.47998046875,57,1,2019-08-01
xgboost_temp,2019-10-01,7254.0,7436.96435546875,57,2,2019-08-01
xgboost_temp,2019-11-01,6785.0,7220.99951171875,57,3,2019-08-01
xgboost_temp,2019-12-01,6987.0,7377.541015625,57,4,2019-08-01
xgboost_temp,2020-01-01,7194.0,7029.94580078125,57,5,2019-08-01
xgboost_temp,2020-02-01,6848.0,6407.693359375,57,6,2019-08-01
xgboost_temp,2019-10-01,7254.0,7447.220703125,58,1,2019-09-01
xgboost_temp,2019-11-01,6785.0,7194.55859375,58,2,2019-09-01
xgboost_temp,2019-12-01,6987.0,7405.00390625,58,3,2019-09-01
xgboost_temp,2020-01-01,7194.0,6995.47119140625,58,4,2019-09-01
xgboost_temp,2020-02-01,6848.0,6443.03125,58,5,2019-09-01
xgboost_temp,2020-03-01,7324.0,6830.90576171875,58,6,2019-09-01
xgboost_temp,2019-11-01,6785.0,7212.3203125,59,1,2019-10-01
xgboost_temp,2019-12-01,6987.0,7354.1396484375,59,2,2019-10-01
xgboost_temp,2020-01-01,7194.0,7039.40234375,59,3,2019-10-01
xgboost_temp,2020-02-01,6848.0,6461.2373046875,59,4,2019-10-01
xgboost_temp,2020-03-01,7324.0,6856.35986328125,59,5,2019-10-01
xgboost_temp,2020-04-01,5978.0,6867.466796875,59,6,2019-10-01
xgboost_temp,2019-12-01,6987.0,7266.27783203125,60,1,2019-11-01
xgboost_temp,2020-01-01,7194.0,6891.3896484375,60,2,2019-11-01
xgboost_temp,2020-02-01,6848.0,6402.80419921875,60,3,2019-11-01
xgboost_temp,2020-03-01,7324.0,6812.67919921875,60,4,2019-11-01
xgboost_temp,2020-04-01,5978.0,6875.05517578125,60,5,2019-11-01
xgboost_temp,2020-05-01,7062.0,8131.685546875,60,6,2019-11-01
xgboost_temp,2020-01-01,7194.0,6841.55615234375,61,1,2019-12-01
xgboost_temp,2020-02-01,6848.0,6368.32373046875,61,2,2019-12-01
xgboost_temp,2020-03-01,7324.0,6759.15380859375,61,3,2019-12-01
xgboost_temp,2020-04-01,5978.0,6888.15673828125,61,4,2019-12-01
xgboost_temp,2020-05-01,7062.0,8130.41357421875,61,5,2019-12-01
xgboost_temp,2020-06-01,6948.0,8185.625,61,6,2019-12-01
xgboost_temp,2020-02-01,6848.0,6408.24072265625,62,1,2020-01-01
xgboost_temp,2020-03-01,7324.0,6784.0263671875,62,2,2020-01-01
xgboost_temp,2020-04-01,5978.0,6958.4345703125,62,3,2020-01-01
xgboost_temp,2020-05-01,7062.0,8250.9169921875,62,4,2020-01-01
xgboost_temp,2020-06-01,6948.0,8186.58837890625,62,5,2020-01-01
xgboost_temp,2020-07-01,7392.0,8217.21484375,62,6,2020-01-01
xgboost_temp,2020-03-01,7324.0,6852.7919921875,63,1,2020-02-01
xgboost_temp,2020-04-01,5978.0,7005.24169921875,63,2,2020-02-01
xgboost_temp,2020-05-01,7062.0,8196.333984375,63,3,2020-02-01
xgboost_temp,2020-06-01,6948.0,8203.0,63,4,2020-02-01
xgboost_temp,2020-07-01,7392.0,8249.3466796875,63,5,2020-02-01
xgboost_temp,2020-08-01,7678.0,8502.33984375,63,6,2020-02-01
xgboost_temp,2020-04-01,5978.0,7160.80615234375,64,1,2020-03-01
xgboost_temp,2020-05-01,7062.0,8191.39892578125,64,2,2020-03-01
xgboost_temp,2020-06-01,6948.0,8189.728515625,64,3,2020-03-01
xgboost_temp,2020-07-01,7392.0,8262.9140625,64,4,2020-03-01
xgboost_temp,2020-08-01,7678.0,8485.265625,64,5,2020-03-01
xgboost_temp,2020-09-01,7005.0,7440.16162109375,64,6,2020-03-01
xgboost_temp,2020-05-01,7062.0,8171.85693359375,65,1,2020-04-01
xgboost_temp,2020-06-01,6948.0,8032.24853515625,65,2,2020-04-01
xgboost_temp,2020-07-01,7392.0,8075.27392578125,65,3,2020-04-01
xgboost_temp,2020-08-01,7678.0,8528.216796875,65,4,2020-04-01
xgboost_temp,2020-09-01,7005.0,7410.59716796875,65,5,2020-04-01
xgboost_temp,2020-10-01,7385.0,7302.17333984375,65,6,2020-04-01
xgboost_temp,2020-06-01,6948.0,7741.779296875,66,1,2020-05-01
xgboost_temp,2020-07-01,7392.0,7993.703125,66,2,2020-05-01
xgboost_temp,2020-08-01,7678.0,8589.5908203125,66,3,2020-05-01
xgboost_temp,2020-09-01,7005.0,7650.72314453125,66,4,2020-05-01
xgboost_temp,2020-10-01,7385.0,7247.814453125,66,5,2020-05-01
xgboost_temp,2020-11-01,6872.0,7111.13037109375,66,6,2020-05-01
xgboost_temp,2020-07-01,7392.0,7560.72705078125,67,1,2020-06-01
xgboost_temp,2020-08-01,7678.0,8400.8173828125,67,2,2020-06-01
xgboost_temp,2020-09-01,7005.0,7553.943359375,67,3,2020-06-01
xgboost_temp,2020-10-01,7385.0,7383.57568359375,67,4,2020-06-01
xgboost_temp,2020-11-01,6872.0,7046.09521484375,67,5,2020-06-01
xgboost_temp,2020-12-01,6781.0,7086.5595703125,67,6,2020-06-01
xgboost_temp,2020-08-01,7678.0,8293.9501953125,68,1,2020-07-01
xgboost_temp,2020-09-01,7005.0,7550.04296875,68,2,2020-07-01
xgboost_temp,2020-10-01,7385.0,7441.35009765625,68,3,2020-07-01
xgboost_temp,2020-11-01,6872.0,7061.55322265625,68,4,2020-07-01
xgboost_temp,2020-12-01,6781.0,7035.20751953125,68,5,2020-07-01
xgboost_temp,2021-01-01,6917.0,6904.48291015625,68,6,2020-07-01
xgboost_temp,2020-09-01,7005.0,7522.29638671875,69,1,2020-08-01
xgboost_temp,2020-10-01,7385.0,7401.78271484375,69,2,2020-08-01
xgboost_temp,2020-11-01,6872.0,6943.853515625,69,3,2020-08-01
xgboost_temp,2020-12-01,6781.0,7054.67724609375,69,4,2020-08-01
xgboost_temp,2021-01-01,6917.0,6933.8203125,69,5,2020-08-01
xgboost_temp,2021-02-01,6217.0,7127.72021484375,69,6,2020-08-01
xgboost_temp,2020-10-01,7385.0,7218.21337890625,70,1,2020-09-01
xgboost_temp,2020-11-01,6872.0,6802.078125,70,2,2020-09-01
xgboost_temp,2020-12-01,6781.0,7107.17138671875,70,3,2020-09-01
xgboost_temp,2021-01-01,6917.0,6956.77783203125,70,4,2020-09-01
xgboost_temp,2021-02-01,6217.0,7142.64990234375,70,5,2020-09-01
xgboost_temp,2021-03-01,7569.0,7150.10400390625,70,6,2020-09-01
xgboost_temp,2020-11-01,6872.0,6906.35498046875,71,1,2020-10-01
xgboost_temp,2020-12-01,6781.0,7050.16357421875,71,2,2020-10-01
xgboost_temp,2021-01-01,6917.0,6906.458984375,71,3,2020-10-01
xgboost_temp,2021-02-01,6217.0,7011.6943359375,71,4,2020-10-01
xgboost_temp,2021-03-01,7569.0,7121.01416015625,71,5,2020-10-01
xgboost_temp,2021-04-01,6917.0,6449.72119140625,71,6,2020-10-01
xgboost_temp,2020-12-01,6781.0,7077.49169921875,72,1,2020-11-01
xgboost_temp,2021-01-01,6917.0,6909.2744140625,72,2,2020-11-01
xgboost_temp,2021-02-01,6217.0,7099.140625,72,3,2020-11-01
xgboost_temp,2021-03-01,7569.0,7154.3515625,72,4,2020-11-01
xgboost_temp,2021-04-01,6917.0,6516.54345703125,72,5,2020-11-01
xgboost_temp,2021-05-01,8253.0,7113.42431640625,72,6,2020-11-01
xgboost_temp,2021-01-01,6917.0,6918.2685546875,73,1,2020-12-01
xgboost_temp,2021-02-01,6217.0,6952.537109375,73,2,2020-12-01
xgboost_temp,2021-03-01,7569.0,7176.611328125,73,3,2020-12-01
xgboost_temp,2021-04-01,6917.0,6462.73876953125,73,4,2020-12-01
xgboost_temp,2021-05-01,8253.0,7127.7412109375,73,5,2020-12-01
xgboost_temp,2021-06-01,8153.0,7082.361328125,73,6,2020-12-01
xgboost_temp,2021-02-01,6217.0,6999.91943359375,74,1,2021-01-01
xgboost_temp,2021-03-01,7569.0,7193.81640625,74,2,2021-01-01
xgboost_temp,2021-04-01,6917.0,6485.48046875,74,3,2021-01-01
xgboost_temp,2021-05-01,8253.0,7081.01416015625,74,4,2021-01-01
xgboost_temp,2021-06-01,8153.0,7052.49072265625,74,5,2021-01-01
xgboost_temp,2021-07-01,9251.0,7766.49853515625,74,6,2021-01-01
xgboost_temp,2021-03-01,7569.0,7158.494140625,75,1,2021-02-01
xgboost_temp,2021-04-01,6917.0,6371.82958984375,75,2,2021-02-01
xgboost_temp,2021-05-01,8253.0,7125.76318359375,75,3,2021-02-01
xgboost_temp,2021-06-01,8153.0,7168.8896484375,75,4,2021-02-01
xgboost_temp,2021-07-01,9251.0,8016.51513671875,75,5,2021-02-01
xgboost_temp,2021-08-01,8830.0,7836.04638671875,75,6,2021-02-01
xgboost_temp,2021-04-01,6917.0,6408.26025390625,76,1,2021-03-01
xgboost_temp,2021-05-01,8253.0,7096.587890625,76,2,2021-03-01
xgboost_temp,2021-06-01,8153.0,7094.7431640625,76,3,2021-03-01
xgboost_temp,2021-07-01,9251.0,7924.9130859375,76,4,2021-03-01
xgboost_temp,2021-08-01,8830.0,7777.61474609375,76,5,2021-03-01
xgboost_temp,2021-09-01,7512.0,6958.59814453125,76,6,2021-03-01
xgboost_temp,2021-05-01,8253.0,7116.39208984375,77,1,2021-04-01
xgboost_temp,2021-06-01,8153.0,7179.02197265625,77,2,2021-04-01
xgboost_temp,2021-07-01,9251.0,7854.99267578125,77,3,2021-04-01
xgboost_temp,2021-08-01,8830.0,7740.82421875,77,4,2021-04-01
xgboost_temp,2021-09-01,7512.0,6850.17041015625,77,5,2021-04-01
xgboost_temp,2021-10-01,7656.0,7345.46630859375,77,6,2021-04-01
xgboost_temp,2021-06-01,8153.0,7603.5078125,78,1,2021-05-01
xgboost_temp,2021-07-01,9251.0,8161.00927734375,78,2,2021-05-01
xgboost_temp,2021-08-01,8830.0,7846.9140625,78,3,2021-05-01
xgboost_temp,2021-09-01,7512.0,7027.65087890625,78,4,2021-05-01
xgboost_temp,2021-10-01,7656.0,7372.830078125,78,5,2021-05-01
xgboost_temp,2021-11-01,7603.0,6896.0400390625,78,6,2021-05-01
xgboost_temp,2021-07-01,9251.0,8358.576171875,79,1,2021-06-01
xgboost_temp,2021-08-01,8830.0,7837.9384765625,79,2,2021-06-01
xgboost_temp,2021-09-01,7512.0,7109.25,79,3,2021-06-01
xgboost_temp,2021-10-01,7656.0,7402.94677734375,79,4,2021-06-01
xgboost_temp,2021-11-01,7603.0,6981.9521484375,79,5,2021-06-01
xgboost_temp,2021-12-01,8237.0,6880.4853515625,79,6,2021-06-01
xgboost_temp,2021-08-01,8830.0,7836.494140625,80,1,2021-07-01
xgboost_temp,2021-09-01,7512.0,7030.7265625,80,2,2021-07-01
xgboost_temp,2021-10-01,7656.0,7238.2763671875,80,3,2021-07-01
xgboost_temp,2021-11-01,7603.0,6962.62158203125,80,4,2021-07-01
xgboost_temp,2021-12-01,8237.0,6825.16064453125,80,5,2021-07-01
xgboost_temp,2022-01-01,9582.0,7046.09765625,80,6,2021-07-01
xgboost_temp,2021-09-01,7512.0,7071.52880859375,81,1,2021-08-01
xgboost_temp,2021-10-01,7656.0,7401.76806640625,81,2,2021-08-01
xgboost_temp,2021-11-01,7603.0,7063.07568359375,81,3,2021-08-01
xgboost_temp,2021-12-01,8237.0,6967.296875,81,4,2021-08-01
xgboost_temp,2022-01-01,9582.0,7138.37158203125,81,5,2021-08-01
xgboost_temp,2022-02-01,7227.0,6607.2314453125,81,6,2021-08-01
xgboost_temp,2021-10-01,7656.0,7468.75732421875,82,1,2021-09-01
xgboost_temp,2021-11-01,7603.0,7104.55029296875,82,2,2021-09-01
xgboost_temp,2021-12-01,8237.0,6987.7841796875,82,3,2021-09-01
xgboost_temp,2022-01-01,9582.0,7097.0380859375,82,4,2021-09-01
xgboost_temp,2022-02-01,7227.0,6750.279296875,82,5,2021-09-01
xgboost_temp,2022-03-01,7504.0,7180.58056640625,82,6,2021-09-01
xgboost_temp,2021-11-01,7603.0,7044.123046875,83,1,2021-10-01
xgboost_temp,2021-12-01,8237.0,6957.36962890625,83,2,2021-10-01
xgboost_temp,2022-01-01,9582.0,7075.9736328125,83,3,2021-10-01
xgboost_temp,2022-02-01,7227.0,6797.234375,83,4,2021-10-01
xgboost_temp,2022-03-01,7504.0,7179.75537109375,83,5,2021-10-01
xgboost_temp,2022-04-01,7589.0,6309.14013671875,83,6,2021-10-01
xgboost_temp,2021-12-01,8237.0,7043.03955078125,84,1,2021-11-01
xgboost_temp,2022-01-01,9582.0,7130.49365234375,84,2,2021-11-01
xgboost_temp,2022-02-01,7227.0,6737.37451171875,84,3,2021-11-01
xgboost_temp,2022-03-01,7504.0,7143.34033203125,84,4,2021-11-01
xgboost_temp,2022-04-01,7589.0,6389.4951171875,84,5,2021-11-01
xgboost_temp,2022-05-01,8846.0,7130.5517578125,84,6,2021-11-01
xgboost_temp,2022-01-01,9582.0,7610.6630859375,85,1,2021-12-01
xgboost_temp,2022-02-01,7227.0,7294.287109375,85,2,2021-12-01
xgboost_temp,2022-03-01,7504.0,7565.1357421875,85,3,2021-12-01
xgboost_temp,2022-04-01,7589.0,7055.68212890625,85,4,2021-12-01
xgboost_temp,2022-05-01,8846.0,7203.01123046875,85,5,2021-12-01
xgboost_temp,2022-06-01,9057.0,7572.90869140625,85,6,2021-12-01
xgboost_temp,2022-02-01,7227.0,7768.12060546875,86,1,2022-01-01
xgboost_temp,2022-03-01,7504.0,8058.115234375,86,2,2022-01-01
xgboost_temp,2022-04-01,7589.0,7885.455078125,86,3,2022-01-01
xgboost_temp,2022-05-01,8846.0,7846.88818359375,86,4,2022-01-01
xgboost_temp,2022-06-01,9057.0,8226.9599609375,86,5,2022-01-01
xgboost_temp,2022-07-01,8699.0,8931.4423828125,86,6,2022-01-01
xgboost_temp,2022-03-01,7504.0,7144.10888671875,87,1,2022-02-01
xgboost_temp,2022-04-01,7589.0,6675.71484375,87,2,2022-02-01
xgboost_temp,2022-05-01,8846.0,6984.77587890625,87,3,2022-02-01
xgboost_temp,2022-06-01,9057.0,7297.99462890625,87,4,2022-02-01
xgboost_temp,2022-07-01,8699.0,7724.0556640625,87,5,2022-02-01
xgboost_temp,2022-08-01,8834.0,8216.76171875,87,6,2022-02-01
xgboost_temp,2022-04-01,7589.0,6801.61865234375,88,1,2022-03-01
xgboost_temp,2022-05-01,8846.0,7087.0048828125,88,2,2022-03-01
xgboost_temp,2022-06-01,9057.0,7290.1376953125,88,3,2022-03-01
xgboost_temp,2022-07-01,8699.0,7617.76025390625,88,4,2022-03-01
xgboost_temp,2022-08-01,8834.0,8190.8212890625,88,5,2022-03-01
xgboost_temp,2022-09-01,8228.0,8764.4736328125,88,6,2022-03-01
xgboost_temp,2022-05-01,8846.0,7629.43798828125,89,1,2022-04-01
xgboost_temp,2022-06-01,9057.0,8112.24072265625,89,2,2022-04-01
xgboost_temp,2022-07-01,8699.0,8527.021484375,89,3,2022-04-01
xgboost_temp,2022-08-01,8834.0,8602.4140625,89,4,2022-04-01
xgboost_temp,2022-09-01,8228.0,8569.083984375,89,5,2022-04-01
xgboost_temp,2022-10-01,8388.0,8064.55224609375,89,6,2022-04-01
xgboost_temp,2022-06-01,9057.0,9015.7265625,90,1,2022-05-01
xgboost_temp,2022-07-01,8699.0,8545.90234375,90,2,2022-05-01
xgboost_temp,2022-08-01,8834.0,8476.8076171875,90,3,2022-05-01
xgboost_temp,2022-09-01,8228.0,8603.828125,90,4,2022-05-01
xgboost_temp,2022-10-01,8388.0,8561.2626953125,90,5,2022-05-01
xgboost_temp,2022-11-01,7588.0,8652.943359375,90,6,2022-05-01
xgboost_temp,2022-07-01,8699.0,8536.708984375,91,1,2022-06-01
xgboost_temp,2022-08-01,8834.0,8441.84375,91,2,2022-06-01
xgboost_temp,2022-09-01,8228.0,8600.9501953125,91,3,2022-06-01
xgboost_temp,2022-10-01,8388.0,8423.25390625,91,4,2022-06-01
xgboost_temp,2022-11-01,7588.0,8563.35546875,91,5,2022-06-01
xgboost_temp,2022-12-01,7850.0,8441.970703125,91,6,2022-06-01
xgboost_temp,2022-08-01,8834.0,8459.525390625,92,1,2022-07-01
xgboost_temp,2022-09-01,8228.0,8609.15234375,92,2,2022-07-01
xgboost_temp,2022-10-01,8388.0,8503.0712890625,92,3,2022-07-01
xgboost_temp,2022-11-01,7588.0,8644.7099609375,92,4,2022-07-01
xgboost_temp,2022-12-01,7850.0,8644.8115234375,92,5,2022-07-01
xgboost_temp,2023-01-01,7563.0,8493.271484375,92,6,2022-07-01
xgboost_temp,2022-09-01,8228.0,8726.5830078125,93,1,2022-08-01
xgboost_temp,2022-10-01,8388.0,8636.1806640625,93,2,2022-08-01
xgboost_temp,2022-11-01,7588.0,8820.701171875,93,3,2022-08-01
xgboost_temp,2022-12-01,7850.0,8710.2646484375,93,4,2022-08-01
xgboost_temp,2023-01-01,7563.0,8761.994140625,93,5,2022-08-01
xgboost_temp,2023-02-01,6551.0,8762.978515625,93,6,2022-08-01
xgboost_temp,2022-10-01,8388.0,8532.60546875,94,1,2022-09-01
xgboost_temp,2022-11-01,7588.0,8679.2216796875,94,2,2022-09-01
xgboost_temp,2022-12-01,7850.0,8657.9482421875,94,3,2022-09-01
xgboost_temp,2023-01-01,7563.0,8719.2490234375,94,4,2022-09-01
xgboost_temp,2023-02-01,6551.0,8416.9755859375,94,5,2022-09-01
xgboost_temp,2023-03-01,7507.0,8531.7861328125,94,6,2022-09-01
xgboost_temp,2022-11-01,7588.0,8558.193359375,95,1,2022-10-01
xgboost_temp,2022-12-01,7850.0,8571.1650390625,95,2,2022-10-01
xgboost_temp,2023-01-01,7563.0,8570.029296875,95,3,2022-10-01
xgboost_temp,2023-02-01,6551.0,8250.7919921875,95,4,2022-10-01
xgboost_temp,2023-03-01,7507.0,8464.126953125,95,5,2022-10-01
xgboost_temp,2023-04-01,7745.0,8532.8681640625,95,6,2022-10-01
xgboost_temp,2022-12-01,7850.0,8281.5517578125,96,1,2022-11-01
xgboost_temp,2023-01-01,7563.0,8643.30859375,96,2,2022-11-01
xgboost_temp,2023-02-01,6551.0,8526.65234375,96,3,2022-11-01
xgboost_temp,2023-03-01,7507.0,8444.279296875,96,4,2022-11-01
xgboost_temp,2023-04-01,7745.0,8141.4140625,96,5,2022-11-01
xgboost_temp,2023-05-01,8600.0,8322.6064453125,96,6,2022-11-01
xgboost_temp,2023-01-01,7563.0,8397.3779296875,97,1,2022-12-01
xgboost_temp,2023-02-01,6551.0,8504.517578125,97,2,2022-12-01
xgboost_temp,2023-03-01,7507.0,8260.751953125,97,3,2022-12-01
xgboost_temp,2023-04-01,7745.0,8087.76513671875,97,4,2022-12-01
xgboost_temp,2023-05-01,8600.0,8117.0,97,5,2022-12-01
xgboost_temp,2023-06-01,9151.0,8332.244140625,97,6,2022-12-01
xgboost_temp,2023-02-01,6551.0,7880.7314453125,98,1,2023-01-01
xgboost_temp,2023-03-01,7507.0,7805.97607421875,98,2,2023-01-01
xgboost_temp,2023-04-01,7745.0,8112.83203125,98,3,2023-01-01
xgboost_temp,2023-05-01,8600.0,7882.41259765625,98,4,2023-01-01
xgboost_temp,2023-06-01,9151.0,8258.4775390625,98,5,2023-01-01
xgboost_temp,2023-07-01,9183.0,8606.8134765625,98,6,2023-01-01
xgboost_temp,2023-03-01,7507.0,6891.779296875,99,1,2023-02-01
xgboost_temp,2023-04-01,7745.0,7163.74072265625,99,2,2023-02-01
xgboost_temp,2023-05-01,8600.0,7308.51806640625,99,3,2023-02-01
xgboost_temp,2023-06-01,9151.0,7812.56591796875,99,4,2023-02-01
xgboost_temp,2023-07-01,9183.0,8418.373046875,99,5,2023-02-01
xgboost_temp,2023-08-01,8297.0,8334.583984375,99,6,2023-02-01
xgboost_temp,2023-04-01,7745.0,7463.4560546875,100,1,2023-03-01
xgboost_temp,2023-05-01,8600.0,7643.95703125,100,2,2023-03-01
xgboost_temp,2023-06-01,9151.0,8445.1494140625,100,3,2023-03-01
xgboost_temp,2023-07-01,9183.0,8748.5341796875,100,4,2023-03-01
xgboost_temp,2023-08-01,8297.0,8438.8125,100,5,2023-03-01
xgboost_temp,2023-09-01,7823.0,7946.1611328125,100,6,2023-03-01
xgboost_temp,2023-05-01,8600.0,8130.16015625,101,1,2023-04-01
xgboost_temp,2023-06-01,9151.0,8441.8369140625,101,2,2023-04-01
xgboost_temp,2023-07-01,9183.0,8523.4951171875,101,3,2023-04-01
xgboost_temp,2023-08-01,8297.0,8173.6865234375,101,4,2023-04-01
xgboost_temp,2023-09-01,7823.0,8026.6748046875,101,5,2023-04-01
xgboost_temp,2023-10-01,7507.0,7901.2568359375,101,6,2023-04-01
xgboost_temp,2023-06-01,9151.0,8630.89453125,102,1,2023-05-01
xgboost_temp,2023-07-01,9183.0,8514.73046875,102,2,2023-05-01
xgboost_temp,2023-08-01,8297.0,8218.2333984375,102,3,2023-05-01
xgboost_temp,2023-09-01,7823.0,8042.80615234375,102,4,2023-05-01
xgboost_temp,2023-10-01,7507.0,7995.39599609375,102,5,2023-05-01
xgboost_temp,2023-11-01,8107.0,7680.20947265625,102,6,2023-05-01
xgboost_temp,2023-07-01,9183.0,8581.095703125,103,1,2023-06-01
xgboost_temp,2023-08-01,8297.0,8312.955078125,103,2,2023-06-01
xgboost_temp,2023-09-01,7823.0,8019.353515625,103,3,2023-06-01
xgboost_temp,2023-10-01,7507.0,8068.94873046875,103,4,2023-06-01
xgboost_temp,2023-11-01,8107.0,7590.93505859375,103,5,2023-06-01
xgboost_temp,2023-12-01,7504.0,7519.71044921875,103,6,2023-06-01
catboost_temp,2015-01-01,7184.0,6372.76355526125,1,1,2014-12-01
catboost_temp,2015-02-01,5958.0,6280.932792907506,1,2,2014-12-01
catboost_temp,2015-03-01,6658.0,6310.350766689586,1,3,2014-12-01
catboost_temp,2015-04-01,7069.0,6349.016486080119,1,4,2014-12-01
catboost_temp,2015-05-01,8099.0,7261.411438302425,1,5,2014-12-01
catboost_temp,2015-06-01,7868.0,7290.591664294291,1,6,2014-12-01
catboost_temp,2015-02-01,5958.0,6305.705534140706,2,1,2015-01-01
catboost_temp,2015-03-01,6658.0,6399.075637285431,2,2,2015-01-01
catboost_temp,2015-04-01,7069.0,6378.452819442191,2,3,2015-01-01
catboost_temp,2015-05-01,8099.0,7174.930281696973,2,4,2015-01-01
catboost_temp,2015-06-01,7868.0,7218.323710296923,2,5,2015-01-01
catboost_temp,2015-07-01,7986.0,7194.4017453044535,2,6,2015-01-01
catboost_temp,2015-03-01,6658.0,6381.731175892162,3,1,2015-02-01
catboost_temp,2015-04-01,7069.0,6354.961800852157,3,2,2015-02-01
catboost_temp,2015-05-01,8099.0,7057.798332585167,3,3,2015-02-01
catboost_temp,2015-06-01,7868.0,7216.489486782591,3,4,2015-02-01
catboost_temp,2015-07-01,7986.0,7273.98112764094,3,5,2015-02-01
catboost_temp,2015-08-01,7251.0,7249.219492083119,3,6,2015-02-01
catboost_temp,2015-04-01,7069.0,6297.145829123851,4,1,2015-03-01
catboost_temp,2015-05-01,8099.0,7048.040470669745,4,2,2015-03-01
catboost_temp,2015-06-01,7868.0,7252.499582054373,4,3,2015-03-01
catboost_temp,2015-07-01,7986.0,7214.211903941698,4,4,2015-03-01
catboost_temp,2015-08-01,7251.0,7212.450551192105,4,5,2015-03-01
catboost_temp,2015-09-01,7163.0,6521.245334481819,4,6,2015-03-01
catboost_temp,2015-05-01,8099.0,7197.91711044276,5,1,2015-04-01
catboost_temp,2015-06-01,7868.0,7386.264578492037,5,2,2015-04-01
catboost_temp,2015-07-01,7986.0,7176.046720451588,5,3,2015-04-01
catboost_temp,2015-08-01,7251.0,7176.622412619794,5,4,2015-04-01
catboost_temp,2015-09-01,7163.0,6692.975691117094,5,5,2015-04-01
catboost_temp,2015-10-01,6690.0,6823.149543791558,5,6,2015-04-01
catboost_temp,2015-06-01,7868.0,7340.590309474251,6,1,2015-05-01
catboost_temp,2015-07-01,7986.0,7131.069244076516,6,2,2015-05-01
catboost_temp,2015-08-01,7251.0,7327.495463169917,6,3,2015-05-01
catboost_temp,2015-09-01,7163.0,6600.826029922852,6,4,2015-05-01
catboost_temp,2015-10-01,6690.0,6895.318673612105,6,5,2015-05-01
catboost_temp,2015-11-01,6392.0,6458.281057417779,6,6,2015-05-01
catboost_temp,2015-07-01,7986.0,7246.62605538342,7,1,2015-06-01
catboost_temp,2015-08-01,7251.0,7209.323974990043,7,2,2015-06-01
catboost_temp,2015-09-01,7163.0,6711.454271330749,7,3,2015-06-01
catboost_temp,2015-10-01,6690.0,6807.892751159522,7,4,2015-06-01
catboost_temp,2015-11-01,6392.0,6512.606890710172,7,5,2015-06-01
catboost_temp,2015-12-01,6753.0,6448.3608646755365,7,6,2015-06-01
catboost_temp,2015-08-01,7251.0,7333.667163784187,8,1,2015-07-01
catboost_temp,2015-09-01,7163.0,6756.710818602599,8,2,2015-07-01
catboost_temp,2015-10-01,6690.0,6894.608740241511,8,3,2015-07-01
catboost_temp,2015-11-01,6392.0,6430.749774298491,8,4,2015-07-01
catboost_temp,2015-12-01,6753.0,6581.708453400423,8,5,2015-07-01
catboost_temp,2016-01-01,6753.0,6799.082044988651,8,6,2015-07-01
catboost_temp,2015-09-01,7163.0,6723.697287003352,9,1,2015-08-01
catboost_temp,2015-10-01,6690.0,6924.779419781436,9,2,2015-08-01
catboost_temp,2015-11-01,6392.0,6423.131713066767,9,3,2015-08-01
catboost_temp,2015-12-01,6753.0,6533.103923765967,9,4,2015-08-01
catboost_temp,2016-01-01,6753.0,6788.956290158008,9,5,2015-08-01
catboost_temp,2016-02-01,6385.0,6236.63995257609,9,6,2015-08-01
catboost_temp,2015-10-01,6690.0,6867.774691029783,10,1,2015-09-01
catboost_temp,2015-11-01,6392.0,6420.014560249767,10,2,2015-09-01
catboost_temp,2015-12-01,6753.0,6672.00975962516,10,3,2015-09-01
catboost_temp,2016-01-01,6753.0,6805.866449351311,10,4,2015-09-01
catboost_temp,2016-02-01,6385.0,6355.385151550615,10,5,2015-09-01
catboost_temp,2016-03-01,7164.0,6635.13864324833,10,6,2015-09-01
catboost_temp,2015-11-01,6392.0,6465.210116705229,11,1,2015-10-01
catboost_temp,2015-12-01,6753.0,6610.144783880679,11,2,2015-10-01
catboost_temp,2016-01-01,6753.0,6724.007449136472,11,3,2015-10-01
catboost_temp,2016-02-01,6385.0,6259.657106479163,11,4,2015-10-01
catboost_temp,2016-03-01,7164.0,6565.505528267691,11,5,2015-10-01
catboost_temp,2016-04-01,7192.0,6996.910801506985,11,6,2015-10-01
catboost_temp,2015-12-01,6753.0,6607.028186326745,12,1,2015-11-01
catboost_temp,2016-01-01,6753.0,6683.813647746822,12,2,2015-11-01
catboost_temp,2016-02-01,6385.0,6241.948328520985,12,3,2015-11-01
catboost_temp,2016-03-01,7164.0,6593.815410702221,12,4,2015-11-01
catboost_temp,2016-04-01,7192.0,6963.75450645747,12,5,2015-11-01
catboost_temp,2016-05-01,7743.0,7576.701650760207,12,6,2015-11-01
catboost_temp,2016-01-01,6753.0,6727.6354062886685,13,1,2015-12-01
catboost_temp,2016-02-01,6385.0,6266.937314403216,13,2,2015-12-01
catboost_temp,2016-03-01,7164.0,6666.983995782404,13,3,2015-12-01
catboost_temp,2016-04-01,7192.0,7107.149472233922,13,4,2015-12-01
catboost_temp,2016-05-01,7743.0,7649.732623600306,13,5,2015-12-01
catboost_temp,2016-06-01,8767.0,7904.944474129439,13,6,2015-12-01
catboost_temp,2016-02-01,6385.0,6252.537658972857,14,1,2016-01-01
catboost_temp,2016-03-01,7164.0,6613.199239914166,14,2,2016-01-01
catboost_temp,2016-04-01,7192.0,7016.320912163235,14,3,2016-01-01
catboost_temp,2016-05-01,7743.0,7655.853082818499,14,4,2016-01-01
catboost_temp,2016-06-01,8767.0,7820.968705144171,14,5,2016-01-01
catboost_temp,2016-07-01,8479.0,7819.052963874659,14,6,2016-01-01
catboost_temp,2016-03-01,7164.0,6599.475892483028,15,1,2016-02-01
catboost_temp,2016-04-01,7192.0,6948.907220951071,15,2,2016-02-01
catboost_temp,2016-05-01,7743.0,7599.008665531062,15,3,2016-02-01
catboost_temp,2016-06-01,8767.0,7833.764513273915,15,4,2016-02-01
catboost_temp,2016-07-01,8479.0,7889.905315595245,15,5,2016-02-01
catboost_temp,2016-08-01,7890.0,7418.725223772056,15,6,2016-02-01
catboost_temp,2016-04-01,7192.0,7151.901652393061,16,1,2016-03-01
catboost_temp,2016-05-01,7743.0,7670.2587638639825,16,2,2016-03-01
catboost_temp,2016-06-01,8767.0,7862.144134302342,16,3,2016-03-01
catboost_temp,2016-07-01,8479.0,7706.222827396165,16,4,2016-03-01
catboost_temp,2016-08-01,7890.0,7475.845266972892,16,5,2016-03-01
catboost_temp,2016-09-01,7317.0,7041.908181176907,16,6,2016-03-01
catboost_temp,2016-05-01,7743.0,7654.437745496564,17,1,2016-04-01
catboost_temp,2016-06-01,8767.0,7895.807058218391,17,2,2016-04-01
catboost_temp,2016-07-01,8479.0,7664.38498753697,17,3,2016-04-01
catboost_temp,2016-08-01,7890.0,7523.725000874681,17,4,2016-04-01
catboost_temp,2016-09-01,7317.0,7056.85664351945,17,5,2016-04-01
catboost_temp,2016-10-01,7426.0,6674.358620222758,17,6,2016-04-01
catboost_temp,2016-06-01,8767.0,7871.592095600442,18,1,2016-05-01
catboost_temp,2016-07-01,8479.0,7697.711125388123,18,2,2016-05-01
catboost_temp,2016-08-01,7890.0,7488.962069808261,18,3,2016-05-01
catboost_temp,2016-09-01,7317.0,6979.243917020685,18,4,2016-05-01
catboost_temp,2016-10-01,7426.0,6644.94204975942,18,5,2016-05-01
catboost_temp,2016-11-01,6700.0,6554.038784745902,18,6,2016-05-01
catboost_temp,2016-07-01,8479.0,8063.638066869074,19,1,2016-06-01
catboost_temp,2016-08-01,7890.0,7515.363816526416,19,2,2016-06-01
catboost_temp,2016-09-01,7317.0,7031.335289923079,19,3,2016-06-01
catboost_temp,2016-10-01,7426.0,6675.621558145844,19,4,2016-06-01
catboost_temp,2016-11-01,6700.0,6572.782506653188,19,5,2016-06-01
catboost_temp,2016-12-01,6994.0,6648.9512879404765,19,6,2016-06-01
catboost_temp,2016-08-01,7890.0,7512.511932180238,20,1,2016-07-01
catboost_temp,2016-09-01,7317.0,7079.841831421997,20,2,2016-07-01
catboost_temp,2016-10-01,7426.0,6629.004862696782,20,3,2016-07-01
catboost_temp,2016-11-01,6700.0,6504.29887455642,20,4,2016-07-01
catboost_temp,2016-12-01,6994.0,6606.751854469645,20,5,2016-07-01
catboost_temp,2017-01-01,6788.0,6526.124291985007,20,6,2016-07-01
catboost_temp,2016-09-01,7317.0,7075.097964282157,21,1,2016-08-01
catboost_temp,2016-10-01,7426.0,6558.393323276121,21,2,2016-08-01
catboost_temp,2016-11-01,6700.0,6521.556836900994,21,3,2016-08-01
catboost_temp,2016-12-01,6994.0,6661.104058822941,21,4,2016-08-01
catboost_temp,2017-01-01,6788.0,6450.457291404332,21,5,2016-08-01
catboost_temp,2017-02-01,6271.0,6623.200734482149,21,6,2016-08-01
catboost_temp,2016-10-01,7426.0,6733.1175614895365,22,1,2016-09-01
catboost_temp,2016-11-01,6700.0,6533.391591098373,22,2,2016-09-01
catboost_temp,2016-12-01,6994.0,6601.206204791045,22,3,2016-09-01
catboost_temp,2017-01-01,6788.0,6561.664105352333,22,4,2016-09-01
catboost_temp,2017-02-01,6271.0,6602.179271401394,22,5,2016-09-01
catboost_temp,2017-03-01,6794.0,7100.538004897572,22,6,2016-09-01
catboost_temp,2016-11-01,6700.0,6924.088946557799,23,1,2016-10-01
catboost_temp,2016-12-01,6994.0,6782.716789463332,23,2,2016-10-01
catboost_temp,2017-01-01,6788.0,6733.392229188444,23,3,2016-10-01
catboost_temp,2017-02-01,6271.0,6869.837098524529,23,4,2016-10-01
catboost_temp,2017-03-01,6794.0,7267.377531191908,23,5,2016-10-01
catboost_temp,2017-04-01,6884.0,7456.73956061369,23,6,2016-10-01
catboost_temp,2016-12-01,6994.0,6751.5606316671465,24,1,2016-11-01
catboost_temp,2017-01-01,6788.0,6695.200285681311,24,2,2016-11-01
catboost_temp,2017-02-01,6271.0,6817.250575005509,24,3,2016-11-01
catboost_temp,2017-03-01,6794.0,7169.629448956453,24,4,2016-11-01
catboost_temp,2017-04-01,6884.0,7354.987909308213,24,5,2016-11-01
catboost_temp,2017-05-01,7651.0,7797.271864575341,24,6,2016-11-01
catboost_temp,2017-01-01,6788.0,6758.632240283261,25,1,2016-12-01
catboost_temp,2017-02-01,6271.0,6790.967216857173,25,2,2016-12-01
catboost_temp,2017-03-01,6794.0,7269.643288923073,25,3,2016-12-01
catboost_temp,2017-04-01,6884.0,7492.067313853817,25,4,2016-12-01
catboost_temp,2017-05-01,7651.0,7858.284057874077,25,5,2016-12-01
catboost_temp,2017-06-01,8009.0,7950.798790335592,25,6,2016-12-01
catboost_temp,2017-02-01,6271.0,6855.6326460380005,26,1,2017-01-01
catboost_temp,2017-03-01,6794.0,7263.189907742585,26,2,2017-01-01
catboost_temp,2017-04-01,6884.0,7446.124755047628,26,3,2017-01-01
catboost_temp,2017-05-01,7651.0,7873.60473098153,26,4,2017-01-01
catboost_temp,2017-06-01,8009.0,7931.864971786604,26,5,2017-01-01
catboost_temp,2017-07-01,8694.0,8439.344971991903,26,6,2017-01-01
catboost_temp,2017-03-01,6794.0,7125.896321379416,27,1,2017-02-01
catboost_temp,2017-04-01,6884.0,7432.882283264041,27,2,2017-02-01
catboost_temp,2017-05-01,7651.0,7726.1883282401695,27,3,2017-02-01
catboost_temp,2017-06-01,8009.0,7884.163553437862,27,4,2017-02-01
catboost_temp,2017-07-01,8694.0,8311.119221350182,27,5,2017-02-01
catboost_temp,2017-08-01,8130.0,7946.752715358527,27,6,2017-02-01
catboost_temp,2017-04-01,6884.0,7422.201895192682,28,1,2017-03-01
catboost_temp,2017-05-01,7651.0,7717.432118958191,28,2,2017-03-01
catboost_temp,2017-06-01,8009.0,7878.798994035217,28,3,2017-03-01
catboost_temp,2017-07-01,8694.0,8292.75270333051,28,4,2017-03-01
catboost_temp,2017-08-01,8130.0,7985.116011509544,28,5,2017-03-01
catboost_temp,2017-09-01,7446.0,7541.780239562121,28,6,2017-03-01
catboost_temp,2017-05-01,7651.0,7635.701284027108,29,1,2017-04-01
catboost_temp,2017-06-01,8009.0,7838.586089583064,29,2,2017-04-01
catboost_temp,2017-07-01,8694.0,8268.872921679787,29,3,2017-04-01
catboost_temp,2017-08-01,8130.0,7959.1035624839105,29,4,2017-04-01
catboost_temp,2017-09-01,7446.0,7751.164330459984,29,5,2017-04-01
catboost_temp,2017-10-01,7282.0,7424.899568547902,29,6,2017-04-01
catboost_temp,2017-06-01,8009.0,7826.932074995659,30,1,2017-05-01
catboost_temp,2017-07-01,8694.0,8315.840219905664,30,2,2017-05-01
catboost_temp,2017-08-01,8130.0,7979.951778748256,30,3,2017-05-01
catboost_temp,2017-09-01,7446.0,7742.15763693863,30,4,2017-05-01
catboost_temp,2017-10-01,7282.0,7447.760065331566,30,5,2017-05-01
catboost_temp,2017-11-01,6830.0,7002.521739448394,30,6,2017-05-01
catboost_temp,2017-07-01,8694.0,8300.971611093943,31,1,2017-06-01
catboost_temp,2017-08-01,8130.0,8006.941210555519,31,2,2017-06-01
catboost_temp,2017-09-01,7446.0,7809.281608634772,31,3,2017-06-01
catboost_temp,2017-10-01,7282.0,7508.582308345261,31,4,2017-06-01
catboost_temp,2017-11-01,6830.0,6973.575046180878,31,5,2017-06-01
catboost_temp,2017-12-01,6946.0,6960.603404448756,31,6,2017-06-01
catboost_temp,2017-08-01,8130.0,8021.75782630751,32,1,2017-07-01
catboost_temp,2017-09-01,7446.0,7779.419372767707,32,2,2017-07-01
catboost_temp,2017-10-01,7282.0,7548.197104719633,32,3,2017-07-01
catboost_temp,2017-11-01,6830.0,7090.129974922319,32,4,2017-07-01
catboost_temp,2017-12-01,6946.0,6917.11590164333,32,5,2017-07-01
catboost_temp,2018-01-01,6886.0,6792.232451577116,32,6,2017-07-01
catboost_temp,2017-09-01,7446.0,7687.855344780599,33,1,2017-08-01
catboost_temp,2017-10-01,7282.0,7536.336051771839,33,2,2017-08-01
catboost_temp,2017-11-01,6830.0,7191.396002333384,33,3,2017-08-01
catboost_temp,2017-12-01,6946.0,7006.979034646922,33,4,2017-08-01
catboost_temp,2018-01-01,6886.0,6842.415913774367,33,5,2017-08-01
catboost_temp,2018-02-01,5960.0,6538.801913102881,33,6,2017-08-01
catboost_temp,2017-10-01,7282.0,7489.410065708939,34,1,2017-09-01
catboost_temp,2017-11-01,6830.0,7101.421671857192,34,2,2017-09-01
catboost_temp,2017-12-01,6946.0,6947.048716305559,34,3,2017-09-01
catboost_temp,2018-01-01,6886.0,6802.0836830277785,34,4,2017-09-01
catboost_temp,2018-02-01,5960.0,6465.46048828464,34,5,2017-09-01
catboost_temp,2018-03-01,6930.0,6659.850775281085,34,6,2017-09-01
catboost_temp,2017-11-01,6830.0,7113.769780133796,35,1,2017-10-01
catboost_temp,2017-12-01,6946.0,6880.2356823855625,35,2,2017-10-01
catboost_temp,2018-01-01,6886.0,6754.561777380767,35,3,2017-10-01
catboost_temp,2018-02-01,5960.0,6572.149938997662,35,4,2017-10-01
catboost_temp,2018-03-01,6930.0,6621.164841329027,35,5,2017-10-01
catboost_temp,2018-04-01,6769.0,6873.633505974517,35,6,2017-10-01
catboost_temp,2017-12-01,6946.0,6909.527093631503,36,1,2017-11-01
catboost_temp,2018-01-01,6886.0,6749.373728941205,36,2,2017-11-01
catboost_temp,2018-02-01,5960.0,6452.59268501628,36,3,2017-11-01
catboost_temp,2018-03-01,6930.0,6620.729653436197,36,4,2017-11-01
catboost_temp,2018-04-01,6769.0,6846.5874919564585,36,5,2017-11-01
catboost_temp,2018-05-01,7511.0,7477.919609317643,36,6,2017-11-01
catboost_temp,2018-01-01,6886.0,6755.615060794472,37,1,2017-12-01
catboost_temp,2018-02-01,5960.0,6532.050243021647,37,2,2017-12-01
catboost_temp,2018-03-01,6930.0,6628.317436497318,37,3,2017-12-01
catboost_temp,2018-04-01,6769.0,6883.234245685379,37,4,2017-12-01
catboost_temp,2018-05-01,7511.0,7550.064420359282,37,5,2017-12-01
catboost_temp,2018-06-01,8057.0,7861.251384157622,37,6,2017-12-01
catboost_temp,2018-02-01,5960.0,6456.080028474468,38,1,2018-01-01
catboost_temp,2018-03-01,6930.0,6612.798674422302,38,2,2018-01-01
catboost_temp,2018-04-01,6769.0,6861.32691750908,38,3,2018-01-01
catboost_temp,2018-05-01,7511.0,7509.308127309414,38,4,2018-01-01
catboost_temp,2018-06-01,8057.0,7842.511247659783,38,5,2018-01-01
catboost_temp,2018-07-01,8175.0,7996.927388487349,38,6,2018-01-01
catboost_temp,2018-03-01,6930.0,6572.082937371189,39,1,2018-02-01
catboost_temp,2018-04-01,6769.0,6834.896884784908,39,2,2018-02-01
catboost_temp,2018-05-01,7511.0,7490.105259337864,39,3,2018-02-01
catboost_temp,2018-06-01,8057.0,7826.3848422379215,39,4,2018-02-01
catboost_temp,2018-07-01,8175.0,7995.950937951235,39,5,2018-02-01
catboost_temp,2018-08-01,8328.0,8233.334567919497,39,6,2018-02-01
catboost_temp,2018-04-01,6769.0,6896.11204841465,40,1,2018-03-01
catboost_temp,2018-05-01,7511.0,7629.523208685414,40,2,2018-03-01
catboost_temp,2018-06-01,8057.0,7905.399384215033,40,3,2018-03-01
catboost_temp,2018-07-01,8175.0,8099.597068109834,40,4,2018-03-01
catboost_temp,2018-08-01,8328.0,8207.78101554413,40,5,2018-03-01
catboost_temp,2018-09-01,7325.0,7575.897866924039,40,6,2018-03-01
catboost_temp,2018-05-01,7511.0,7528.418445446889,41,1,2018-04-01
catboost_temp,2018-06-01,8057.0,7825.922982514648,41,2,2018-04-01
catboost_temp,2018-07-01,8175.0,8017.533568153037,41,3,2018-04-01
catboost_temp,2018-08-01,8328.0,8231.930503424343,41,4,2018-04-01
catboost_temp,2018-09-01,7325.0,7686.525858086574,41,5,2018-04-01
catboost_temp,2018-10-01,7202.0,7335.064939491059,41,6,2018-04-01
catboost_temp,2018-06-01,8057.0,7837.496155024782,42,1,2018-05-01
catboost_temp,2018-07-01,8175.0,7990.528040411733,42,2,2018-05-01
catboost_temp,2018-08-01,8328.0,8167.745667028899,42,3,2018-05-01
catboost_temp,2018-09-01,7325.0,7709.143623376943,42,4,2018-05-01
catboost_temp,2018-10-01,7202.0,7326.569275030857,42,5,2018-05-01
catboost_temp,2018-11-01,7161.0,6826.066962607534,42,6,2018-05-01
catboost_temp,2018-07-01,8175.0,8035.363711047131,43,1,2018-06-01
catboost_temp,2018-08-01,8328.0,8208.966308853745,43,2,2018-06-01
catboost_temp,2018-09-01,7325.0,7648.459718824866,43,3,2018-06-01
catboost_temp,2018-10-01,7202.0,7290.881316934878,43,4,2018-06-01
catboost_temp,2018-11-01,7161.0,6809.846923155486,43,5,2018-06-01
catboost_temp,2018-12-01,7409.0,6834.553886934443,43,6,2018-06-01
catboost_temp,2018-08-01,8328.0,8225.586705117177,44,1,2018-07-01
catboost_temp,2018-09-01,7325.0,7693.678361969226,44,2,2018-07-01
catboost_temp,2018-10-01,7202.0,7362.849137929008,44,3,2018-07-01
catboost_temp,2018-11-01,7161.0,6864.595415602562,44,4,2018-07-01
catboost_temp,2018-12-01,7409.0,6895.813043047415,44,5,2018-07-01
catboost_temp,2019-01-01,7117.0,6869.381386662135,44,6,2018-07-01
catboost_temp,2018-09-01,7325.0,7713.822772530503,45,1,2018-08-01
catboost_temp,2018-10-01,7202.0,7336.371635310683,45,2,2018-08-01
catboost_temp,2018-11-01,7161.0,6856.526186806789,45,3,2018-08-01
catboost_temp,2018-12-01,7409.0,6923.002709063043,45,4,2018-08-01
catboost_temp,2019-01-01,7117.0,6897.567991376675,45,5,2018-08-01
catboost_temp,2019-02-01,6307.0,6278.209912821138,45,6,2018-08-01
catboost_temp,2018-10-01,7202.0,7297.346217743165,46,1,2018-09-01
catboost_temp,2018-11-01,7161.0,6826.30804310737,46,2,2018-09-01
catboost_temp,2018-12-01,7409.0,6896.762730832552,46,3,2018-09-01
catboost_temp,2019-01-01,7117.0,6868.368921291984,46,4,2018-09-01
catboost_temp,2019-02-01,6307.0,6295.892690084189,46,5,2018-09-01
catboost_temp,2019-03-01,7067.0,6698.062636482033,46,6,2018-09-01
catboost_temp,2018-11-01,7161.0,6806.293470566072,47,1,2018-10-01
catboost_temp,2018-12-01,7409.0,6869.401677853988,47,2,2018-10-01
catboost_temp,2019-01-01,7117.0,6839.320972623132,47,3,2018-10-01
catboost_temp,2019-02-01,6307.0,6307.755334015966,47,4,2018-10-01
catboost_temp,2019-03-01,7067.0,6644.166851551232,47,5,2018-10-01
catboost_temp,2019-04-01,7108.0,6784.540978978515,47,6,2018-10-01
catboost_temp,2018-12-01,7409.0,6925.221213969099,48,1,2018-11-01
catboost_temp,2019-01-01,7117.0,6893.85299708497,48,2,2018-11-01
catboost_temp,2019-02-01,6307.0,6273.989651015277,48,3,2018-11-01
catboost_temp,2019-03-01,7067.0,6595.453065366645,48,4,2018-11-01
catboost_temp,2019-04-01,7108.0,6839.2667656955055,48,5,2018-11-01
catboost_temp,2019-05-01,7776.0,7284.203831192025,48,6,2018-11-01
catboost_temp,2019-01-01,7117.0,7085.491679025903,49,1,2018-12-01
catboost_temp,2019-02-01,6307.0,6459.578705754108,49,2,2018-12-01
catboost_temp,2019-03-01,7067.0,6813.78744418574,49,3,2018-12-01
catboost_temp,2019-04-01,7108.0,6866.393677591321,49,4,2018-12-01
catboost_temp,2019-05-01,7776.0,7250.197227331356,49,5,2018-12-01
catboost_temp,2019-06-01,8274.0,7816.463200501044,49,6,2018-12-01
catboost_temp,2019-02-01,6307.0,6472.486511623545,50,1,2019-01-01
catboost_temp,2019-03-01,7067.0,6818.780941980838,50,2,2019-01-01
catboost_temp,2019-04-01,7108.0,6836.726177769432,50,3,2019-01-01
catboost_temp,2019-05-01,7776.0,7232.148713037136,50,4,2019-01-01
catboost_temp,2019-06-01,8274.0,7800.626464576513,50,5,2019-01-01
catboost_temp,2019-07-01,8919.0,8484.65338210632,50,6,2019-01-01
catboost_temp,2019-03-01,7067.0,6780.504140262135,51,1,2019-02-01
catboost_temp,2019-04-01,7108.0,6904.5075385084765,51,2,2019-02-01
catboost_temp,2019-05-01,7776.0,7295.6801204935555,51,3,2019-02-01
catboost_temp,2019-06-01,8274.0,7761.589653603216,51,4,2019-02-01
catboost_temp,2019-07-01,8919.0,8510.183941808154,51,5,2019-02-01
catboost_temp,2019-08-01,8180.0,8392.316985057545,51,6,2019-02-01
catboost_temp,2019-04-01,7108.0,6887.661651164936,52,1,2019-03-01
catboost_temp,2019-05-01,7776.0,7214.610599462613,52,2,2019-03-01
catboost_temp,2019-06-01,8274.0,7882.04047097007,52,3,2019-03-01
catboost_temp,2019-07-01,8919.0,8503.35621825096,52,4,2019-03-01
catboost_temp,2019-08-01,8180.0,8303.72607168885,52,5,2019-03-01
catboost_temp,2019-09-01,7664.0,7467.335709517068,52,6,2019-03-01
catboost_temp,2019-05-01,7776.0,7281.164292769616,53,1,2019-04-01
catboost_temp,2019-06-01,8274.0,7908.86653136618,53,2,2019-04-01
catboost_temp,2019-07-01,8919.0,8551.722445733085,53,3,2019-04-01
catboost_temp,2019-08-01,8180.0,8328.383807064283,53,4,2019-04-01
catboost_temp,2019-09-01,7664.0,7391.520293303332,53,5,2019-04-01
catboost_temp,2019-10-01,7254.0,7426.1301435089745,53,6,2019-04-01
catboost_temp,2019-06-01,8274.0,7968.893935723211,54,1,2019-05-01
catboost_temp,2019-07-01,8919.0,8559.47354860001,54,2,2019-05-01
catboost_temp,2019-08-01,8180.0,8247.536822448665,54,3,2019-05-01
catboost_temp,2019-09-01,7664.0,7447.737080136497,54,4,2019-05-01
catboost_temp,2019-10-01,7254.0,7449.493940397289,54,5,2019-05-01
catboost_temp,2019-11-01,6785.0,7264.814694342373,54,6,2019-05-01
catboost_temp,2019-07-01,8919.0,8514.258157678734,55,1,2019-06-01
catboost_temp,2019-08-01,8180.0,8225.120332162482,55,2,2019-06-01
catboost_temp,2019-09-01,7664.0,7457.211423785831,55,3,2019-06-01
catboost_temp,2019-10-01,7254.0,7395.552718565019,55,4,2019-06-01
catboost_temp,2019-11-01,6785.0,7355.962724732709,55,5,2019-06-01
catboost_temp,2019-12-01,6987.0,7415.472639073212,55,6,2019-06-01
catboost_temp,2019-08-01,8180.0,8314.62815687595,56,1,2019-07-01
catboost_temp,2019-09-01,7664.0,7468.913596703529,56,2,2019-07-01
catboost_temp,2019-10-01,7254.0,7459.149934408935,56,3,2019-07-01
catboost_temp,2019-11-01,6785.0,7480.808506096139,56,4,2019-07-01
catboost_temp,2019-12-01,6987.0,7448.828894787209,56,5,2019-07-01
catboost_temp,2020-01-01,7194.0,7137.345473133416,56,6,2019-07-01
catboost_temp,2019-09-01,7664.0,7529.906699372911,57,1,2019-08-01
catboost_temp,2019-10-01,7254.0,7495.992265709049,57,2,2019-08-01
catboost_temp,2019-11-01,6785.0,7531.818964255599,57,3,2019-08-01
catboost_temp,2019-12-01,6987.0,7426.51740443515,57,4,2019-08-01
catboost_temp,2020-01-01,7194.0,7110.483557534958,57,5,2019-08-01
catboost_temp,2020-02-01,6848.0,6452.146190913958,57,6,2019-08-01
catboost_temp,2019-10-01,7254.0,7549.108134751217,58,1,2019-09-01
catboost_temp,2019-11-01,6785.0,7512.2219026969,58,2,2019-09-01
catboost_temp,2019-12-01,6987.0,7514.367816647335,58,3,2019-09-01
catboost_temp,2020-01-01,7194.0,7100.281798194801,58,4,2019-09-01
catboost_temp,2020-02-01,6848.0,6521.686025499893,58,5,2019-09-01
catboost_temp,2020-03-01,7324.0,7036.477818940723,58,6,2019-09-01
catboost_temp,2019-11-01,6785.0,7429.5617637347295,59,1,2019-10-01
catboost_temp,2019-12-01,6987.0,7438.437226858585,59,2,2019-10-01
catboost_temp,2020-01-01,7194.0,7075.69766905514,59,3,2019-10-01
catboost_temp,2020-02-01,6848.0,6507.7211581539295,59,4,2019-10-01
catboost_temp,2020-03-01,7324.0,7066.042070333748,59,5,2019-10-01
catboost_temp,2020-04-01,5978.0,7185.456205227779,59,6,2019-10-01
catboost_temp,2019-12-01,6987.0,7259.003860383556,60,1,2019-11-01
catboost_temp,2020-01-01,7194.0,6953.771907664514,60,2,2019-11-01
catboost_temp,2020-02-01,6848.0,6301.016633370144,60,3,2019-11-01
catboost_temp,2020-03-01,7324.0,6984.525163684966,60,4,2019-11-01
catboost_temp,2020-04-01,5978.0,7042.55276728888,60,5,2019-11-01
catboost_temp,2020-05-01,7062.0,7970.601267493288,60,6,2019-11-01
catboost_temp,2020-01-01,7194.0,6933.255154061904,61,1,2019-12-01
catboost_temp,2020-02-01,6848.0,6251.786978064377,61,2,2019-12-01
catboost_temp,2020-03-01,7324.0,6894.5925471065975,61,3,2019-12-01
catboost_temp,2020-04-01,5978.0,6995.982268253568,61,4,2019-12-01
catboost_temp,2020-05-01,7062.0,7991.340200094253,61,5,2019-12-01
catboost_temp,2020-06-01,6948.0,8006.55958125712,61,6,2019-12-01
catboost_temp,2020-02-01,6848.0,6257.843135102374,62,1,2020-01-01
catboost_temp,2020-03-01,7324.0,6929.385625562794,62,2,2020-01-01
catboost_temp,2020-04-01,5978.0,7136.652887644277,62,3,2020-01-01
catboost_temp,2020-05-01,7062.0,8049.158331584019,62,4,2020-01-01
catboost_temp,2020-06-01,6948.0,8112.223433657266,62,5,2020-01-01
catboost_temp,2020-07-01,7392.0,8222.13247578058,62,6,2020-01-01
catboost_temp,2020-03-01,7324.0,6947.696419910833,63,1,2020-02-01
catboost_temp,2020-04-01,5978.0,7155.677960637942,63,2,2020-02-01
catboost_temp,2020-05-01,7062.0,8111.004400879379,63,3,2020-02-01
catboost_temp,2020-06-01,6948.0,8097.310013800729,63,4,2020-02-01
catboost_temp,2020-07-01,7392.0,8226.176137800969,63,5,2020-02-01
catboost_temp,2020-08-01,7678.0,8437.218759381507,63,6,2020-02-01
catboost_temp,2020-04-01,5978.0,7287.853516012662,64,1,2020-03-01
catboost_temp,2020-05-01,7062.0,8223.047709621072,64,2,2020-03-01
catboost_temp,2020-06-01,6948.0,8140.07906169856,64,3,2020-03-01
catboost_temp,2020-07-01,7392.0,8168.24959940968,64,4,2020-03-01
catboost_temp,2020-08-01,7678.0,8308.198665534695,64,5,2020-03-01
catboost_temp,2020-09-01,7005.0,7484.798511006085,64,6,2020-03-01
catboost_temp,2020-05-01,7062.0,8134.010921138433,65,1,2020-04-01
catboost_temp,2020-06-01,6948.0,7945.237776068331,65,2,2020-04-01
catboost_temp,2020-07-01,7392.0,8129.888848296419,65,3,2020-04-01
catboost_temp,2020-08-01,7678.0,8237.768274279482,65,4,2020-04-01
catboost_temp,2020-09-01,7005.0,7537.805961687903,65,5,2020-04-01
catboost_temp,2020-10-01,7385.0,7195.953466458992,65,6,2020-04-01
catboost_temp,2020-06-01,6948.0,7801.940471418829,66,1,2020-05-01
catboost_temp,2020-07-01,7392.0,8110.532400658978,66,2,2020-05-01
catboost_temp,2020-08-01,7678.0,8316.79094552909,66,3,2020-05-01
catboost_temp,2020-09-01,7005.0,7627.84552498917,66,4,2020-05-01
catboost_temp,2020-10-01,7385.0,7202.887797454767,66,5,2020-05-01
catboost_temp,2020-11-01,6872.0,7005.15342954546,66,6,2020-05-01
catboost_temp,2020-07-01,7392.0,7751.05990247608,67,1,2020-06-01
catboost_temp,2020-08-01,7678.0,8248.705213245064,67,2,2020-06-01
catboost_temp,2020-09-01,7005.0,7699.816913530853,67,3,2020-06-01
catboost_temp,2020-10-01,7385.0,7207.26441634523,67,4,2020-06-01
catboost_temp,2020-11-01,6872.0,6974.346018209537,67,5,2020-06-01
catboost_temp,2020-12-01,6781.0,7014.261283773029,67,6,2020-06-01
catboost_temp,2020-08-01,7678.0,8079.533000378849,68,1,2020-07-01
catboost_temp,2020-09-01,7005.0,7669.795244428352,68,2,2020-07-01
catboost_temp,2020-10-01,7385.0,7182.779029376668,68,3,2020-07-01
catboost_temp,2020-11-01,6872.0,6909.374172485816,68,4,2020-07-01
catboost_temp,2020-12-01,6781.0,6987.120286833403,68,5,2020-07-01
catboost_temp,2021-01-01,6917.0,6988.296215011271,68,6,2020-07-01
catboost_temp,2020-09-01,7005.0,7578.529433318806,69,1,2020-08-01
catboost_temp,2020-10-01,7385.0,7205.816841313295,69,2,2020-08-01
catboost_temp,2020-11-01,6872.0,6900.383054540687,69,3,2020-08-01
catboost_temp,2020-12-01,6781.0,7035.098735772702,69,4,2020-08-01
catboost_temp,2021-01-01,6917.0,6967.01100779678,69,5,2020-08-01
catboost_temp,2021-02-01,6217.0,6988.1163573675,69,6,2020-08-01
catboost_temp,2020-10-01,7385.0,7081.109759520075,70,1,2020-09-01
catboost_temp,2020-11-01,6872.0,6788.658109036301,70,2,2020-09-01
catboost_temp,2020-12-01,6781.0,6966.315388548742,70,3,2020-09-01
catboost_temp,2021-01-01,6917.0,6986.948849895333,70,4,2020-09-01
catboost_temp,2021-02-01,6217.0,6920.714633009239,70,5,2020-09-01
catboost_temp,2021-03-01,7569.0,7042.822023986547,70,6,2020-09-01
catboost_temp,2020-11-01,6872.0,6824.7614078720735,71,1,2020-10-01
catboost_temp,2020-12-01,6781.0,7008.968268050083,71,2,2020-10-01
catboost_temp,2021-01-01,6917.0,7062.653115395891,71,3,2020-10-01
catboost_temp,2021-02-01,6217.0,6909.36301073892,71,4,2020-10-01
catboost_temp,2021-03-01,7569.0,7090.542561980147,71,5,2020-10-01
catboost_temp,2021-04-01,6917.0,6328.797119772031,71,6,2020-10-01
catboost_temp,2020-12-01,6781.0,7087.453970236108,72,1,2020-11-01
catboost_temp,2021-01-01,6917.0,7076.939338308031,72,2,2020-11-01
catboost_temp,2021-02-01,6217.0,6942.640131450868,72,3,2020-11-01
catboost_temp,2021-03-01,7569.0,7087.768443782836,72,4,2020-11-01
catboost_temp,2021-04-01,6917.0,6335.81378578332,72,5,2020-11-01
catboost_temp,2021-05-01,8253.0,7217.158520764944,72,6,2020-11-01
catboost_temp,2021-01-01,6917.0,7038.4414949025095,73,1,2020-12-01
catboost_temp,2021-02-01,6217.0,6851.340911429627,73,2,2020-12-01
catboost_temp,2021-03-01,7569.0,7098.140619452727,73,3,2020-12-01
catboost_temp,2021-04-01,6917.0,6386.013699502475,73,4,2020-12-01
catboost_temp,2021-05-01,8253.0,7128.0337928163735,73,5,2020-12-01
catboost_temp,2021-06-01,8153.0,7252.111401750746,73,6,2020-12-01
catboost_temp,2021-02-01,6217.0,6788.159102304725,74,1,2021-01-01
catboost_temp,2021-03-01,7569.0,7067.881943951283,74,2,2021-01-01
catboost_temp,2021-04-01,6917.0,6315.359483223642,74,3,2021-01-01
catboost_temp,2021-05-01,8253.0,7093.942075013704,74,4,2021-01-01
catboost_temp,2021-06-01,8153.0,7179.691642494621,74,5,2021-01-01
catboost_temp,2021-07-01,9251.0,8085.306101615773,74,6,2021-01-01
catboost_temp,2021-03-01,7569.0,6989.927123403655,75,1,2021-02-01
catboost_temp,2021-04-01,6917.0,6295.950917478189,75,2,2021-02-01
catboost_temp,2021-05-01,8253.0,7058.689319814767,75,3,2021-02-01
catboost_temp,2021-06-01,8153.0,7190.0092518163565,75,4,2021-02-01
catboost_temp,2021-07-01,9251.0,7972.114687658611,75,5,2021-02-01
catboost_temp,2021-08-01,8830.0,7760.9496421946205,75,6,2021-02-01
catboost_temp,2021-04-01,6917.0,6424.821892497867,76,1,2021-03-01
catboost_temp,2021-05-01,8253.0,7203.672175611592,76,2,2021-03-01
catboost_temp,2021-06-01,8153.0,7326.867041477013,76,3,2021-03-01
catboost_temp,2021-07-01,9251.0,8047.601399185059,76,4,2021-03-01
catboost_temp,2021-08-01,8830.0,7703.090800734242,76,5,2021-03-01
catboost_temp,2021-09-01,7512.0,6982.320544726909,76,6,2021-03-01
catboost_temp,2021-05-01,8253.0,7240.213879495528,77,1,2021-04-01
catboost_temp,2021-06-01,8153.0,7335.68829437682,77,2,2021-04-01
catboost_temp,2021-07-01,9251.0,8133.525907896939,77,3,2021-04-01
catboost_temp,2021-08-01,8830.0,7778.433159129885,77,4,2021-04-01
catboost_temp,2021-09-01,7512.0,7133.450809665458,77,5,2021-04-01
catboost_temp,2021-10-01,7656.0,7288.838191307315,77,6,2021-04-01
catboost_temp,2021-06-01,8153.0,7618.748014542679,78,1,2021-05-01
catboost_temp,2021-07-01,9251.0,8358.852995991994,78,2,2021-05-01
catboost_temp,2021-08-01,8830.0,7794.2126407122205,78,3,2021-05-01
catboost_temp,2021-09-01,7512.0,7180.649949843155,78,4,2021-05-01
catboost_temp,2021-10-01,7656.0,7432.368447529221,78,5,2021-05-01
catboost_temp,2021-11-01,7603.0,6884.168437880222,78,6,2021-05-01
catboost_temp,2021-07-01,9251.0,8460.737802204614,79,1,2021-06-01
catboost_temp,2021-08-01,8830.0,7899.682775322752,79,2,2021-06-01
catboost_temp,2021-09-01,7512.0,7170.551682311019,79,3,2021-06-01
catboost_temp,2021-10-01,7656.0,7455.935045042749,79,4,2021-06-01
catboost_temp,2021-11-01,7603.0,6909.056054790544,79,5,2021-06-01
catboost_temp,2021-12-01,8237.0,6889.161752950125,79,6,2021-06-01
catboost_temp,2021-08-01,8830.0,7908.410977278898,80,1,2021-07-01
catboost_temp,2021-09-01,7512.0,7121.426702737145,80,2,2021-07-01
catboost_temp,2021-10-01,7656.0,7289.955115515334,80,3,2021-07-01
catboost_temp,2021-11-01,7603.0,6937.537337811,80,4,2021-07-01
catboost_temp,2021-12-01,8237.0,6814.973521963795,80,5,2021-07-01
catboost_temp,2022-01-01,9582.0,6999.951918307641,80,6,2021-07-01
catboost_temp,2021-09-01,7512.0,7237.323635260646,81,1,2021-08-01
catboost_temp,2021-10-01,7656.0,7434.446180370069,81,2,2021-08-01
catboost_temp,2021-11-01,7603.0,7052.859212260366,81,3,2021-08-01
catboost_temp,2021-12-01,8237.0,6904.368137321859,81,4,2021-08-01
catboost_temp,2022-01-01,9582.0,7066.713744369242,81,5,2021-08-01
catboost_temp,2022-02-01,7227.0,6513.164552283685,81,6,2021-08-01
catboost_temp,2021-10-01,7656.0,7378.757121443024,82,1,2021-09-01
catboost_temp,2021-11-01,7603.0,7072.421684276936,82,2,2021-09-01
catboost_temp,2021-12-01,8237.0,6872.453225875696,82,3,2021-09-01
catboost_temp,2022-01-01,9582.0,7100.9844965325765,82,4,2021-09-01
catboost_temp,2022-02-01,7227.0,6598.953744570326,82,5,2021-09-01
catboost_temp,2022-03-01,7504.0,7181.687749618164,82,6,2021-09-01
catboost_temp,2021-11-01,7603.0,7160.1285839091815,83,1,2021-10-01
catboost_temp,2021-12-01,8237.0,6976.08642323867,83,2,2021-10-01
catboost_temp,2022-01-01,9582.0,7080.206203641438,83,3,2021-10-01
catboost_temp,2022-02-01,7227.0,6673.6422058279695,83,4,2021-10-01
catboost_temp,2022-03-01,7504.0,7211.455609638198,83,5,2021-10-01
catboost_temp,2022-04-01,7589.0,6333.044739694116,83,6,2021-10-01
catboost_temp,2021-12-01,8237.0,7106.016308480856,84,1,2021-11-01
catboost_temp,2022-01-01,9582.0,7212.847663175179,84,2,2021-11-01
catboost_temp,2022-02-01,7227.0,6711.134411357967,84,3,2021-11-01
catboost_temp,2022-03-01,7504.0,7281.116931841598,84,4,2021-11-01
catboost_temp,2022-04-01,7589.0,6518.457759320319,84,5,2021-11-01
catboost_temp,2022-05-01,8846.0,7270.258020860876,84,6,2021-11-01
catboost_temp,2022-01-01,9582.0,7485.350858398969,85,1,2021-12-01
catboost_temp,2022-02-01,7227.0,7013.029085016837,85,2,2021-12-01
catboost_temp,2022-03-01,7504.0,7371.287162780945,85,3,2021-12-01
catboost_temp,2022-04-01,7589.0,6436.237288126635,85,4,2021-12-01
catboost_temp,2022-05-01,8846.0,7270.181250952311,85,5,2021-12-01
catboost_temp,2022-06-01,9057.0,7493.566490065718,85,6,2021-12-01
catboost_temp,2022-02-01,7227.0,7628.788916805622,86,1,2022-01-01
catboost_temp,2022-03-01,7504.0,7835.995643722323,86,2,2022-01-01
catboost_temp,2022-04-01,7589.0,7132.669343410734,86,3,2022-01-01
catboost_temp,2022-05-01,8846.0,7449.156819089879,86,4,2022-01-01
catboost_temp,2022-06-01,9057.0,7790.422876520391,86,5,2022-01-01
catboost_temp,2022-07-01,8699.0,8366.111215656794,86,6,2022-01-01
catboost_temp,2022-03-01,7504.0,7544.270682931078,87,1,2022-02-01
catboost_temp,2022-04-01,7589.0,6670.964308276884,87,2,2022-02-01
catboost_temp,2022-05-01,8846.0,7402.758209133674,87,3,2022-02-01
catboost_temp,2022-06-01,9057.0,7668.375685158641,87,4,2022-02-01
catboost_temp,2022-07-01,8699.0,8177.610368495145,87,5,2022-02-01
catboost_temp,2022-08-01,8834.0,8332.798553766672,87,6,2022-02-01
catboost_temp,2022-04-01,7589.0,6571.179288705804,88,1,2022-03-01
catboost_temp,2022-05-01,8846.0,7290.562315634586,88,2,2022-03-01
catboost_temp,2022-06-01,9057.0,7603.333286018279,88,3,2022-03-01
catboost_temp,2022-07-01,8699.0,8247.569613211903,88,4,2022-03-01
catboost_temp,2022-08-01,8834.0,8317.450043043707,88,5,2022-03-01
catboost_temp,2022-09-01,8228.0,8284.583964862542,88,6,2022-03-01
catboost_temp,2022-05-01,8846.0,7456.009011562985,89,1,2022-04-01
catboost_temp,2022-06-01,9057.0,7827.767917940189,89,2,2022-04-01
catboost_temp,2022-07-01,8699.0,8227.23039809044,89,3,2022-04-01
catboost_temp,2022-08-01,8834.0,8458.630914808939,89,4,2022-04-01
catboost_temp,2022-09-01,8228.0,8373.382462892227,89,5,2022-04-01
catboost_temp,2022-10-01,8388.0,7609.589518063503,89,6,2022-04-01
catboost_temp,2022-06-01,9057.0,8705.651005979616,90,1,2022-05-01
catboost_temp,2022-07-01,8699.0,8612.549672774083,90,2,2022-05-01
catboost_temp,2022-08-01,8834.0,8333.624399171858,90,3,2022-05-01
catboost_temp,2022-09-01,8228.0,8497.343630621619,90,4,2022-05-01
catboost_temp,2022-10-01,8388.0,8004.842220127577,90,5,2022-05-01
catboost_temp,2022-11-01,7588.0,8264.608108124465,90,6,2022-05-01
catboost_temp,2022-07-01,8699.0,8588.330749598963,91,1,2022-06-01
catboost_temp,2022-08-01,8834.0,8373.876716180637,91,2,2022-06-01
catboost_temp,2022-09-01,8228.0,8582.119550163537,91,3,2022-06-01
catboost_temp,2022-10-01,8388.0,8248.16471957776,91,4,2022-06-01
catboost_temp,2022-11-01,7588.0,8619.93453804433,91,5,2022-06-01
catboost_temp,2022-12-01,7850.0,8272.34585826948,91,6,2022-06-01
catboost_temp,2022-08-01,8834.0,8482.384884281997,92,1,2022-07-01
catboost_temp,2022-09-01,8228.0,8652.256480031912,92,2,2022-07-01
catboost_temp,2022-10-01,8388.0,8248.126605848292,92,3,2022-07-01
catboost_temp,2022-11-01,7588.0,8632.610871436033,92,4,2022-07-01
catboost_temp,2022-12-01,7850.0,8232.931472141296,92,5,2022-07-01
catboost_temp,2023-01-01,7563.0,8326.633411133484,92,6,2022-07-01
catboost_temp,2022-09-01,8228.0,8674.15457065829,93,1,2022-08-01
catboost_temp,2022-10-01,8388.0,8224.360863291125,93,2,2022-08-01
catboost_temp,2022-11-01,7588.0,8657.810798533656,93,3,2022-08-01
catboost_temp,2022-12-01,7850.0,8198.818645481791,93,4,2022-08-01
catboost_temp,2023-01-01,7563.0,8305.883014305196,93,5,2022-08-01
catboost_temp,2023-02-01,6551.0,8280.5343333313,93,6,2022-08-01
catboost_temp,2022-10-01,8388.0,8290.561176144383,94,1,2022-09-01
catboost_temp,2022-11-01,7588.0,8486.402927285593,94,2,2022-09-01
catboost_temp,2022-12-01,7850.0,8180.769098027084,94,3,2022-09-01
catboost_temp,2023-01-01,7563.0,8300.251235872847,94,4,2022-09-01
catboost_temp,2023-02-01,6551.0,8215.865834552458,94,5,2022-09-01
catboost_temp,2023-03-01,7507.0,8095.656522868141,94,6,2022-09-01
catboost_temp,2022-11-01,7588.0,8576.668096375763,95,1,2022-10-01
catboost_temp,2022-12-01,7850.0,8280.120872279309,95,2,2022-10-01
catboost_temp,2023-01-01,7563.0,8353.994639971857,95,3,2022-10-01
catboost_temp,2023-02-01,6551.0,8302.15183721753,95,4,2022-10-01
catboost_temp,2023-03-01,7507.0,8193.371834651562,95,5,2022-10-01
catboost_temp,2023-04-01,7745.0,8410.23203546738,95,6,2022-10-01
catboost_temp,2022-12-01,7850.0,8032.900608097314,96,1,2022-11-01
catboost_temp,2023-01-01,7563.0,8134.759065709166,96,2,2022-11-01
catboost_temp,2023-02-01,6551.0,8174.558582172995,96,3,2022-11-01
catboost_temp,2023-03-01,7507.0,8170.146946172481,96,4,2022-11-01
catboost_temp,2023-04-01,7745.0,8005.954434809926,96,5,2022-11-01
catboost_temp,2023-05-01,8600.0,8183.036414108282,96,6,2022-11-01
catboost_temp,2023-01-01,7563.0,8080.706347163531,97,1,2022-12-01
catboost_temp,2023-02-01,6551.0,8134.928472708835,97,2,2022-12-01
catboost_temp,2023-03-01,7507.0,8009.751106543614,97,3,2022-12-01
catboost_temp,2023-04-01,7745.0,7920.697361105516,97,4,2022-12-01
catboost_temp,2023-05-01,8600.0,8200.699855697478,97,5,2022-12-01
catboost_temp,2023-06-01,9151.0,8472.098307897824,97,6,2022-12-01
catboost_temp,2023-02-01,6551.0,7731.542121237298,98,1,2023-01-01
catboost_temp,2023-03-01,7507.0,7920.206235191558,98,2,2023-01-01
catboost_temp,2023-04-01,7745.0,7816.36889436156,98,3,2023-01-01
catboost_temp,2023-05-01,8600.0,7986.197705977538,98,4,2023-01-01
catboost_temp,2023-06-01,9151.0,8242.085254497608,98,5,2023-01-01
catboost_temp,2023-07-01,9183.0,8458.664984520981,98,6,2023-01-01
catboost_temp,2023-03-01,7507.0,7074.223352300115,99,1,2023-02-01
catboost_temp,2023-04-01,7745.0,7199.816092562409,99,2,2023-02-01
catboost_temp,2023-05-01,8600.0,7414.30639808042,99,3,2023-02-01
catboost_temp,2023-06-01,9151.0,7840.572827387137,99,4,2023-02-01
catboost_temp,2023-07-01,9183.0,8041.582270218687,99,5,2023-02-01
catboost_temp,2023-08-01,8297.0,8060.194069594272,99,6,2023-02-01
catboost_temp,2023-04-01,7745.0,7329.329761433984,100,1,2023-03-01
catboost_temp,2023-05-01,8600.0,7630.998768852137,100,2,2023-03-01
catboost_temp,2023-06-01,9151.0,8210.583056727253,100,3,2023-03-01
catboost_temp,2023-07-01,9183.0,8363.019923163647,100,4,2023-03-01
catboost_temp,2023-08-01,8297.0,8262.374977923408,100,5,2023-03-01
catboost_temp,2023-09-01,7823.0,8055.633913181603,100,6,2023-03-01
catboost_temp,2023-05-01,8600.0,7997.709976855361,101,1,2023-04-01
catboost_temp,2023-06-01,9151.0,8389.673286125495,101,2,2023-04-01
catboost_temp,2023-07-01,9183.0,8293.60771228792,101,3,2023-04-01
catboost_temp,2023-08-01,8297.0,8225.93409713231,101,4,2023-04-01
catboost_temp,2023-09-01,7823.0,8013.513927144935,101,5,2023-04-01
catboost_temp,2023-10-01,7507.0,7777.373087979087,101,6,2023-04-01
catboost_temp,2023-06-01,9151.0,8642.83284691256,102,1,2023-05-01
catboost_temp,2023-07-01,9183.0,8362.937363929252,102,2,2023-05-01
catboost_temp,2023-08-01,8297.0,8275.984754629819,102,3,2023-05-01
catboost_temp,2023-09-01,7823.0,7825.035756750507,102,4,2023-05-01
catboost_temp,2023-10-01,7507.0,7746.081645684913,102,5,2023-05-01
catboost_temp,2023-11-01,8107.0,7634.911920412504,102,6,2023-05-01
catboost_temp,2023-07-01,9183.0,8472.718962010926,103,1,2023-06-01
catboost_temp,2023-08-01,8297.0,8389.029635929508,103,2,2023-06-01
catboost_temp,2023-09-01,7823.0,7938.958068988935,103,3,2023-06-01
catboost_temp,2023-10-01,7507.0,7954.606038764403,103,4,2023-06-01
catboost_temp,2023-11-01,8107.0,7877.908879641271,103,5,2023-06-01
catboost_temp,2023-12-01,7504.0,7789.427845139779,103,6,2023-06-01
